smiles,molecular_weight,logP,hydrogen_bond_acceptors,hydrogen_bond_donors,Lipinski,QED,stereo_centers,tpsa,PAINS_alert,BRENK_alert,NIH_alert,AMES,BBB_Martins,Bioavailability_Ma,CYP1A2_Veith,CYP2C19_Veith,CYP2C9_Substrate_CarbonMangels,CYP2C9_Veith,CYP2D6_Substrate_CarbonMangels,CYP2D6_Veith,CYP3A4_Substrate_CarbonMangels,CYP3A4_Veith,Carcinogens_Lagunin,ClinTox,DILI,HIA_Hou,NR-AR-LBD,NR-AR,NR-AhR,NR-Aromatase,NR-ER-LBD,NR-ER,NR-PPAR-gamma,PAMPA_NCATS,Pgp_Broccatelli,SR-ARE,SR-ATAD5,SR-HSE,SR-MMP,SR-p53,Skin_Reaction,hERG,Caco2_Wang,Clearance_Hepatocyte_AZ,Clearance_Microsome_AZ,Half_Life_Obach,HydrationFreeEnergy_FreeSolv,LD50_Zhu,Lipophilicity_AstraZeneca,PPBR_AZ,Solubility_AqSolDB,VDss_Lombardo,molecular_weight_drugbank_approved_percentile,logP_drugbank_approved_percentile,hydrogen_bond_acceptors_drugbank_approved_percentile,hydrogen_bond_donors_drugbank_approved_percentile,Lipinski_drugbank_approved_percentile,QED_drugbank_approved_percentile,stereo_centers_drugbank_approved_percentile,tpsa_drugbank_approved_percentile,PAINS_alert_drugbank_approved_percentile,BRENK_alert_drugbank_approved_percentile,NIH_alert_drugbank_approved_percentile,AMES_drugbank_approved_percentile,BBB_Martins_drugbank_approved_percentile,Bioavailability_Ma_drugbank_approved_percentile,CYP1A2_Veith_drugbank_approved_percentile,CYP2C19_Veith_drugbank_approved_percentile,CYP2C9_Substrate_CarbonMangels_drugbank_approved_percentile,CYP2C9_Veith_drugbank_approved_percentile,CYP2D6_Substrate_CarbonMangels_drugbank_approved_percentile,CYP2D6_Veith_drugbank_approved_percentile,CYP3A4_Substrate_CarbonMangels_drugbank_approved_percentile,CYP3A4_Veith_drugbank_approved_percentile,Carcinogens_Lagunin_drugbank_approved_percentile,ClinTox_drugbank_approved_percentile,DILI_drugbank_approved_percentile,HIA_Hou_drugbank_approved_percentile,NR-AR-LBD_drugbank_approved_percentile,NR-AR_drugbank_approved_percentile,NR-AhR_drugbank_approved_percentile,NR-Aromatase_drugbank_approved_percentile,NR-ER-LBD_drugbank_approved_percentile,NR-ER_drugbank_approved_percentile,NR-PPAR-gamma_drugbank_approved_percentile,PAMPA_NCATS_drugbank_approved_percentile,Pgp_Broccatelli_drugbank_approved_percentile,SR-ARE_drugbank_approved_percentile,SR-ATAD5_drugbank_approved_percentile,SR-HSE_drugbank_approved_percentile,SR-MMP_drugbank_approved_percentile,SR-p53_drugbank_approved_percentile,Skin_Reaction_drugbank_approved_percentile,hERG_drugbank_approved_percentile,Caco2_Wang_drugbank_approved_percentile,Clearance_Hepatocyte_AZ_drugbank_approved_percentile,Clearance_Microsome_AZ_drugbank_approved_percentile,Half_Life_Obach_drugbank_approved_percentile,HydrationFreeEnergy_FreeSolv_drugbank_approved_percentile,LD50_Zhu_drugbank_approved_percentile,Lipophilicity_AstraZeneca_drugbank_approved_percentile,PPBR_AZ_drugbank_approved_percentile,Solubility_AqSolDB_drugbank_approved_percentile,VDss_Lombardo_drugbank_approved_percentile
COC(c1cncnc1)C(C)CCN1CCN(CC(C(=O)O)c2ccccc2)CC1,412.5340000000001,2.6763000000000003,6,1,4.0,0.6426624889501178,3,78.79,0,0,0,0.008750534,0.29816407,0.7125297,0.00036945555,0.027139628,0.087883316,0.057239316,0.117689654,0.16140483,0.25370857,0.23236223,0.13536642,0.29332992,0.25225025,0.97936773,0.0016351913,0.016090235,0.0039639426,0.003963948,0.005095127,0.034199562,0.00040614264,0.2476949,0.11149075,0.04095065,0.0002271673,0.0029750061,0.0026002708,0.001819107,0.22793308,0.7271603,-5.8472447,3.6271546,1.6562679,-7.403323,-18.779327,2.5592728,-0.7339853,36.86425,-1.722779,-0.4226811,68.26010544815466,56.02811950790861,72.46045694200352,36.59050966608085,63.44463971880493,65.76449912126539,76.60808435852373,53.25131810193322,47.59226713532514,25.869947275922673,37.188049209138846,2.319859402460457,19.156414762741655,34.97363796133568,9.771528998242532,30.333919156414765,33.21616871704745,57.04745166959579,52.23198594024605,68.64674868189807,32.653778558875224,70.01757469244289,41.72231985940246,78.55887521968366,39.57820738137083,35.85237258347979,9.701230228471003,32.86467486818981,23.83128295254833,26.748681898066785,19.121265377855888,8.963093145869948,11.17750439367311,24.147627416520212,54.1652021089631,22.35500878734622,4.815465729349737,19.578207381370827,21.370826010544818,9.209138840070299,13.848857644991213,73.88400702987698,16.55536028119508,17.996485061511425,25.799648506151144,10.439367311072058,19.43760984182777,57.15289982425308,20.738137082601057,18.66432337434095,74.79789103690686,31.634446397188054
COC(c1cncnc1)C(C)CCN1CCN(CC(C(=O)O)c2c[nH]c3ccccc23)CC1,451.57100000000014,3.1576000000000013,6,2,4.0,0.4889152232827376,3,94.58000000000001,0,0,0,0.014273353,0.29433084,0.6952577,0.0011636128,0.042774938,0.0906569,0.10058632,0.11567112,0.20285699,0.30752137,0.3555743,0.13430633,0.39990145,0.35961258,0.98427975,0.0025288004,0.02078536,0.013690801,0.006921529,0.0066576013,0.038588084,0.00060546596,0.21941122,0.17158264,0.05031241,0.00069418835,0.004557618,0.0044731195,0.003971464,0.17777479,0.8267248,-6.096188,-8.206591,4.6644,3.2562218,-21.426926,2.8393471,-0.54162586,50.549847,-2.240192,5.314276,75.99297012302286,63.62038664323375,72.46045694200352,61.37082601054482,63.44463971880493,44.74516695957821,76.60808435852373,64.2530755711775,47.59226713532514,25.869947275922673,37.188049209138846,3.655536028119508,19.015817223198596,32.68892794376099,14.797891036906856,37.926186291739896,34.13005272407733,65.83479789103691,51.739894551845346,71.45869947275924,38.20738137082601,76.97715289982426,41.44112478031635,86.36203866432338,47.240773286467494,37.01230228471002,15.184534270650264,41.968365553602816,44.53427065026362,34.62214411247803,24.534270650263622,11.70474516695958,14.200351493848858,23.02284710017575,59.89455184534271,27.451669595782075,11.388400702987699,26.01054481546573,27.662565905096663,17.293497363796135,9.490333919156416,81.12478031634447,12.583479789103691,9.806678383128297,28.64674868189807,27.838312829525485,14.094903339191566,74.44639718804922,23.374340949033392,28.611599297012305,66.92442882249561,75.67662565905097
COC(c1cncnc1)C(C)CCN1CCN(CC(O)C(=O)O)CC1,352.43500000000006,0.2534000000000007,7,2,4.0,0.6526504561021222,3,99.02000000000002,0,0,0,0.014642487,0.23378973,0.65669954,0.00039106427,0.014399158,0.03319391,0.011103888,0.122048736,0.06546823,0.11913037,0.06435865,0.16733254,0.115164235,0.14540157,0.9145199,0.0017430221,0.020183112,0.0033755512,0.0023488936,0.0044485726,0.04457057,7.386807e-05,0.17751242,0.013695183,0.030195108,0.0003158809,0.0012847391,0.0009945456,0.0012525896,0.3458225,0.4164079,-6.23318,-1.7264389,-9.150964,-1.7765634,-21.764637,1.9116671,-2.1235564,11.999553,-0.7302526,0.7995063,53.88400702987698,25.026362038664324,79.85940246045695,61.37082601054482,63.44463971880493,67.38137082601055,76.60808435852373,66.99472759226714,47.59226713532514,25.869947275922673,37.188049209138846,3.760984182776802,15.114235500878737,27.768014059753956,9.91212653778559,21.054481546572937,16.871704745166962,33.427065026362044,53.602811950790866,53.427065026362044,18.207381370826013,52.79437609841828,51.00175746924429,54.48154657293498,26.78383128295255,27.451669595782075,10.298769771528999,40.84358523725835,21.370826010544818,20.281195079086118,16.274165202108964,16.695957820738137,5.131810193321617,21.265377855887525,35.606326889279444,16.168717047451672,6.115992970123023,10.685413005272409,12.79437609841828,6.291739894551846,26.502636203866434,58.418277680140605,10.93145869947276,14.165202108963094,15.500878734622145,19.36731107205624,13.567662565905097,19.472759226713535,7.803163444639719,5.377855887521969,87.02987697715291,43.79613356766257
COC(c1cncnc1)C(C)CCN1CCN(CC(C(=O)O)C(C)C)CC1,378.5170000000001,2.1647,6,1,4.0,0.668259650545365,3,78.79,0,0,0,0.010064495,0.3036281,0.70717674,0.00014055004,0.012506652,0.04707644,0.018666828,0.16830386,0.067324474,0.19730692,0.15339658,0.1340033,0.1384853,0.15721998,0.97882843,0.0011619984,0.012061389,0.002314933,0.002667962,0.0037813988,0.024697913,6.7482295e-05,0.432443,0.040315695,0.032304015,0.00013522388,0.0020696123,0.0016072027,0.0007981866,0.31988174,0.5885636,-5.547043,20.635677,8.654584,-2.4401453,-17.199816,2.2794387,-0.8653368,19.231047,-1.2861176,0.014734888,60.421792618629176,46.99472759226714,72.46045694200352,36.59050966608085,63.44463971880493,69.8066783831283,76.60808435852373,53.25131810193322,47.59226713532514,25.869947275922673,37.188049209138846,2.776801405975396,19.578207381370827,34.27065026362039,7.697715289982426,18.945518453427066,21.61687170474517,40.28119507908612,63.58523725834799,53.63796133567663,26.502636203866434,64.07732864674868,41.30052724077329,59.964850615114244,28.681898066783834,35.67662565905097,6.643233743409491,23.690685413005273,16.063268892794376,21.93321616871705,13.602811950790862,2.9525483304042184,4.956063268892795,31.212653778558877,43.831282952548335,17.504393673110723,3.0931458699472762,14.973637961335678,16.485061511423552,4.674868189806679,23.866432337434098,67.02987697715291,22.74165202108963,38.242530755711776,32.337434094903344,18.137082601054484,24.56942003514939,39.64850615114236,19.191564147627417,8.541300527240773,80.45694200351494,35.07908611599297
COC(c1cncnc1)C(C)CCN1CCN(CC(C(=O)O)C(=O)O)CC1,380.4450000000001,0.5933000000000016,7,2,4.0,0.5626264378741642,2,116.09000000000002,0,1,0,0.014256099,0.21271837,0.5590158,0.0011474665,0.02124775,0.031162668,0.021097818,0.034364156,0.09728291,0.07554535,0.019593736,0.22537403,0.20657137,0.19582784,0.49969763,0.0023971011,0.032884438,0.0029360477,0.0016901379,0.008988926,0.09187844,0.00030057793,0.03023817,0.0063441284,0.029354805,0.0005215889,0.0011679393,0.00071228587,0.0025119265,0.2989382,0.20976982,-6.444298,-26.55686,-18.10875,4.4297395,-23.310558,2.0944936,-3.1361341,17.774578,-0.8005627,0.8706001,60.77328646748683,27.803163444639722,79.85940246045695,61.37082601054482,63.44463971880493,55.289982425307564,69.84182776801407,76.69595782073814,47.59226713532514,66.52021089630932,37.188049209138846,3.655536028119508,14.13005272407733,20.210896309314588,14.797891036906856,26.256590509666083,16.098418277680143,42.00351493848858,24.639718804920918,59.89455184534271,12.372583479789105,40.03514938488577,64.67486818980669,70.72056239015818,33.63796133567663,15.465729349736382,14.340949033391917,60.49209138840071,18.910369068541304,16.485061511423552,32.513181019332166,52.196836555360285,9.244288224956064,11.212653778558876,29.209138840070302,15.606326889279439,9.103690685413007,10.298769771528999,10.61511423550088,12.231985940246046,21.195079086115996,43.30404217926187,9.068541300527242,3.9718804920913886,9.595782073813709,30.087873462214414,11.282952548330405,28.119507908611602,3.0579964850615116,7.908611599297013,86.18629173989456,44.32337434094904
COC(c1cncnc1)C(C)CCN1CCN(CC(C(N)=O)C(=O)O)CC1,379.4610000000001,-0.005999999999997396,7,2,4.0,0.5446415826057502,3,121.88000000000001,0,1,0,0.023703974,0.27503097,0.6854516,0.0005103415,0.010290018,0.037844285,0.011167141,0.08944632,0.05164372,0.13106441,0.052043743,0.17712846,0.15530768,0.16752201,0.88488007,0.002574801,0.022997225,0.0025707479,0.0015481564,0.005038885,0.053384073,0.00014237131,0.135928,0.007956659,0.0249979,0.00040985917,0.0013500273,0.0007238927,0.0017347375,0.35628444,0.31644875,-6.127701,-1.0877091,-8.308203,-5.8112707,-21.730488,1.785574,-2.00921,8.961464,-0.77517635,-0.6308423,60.562390158172235,21.968365553602816,79.85940246045695,61.37082601054482,63.44463971880493,52.68892794376099,76.60808435852373,79.47275922671353,47.59226713532514,66.52021089630932,37.188049209138846,6.4323374340949035,17.363796133567664,31.634446397188054,11.107205623901583,15.957820738137084,18.558875219683657,33.602811950790866,44.32337434094904,49.66608084358524,19.578207381370827,50.4042179261863,53.35676625659051,63.09314586994728,30.333919156414765,25.69420035149385,15.325131810193323,45.90509666080844,17.223198594024606,15.289982425307558,18.699472759226715,24.21792618629174,6.39718804920914,19.086115992970125,31.282952548330407,13.251318101933217,7.768014059753955,11.212653778558876,10.61511423550088,8.822495606326891,28.26010544815466,51.66959578207382,12.126537785588754,14.586994727592268,16.168717047451672,12.688927943760985,13.673110720562391,13.391915641476276,8.611599297012303,4.7100175746924435,86.5377855887522,29.279437609841832
COC(c1cncnc1)C(C)CCN1CCN(CC(C(=O)O)c2ccncc2)CC1,413.5220000000001,2.0712999999999995,7,1,4.0,0.6329611701608836,3,91.68,0,0,0,0.0041441834,0.1894095,0.71977633,0.00017175099,0.026041731,0.058834307,0.060906045,0.062956646,0.10525831,0.22234257,0.38751808,0.10457643,0.27922168,0.36422196,0.9936447,0.0012075857,0.012239674,0.004527435,0.0045069577,0.0027412104,0.017054152,8.1059174e-05,0.15678398,0.06284075,0.036426164,0.00019693743,0.002448848,0.0012830214,0.00142807,0.11855533,0.7179313,-6.018241,-11.055279,-9.256453,-1.3242571,-20.636456,2.5746117,-1.6226234,13.750397,-0.98804665,0.12011113,68.54130052724078,45.76449912126538,79.85940246045695,36.59050966608085,63.44463971880493,64.4639718804921,76.60808435852373,62.513181019332166,47.59226713532514,25.869947275922673,37.188049209138846,1.195079086115993,12.618629173989456,36.098418277680146,8.224956063268893,29.630931458699475,24.88576449912127,58.13708260105449,34.58699472759227,61.44112478031635,29.490333919156416,78.27768014059755,31.739894551845346,77.5395430579965,47.59226713532514,42.70650263620387,6.889279437609843,24.04217926186292,25.729349736379614,28.681898066783834,8.998242530755713,1.1599297012302285,5.272407732864675,20.14059753954306,48.1195079086116,20.035149384885766,4.499121265377856,16.731107205623903,14.586994727592268,7.1704745166959585,4.780316344463972,73.32161687170475,13.74340949033392,8.260105448154658,15.325131810193323,19.964850615114237,15.53602811950791,58.277680140597546,11.24780316344464,5.975395430579965,83.55008787346222,36.239015817223205
COC(c1cncnc1)C(C)CCN1CCN(CC(C(=O)O)c2cccs2)CC1,418.5630000000001,2.737800000000001,7,1,4.0,0.6354826775646104,3,78.79,0,0,0,0.016644705,0.2825085,0.6812425,0.0005397705,0.031377256,0.07665766,0.05149331,0.12032664,0.1465745,0.25235566,0.24612197,0.1521591,0.28187165,0.26873595,0.9734422,0.002940118,0.019271467,0.006414993,0.005539932,0.0070083374,0.038646046,0.0005601038,0.24165492,0.09552025,0.049946286,0.0005219195,0.005027228,0.0030178875,0.003482746,0.2656322,0.69832903,-5.8235965,6.326524,4.4543386,-9.278101,-18.71714,2.6001601,-0.79827416,38.448353,-1.6750942,0.47946128,69.87697715289983,57.36379613356767,79.85940246045695,36.59050966608085,63.44463971880493,64.60456942003516,76.60808435852373,53.25131810193322,47.59226713532514,25.869947275922673,37.188049209138846,4.463971880492092,17.926186291739896,30.826010544815468,11.282952548330405,32.61862917398946,29.947275922671356,55.782073813708266,53.286467486818985,67.02987697715291,32.61862917398946,70.93145869947277,46.326889279437616,77.78558875219684,40.98418277680141,34.20035149384886,17.223198594024606,39.05096660808436,31.036906854130056,31.353251318101936,25.729349736379614,11.739894551845344,13.49736379613357,23.97188049209139,52.4780316344464,27.065026362038665,9.103690685413007,28.119507908611602,22.776801405975398,15.746924428822497,16.871704745166962,71.91564147627417,17.047451669595784,21.370826010544818,28.471001757469246,8.330404217926187,19.68365553602812,60.03514938488577,19.894551845342708,19.472759226713535,75.28998242530757,39.82425307557118
COC(c1cncnc1)C(C)CCN1CCN(CC(C(=O)O)c2cccnc2)CC1,413.5220000000001,2.0712999999999995,7,1,4.0,0.6329611701608836,3,91.68,0,0,0,0.0040351027,0.18213841,0.7279007,0.000104959334,0.00974269,0.064422704,0.031802975,0.061709024,0.05842813,0.19960493,0.2477171,0.11551388,0.24545822,0.33576542,0.9847951,0.0010698197,0.011823636,0.0029413502,0.002404948,0.0025579575,0.017681397,8.519105e-05,0.14234185,0.043427665,0.02697351,0.00012225934,0.0020954157,0.0008082936,0.0010718665,0.14072862,0.5965467,-6.061449,-9.647694,-7.8394027,-4.558749,-20.673061,2.527291,-1.7547429,12.174303,-0.9061325,-0.4148127,68.54130052724078,45.76449912126538,79.85940246045695,36.59050966608085,63.44463971880493,64.4639718804921,76.60808435852373,62.513181019332166,47.59226713532514,25.869947275922673,37.188049209138846,1.124780316344464,12.302284710017576,37.25834797891037,7.135325131810194,15.289982425307558,26.29173989455185,48.85764499121266,34.235500878734626,51.63444639718806,26.643233743409493,71.0017574692443,35.21968365553603,74.62214411247804,45.694200351493855,37.04745166959579,5.869947275922672,22.81195079086116,18.910369068541304,20.70298769771529,8.049209138840071,1.2653778558875222,5.377855887521969,19.472759226713535,44.67486818980668,14.657293497363797,2.741652021089631,15.114235500878737,11.493848857644993,5.588752196836555,6.537785588752198,67.24077328646749,13.04042179261863,9.209138840070299,16.449912126537786,14.692442882249562,15.500878734622145,55.43057996485062,10.22847100175747,5.413005272407734,84.63971880492092,31.77504393673111
COC(c1cncnc1)C(C)CCN1CCN(CC(C(=O)O)c2ccccn2)CC1,413.5220000000001,2.0712999999999995,7,1,4.0,0.6329611701608836,3,91.68,0,0,0,0.0058848867,0.22201984,0.72723913,0.00014748612,0.011575272,0.06777284,0.023530984,0.07211985,0.06654158,0.18119863,0.11823316,0.1444002,0.2388223,0.27080455,0.97239816,0.0014162164,0.01383868,0.002162425,0.0021416538,0.0032771933,0.026799545,0.00018432776,0.14463553,0.031446427,0.027038718,0.0001483006,0.0017835048,0.00091856625,0.0012790483,0.20095119,0.51099503,-5.959725,-4.4012175,-5.2997427,-7.262784,-19.664165,2.4580975,-1.4740283,22.293695,-1.1119688,-0.22321692,68.54130052724078,45.76449912126538,79.85940246045695,36.59050966608085,63.44463971880493,64.4639718804921,76.60808435852373,62.513181019332166,47.59226713532514,25.869947275922673,37.188049209138846,1.616871704745167,14.727592267135327,37.25834797891037,7.873462214411249,17.644991212653782,27.346221441124783,43.93673110720563,38.383128295254835,53.5676625659051,24.74516695957821,60.281195079086125,44.42882249560633,74.02460456942003,41.019332161687174,34.024604569420035,8.260105448154658,27.87346221441125,15.325131810193323,19.402460456942006,11.17750439367311,4.499121265377856,7.029876977152901,19.472759226713535,41.75746924428823,14.727592267135327,3.4094903339191567,13.42706502636204,12.196836555360282,6.467486818980668,11.212653778558876,63.374340949033396,14.833040421792619,12.056239015817225,18.875219683655537,10.790861159929703,17.574692442882252,51.35325131810194,12.618629173989456,10.298769771528999,82.21441124780317,33.21616871704745
COC(c1cncnc1)C(C)CCN1CCN(CC(C(=O)O)c2ncc[nH]2)CC1,402.4990000000001,1.3994,7,2,4.0,0.6140583955117126,3,107.47,0,0,0,0.007236466,0.10607479,0.60878426,9.9006706e-05,0.009063339,0.025993388,0.012378123,0.041694615,0.028340936,0.09870652,0.09187321,0.1484328,0.12873653,0.26668158,0.91704196,0.0012795597,0.01235646,0.002241524,0.0018762092,0.0028486059,0.027249712,4.2802334e-05,0.05319673,0.0075178808,0.020995226,0.00013707884,0.0010346154,0.000525124,0.0010864357,0.19925794,0.37819016,-6.276691,-8.635195,-2.3613918,-5.884244,-22.978962,2.3990405,-1.5845554,21.227207,-1.3528227,2.6550307,65.90509666080844,36.62565905096661,79.85940246045695,61.37082601054482,63.44463971880493,61.82776801405976,76.60808435852373,72.40773286467487,47.59226713532514,25.869947275922673,37.188049209138846,1.9332161687170477,7.978910369068542,23.19859402460457,7.065026362038665,14.305799648506152,14.481546572934976,35.04393673110721,27.416520210896312,40.49209138840071,15.149384885764501,57.012302284710024,45.41300527240774,57.57469244288225,40.80843585237259,27.6274165202109,7.346221441124781,24.463971880492092,15.676625659050968,17.855887521968366,9.630931458699473,4.674868189806679,4.253075571177504,13.848857644991213,30.896309314586997,10.439367311072058,3.233743409490334,9.455184534270652,8.506151142355009,5.659050966608085,11.142355008787348,56.27416520210897,10.54481546572935,9.595782073813709,21.652021089630935,12.65377855887522,11.880492091388401,47.065026362038665,11.493848857644993,9.666080843585238,79.36731107205624,60.07029876977153
COC(c1cncnc1)C(C)CCN1CCN(CC(C(=O)O)c2ccco2)CC1,402.4950000000001,2.2693000000000003,7,1,4.0,0.6470784384686852,3,91.93,0,0,0,0.010038935,0.25930098,0.71374404,0.00026906174,0.023432437,0.07335801,0.040291462,0.0917864,0.09838459,0.21605304,0.18801074,0.15474519,0.24620919,0.2599691,0.9692793,0.0017059691,0.015163785,0.0034251236,0.0031981189,0.0044647274,0.03233514,0.0002877694,0.20140629,0.058469422,0.036992807,0.00021611594,0.002876294,0.0014058922,0.0018108077,0.23966253,0.60081714,-5.857413,-5.458741,-4.2308645,-5.9992495,-19.156872,2.6837237,-1.1357088,29.368061,-1.3539561,0.33598772,65.90509666080844,48.36555360281196,79.85940246045695,36.59050966608085,63.44463971880493,66.39718804920915,76.60808435852373,62.70650263620387,47.59226713532514,25.869947275922673,37.188049209138846,2.776801405975396,16.133567662565905,35.04393673110721,8.822495606326891,27.6274165202109,28.892794376098422,52.23198594024605,45.026362038664324,60.17574692442883,28.506151142355012,66.71353251318102,46.95957820738138,74.69244288224957,40.14059753954306,33.63796133567663,10.087873462214413,31.07205623901582,21.827768014059757,23.936731107205627,16.274165202108964,7.6625659050966615,9.103690685413007,22.284710017574696,47.521968365553604,20.45694200351494,4.569420035149386,18.980667838312833,15.782073813708262,9.209138840070299,14.833040421792619,67.34622144112478,16.485061511423552,11.458699472759228,19.718804920913886,12.548330404217927,18.312829525483306,64.92091388400704,16.133567662565905,14.481546572934976,79.33216168717048,38.59402460456943
COC(c1cncnc1)C(C)CCN1CCN(CC(S)C(=O)O)CC1,368.50300000000004,1.1909,7,2,4.0,0.6340154919748776,3,78.79,0,1,0,0.022708628,0.19983938,0.63837504,0.00016972696,0.008124611,0.031221997,0.007919134,0.11114253,0.04210575,0.10600884,0.041859947,0.19119337,0.105149604,0.117134094,0.91484463,0.002225305,0.017877128,0.0025720163,0.002139059,0.0054951473,0.043389697,9.596809e-05,0.15215735,0.010281782,0.031013269,0.00035194034,0.002237175,0.00091956614,0.0015720617,0.39689198,0.34420416,-6.0684347,2.726542,-0.11602898,-6.5065284,-19.950897,2.2704809,-1.7204287,18.880337,-1.1233376,-0.67838633,58.03163444639719,34.13005272407733,79.85940246045695,61.37082601054482,63.44463971880493,64.49912126537787,76.60808435852373,53.25131810193322,47.59226713532514,66.52021089630932,37.188049209138846,6.1862917398945525,13.356766256590511,25.940246045694202,8.189806678383128,13.181019332161688,16.133567662565905,28.400702987697716,50.50966608084359,46.643233743409496,16.30931458699473,47.557117750439375,56.695957820738144,51.9859402460457,21.652021089630935,27.451669595782075,12.970123022847101,36.48506151142355,17.223198594024606,19.36731107205624,20.316344463971884,15.711775043936733,5.413005272407734,19.82425307557118,33.286467486818985,16.766256590509666,6.959578207381371,15.641476274165203,12.196836555360282,8.014059753954307,33.427065026362044,54.20035149384886,12.934973637961336,17.012302284710017,24.323374340949037,11.669595782073815,17.223198594024606,39.22671353251319,10.579964850615115,8.365553602811952,82.10896309314587,28.787346221441126
COC(c1cncnc1)C(C)CCN1CCN(CC(C(=O)O)n2ccnc2)CC1,402.4990000000001,1.330300000000001,7,1,4.0,0.6358098926646427,3,96.61,0,0,0,0.00537316,0.13512573,0.6176921,9.647644e-05,0.032168344,0.03504788,0.077999234,0.037495885,0.06908051,0.16260478,0.50209236,0.14335884,0.1875219,0.39625323,0.9887705,0.0010284875,0.009178824,0.0053639994,0.005551634,0.002581756,0.016672432,4.5507935e-05,0.10351982,0.0476302,0.045456626,0.00017637997,0.003932561,0.0006676498,0.001318736,0.12682445,0.66111195,-6.2478547,-2.9040818,-2.9207492,-7.4291625,-22.031555,2.2225652,-1.979674,11.715126,-0.97188014,-0.11807251,65.90509666080844,35.746924428822496,79.85940246045695,36.59050966608085,63.44463971880493,64.63971880492092,76.60808435852373,65.83479789103691,47.59226713532514,25.869947275922673,37.188049209138846,1.40597539543058,9.701230228471003,24.11247803163445,6.959578207381371,33.00527240773287,17.785588752196837,62.108963093145874,25.58875219683656,54.20035149384886,22.847100175746927,82.67135325131811,44.11247803163445,68.18980667838314,49.49033391915642,38.80492091388401,5.588752196836555,16.30931458699473,28.471001757469246,31.3884007029877,8.084358523725836,1.0544815465729351,4.358523725834798,17.504393673110723,45.377855887521974,24.780316344463973,3.760984182776802,23.79613356766257,10.123022847100177,6.6783831282952555,5.342706502636204,70.54481546572936,10.790861159929703,13.145869947275925,21.370826010544818,10.404217926186293,13.181019332161688,36.30931458699473,8.752196836555362,5.342706502636204,83.79613356766258,34.024604569420035
COC(c1cncnc1)C(C)CCN1CCN(CC(C(=O)O)c2cn(C)cn2)CC1,416.5260000000001,1.409800000000001,7,1,4.0,0.6210359175175011,3,96.61,0,0,0,0.0062192166,0.14957145,0.77484226,5.1197865e-05,0.004559481,0.04323464,0.009924963,0.049603347,0.0219418,0.15255956,0.094681695,0.12048695,0.17553167,0.32109782,0.9683183,0.0011544531,0.012416532,0.0014724516,0.0011100679,0.0020698963,0.021662518,5.7235175e-05,0.108155884,0.00944904,0.016679505,0.00012728342,0.0008647471,0.00038493267,0.0009081227,0.17044108,0.35335487,-6.1755104,-11.1696205,-6.3560934,-6.460237,-21.786234,2.4548352,-1.9970175,7.01604,-0.7943753,-0.17040081,69.38488576449913,36.76625659050967,79.85940246045695,36.59050966608085,63.44463971880493,62.98769771528999,76.60808435852373,65.83479789103691,47.59226713532514,25.869947275922673,37.188049209138846,1.7223198594024607,10.685413005272409,45.76449912126538,5.905096660808437,7.908611599297013,20.105448154657296,31.739894551845346,30.087873462214414,36.344463971880494,21.898066783831286,57.22319859402461,37.25834797891037,66.39718804920915,44.63971880492092,33.53251318101933,6.537785588752198,24.67486818980668,12.161687170474519,11.95079086115993,6.221441124780317,1.9332161687170477,4.6045694200351495,17.680140597539545,32.4780316344464,7.592267135325132,2.81195079086116,8.435852372583481,6.994727592267136,5.0966608084358525,8.822495606326891,54.79789103690686,11.458699472759228,8.189806678383128,17.680140597539545,11.739894551845344,13.567662565905097,51.17750439367312,8.717047451669597,4.007029876977153,86.22144112478033,33.84885764499121
COC(c1cncnc1)C(C)CCN1CCN(CC(C(=O)O)c2cnco2)CC1,403.4830000000001,1.6643,8,1,4.0,0.6339173661009331,3,104.82000000000001,0,0,0,0.006405197,0.19614895,0.7410356,0.00013238212,0.013693839,0.060492247,0.033687312,0.04781269,0.044976633,0.20512588,0.26655817,0.14402798,0.25796393,0.41681832,0.98591965,0.0013798617,0.011329636,0.003686685,0.0027892138,0.002493805,0.019187933,9.0551184e-05,0.1294153,0.027302314,0.030377697,0.00020436142,0.0027944327,0.0005337726,0.0015911625,0.13700235,0.5209271,-6.085619,-9.942483,-5.343581,-8.9586115,-20.960741,2.537301,-1.7701187,16.439947,-1.0208662,-0.9417058,66.08084358523726,39.75395430579965,84.51669595782074,36.59050966608085,63.44463971880493,64.49912126537787,76.60808435852373,70.896309314587,47.59226713532514,25.869947275922673,37.188049209138846,1.7574692442882252,13.075571177504395,39.43760984182777,7.627416520210897,20.316344463971884,25.342706502636204,49.52548330404218,29.384885764499124,47.48681898066784,27.10017574692443,71.9859402460457,44.25307557117751,75.71177504393674,50.75571177504394,37.609841827768015,8.1195079086116,21.54657293497364,22.74165202108963,22.39015817223199,7.803163444639719,1.4762741652021092,5.377855887521969,18.804920913884008,40.66783831282953,16.2390158172232,4.499121265377856,18.66432337434095,8.611599297012303,8.1195079086116,6.221441124780317,63.971880492091394,12.72407732864675,8.963093145869948,18.804920913884008,8.611599297012303,14.868189806678384,55.85237258347979,10.123022847100177,7.205623901581723,83.19859402460457,26.115992970123024
COC(c1cncnc1)C(C)CCN1CCN(CC(C(=O)O)c2ccc[nH]2)CC1,401.5110000000001,2.0043999999999995,6,2,4.0,0.6287332418038155,3,94.58000000000001,0,0,0,0.0080193635,0.18377577,0.6391925,0.000259938,0.023635129,0.047350366,0.04388883,0.07841264,0.08400461,0.16702113,0.20483509,0.13716426,0.19044046,0.24675718,0.96481484,0.0015807359,0.014883274,0.0041961996,0.0034518293,0.004851644,0.03256012,0.00016153215,0.13315742,0.040240232,0.0352538,0.00021512674,0.002464817,0.0015328572,0.0016508907,0.21585813,0.61265,-6.0958204,-8.253397,-5.4135714,-0.4024597,-21.374332,2.5125635,-1.3251592,27.326096,-1.4311149,4.05452,65.76449912126539,44.63971880492092,72.46045694200352,61.37082601054482,63.44463971880493,64.07732864674868,76.60808435852373,64.2530755711775,47.59226713532514,25.869947275922673,37.188049209138846,2.1089630931458703,12.513181019332162,26.045694200351495,8.717047451669597,27.838312829525485,21.687170474516698,53.77855887521969,40.84358523725835,57.11775043936731,23.304042179261867,68.26010544815466,42.35500878734622,68.78734622144113,38.91036906854131,32.89982425307557,9.349736379613358,30.123022847100177,24.49912126537786,25.096660808435853,17.750439367311074,7.6625659050966615,6.608084358523726,18.910369068541304,43.831282952548335,19.36731107205624,4.534270650263621,16.836555360281196,16.2390158172232,8.435852372583481,12.934973637961336,68.11950790861161,12.583479789103691,9.806678383128297,18.769771528998245,21.300527240773288,14.200351493848858,54.34094903339192,14.059753954305801,13.462214411247805,78.34797891036908,69.56063268892795
COC(c1cncnc1)C(C)CCN1CCN(CC(C(=O)O)N2CCOCC2)CC1,421.54200000000026,0.593300000000003,8,1,4.0,0.5828017827634189,3,91.26,0,0,0,0.010710796,0.25392228,0.617662,6.909463e-05,0.017860401,0.027194824,0.021597126,0.089097366,0.032949787,0.14218435,0.16397634,0.13361289,0.110489786,0.1856225,0.9635555,0.0010746111,0.013574963,0.0016149621,0.0013092681,0.002507046,0.02884301,2.9058763e-05,0.2628336,0.024293348,0.02862981,0.0001451259,0.0008283296,0.00034535443,0.0005134863,0.27159625,0.5925454,-5.9205065,16.317076,8.401365,-6.155648,-20.09253,2.1404605,-1.3280344,8.627684,-0.91994095,0.073620126,70.43936731107206,27.803163444639722,84.51669595782074,36.59050966608085,63.44463971880493,57.961335676625666,76.60808435852373,62.35500878734623,47.59226713532514,25.869947275922673,37.188049209138846,2.9173989455184537,15.922671353251319,24.11247803163445,6.502636203866433,23.690685413005273,14.762741652021091,42.49560632688928,44.25307557117751,42.39015817223199,20.949033391915645,64.88576449912127,41.15992970123023,53.602811950790866,32.86467486818981,32.4780316344464,5.869947275922672,27.31107205623902,12.899824253075572,13.49736379613357,7.838312829525484,5.62390158172232,3.725834797891037,24.88576449912127,39.929701230228474,15.325131810193323,3.304042179261863,8.295254833040422,6.32688927943761,3.304042179261863,17.680140597539545,67.17047451669596,15.430579964850617,32.86467486818981,32.056239015817226,12.267135325131811,16.977152899824254,30.755711775043938,14.059753954305801,4.534270650263621,84.56942003514939,35.746924428822496
COC(c1cncnc1)C(C)CCN1CCN(CC(N)C(=O)O)CC1,351.4510000000001,0.2198000000000026,7,2,4.0,0.6509327136336733,3,104.81000000000002,0,0,0,0.03322027,0.21844526,0.6118653,0.0005849023,0.012810372,0.019950325,0.010342845,0.16798699,0.044090725,0.11012294,0.15094836,0.16943774,0.07597501,0.1227294,0.924063,0.0015983166,0.019413214,0.006590116,0.0022969926,0.003495038,0.03988778,2.429643e-05,0.24602649,0.0108772395,0.026530653,0.00028028898,0.0011868812,0.0006524803,0.0007713336,0.42062974,0.52573097,-6.191555,8.859412,4.756569,-7.6222367,-21.122162,2.1616998,-1.3505495,13.412872,-1.1429106,-0.38781947,53.77855887521969,24.850615114235502,79.85940246045695,61.37082601054482,63.44463971880493,66.99472759226714,76.60808435852373,70.86115992970123,47.59226713532514,25.869947275922673,37.188049209138846,8.998242530755713,14.551845342706503,23.51493848857645,11.63444639718805,19.43760984182777,12.583479789103691,32.30228471001758,63.58523725834799,47.17047451669596,16.766256590509666,63.76098418277681,51.63444639718806,42.70650263620387,22.530755711775047,28.084358523725836,9.384885764499122,39.40246045694201,31.77504393673111,20.175746924428825,12.056239015817225,12.864674868189807,3.5500878734622145,24.11247803163445,33.743409490333924,14.340949033391917,5.588752196836555,10.333919156414764,10.052724077328648,4.639718804920914,36.871704745166966,64.28822495606327,11.353251318101934,24.253075571177508,28.752196836555363,10.193321616871705,14.657293497363797,32.513181019332166,13.848857644991213,5.799648506151143,81.86291739894553,32.09138840070299
COC(c1cncnc1)C(C)CCN1CCN(CC(C(=O)O)c2cn[nH]c2)CC1,402.4990000000001,1.3994000000000009,7,2,4.0,0.6140583955117126,3,107.47,0,0,0,0.004148997,0.12681834,0.6809789,8.239348e-05,0.00853819,0.037203792,0.026267346,0.034153227,0.03893947,0.13080505,0.15913375,0.12106323,0.159975,0.3485036,0.97233486,0.0012817903,0.012126888,0.0023358327,0.0019446075,0.0027484372,0.022049677,5.5062592e-05,0.06445913,0.0130147245,0.022067074,0.00014814478,0.001623424,0.0006060492,0.0011539102,0.12338819,0.3666308,-6.30096,-12.221652,-5.889177,-5.0538015,-22.957346,2.4762902,-1.8472335,16.22276,-1.1824446,2.1951127,65.90509666080844,36.62565905096661,79.85940246045695,61.37082601054482,63.44463971880493,61.82776801405976,76.60808435852373,72.40773286467487,47.59226713532514,25.869947275922673,37.188049209138846,1.195079086115993,9.52548330404218,30.826010544815468,6.6783831282952555,13.602811950790862,18.383128295254835,45.90509666080844,24.56942003514939,45.342706502636204,19.578207381370827,64.4639718804921,37.39894551845343,63.79613356766257,46.643233743409496,33.95430579964851,7.346221441124781,23.79613356766257,16.168717047451672,18.172231985940247,9.068541300527242,2.1441124780316345,4.569420035149386,15.043936731107207,35.32513181019333,11.212653778558876,3.4094903339191567,12.478031634446399,9.736379613356767,5.869947275922672,5.131810193321617,55.57117750439368,10.298769771528999,7.908611599297013,18.242530755711776,13.954305799648507,11.880492091388401,52.4780316344464,9.666080843585238,7.205623901581723,81.51142355008788,56.94200351493849
COC(c1cncnc1)C(C)CCN1CCN(CC(C(=O)O)c2nc3ccccc3[nH]2)CC1,452.55900000000014,2.5526,7,2,4.0,0.48329405394888947,3,107.47,0,0,0,0.017219508,0.24464531,0.6384242,0.0017931495,0.04341816,0.06201275,0.07934888,0.09181255,0.18151216,0.2554078,0.3457076,0.15501602,0.3703386,0.39251226,0.97103196,0.0031572278,0.021718051,0.017307911,0.007618406,0.0071238265,0.0435694,0.00039541296,0.15778108,0.10483054,0.058496796,0.001072645,0.0039167213,0.0036072568,0.005739377,0.16879292,0.80440503,-6.2331543,-1.1857513,11.53692,-7.967305,-22.153713,2.635343,-0.52109396,54.28832,-2.3099895,4.311456,76.20386643233743,53.35676625659051,79.85940246045695,61.37082601054482,63.44463971880493,43.7609841827768,76.60808435852373,72.40773286467487,47.59226713532514,25.869947275922673,37.188049209138846,4.6045694200351495,15.430579964850617,25.940246045694202,17.082601054481547,38.242530755711776,25.69420035149385,62.319859402460466,45.026362038664324,70.33391915641477,32.86467486818981,76.4499121265378,46.99472759226714,84.49912126537787,49.279437609841835,33.84885764499121,18.629173989455186,43.58523725834798,47.381370826010546,36.02811950790861,26.186291739894553,15.922671353251319,10.93145869947276,20.175746924428825,53.427065026362044,30.966608084358526,16.028119507908613,23.72583479789104,24.99121265377856,22.1792618629174,8.717047451669597,79.57820738137083,10.93145869947276,14.516695957820739,35.36028119507909,9.91212653778559,13.075571177504395,62.14411247803164,23.550087873462218,31.528998242530758,65.27240773286468,70.96660808435853
COC(c1cncnc1)C(C)CCN1CCN(CC(C(=O)O)c2nc3ccccc3[nH]2)CC1,452.55900000000014,2.5526,7,2,4.0,0.48329405394888947,3,107.47,0,0,0,0.017219508,0.24464531,0.6384242,0.0017931495,0.04341816,0.06201275,0.07934888,0.09181255,0.18151216,0.2554078,0.3457076,0.15501602,0.3703386,0.39251226,0.97103196,0.0031572278,0.021718051,0.017307911,0.007618406,0.0071238265,0.0435694,0.00039541296,0.15778108,0.10483054,0.058496796,0.001072645,0.0039167213,0.0036072568,0.005739377,0.16879292,0.80440503,-6.2331543,-1.1857513,11.53692,-7.967305,-22.153713,2.635343,-0.52109396,54.28832,-2.3099895,4.311456,76.20386643233743,53.35676625659051,79.85940246045695,61.37082601054482,63.44463971880493,43.7609841827768,76.60808435852373,72.40773286467487,47.59226713532514,25.869947275922673,37.188049209138846,4.6045694200351495,15.430579964850617,25.940246045694202,17.082601054481547,38.242530755711776,25.69420035149385,62.319859402460466,45.026362038664324,70.33391915641477,32.86467486818981,76.4499121265378,46.99472759226714,84.49912126537787,49.279437609841835,33.84885764499121,18.629173989455186,43.58523725834798,47.381370826010546,36.02811950790861,26.186291739894553,15.922671353251319,10.93145869947276,20.175746924428825,53.427065026362044,30.966608084358526,16.028119507908613,23.72583479789104,24.99121265377856,22.1792618629174,8.717047451669597,79.57820738137083,10.93145869947276,14.516695957820739,35.36028119507909,9.91212653778559,13.075571177504395,62.14411247803164,23.550087873462218,31.528998242530758,65.27240773286468,70.96660808435853
COC(c1cncnc1)C(C)CCN1CCN(CC(C(=O)O)c2cc[nH]n2)CC1,402.4990000000001,1.3994,7,2,4.0,0.6140583955117126,3,107.47000000000001,0,0,0,0.0066426643,0.14748932,0.6595875,5.850578e-05,0.012769547,0.03717165,0.019224698,0.041976042,0.041619826,0.13021101,0.10304065,0.12884708,0.14884038,0.27651268,0.9646269,0.001501078,0.01294749,0.00161002,0.001911354,0.0032557738,0.026998186,7.3561845e-05,0.07360446,0.011032429,0.023491431,0.0001464816,0.0014590016,0.0006921897,0.0012122821,0.18779661,0.3646319,-6.2010403,-11.081383,-5.148244,-5.775905,-21.78728,2.4690323,-1.7139225,21.537891,-1.276433,1.7865021,65.90509666080844,36.62565905096661,79.85940246045695,61.37082601054482,63.44463971880493,61.82776801405976,76.60808435852373,72.40773286467487,47.59226713532514,25.869947275922673,37.188049209138846,1.8629173989455186,10.509666080843585,28.084358523725836,6.080843585237259,19.36731107205624,18.34797891036907,40.66783831282953,27.416520210896312,46.467486818980674,19.543057996485064,58.734622144112485,39.89455184534271,61.82776801405976,41.26537785588753,32.89982425307557,8.822495606326891,26.08084358523726,12.899824253075572,17.961335676625662,11.072056239015819,4.6045694200351495,5.131810193321617,15.641476274165203,33.88400702987698,12.302284710017576,3.304042179261863,11.739894551845344,10.474516695957822,6.221441124780317,10.017574692442883,55.57117750439368,11.31810193321617,8.224956063268893,19.015817223198596,12.72407732864675,13.567662565905097,51.880492091388405,10.61511423550088,9.947275922671354,80.7029876977153,53.602811950790866
COC(c1cncnc1)C(C)CCN1CCN(CC(C(=O)O)c2nccn2C)CC1,416.5260000000001,1.4098000000000002,7,1,4.0,0.6210359175175011,3,96.61000000000001,0,0,0,0.008288615,0.15102577,0.72913474,6.642322e-05,0.006154849,0.03743744,0.009100467,0.06159706,0.030404916,0.16187479,0.11719425,0.11078396,0.16282332,0.25702482,0.95553035,0.0009599462,0.012501709,0.0013516144,0.0010706364,0.0019458365,0.022263546,3.650257e-05,0.13008146,0.010679871,0.016719403,0.00010829749,0.0006675869,0.0003499991,0.0007420259,0.20360574,0.46306038,-6.1156554,-8.528883,-5.4124517,-6.597528,-21.485355,2.408248,-1.8199654,10.150469,-0.93534565,0.022580862,69.38488576449913,36.76625659050967,79.85940246045695,36.59050966608085,63.44463971880493,62.98769771528999,76.60808435852373,65.83479789103691,47.59226713532514,25.869947275922673,37.188049209138846,2.1441124780316345,10.755711775043938,37.434094903339194,6.467486818980668,10.404217926186293,18.523725834797894,30.158172231985944,34.20035149384886,41.26537785588753,22.776801405975398,60.105448154657296,33.708260105448154,64.18277680140598,39.82425307557118,31.247803163444644,5.0966608084358525,24.99121265377856,11.282952548330405,11.493848857644993,5.799648506151143,2.2144112478031635,4.1124780316344465,18.840070298769774,33.602811950790866,7.627416520210897,2.3550087873462218,7.346221441124781,6.39718804920914,4.569420035149386,11.739894551845344,60.63268892794377,12.372583479789105,9.701230228471003,18.769771528998245,11.56414762741652,13.989455184534272,47.557117750439375,9.771528998242532,4.885764499121266,84.39367311072057,35.21968365553603
COC(c1cncnc1)C(C)CCN1CCN(CC(C(=O)O)c2nnn[nH]2)CC1,404.4750000000001,0.1894000000000023,9,2,4.0,0.5650309802040103,3,133.25,0,0,0,0.027878676,0.17143258,0.649787,9.390011e-05,0.01073746,0.033745773,0.017116109,0.019982934,0.045613628,0.13760166,0.06978333,0.21544668,0.18685782,0.35841623,0.8931041,0.0023337523,0.01128469,0.0009645486,0.0014292867,0.0042868583,0.041313592,0.00015642872,0.04337352,0.005732381,0.029097263,0.00030615076,0.0013289355,0.00043367097,0.0031305347,0.23345551,0.28759375,-6.792903,-17.064783,-1.1609547,-5.1930094,-26.558079,2.1472812,-2.5404902,26.02127,-1.6704457,1.6802223,66.25659050966608,24.534270650263622,88.08435852372584,61.37082601054482,63.44463971880493,55.71177504393673,76.60808435852373,82.2847100175747,47.59226713532514,25.869947275922673,37.188049209138846,7.451669595782074,11.915641476274166,26.959578207381373,6.854130052724078,16.55536028119508,17.152899824253076,39.05096660808436,17.750439367311074,47.732864674868196,20.38664323374341,53.63796133567663,62.67135325131811,68.04920913884007,47.205623901581724,25.97539543057997,13.778558875219685,21.441124780316347,8.576449912126538,14.376098418277682,15.676625659050968,13.989455184534272,6.537785588752198,13.11072056239016,28.224956063268895,15.500878734622145,5.975395430579965,11.036906854130054,7.592267135325132,14.657293497363797,14.340949033391917,49.52548330404218,7.100175746924429,6.115992970123023,23.12829525483304,13.778558875219685,7.943760984182777,31.212653778558877,5.30755711775044,12.688927943760985,75.32513181019333,52.72407732864675
COC(c1cncnc1)C(C)CCN1CCN(CC(C(=O)O)c2cnn(C)c2)CC1,416.5260000000001,1.409800000000001,7,1,4.0,0.6210359175175011,3,96.61000000000001,0,0,0,0.0125294775,0.14799608,0.77115697,3.758267e-05,0.0030616606,0.03880834,0.00646021,0.055473436,0.018185655,0.15177593,0.079327404,0.11229271,0.15867685,0.26126987,0.955781,0.0012490561,0.014423063,0.00113097,0.0007688111,0.0021849212,0.024170084,4.519562e-05,0.11341224,0.008040244,0.013870676,0.000118281016,0.0006929085,0.00031876343,0.0008478916,0.20477381,0.3255955,-6.188955,-12.98482,-3.1581721,-5.202592,-21.839329,2.6579528,-1.7475399,12.500241,-1.0018356,0.60831106,69.38488576449913,36.76625659050967,79.85940246045695,36.59050966608085,63.44463971880493,62.98769771528999,76.60808435852373,65.83479789103691,47.59226713532514,25.869947275922673,37.188049209138846,3.304042179261863,10.54481546572935,44.99121265377856,5.483304042179262,5.377855887521969,18.840070298769774,25.623901581722322,32.16168717047452,33.53251318101933,21.898066783831286,54.93848857644992,34.235500878734626,63.62038664323375,40.31634446397189,31.318101933216173,7.240773286467488,29.420035149384887,9.630931458699473,8.611599297012303,6.71353251318102,2.706502636203867,4.358523725834798,17.961335676625662,31.353251318101936,5.518453427065027,2.6362038664323375,7.451669595782074,6.080843585237259,4.885764499121266,11.880492091388401,52.26713532513182,11.353251318101934,7.521968365553604,21.01933216168717,13.778558875219685,13.567662565905097,63.44463971880493,10.333919156414764,5.553602811950792,83.40949033391917,41.37082601054482
COC(c1cncnc1)C(C)CCN1CCN(CC(C(=O)O)c2cscn2)CC1,419.5510000000001,2.1328000000000005,8,1,4.0,0.6262354293534583,3,91.68,0,0,0,0.012739167,0.21078047,0.709175,0.00018449838,0.015049271,0.059180535,0.023580931,0.06579107,0.053459693,0.19300966,0.14761922,0.15645,0.24917503,0.3162642,0.97282875,0.0021932465,0.015769605,0.003489128,0.0029019094,0.003875723,0.028972227,0.00018610063,0.13583112,0.026179135,0.033610754,0.00035107502,0.0027813201,0.00091529416,0.0024728123,0.2160596,0.49443936,-6.0503798,-3.4762084,-3.6065602,-7.467008,-20.296082,2.3999226,-1.6269512,22.002789,-1.0758352,0.6971642,69.98242530755712,46.67838312829526,84.51669595782074,36.59050966608085,63.44463971880493,63.831282952548335,76.60808435852373,62.513181019332166,47.59226713532514,25.869947275922673,37.188049209138846,3.3391915641476277,14.059753954305801,34.55184534270651,8.330404217926187,21.441124780316347,24.956063268892798,44.04217926186292,35.571177504393674,50.333919156414765,25.90509666080844,63.55008787346222,47.416520210896316,74.97363796133568,44.39367311072056,34.13005272407733,12.829525483304044,32.12653778558875,22.073813708260108,22.81195079086116,13.778558875219685,5.6942003514938495,7.065026362038665,19.086115992970125,40.28119507908612,18.629173989455186,6.959578207381371,18.594024604569423,12.161687170474519,12.09138840070299,12.934973637961336,62.56590509666081,13.356766256590511,12.759226713532515,20.52724077328647,10.369068541300528,16.2390158172232,47.1353251318102,11.17750439367311,10.22847100175747,82.56590509666081,42.53075571177505
COC(c1cncnc1)C(C)CCN1CCN(CC(C(=O)O)n2cccc2)CC1,401.5110000000001,1.9352999999999998,6,1,4.0,0.6512222545451748,3,83.72,0,0,0,0.0077220583,0.19406042,0.6233184,0.00016113273,0.042286765,0.050484188,0.0875877,0.075518034,0.11915179,0.18705317,0.35481077,0.15281807,0.18739365,0.26452088,0.9744746,0.0012987233,0.012517668,0.0041903118,0.005256295,0.004043524,0.027326662,0.00014426162,0.17192456,0.093552634,0.048933,0.00018436665,0.00375701,0.0013359393,0.0014622591,0.21180952,0.7028319,-6.06838,3.7930348,0.94531596,-8.60367,-20.380266,2.3207939,-1.3720179,26.41712,-1.39809,0.28076735,65.76449912126539,43.7609841827768,72.46045694200352,36.59050966608085,63.44463971880493,67.06502636203867,76.60808435852373,57.11775043936731,47.59226713532514,25.869947275922673,37.188049209138846,2.0738137082601056,12.970123022847101,24.56942003514939,8.014059753954307,37.82073813708261,22.63620386643234,63.971880492091394,39.85940246045695,63.40949033391916,25.413005272407734,76.97715289982426,46.57293497363796,68.11950790861161,40.63268892794377,34.44639718804921,7.486818980667839,25.026362038664324,24.463971880492092,30.579964850615116,14.727592267135327,4.7100175746924435,6.39718804920914,20.91388400702988,52.337434094903344,26.678383128295255,3.9367311072056244,22.88224956063269,15.114235500878737,7.4165202108963095,12.548330404217927,72.05623901581723,12.934973637961336,18.172231985940247,25.166959578207383,9.138840070298771,16.098418277680143,42.07381370826011,13.602811950790862,12.934973637961336,78.76977152899825,37.82073813708261
COC(c1cncnc1)C(C)CCN1CCN(CC(C(=O)O)c2cccn2C)CC1,415.5380000000001,2.0147999999999993,6,1,4.0,0.63546079643767,3,83.72,0,0,0,0.010838802,0.2254403,0.7013135,0.00023687934,0.02676926,0.062297307,0.048415624,0.10620366,0.097398505,0.24331479,0.28403768,0.123923145,0.22892642,0.25031585,0.9784643,0.0015207909,0.015002241,0.004139376,0.0037219047,0.0045164707,0.0299051,0.0002054739,0.24774945,0.07609018,0.041677523,0.00021820613,0.0025743924,0.0018986085,0.0017041222,0.23208542,0.696554,-5.9978857,-6.4989824,-4.1994467,-4.8550987,-20.21765,2.5430627,-1.4671096,20.05859,-1.1685351,0.7308036,68.99824253075572,45.026362038664324,72.46045694200352,36.59050966608085,63.44463971880493,64.60456942003516,76.60808435852373,57.11775043936731,47.59226713532514,25.869947275922673,37.188049209138846,2.9525483304042184,14.797891036906856,33.63796133567663,8.576449912126538,30.017574692442885,25.76449912126538,55.008787346221446,49.068541300527244,59.929701230228474,31.915641476274168,73.00527240773287,38.17223198594025,72.9701230228471,39.332161687170476,35.606326889279444,8.892794376098418,30.68541300527241,24.323374340949037,26.01054481546573,16.520210896309315,6.256590509666081,7.451669595782074,24.147627416520212,49.912126537785596,22.81195079086116,4.674868189806679,17.469244288224957,18.172231985940247,8.717047451669597,14.200351493848858,71.81019332161688,14.059753954305801,10.93145869947276,19.82425307557118,14.094903339191566,16.55536028119508,56.13356766256591,12.688927943760985,9.033391915641477,81.72231985940246,42.84710017574693
COC(c1cncnc1)C(C)CCN1CCN(CC(C(=O)O)c2ccc3c(c2)OCO3)CC1,456.54300000000023,2.4050000000000002,8,1,4.0,0.5779002415943431,3,97.25000000000001,0,0,0,0.01356945,0.294353,0.70828223,0.0013600807,0.074384585,0.084303826,0.11599903,0.13480219,0.42710957,0.38564992,0.61691535,0.11083899,0.4518507,0.38221982,0.9936541,0.0023318294,0.017780226,0.015695676,0.012327182,0.0047827503,0.023061814,0.00031262456,0.30706713,0.2680276,0.081030786,0.0005961912,0.005634398,0.005030997,0.004893212,0.1554181,0.91826934,-5.936096,3.9616394,9.018451,-8.112501,-20.243073,2.694524,-0.6768187,46.98515,-2.113578,1.7283999,76.90685413005274,50.72056239015818,84.51669595782074,36.59050966608085,63.44463971880493,57.36379613356767,76.60808435852373,66.0456942003515,47.59226713532514,25.869947275922673,37.188049209138846,3.4797891036906856,19.015817223198596,34.481546572934974,15.325131810193323,46.924428822495614,32.056239015817226,67.87346221441125,57.57469244288225,82.91739894551846,44.67486818980668,86.11599297012303,33.708260105448154,90.08787346221442,48.75219683655536,42.7768014059754,13.778558875219685,36.344463971880494,46.115992970123024,43.23374340949034,17.539543057996486,2.3550087873462218,9.490333919156416,26.572934973637963,66.88927943760984,38.840070298769774,10.087873462214413,29.771528998242534,28.787346221441126,19.929701230228474,7.803163444639719,88.43585237258348,15.114235500878737,18.418277680140598,32.61862917398946,9.736379613356767,16.485061511423552,65.51845342706503,21.33567662565905,25.869947275922673,69.06854130052724,53.11072056239016
COC(CN1CCN(CCC(C)C(OC)c2cncnc2)CC1)C(=O)O,366.46200000000016,0.9075000000000011,7,1,4.0,0.653659519438327,3,88.02,0,0,0,0.020471537,0.24818449,0.7129847,0.00015609153,0.012915352,0.04712761,0.0108289765,0.09862502,0.04158183,0.16339807,0.058053106,0.16131859,0.16619109,0.21161754,0.9382108,0.0019855823,0.017007846,0.0020668502,0.0020994027,0.004760496,0.03949077,0.00013145413,0.21477492,0.014913889,0.03007502,0.00040183082,0.0018180022,0.00085775193,0.0016831846,0.31928802,0.4070662,-5.9038877,6.7228904,-3.8007188,-6.426528,-19.399073,2.0678968,-1.8803765,11.349055,-0.7713324,-0.58073175,57.50439367311073,30.826010544815468,79.85940246045695,36.59050966608085,63.44463971880493,67.5219683655536,76.60808435852373,59.85940246045695,47.59226713532514,25.869947275922673,37.188049209138846,5.729349736379614,15.53602811950791,35.04393673110721,7.978910369068542,19.507908611599298,21.61687170474517,33.00527240773287,47.381370826010546,46.39718804920914,22.987697715289986,51.66959578207382,48.927943760984185,65.02636203866433,35.71177504393673,29.630931458699475,11.388400702987699,35.04393673110721,14.727592267135327,19.121265377855888,17.504393673110723,12.583479789103691,6.291739894551846,22.88224956063269,36.16871704745167,16.063268892794376,7.592267135325132,13.602811950790862,11.915641476274166,8.646748681898067,23.760984182776802,58.03163444639719,15.85237258347979,21.827768014059757,20.351493848857647,11.775043936731109,17.820738137082603,26.643233743409493,9.455184534270652,5.30755711775044,86.5377855887522,30.017574692442885
COC(c1cncnc1)C(C)CCN1CCN(CC(C)C(=O)O)CC1,350.4630000000001,1.5286000000000002,6,1,4.0,0.7233364907488079,3,78.79,0,0,0,0.012264738,0.28669795,0.7076172,0.00018767615,0.010396536,0.042771753,0.010103653,0.15746531,0.04880095,0.15028867,0.07940684,0.15366367,0.11293261,0.1399014,0.948064,0.0011443421,0.013829174,0.0023462404,0.0017247647,0.0033060075,0.030416887,5.6954752e-05,0.31377855,0.017125346,0.024853643,0.00013085846,0.0013517697,0.00080523343,0.00066359,0.3615225,0.4598609,-5.7007995,10.955735,-3.5169945,-5.1707006,-17.813114,2.1659012,-1.5991459,10.894603,-0.7953413,-0.90456736,53.602811950790866,37.961335676625666,72.46045694200352,36.59050966608085,63.44463971880493,78.24253075571178,76.60808435852373,53.25131810193322,47.59226713532514,25.869947275922673,37.188049209138846,3.268892794376099,18.312829525483306,34.376098418277685,8.330404217926187,16.30931458699473,20.07029876977153,31.880492091388405,61.93321616871705,48.85764499121266,21.79261862917399,54.93848857644992,46.67838312829526,54.1652021089631,25.623901581722322,30.68541300527241,6.502636203866433,27.87346221441125,16.203866432337435,16.731107205623903,11.212653778558876,6.643233743409491,4.6045694200351495,26.78383128295255,37.25834797891037,13.145869947275925,2.9173989455184537,11.212653778558876,11.493848857644993,4.2179261862917405,28.998242530755714,60.52724077328647,19.507908611599298,26.99472759226714,20.562390158172235,13.81370826010545,22.49560632688928,32.75922671353251,11.458699472759228,5.2021089630931465,86.22144112478033,26.502636203866434
COC(c1cncnc1)C(C)CCN1CCN(CC(C(=O)O)c2cnc3ccccn23)CC1,452.55900000000014,2.324,7,1,4.0,0.5007502309423768,3,96.09,0,0,0,0.010373287,0.2244018,0.74496686,0.0003456259,0.0116628725,0.0796435,0.037226424,0.06656457,0.07330708,0.23315282,0.20010814,0.14737582,0.3857479,0.41937965,0.9756323,0.0023624194,0.01823622,0.0056778854,0.0030396874,0.004225387,0.03047958,0.00029031775,0.13747221,0.049544267,0.03495295,0.00047630904,0.0030298415,0.0011578229,0.0032010272,0.14696643,0.61289686,-6.1690598,-8.912835,1.7503456,-6.254484,-21.491167,2.6626546,-1.1735246,34.46821,-1.6641535,2.159531,76.20386643233743,49.068541300527244,79.85940246045695,36.59050966608085,63.44463971880493,46.467486818980674,76.60808435852373,65.69420035149385,47.59226713532514,25.869947275922673,37.188049209138846,2.882249560632689,14.762741652021091,40.17574692442883,9.52548330404218,17.715289982425308,30.826010544815468,50.86115992970124,35.922671353251324,55.149384885764505,31.247803163444644,67.7328646748682,45.20210896309315,85.48330404217927,50.93145869947276,34.6572934973638,14.094903339191566,36.977152899824254,29.314586994727595,23.47978910369069,15.53602811950791,6.643233743409491,9.103690685413007,19.191564147627417,45.76449912126538,19.121265377855888,8.681898066783832,19.894551845342708,14.059753954305801,14.903339191564148,7.240773286467488,68.11950790861161,11.493848857644993,9.52548330404218,26.01054481546573,12.09138840070299,13.989455184534272,63.58523725834799,15.782073813708262,17.3286467486819,75.3602811950791,56.660808435852374
COC(c1cncnc1)C(C)CCN1CCN(CC(C(=O)O)c2ccno2)CC1,403.4830000000001,1.6643,8,1,4.0,0.6339173661009331,3,104.82000000000001,0,0,0,0.012558922,0.21806464,0.72303814,0.00020755013,0.014025934,0.06681799,0.02944026,0.061686266,0.06322016,0.20999889,0.16842976,0.1586427,0.27667445,0.33545837,0.9718994,0.0024709154,0.017395034,0.0032593827,0.002982954,0.0045046504,0.031516276,0.00023456666,0.12859781,0.03209898,0.03508997,0.0003737316,0.0030041921,0.001023466,0.0026050098,0.19252054,0.50924987,-6.008723,-11.706667,-6.5103426,-7.6478195,-20.176632,2.635797,-1.6321455,19.929642,-1.0727115,-0.45582885,66.08084358523726,39.75395430579965,84.51669595782074,36.59050966608085,63.44463971880493,64.49912126537787,76.60808435852373,70.896309314587,47.59226713532514,25.869947275922673,37.188049209138846,3.304042179261863,14.551845342706503,36.41476274165203,8.471001757469246,20.562390158172235,27.135325131810195,47.66256590509666,34.20035149384886,52.829525483304046,27.662565905096663,65.30755711775045,48.33040421792619,77.25834797891038,45.659050966608085,33.95430579964851,14.833040421792619,35.67662565905097,20.77328646748682,23.2688927943761,16.449912126537786,7.1704745166959585,7.943760984182777,18.73462214411248,41.792618629173994,19.261862917398947,7.135325131810194,19.789103690685415,13.005272407732866,12.65377855887522,10.61511423550088,63.198594024604574,13.848857644991213,8.084358523725836,17.574692442882252,10.158172231985942,16.695957820738137,62.21441124780317,11.107205623901583,8.892794376098418,82.56590509666081,30.966608084358526
COC(c1cncnc1)C(C)CCN1CCN(CC(C(=O)O)c2cncs2)CC1,419.5510000000001,2.1327999999999996,8,1,4.0,0.6262354293534583,3,91.68,0,0,0,0.00822734,0.19266607,0.71700776,0.00023956108,0.018539974,0.06702338,0.048374083,0.061763722,0.06147197,0.23156199,0.30070966,0.13910553,0.28745747,0.4110486,0.98329604,0.0021136492,0.014666771,0.0051158816,0.003984006,0.003923546,0.023989135,0.00018929047,0.14412929,0.049614877,0.038069323,0.0003705742,0.003937266,0.0010348575,0.0026176847,0.15054163,0.60139054,-6.048168,-4.0226603,-2.282291,-8.3934965,-20.490667,2.4771867,-1.6495132,20.778318,-1.1261296,-0.21593289,69.98242530755712,46.67838312829526,84.51669595782074,36.59050966608085,63.44463971880493,63.831282952548335,76.60808435852373,62.513181019332166,47.59226713532514,25.869947275922673,37.188049209138846,2.1089630931458703,12.899824253075572,35.39543057996485,8.576449912126538,24.21792618629174,27.24077328646749,55.008787346221446,34.235500878734626,52.37258347978911,31.00175746924429,74.09490333919157,42.84710017574693,78.31282952548331,50.298769771529,36.836555360281196,12.231985940246046,29.841827768014063,27.803163444639722,26.78383128295255,13.954305799648507,2.6010544815465733,7.135325131810194,19.472759226713535,45.76449912126538,20.949033391915645,7.135325131810194,23.83128295254833,13.04042179261863,12.688927943760985,7.521968365553604,67.45166959578208,13.356766256590511,12.40773286467487,21.72231985940246,9.349736379613358,15.85237258347979,52.513181019332166,11.00175746924429,9.420035149384887,82.03866432337435,33.32161687170475
COC(c1cncnc1)C(C)CCN1CCN(CC(C(=O)O)c2nc[nH]n2)CC1,403.4870000000001,0.7944000000000015,8,2,4.0,0.593039949915239,3,120.36,0,0,0,0.0065487446,0.138001,0.70650315,2.1911943e-05,0.0058162403,0.028503437,0.0074604293,0.022004107,0.015268137,0.10279006,0.044012144,0.13401714,0.12682983,0.3471647,0.96498317,0.000922573,0.008619523,0.0006789634,0.0008397217,0.0015269663,0.0208867,2.8789727e-05,0.046609838,0.0027046285,0.013365975,8.427583e-05,0.00062802515,0.00018112824,0.0007676839,0.15877089,0.20920777,-6.5147047,-13.281275,-5.9360933,-7.179452,-24.38448,2.157839,-2.2600398,17.275465,-1.3129083,0.73418206,66.08084358523726,29.771528998242534,84.51669595782074,61.37082601054482,63.44463971880493,59.12126537785589,76.60808435852373,78.84007029876977,47.59226713532514,25.869947275922673,37.188049209138846,1.8629173989455186,10.017574692442883,34.16520210896309,4.7100175746924435,9.91212653778559,15.043936731107207,27.592267135325134,18.629173989455186,30.931458699472763,15.817223198594027,48.26010544815466,41.30052724077329,57.29349736379614,46.57293497363796,32.970123022847105,5.061511423550089,14.868189806678384,7.381370826010546,9.279437609841828,4.007029876977153,1.898066783831283,3.725834797891037,13.321616871704746,22.073813708260108,5.377855887521969,1.7574692442882252,7.135325131810194,4.393673110720563,4.639718804920914,8.084358523725836,43.23374340949034,8.681898066783832,7.311072056239016,18.242530755711776,10.826010544815468,9.947275922671354,32.16168717047452,6.748681898066785,7.697715289982426,79.85940246045695,42.84710017574693
COc1ccccc1C(CN1CCN(CCC(C)C(OC)c2cncnc2)CC1)C(=O)O,442.5600000000002,2.6849000000000007,7,1,4.0,0.5683537236930227,3,88.02,0,0,0,0.010320383,0.29102707,0.7532946,0.00042834706,0.03332274,0.08418583,0.06534086,0.13753247,0.14747086,0.33015564,0.36159205,0.104781196,0.30986646,0.29837555,0.9928707,0.0015263066,0.016311437,0.0061328304,0.0048673805,0.004285019,0.026682824,0.00032079694,0.34005624,0.1591536,0.046696167,0.00026411514,0.0029568938,0.0031207064,0.0019568808,0.1919935,0.80967027,-5.8588233,2.0855172,6.380428,-9.920339,-19.049936,2.6601887,-0.8347642,36.327812,-1.723563,-0.7072812,74.44639718804922,56.16871704745167,79.85940246045695,36.59050966608085,63.44463971880493,56.02811950790861,76.60808435852373,59.85940246045695,47.59226713532514,25.869947275922673,37.188049209138846,2.882249560632689,18.629173989455186,41.26537785588753,10.333919156414764,33.46221441124781,32.056239015817226,59.367311072056246,58.20738137082601,67.20562390158173,40.105448154657296,77.22319859402461,31.739894551845346,80.14059753954307,42.882249560632694,42.14411247803164,8.963093145869948,33.49736379613357,30.333919156414765,29.771528998242534,15.641476274165203,4.428822495606327,9.595782073813709,27.662565905096663,58.91036906854131,25.37785588752197,5.30755711775044,19.543057996485064,23.2688927943761,9.84182776801406,10.54481546572935,79.96485061511424,16.485061511423552,16.485061511423552,30.158172231985944,7.873462214411249,18.523725834797894,63.55008787346222,19.472759226713535,18.312829525483306,74.76274165202109,28.330404217926187
COC(c1cncnc1)C(C)CCN1CCN(CC(C(=O)O)n2cccn2)CC1,402.4990000000001,1.3303,7,1,4.0,0.6358098926646427,3,96.61,0,0,0,0.007846083,0.18143573,0.66467124,6.300205e-05,0.023043836,0.045606513,0.03475205,0.0466126,0.055318434,0.16797319,0.1924274,0.163713,0.17588949,0.2981387,0.9746029,0.0013919194,0.011530252,0.001853266,0.0025422764,0.0030821704,0.025415108,9.212059e-05,0.117849745,0.027560124,0.03246228,0.00016726213,0.0020870562,0.00057730183,0.0013319508,0.1922023,0.52815974,-6.1357946,0.25469437,1.5362575,-8.304376,-20.98723,2.3511333,-1.5757469,24.992725,-1.2769417,1.8767735,65.90509666080844,35.746924428822496,79.85940246045695,36.59050966608085,63.44463971880493,64.63971880492092,76.60808435852373,65.83479789103691,47.59226713532514,25.869947275922673,37.188049209138846,2.1089630931458703,12.267135325131811,28.506151142355012,6.256590509666081,27.451669595782075,21.124780316344467,50.12302284710018,29.173989455184536,50.57996485061512,23.40949033391916,67.1353251318102,49.876977152899826,66.39718804920915,42.882249560632694,34.44639718804921,8.189806678383128,22.214411247803167,13.778558875219685,21.370826010544818,10.369068541300528,3.3743409490333924,5.377855887521969,18.242530755711776,40.702987697715294,17.785588752196837,3.655536028119508,15.079086115992972,9.279437609841828,6.6783831282952555,10.61511423550088,64.42882249560633,11.985940246045695,15.254833040421794,25.729349736379614,9.420035149384887,14.797891036906856,43.971880492091394,11.599297012302285,11.845342706502636,80.66783831282953,54.235500878734626
COC(c1cncnc1)C(C)CCN1CCN(CC(C(=O)O)c2ncco2)CC1,403.4830000000001,1.6643,8,1,4.0,0.6339173661009331,3,104.82000000000001,0,0,0,0.01005269,0.24030797,0.7660597,8.20828e-05,0.010983147,0.06401358,0.015500633,0.049286574,0.032372218,0.18563783,0.10474565,0.15897638,0.23863724,0.3427707,0.97571754,0.0013438442,0.01128778,0.001501424,0.0014482249,0.0021982358,0.022962194,0.000103922,0.12694548,0.013605377,0.021152373,0.00016119544,0.0014344302,0.0003382073,0.0012543756,0.19914807,0.39005977,-5.9813466,-6.310603,-4.879244,-8.761464,-19.974802,2.5114093,-1.6213226,21.467642,-1.0879658,-0.20798878,66.08084358523726,39.75395430579965,84.51669595782074,36.59050966608085,63.44463971880493,64.49912126537787,76.60808435852373,70.896309314587,47.59226713532514,25.869947275922673,37.188049209138846,2.776801405975396,15.360281195079088,43.831282952548335,6.643233743409491,16.871704745166962,26.22144112478032,37.71528998242531,29.806678383128297,42.1792618629174,25.20210896309315,58.91036906854131,48.471001757469246,74.02460456942003,46.25659050966608,34.6572934973638,7.873462214411249,21.441124780316347,12.372583479789105,14.481546572934976,6.71353251318102,2.249560632688928,5.483304042179262,18.66432337434095,35.571177504393674,10.54481546572935,3.5500878734622145,11.70474516695958,6.221441124780317,6.32688927943761,11.107205623901583,57.15289982425308,14.446397188049211,11.00175746924429,19.226713532513184,8.963093145869948,17.152899824253076,54.30579964850616,11.24780316344464,9.84182776801406,82.42530755711776,33.35676625659051
COC(c1cncnc1)C(C)CCN1CCN(CC(C(=O)O)c2ccsc2)CC1,418.5630000000001,2.737800000000001,7,1,4.0,0.6354826775646104,3,78.79,0,0,0,0.017277744,0.2684383,0.6811843,0.00049945497,0.033087183,0.070945345,0.04973946,0.115403734,0.13073109,0.24845648,0.2675083,0.1428245,0.26770633,0.26174015,0.98078525,0.0026981428,0.019414261,0.006274274,0.0054866313,0.005936644,0.035202682,0.00035319375,0.22955282,0.08528703,0.048932098,0.00050944265,0.0041496856,0.0026377835,0.0033365793,0.25086284,0.7005261,-5.898178,4.8907747,2.6196964,-7.9543886,-19.349136,2.4916234,-0.9982132,33.436012,-1.579008,0.42294002,69.87697715289983,57.36379613356767,79.85940246045695,36.59050966608085,63.44463971880493,64.60456942003516,76.60808435852373,53.25131810193322,47.59226713532514,25.869947275922673,37.188049209138846,4.6045694200351495,16.62565905096661,30.826010544815468,10.93145869947276,33.391915641476274,28.154657293497365,55.36028119507909,51.66959578207382,65.13181019332163,32.196836555360285,71.9859402460457,44.00702987697716,76.30931458699473,40.31634446397189,36.203866432337435,15.782073813708262,39.40246045694201,30.650263620386646,31.142355008787348,22.03866432337434,9.384885764499122,10.193321616871705,23.47978910369069,51.107205623901585,26.678383128295255,8.927943760984183,24.534270650263622,21.441124780316347,15.360281195079088,15.571177504393674,71.95079086115993,16.028119507908613,19.543057996485064,26.643233743409493,9.982425307557119,18.066783831282955,53.35676625659051,17.609841827768015,16.906854130052725,76.59050966608085,39.26186291739895
COC(c1cncnc1)C(C)CCN1CCN(CC(C(=O)O)N2CCCCC2)CC1,419.5700000000003,1.7470000000000014,7,1,4.0,0.6142586627314898,3,82.03,0,0,0,0.00958194,0.2967961,0.5328428,0.000103997954,0.016054885,0.024010459,0.020362541,0.14535768,0.115065694,0.14673273,0.1494281,0.1288538,0.13381155,0.11022681,0.9695579,0.0008938239,0.0120494235,0.0018036144,0.0027434542,0.0035915622,0.03123486,3.747325e-05,0.31445524,0.05005893,0.041501254,0.00012091089,0.0011052822,0.0014521058,0.0005984049,0.35726252,0.7530295,-5.8753266,14.420654,6.569261,-6.0687613,-19.19668,2.1908345,-1.0914434,16.231375,-1.1883819,0.33749372,69.98242530755712,40.63268892794377,79.85940246045695,36.59050966608085,63.44463971880493,61.86291739894553,76.60808435852373,55.71177504393673,47.59226713532514,25.869947275922673,37.188049209138846,2.6362038664323375,19.121265377855888,18.804920913884008,7.135325131810194,22.460456942003518,13.954305799648507,41.58172231985941,59.507908611599305,62.84710017574693,21.33567662565905,63.65553602811951,39.929701230228474,58.98066783831283,20.667838312829527,33.63796133567663,4.6045694200351495,23.690685413005273,13.462214411247805,22.31985940246046,12.72407732864675,7.100175746924429,4.1124780316344465,26.818980667838314,45.90509666080844,22.63620386643234,2.741652021089631,9.806678383128297,15.957820738137084,3.725834797891037,28.295254833040424,75.7469244288225,16.30931458699473,30.720562390158175,30.36906854130053,12.40773286467487,18.312829525483306,34.09490333919157,16.485061511423552,7.205623901581723,81.47627416520211,38.59402460456943
COC(c1cncnc1)C(C)CCN1CCN(CC(C(=O)O)c2cc3ccccc3o2)CC1,452.5550000000002,3.422500000000001,7,1,4.0,0.5003132416562919,3,91.93,0,0,0,0.020946946,0.3906501,0.7359029,0.003033489,0.08808581,0.13710101,0.1730067,0.14795142,0.30896017,0.40798053,0.45360342,0.16789606,0.49823946,0.42084098,0.9888444,0.0032679704,0.021676464,0.0198826,0.012217459,0.008010274,0.04210354,0.0016046049,0.35156396,0.30858913,0.08259523,0.0010905595,0.007668725,0.008053982,0.0065397574,0.19252184,0.8756685,-5.764413,2.2608879,6.3542523,3.0911705,-18.638594,2.9633708,0.2818836,68.31546,-2.492466,5.2140303,76.20386643233743,67.83831282952549,79.85940246045695,36.59050966608085,63.44463971880493,46.39718804920914,76.60808435852373,62.70650263620387,47.59226713532514,25.869947275922673,37.188049209138846,5.869947275922672,24.74516695957821,38.34797891036907,21.265377855887525,49.73637961335677,51.70474516695958,73.46221441124781,60.00000000000001,77.57469244288225,46.99472759226714,80.66783831282953,51.14235500878735,92.30228471001759,50.966608084358526,38.87521968365554,19.05096660808436,43.55008787346222,49.03339191564148,43.09314586994728,29.384885764499124,14.481546572934976,24.60456942003515,28.119507908611602,69.17398945518454,39.43760984182777,16.203866432337435,35.50087873462215,33.602811950790866,23.79613356766257,10.61511423550088,84.60456942003516,18.066783831282955,16.766256590509666,30.158172231985944,27.416520210896312,19.859402460456945,80.35149384885766,34.376098418277685,44.11247803163445,61.652021089630935,75.1493848857645
COC(c1cncnc1)C(C)CCN1CCN(CC(C(=O)O)c2nc[nH]c2C)CC1,416.5260000000001,1.7078200000000003,7,2,4.0,0.6027091186786966,3,107.47,0,0,0,0.0073569566,0.16133195,0.7203286,5.361064e-05,0.009242294,0.037373524,0.013290961,0.05912613,0.029125055,0.16254404,0.12575857,0.10684216,0.15762596,0.26743665,0.9746213,0.0013405809,0.013760286,0.0016633633,0.0015141196,0.002490716,0.02280794,6.814067e-05,0.12382052,0.01468399,0.020120835,0.00013282929,0.0011454412,0.00040631005,0.001029052,0.19402134,0.45633882,-6.231743,-10.154478,-4.5628185,-7.355736,-22.244272,2.392087,-1.8192625,17.987137,-1.1341105,1.4994245,69.38488576449913,40.31634446397189,79.85940246045695,61.37082601054482,63.44463971880493,60.562390158172235,76.60808435852373,72.40773286467487,47.59226713532514,25.869947275922673,37.188049209138846,2.0035149384885766,11.24780316344464,36.098418277680146,5.975395430579965,14.586994727592268,18.523725834797894,35.922671353251324,33.602811950790866,40.84358523725835,22.847100175746927,61.15992970123023,32.513181019332166,63.374340949033396,40.91388400702988,34.44639718804921,7.873462214411249,27.697715289982426,13.145869947275925,15.043936731107207,7.803163444639719,2.249560632688928,4.991212653778559,18.488576449912127,36.098418277680146,9.91212653778559,2.9173989455184537,10.193321616871705,7.205623901581723,5.413005272407734,10.720562390158173,60.421792618629176,10.93145869947276,8.787346221441126,19.402460456942006,10.650263620386644,12.934973637961336,46.36203866432338,9.771528998242532,8.014059753954307,81.96836555360282,51.45869947275923
COC(c1cncnc1)C(C)CCN1CCN(CC(C(=O)O)c2ccn[nH]2)CC1,402.4990000000001,1.3994,7,2,4.0,0.6140583955117126,3,107.47,0,0,0,0.005666317,0.14268212,0.6599022,9.580881e-05,0.018577615,0.039469797,0.036795206,0.040513497,0.04868096,0.1536681,0.2286849,0.13013195,0.1715438,0.3393703,0.9745375,0.0015201245,0.013116574,0.0025982629,0.0025565762,0.0034048832,0.024013067,7.021501e-05,0.08234624,0.017178979,0.028728843,0.00018045201,0.0018578235,0.0007435769,0.0014955031,0.14152789,0.47820392,-6.3426576,-12.781491,-5.883959,-3.6731286,-23.373936,2.406103,-1.7585075,23.238964,-1.3946718,3.6040497,65.90509666080844,36.62565905096661,79.85940246045695,61.37082601054482,63.44463971880493,61.82776801405976,76.60808435852373,72.40773286467487,47.59226713532514,25.869947275922673,37.188049209138846,1.5465729349736381,10.298769771528999,28.084358523725836,6.959578207381371,24.28822495606327,18.945518453427066,50.72056239015818,26.818980667838314,48.822495606326896,22.00351493848858,69.66608084358525,40.246045694200355,65.94024604569421,45.97539543057997,34.44639718804921,8.892794376098418,26.22144112478032,17.3286467486819,21.40597539543058,11.775043936731109,2.6362038664323375,4.991212653778559,16.344463971880494,37.25834797891037,15.395430579964852,3.9015817223198597,13.74340949033392,10.93145869947276,7.521968365553604,6.608084358523726,61.61687170474517,10.017574692442883,7.592267135325132,18.242530755711776,16.274165202108964,11.282952548330405,47.521968365553604,10.22847100175747,10.720562390158173,78.76977152899825,66.67838312829527
COC(c1cncnc1)C(C)CCN1CCN(CC(C(=O)O)c2cnc(C)n2C)CC1,430.55300000000017,1.7182200000000005,7,1,4.0,0.6086415511579855,3,96.61000000000001,0,0,0,0.012064265,0.15604123,0.76308143,1.542244e-05,0.0022881192,0.028278213,0.0027655917,0.08212175,0.015307644,0.16220376,0.06543585,0.07520928,0.13467225,0.16948129,0.96589994,0.0008954012,0.016040495,0.00063265814,0.00044031357,0.0017103056,0.021575827,1.8528455e-05,0.16279657,0.008898403,0.011985907,6.779253e-05,0.00037794813,0.00017756155,0.0005483774,0.24041407,0.42216104,-6.1934133,-11.278966,-6.3017764,-5.1080313,-22.032803,2.393331,-1.9752766,9.085767,-0.8274242,0.556595,72.40773286467487,40.421792618629176,79.85940246045695,36.59050966608085,63.44463971880493,61.26537785588753,76.60808435852373,65.83479789103691,47.59226713532514,25.869947275922673,37.188049209138846,3.163444639718805,11.072056239015819,43.23374340949034,4.358523725834798,4.182776801405976,15.008787346221443,16.520210896309315,42.21441124780317,30.931458699472763,22.847100175746927,52.970123022847105,23.58523725834798,59.191564147627425,30.509666080843587,33.00527240773287,4.6045694200351495,32.75922671353251,7.205623901581723,5.869947275922672,4.780316344463972,1.9332161687170477,3.233743409490334,20.632688927943764,32.09138840070299,4.639718804920914,1.616871704745167,5.588752196836555,4.253075571177504,3.5852372583479792,14.903339191564148,58.558875219683664,11.353251318101934,8.189806678383128,17.820738137082603,13.848857644991213,13.181019332161688,46.39718804920914,8.787346221441126,4.7100175746924435,85.72934973637962,40.702987697715294
COC(c1cncnc1)C(C)CCN1CCN(CC(C(=O)O)c2cnn[nH]2)CC1,403.4870000000001,0.7944000000000015,8,2,4.0,0.593039949915239,3,120.36000000000001,0,0,0,0.013384487,0.16944072,0.70077467,8.968989e-05,0.010433131,0.04151643,0.024725813,0.027462155,0.03688652,0.14852072,0.11073272,0.17321776,0.2002163,0.39475375,0.96065724,0.0019853744,0.01215324,0.001764778,0.0017616879,0.0034954646,0.030936312,0.00012074013,0.06506372,0.009050332,0.02729873,0.00027574418,0.0019608056,0.00049654266,0.002376942,0.1605221,0.32075658,-6.569745,-12.528306,-1.0377362,-8.963036,-25.054117,2.2949948,-2.00499,26.359522,-1.6761665,1.7747688,66.08084358523726,29.771528998242534,84.51669595782074,61.37082601054482,63.44463971880493,59.12126537785589,76.60808435852373,78.84007029876977,47.59226713532514,25.869947275922673,37.188049209138846,3.4094903339191567,11.775043936731109,33.5676625659051,6.783831282952549,16.30931458699473,19.507908611599298,44.78031634446398,21.581722319859406,44.42882249560633,21.72231985940246,59.613356766256594,52.37258347978911,69.9121265377856,49.34973637961336,32.30228471001758,11.388400702987699,23.866432337434098,13.462214411247805,17.082601054481547,12.056239015817225,6.959578207381371,6.080843585237259,15.043936731107207,32.196836555360285,14.973637961335678,5.483304042179262,14.200351493848858,8.084358523725836,11.599297012302285,8.154657293497365,51.9859402460457,8.365553602811952,7.6625659050966615,23.304042179261867,8.611599297012303,9.033391915641477,40.421792618629176,8.646748681898067,12.899824253075572,75.28998242530757,53.53251318101934
COC(c1cncnc1)C(C)CCN1CCN(CC(C(=O)O)C2CCOC2)CC1,406.5270000000002,1.5452000000000006,7,1,4.0,0.6261352444585699,4,88.02000000000001,0,0,0,0.025152022,0.35424522,0.72123826,7.341535e-05,0.007152994,0.044648226,0.009293705,0.13689308,0.047976144,0.21279398,0.12793444,0.11839249,0.19576944,0.15532708,0.9891899,0.0013548665,0.014842458,0.0018815255,0.0018616626,0.0030998657,0.026926909,7.101931e-05,0.33348668,0.034554064,0.031099692,0.00018309787,0.0017260599,0.00093412923,0.0010791735,0.31413293,0.598635,-5.8188486,3.7620704,-2.3626409,-3.928756,-19.182941,2.3775885,-1.5088798,10.473186,-0.90947056,-0.7686922,66.99472759226714,38.13708260105449,79.85940246045695,36.59050966608085,63.44463971880493,63.76098418277681,81.28295254833041,59.85940246045695,47.59226713532514,25.869947275922673,37.188049209138846,6.818980667838313,22.35500878734622,36.098418277680146,6.502636203866433,11.810193321616874,20.77328646748682,30.439367311072058,58.066783831282955,48.36555360281196,28.049209138840073,61.47627416520211,36.44991212653779,69.38488576449913,28.506151142355012,39.156414762741655,8.014059753954307,30.017574692442885,13.954305799648507,17.785588752196837,10.439367311072058,4.534270650263621,4.991212653778559,27.55711775043937,42.46045694200352,16.836555360281196,3.9367311072056244,13.075571177504395,12.372583479789105,5.62390158172232,23.09314586994728,67.31107205623903,17.117750439367313,18.172231985940247,21.652021089630935,15.922671353251319,18.312829525483306,45.58875219683656,12.302284710017576,4.956063268892795,84.63971880492092,27.768014059753956
COC(c1cncnc1)C(C)CCN1CCN(CC(C(=O)O)c2nn[nH]n2)CC1,404.4750000000001,0.1894000000000023,9,2,4.0,0.5650309802040103,3,133.25,0,0,0,0.017056892,0.19839135,0.7163217,4.202662e-05,0.0070298365,0.036615994,0.010562551,0.01690137,0.026286568,0.13594066,0.042795077,0.17654948,0.170332,0.4000001,0.95219773,0.0015126214,0.008887138,0.0005860713,0.0009291444,0.0023566585,0.029305944,9.3735565e-05,0.0474754,0.003497459,0.019206297,0.00016667435,0.0009031671,0.00023057075,0.0018476739,0.19688132,0.20660774,-6.826258,-20.344004,-5.784991,-0.5230297,-26.456884,2.05686,-2.8752286,23.208307,-1.5807383,1.2283337,66.25659050966608,24.534270650263622,88.08435852372584,61.37082601054482,63.44463971880493,55.71177504393673,76.60808435852373,82.2847100175747,47.59226713532514,25.869947275922673,37.188049209138846,4.569420035149386,13.251318101933217,35.36028119507909,5.588752196836555,11.56414762741652,18.207381370826013,32.68892794376099,16.168717047451672,39.613356766256594,20.07029876977153,47.838312829525485,53.25131810193322,65.76449912126539,49.77152899824254,31.07205623901582,8.857644991212654,15.430579964850617,7.065026362038665,10.158172231985942,7.275922671353252,5.834797891036907,5.413005272407734,13.356766256590511,24.28822495606327,9.560632688927944,3.655536028119508,8.646748681898067,5.061511423550089,9.420035149384887,10.93145869947276,42.98769771528999,6.889279437609843,5.166959578207382,18.383128295254835,21.15992970123023,8.049209138840071,26.22144112478032,3.796133567662566,10.720562390158173,76.59050966608085,48.43585237258348
COC(c1cncnc1)C(C)CCN1CCN(CC(C(=O)O)c2ccccc2F)CC1,430.5240000000001,2.8154000000000012,6,1,4.0,0.6209300296105639,3,78.79,0,0,0,0.011595564,0.32384562,0.72091657,0.0006944643,0.04341022,0.09707174,0.082835555,0.12422089,0.21095125,0.30748123,0.32323098,0.13714944,0.3360744,0.29714307,0.98319924,0.0020084316,0.01782233,0.006078416,0.005996032,0.005958057,0.03583638,0.0005967831,0.2932658,0.16077492,0.05459522,0.0003468119,0.00378109,0.0036683618,0.002791592,0.21643198,0.78397125,-5.714856,0.41717377,0.54522705,-5.3616557,-18.203732,2.677053,-0.67277914,36.176918,-1.7072456,-0.31867474,72.30228471001759,58.48857644991213,72.46045694200352,36.59050966608085,63.44463971880493,62.98769771528999,76.60808435852373,53.25131810193322,47.59226713532514,25.869947275922673,37.188049209138846,3.0228471001757473,20.77328646748682,36.098418277680146,12.196836555360282,38.242530755711776,36.30931458699473,63.12829525483305,54.20035149384886,71.84534270650265,38.20738137082601,75.2548330404218,42.35500878734622,82.1792618629174,42.81195079086116,36.80140597539543,11.599297012302285,36.344463971880494,30.228471001757473,32.196836555360285,22.144112478031637,9.91212653778559,14.13005272407733,26.15114235500879,59.015817223198596,29.595782073813712,6.854130052724078,22.95254833040422,25.30755711775044,13.321616871704746,13.005272407732866,77.82073813708261,19.156414762741655,15.289982425307558,24.780316344463973,13.356766256590511,20.984182776801408,64.42882249560633,21.370826010544818,18.277680140597543,74.90333919156416,32.61862917398946
COC(c1cncnc1)C(C)CCN1CCN(CC(C(=O)O)C(=O)N(C)C)CC1,407.51500000000016,0.5969000000000027,7,1,4.0,0.5630751162568621,3,99.10000000000001,0,1,0,0.027938884,0.22051772,0.71699464,0.00013530315,0.0071898745,0.040918518,0.0066161454,0.09555362,0.029566925,0.15908825,0.06938164,0.14542268,0.16764048,0.18229279,0.8887027,0.0018875037,0.018343288,0.0017157327,0.0010983389,0.004224957,0.039916433,8.779082e-05,0.18164137,0.008396653,0.019529972,0.00025151123,0.0011607475,0.00047857297,0.0011522442,0.33993855,0.35742953,-5.9223,0.5119774,-6.3298273,-7.4884224,-20.827759,2.0498424,-2.1349034,1.421022,-0.44483504,-0.99720925,67.24077328646749,27.803163444639722,79.85940246045695,36.59050966608085,63.44463971880493,55.36028119507909,76.60808435852373,66.99472759226714,47.59226713532514,66.52021089630932,37.188049209138846,7.451669595782074,14.657293497363797,35.39543057996485,7.627416520210897,11.845342706502636,19.297012302284713,26.01054481546573,46.08084358523726,40.98418277680141,22.49560632688928,53.46221441124781,44.56942003514939,65.27240773286468,32.26713532513181,25.869947275922673,11.036906854130054,37.22319859402461,13.321616871704746,11.775043936731109,15.53602811950791,12.934973637961336,5.377855887521969,21.511423550087876,31.739894551845346,9.666080843585238,5.2021089630931465,10.298769771528999,7.943760984182777,5.869947275922672,25.69420035149385,55.11423550087874,15.395430579964852,15.430579964850617,17.785588752196837,10.333919156414764,15.043936731107207,25.90509666080844,7.803163444639719,2.8471001757469248,90.4042179261863,25.69420035149385
COC(c1cncnc1)C(C)CCN1CCN(CC(C(=O)O)c2cc(F)ccc2O)CC1,446.52300000000014,2.521000000000001,7,2,4.0,0.574526990892305,3,99.02000000000001,0,0,0,0.010338007,0.23188782,0.64601964,0.00069997227,0.051175993,0.06905866,0.08365206,0.0862895,0.17733982,0.25198388,0.2578334,0.11865358,0.30549964,0.2738113,0.95745134,0.002712581,0.021556422,0.008298993,0.007929669,0.010432788,0.04724278,0.00064002775,0.15682617,0.10857103,0.053644024,0.0005982906,0.004558768,0.006573075,0.004392627,0.18730786,0.71850103,-5.903022,-0.17951354,4.9477324,-7.70385,-20.170725,2.8630638,-0.6500918,33.66981,-1.5408304,1.3521851,74.93848857644991,52.829525483304046,79.85940246045695,61.37082601054482,63.44463971880493,56.90685413005273,76.60808435852373,66.99472759226714,47.59226713532514,25.869947275922673,37.188049209138846,2.882249560632689,15.079086115992972,26.643233743409493,12.231985940246046,40.45694200351494,27.732864674868193,63.16344463971881,43.690685413005276,69.94727592267137,32.54833040421793,71.49384885764499,36.59050966608085,79.89455184534272,41.12478031634447,31.493848857644995,15.85237258347979,43.47978910369069,36.203866432337435,36.555360281195085,36.94200351493849,18.875219683655537,14.586994727592268,20.14059753954306,53.84885764499122,29.068541300527244,10.158172231985942,26.01054481546573,31.493848857644995,18.769771528998245,10.017574692442883,73.39191564147627,15.85237258347979,15.079086115992972,28.892794376098422,10.123022847100177,16.695957820738137,75.60632688927944,21.72231985940246,17.117750439367313,76.94200351493849,50.05272407732865
COC(c1cncnc1)C(C)CCN1CCN(CC(C(=O)O)c2nnco2)CC1,404.4710000000001,1.0593000000000006,9,1,4.0,0.6155973093852506,3,117.71000000000001,0,0,0,0.013155097,0.2272727,0.7631091,4.2983855e-05,0.005342952,0.061940998,0.011235637,0.026318336,0.02807279,0.18097779,0.069037676,0.17428103,0.27566692,0.42425662,0.95258677,0.0016652846,0.011209716,0.00084206427,0.0010637771,0.002257601,0.025871765,0.00012743085,0.07522668,0.009583206,0.021688452,0.00021241671,0.001526633,0.00023283628,0.00215432,0.18150684,0.3036282,-6.292858,-15.616361,-5.7554455,-8.669289,-22.027401,2.4490178,-2.1444347,19.513853,-1.085205,-0.6671535,66.25659050966608,32.26713532513181,88.08435852372584,36.59050966608085,63.44463971880493,62.17926186291741,76.60808435852373,77.15289982425308,47.59226713532514,25.869947275922673,37.188049209138846,3.3743409490333924,14.833040421792619,43.2688927943761,5.659050966608085,9.349736379613358,25.65905096660809,33.67311072056239,21.054481546572937,40.45694200351494,24.74516695957821,53.427065026362044,52.68892794376099,77.25834797891038,51.247803163444644,31.07205623901582,9.876977152899824,21.23022847100176,8.049209138840071,11.423550087873464,6.783831282952549,3.796133567662566,6.256590509666081,15.782073813708262,32.68892794376099,10.93145869947276,4.534270650263621,12.02108963093146,5.061511423550089,10.474516695957822,9.666080843585238,50.61511423550088,10.333919156414764,6.572934973637962,18.383128295254835,9.103690685413007,13.181019332161688,50.650263620386646,7.803163444639719,8.646748681898067,82.46045694200352,28.892794376098422
COC(c1cncnc1)C(C)CCN1CCN(CC(C(=O)O)c2cc[nH]c2)CC1,401.5110000000001,2.0043999999999995,6,2,4.0,0.6287332418038155,3,94.58000000000001,0,0,0,0.005546447,0.16686918,0.6518105,0.00012888601,0.018699786,0.048469402,0.041750036,0.07082107,0.071653314,0.1672718,0.19732578,0.11679019,0.1718532,0.25210813,0.97106373,0.0014057287,0.013960831,0.0027244403,0.0029904253,0.003998819,0.027564442,0.00012063056,0.1240805,0.036631323,0.02969963,0.0001552761,0.0020848592,0.0012954266,0.0013083406,0.18878663,0.5779663,-6.088935,-10.263814,-6.863767,-0.3064785,-21.212412,2.5671563,-1.5983248,17.048758,-1.1953509,2.222578,65.76449912126539,44.63971880492092,72.46045694200352,61.37082601054482,63.44463971880493,64.07732864674868,76.60808435852373,64.2530755711775,47.59226713532514,25.869947275922673,37.188049209138846,1.4762741652021092,11.388400702987699,27.24077328646749,7.592267135325132,24.3585237258348,22.144112478031637,53.0755711775044,37.85588752196837,54.6572934973638,23.33919156414763,67.45166959578208,35.782073813708266,65.97539543057997,39.54305799648507,33.84885764499121,8.189806678383128,28.189806678383132,17.855887521968366,23.2688927943761,14.305799648506152,4.815465729349737,6.080843585237259,18.488576449912127,42.95254833040422,15.782073813708262,3.5149384885764503,15.079086115992972,14.657293497363797,6.537785588752198,10.087873462214413,66.6432337434095,12.618629173989456,8.717047451669597,17.258347978910372,21.54657293497364,14.376098418277682,57.785588752196844,11.458699472759228,7.521968365553604,81.37082601054482,57.04745166959579
COC(c1cncnc1)C(C)CCN1CCN(CC(CN(C)C)C(=O)O)CC1,393.53200000000015,1.0703000000000025,7,1,4.0,0.5979038967206755,3,82.03000000000002,0,0,0,0.012084112,0.17224362,0.73024005,2.0166617e-05,0.0010239553,0.011630164,0.00055870303,0.2133451,0.0092296,0.07863438,0.01452362,0.08244104,0.043890223,0.040283773,0.9276713,0.00043114758,0.011200595,0.0004013257,0.0001894325,0.0012446566,0.022900004,2.6405373e-06,0.30534378,0.0023969067,0.0059150737,2.2746453e-05,0.00011281221,0.00010934647,0.000116507894,0.4817769,0.32526666,-5.81811,11.765089,-5.4008164,-0.31966037,-19.826956,1.9597982,-2.1377642,-8.064097,-0.38908547,-0.14260563,64.32337434094904,32.37258347978911,79.85940246045695,36.59050966608085,63.44463971880493,59.75395430579965,76.60808435852373,55.71177504393673,47.59226713532514,25.869947275922673,37.188049209138846,3.163444639718805,11.915641476274166,37.46924428822496,4.569420035149386,2.1441124780316345,9.982425307557119,5.30755711775044,69.45518453427066,24.077328646748683,13.005272407732866,37.85588752196837,25.20210896309315,28.787346221441126,7.873462214411249,28.506151142355012,1.898066783831283,21.23022847100176,6.01054481546573,3.233743409490334,3.0579964850615116,2.249560632688928,1.898066783831283,26.5377855887522,20.91388400702988,1.7223198594024607,0.913884007029877,3.163444639718805,3.5852372583479792,1.5114235500878737,44.42882249560633,52.23198594024605,17.152899824253076,27.521968365553604,18.769771528998245,21.47627416520211,17.3286467486819,21.40597539543058,7.803163444639719,1.6520210896309315,91.0017574692443,33.98945518453427
COC(c1cncnc1)C(C)CCN1CCN(CC(Cn2ccnc2)C(=O)O)CC1,416.5260000000001,1.4054000000000006,7,1,4.0,0.5872866608119585,3,96.61000000000001,0,0,0,0.010636568,0.15093216,0.6219325,0.00031126407,0.065494195,0.025776833,0.074961856,0.05985239,0.1504925,0.18601385,0.6881875,0.13124722,0.16686045,0.36965793,0.99711573,0.0006913907,0.005980337,0.010910166,0.010152557,0.0017958733,0.010900215,1.2231414e-05,0.23013468,0.056994252,0.05051782,0.00013842038,0.0039049238,0.00085088395,0.0009347261,0.15412061,0.82279146,-6.0992327,6.6896043,1.9602162,-7.34348,-21.412313,2.2018723,-1.8395735,7.839331,-0.92344254,0.08579807,69.38488576449913,36.73110720562391,79.85940246045695,36.59050966608085,63.44463971880493,58.62917398945519,76.60808435852373,65.83479789103691,47.59226713532514,25.869947275922673,37.188049209138846,2.9173989455184537,10.755711775043938,24.463971880492092,9.209138840070299,44.63971880492092,14.481546572934976,61.511423550087876,33.708260105448154,67.5219683655536,25.30755711775044,87.97891036906854,40.45694200351494,65.20210896309315,47.94376098418278,48.2249560632689,3.5149384885764503,8.541300527240773,40.878734622144115,40.597539543058,5.2021089630931465,0.5272407732864676,2.81195079086116,23.550087873462218,47.240773286467494,27.55711775043937,3.233743409490334,23.65553602811951,11.845342706502636,5.166959578207382,7.697715289982426,80.87873462214412,12.583479789103691,21.827768014059757,26.256590509666083,10.650263620386644,14.094903339191566,34.93848857644991,9.701230228471003,4.253075571177504,84.56942003514939,35.95782073813709
COC(c1cncnc1)C(C)CCN1CCN(CC(Cn2ccnc2C)C(=O)O)CC1,430.55300000000017,1.7138200000000001,7,1,4.0,0.5755850996266879,3,96.61000000000001,0,0,0,0.010836861,0.14783302,0.71998453,1.2955473e-05,0.0033752173,0.0219127,0.0034265995,0.094740115,0.0263441,0.15142712,0.16367786,0.09250895,0.09989454,0.17473924,0.98015845,0.0004909,0.009495875,0.0009499077,0.000723568,0.0010909177,0.015527992,5.1568845e-06,0.20891054,0.009760037,0.014481103,4.662612e-05,0.00041800752,0.00014209269,0.00031743292,0.24124348,0.5643006,-6.074047,5.8110228,3.5152924,-7.5913925,-21.36489,2.2964416,-1.7322048,9.937345,-1.0077171,0.21019888,72.40773286467487,40.35149384885765,79.85940246045695,36.59050966608085,63.44463971880493,56.97715289982426,76.60808435852373,65.83479789103691,47.59226713532514,25.869947275922673,37.188049209138846,2.9525483304042184,10.54481546572935,36.098418277680146,4.2179261862917405,5.869947275922672,13.532513181019333,18.629173989455186,45.72934973637962,39.71880492091389,21.827768014059757,64.88576449912127,27.803163444639722,50.75571177504394,31.282952548330407,35.99297012302285,2.249560632688928,17.082601054481547,8.576449912126538,8.1195079086116,2.671353251318102,0.913884007029877,2.319859402460457,22.601054481546576,32.829525483304046,5.905096660808437,1.2653778558875222,5.834797891036907,3.9718804920913886,2.4253075571177507,14.973637961335678,66.08084358523726,12.79437609841828,20.738137082601057,27.732864674868193,10.193321616871705,14.200351493848858,40.45694200351494,10.509666080843585,4.885764499121266,83.30404217926187,37.152899824253076
COC(c1cncnc1)C(C)CCN1CCN(CC(C(=O)O)c2nc(C)no2)CC1,418.49800000000016,1.367720000000001,9,1,4.0,0.6058403629265802,3,117.71000000000001,0,0,0,0.03491759,0.26531,0.79008156,3.5622976e-05,0.0039514126,0.052101444,0.005181962,0.04945875,0.021734584,0.21254854,0.052856553,0.1431446,0.27483314,0.3090127,0.96954423,0.0019367806,0.014628415,0.00090707047,0.0008260968,0.002613191,0.028413182,0.00010250577,0.13473459,0.009333876,0.019567672,0.00024889392,0.0011380096,0.00026036095,0.0020472666,0.24581161,0.3505966,-6.250905,-16.066412,-4.321785,-10.151561,-21.55339,2.5870814,-1.947088,19.385225,-1.0268834,-1.1051466,69.87697715289983,36.239015817223205,88.08435852372584,36.59050966608085,63.44463971880493,60.98418277680141,76.60808435852373,77.15289982425308,47.59226713532514,25.869947275922673,37.188049209138846,9.314586994727593,16.590509666080845,48.85764499121266,5.413005272407734,6.748681898066785,22.987697715289986,22.987697715289986,29.912126537785593,36.098418277680146,28.049209138840073,50.50966608084359,44.07732864674868,77.11775043936731,43.971880492091394,33.63796133567663,11.17750439367311,29.771528998242534,8.365553602811952,9.173989455184534,8.260105448154658,5.413005272407734,5.448154657293498,19.05096660808436,32.40773286467487,9.666080843585238,5.2021089630931465,10.158172231985942,5.448154657293498,10.087873462214413,15.184534270650264,54.692442882249566,10.755711775043938,6.362038664323375,19.648506151142357,7.838312829525484,13.848857644991213,59.191564147627425,8.927943760984183,8.611599297012303,83.05799648506152,24.780316344463973
COC(c1cncnc1)C(C)CCN1CCN(CC(C(=O)O)c2nccs2)CC1,419.5510000000001,2.1327999999999996,8,1,4.0,0.6262354293534583,3,91.68,0,0,0,0.017961556,0.25501928,0.7308105,0.00027704,0.026980337,0.073689684,0.039500915,0.067987464,0.055819966,0.23801823,0.20102492,0.16442826,0.28852147,0.3585842,0.9790343,0.0030074366,0.015989663,0.0041624317,0.0037261187,0.0047063814,0.031406004,0.00035454097,0.16719739,0.036661364,0.038171876,0.0004892297,0.0038048965,0.001076364,0.0033063802,0.21832447,0.52532494,-5.9484205,0.7370018,-1.0385147,-8.956927,-19.58714,2.4513454,-1.451723,27.249325,-1.219451,0.6276213,69.98242530755712,46.67838312829526,84.51669595782074,36.59050966608085,63.44463971880493,63.831282952548335,76.60808435852373,62.513181019332166,47.59226713532514,25.869947275922673,37.188049209138846,4.956063268892795,15.922671353251319,37.53954305799649,8.998242530755713,30.158172231985944,28.998242530755714,51.880492091388405,36.73110720562391,50.72056239015818,31.564147627416524,67.83831282952549,50.12302284710018,78.34797891036908,47.205623901581724,35.71177504393673,17.644991212653782,32.54833040421793,24.393673110720563,26.01054481546573,17.293497363796135,7.135325131810194,10.193321616871705,20.808435852372586,42.95254833040422,20.984182776801408,8.752196836555362,23.12829525483304,13.391915641476276,15.289982425307558,13.145869947275925,64.28822495606327,14.973637961335678,15.53602811950791,23.304042179261867,8.681898066783832,17.609841827768015,50.896309314587,12.79437609841828,13.391915641476276,81.23022847100177,41.61687170474517
COC(c1cncnc1)C(C)CCN1CCN(CC(C(=O)O)c2ncon2)CC1,404.4710000000001,1.0593000000000006,9,1,4.0,0.6155973093852506,3,117.71000000000001,0,0,0,0.022792812,0.24728894,0.7649105,0.00010779428,0.0108065205,0.057943176,0.013585764,0.04073153,0.023141053,0.20487452,0.120840535,0.17420144,0.2700572,0.42259383,0.9667652,0.0014885578,0.010989339,0.0019137912,0.0014579266,0.0022436096,0.025277698,0.00010597153,0.11958341,0.009883034,0.02415193,0.00027352342,0.0017480028,0.00028510723,0.0021805293,0.19576478,0.3817513,-6.223947,-9.33148,-3.1815083,-10.238771,-21.696918,2.3837106,-1.9113834,18.967068,-1.1780511,-1.1703198,66.25659050966608,32.26713532513181,88.08435852372584,36.59050966608085,63.44463971880493,62.17926186291741,76.60808435852373,77.15289982425308,47.59226713532514,25.869947275922673,37.188049209138846,6.1862917398945525,15.465729349736382,43.690685413005276,7.205623901581723,16.590509666080845,24.67486818980668,36.098418277680146,26.889279437609844,37.39894551845343,27.10017574692443,60.597539543058005,52.68892794376099,76.55536028119509,51.14235500878735,33.145869947275926,8.752196836555362,20.597539543057998,14.059753954305801,14.516695957820739,6.783831282952549,3.304042179261863,5.588752196836555,18.242530755711776,32.89982425307557,12.688927943760985,5.483304042179262,13.286467486818982,5.729349736379614,10.579964850615115,10.896309314586995,56.59050966608085,11.036906854130054,9.314586994727593,20.91388400702988,7.768014059753955,13.74340949033392,45.834797891036914,9.244288224956064,8.471001757469246,81.54657293497364,24.56942003514939
COC(c1cncnc1)C(C)CCN1CCN(CC(C(=O)O)c2cccc(O)c2)CC1,428.53300000000013,2.3819,7,2,4.0,0.5951699555219548,3,99.02000000000001,0,0,0,0.0089490125,0.15460269,0.6086481,0.00026195735,0.022684231,0.051135827,0.0463396,0.061047565,0.099450134,0.18399768,0.15252611,0.1036946,0.2671167,0.2331857,0.94018906,0.0022361316,0.020586967,0.005179471,0.004992983,0.009367069,0.045866024,0.00037031915,0.07699753,0.060400188,0.037466653,0.00047218977,0.0030880233,0.0044225845,0.0034247667,0.17045195,0.6127131,-6.1689553,7.5205317,8.694826,-12.420774,-21.977045,2.5255275,-1.0115557,32.010372,-1.678532,0.67888385,71.84534270650265,50.22847100175748,79.85940246045695,61.37082601054482,63.44463971880493,59.332161687170476,76.60808435852373,66.99472759226714,47.59226713532514,25.869947275922673,37.188049209138846,2.390158172231986,10.93145869947276,23.19859402460457,8.717047451669597,27.275922671353253,22.70650263620387,54.516695957820744,34.059753954305805,60.31634446397189,25.13181019332162,63.93673110720563,31.282952548330407,76.30931458699473,37.750439367311074,29.771528998242534,13.04042179261863,41.511423550087876,28.119507908611602,30.123022847100177,33.84885764499121,17.715289982425308,10.369068541300528,15.922671353251319,47.80316344463972,20.667838312829527,8.506151142355009,20.105448154657296,27.451669595782075,15.571177504393674,8.822495606326891,68.11950790861161,11.493848857644993,22.530755711775047,32.44288224956063,5.6942003514938495,13.216168717047452,55.39543057996485,17.293497363796135,15.887521968365554,75.28998242530757,42.284710017574696
COC(c1cncnc1)C(C)CCN1CCN(CC(C(=O)O)c2ccn(C)n2)CC1,416.5260000000001,1.4098000000000002,7,1,4.0,0.6210359175175011,3,96.61,0,0,0,0.014267948,0.17595656,0.7116612,6.9125424e-05,0.009455075,0.040654026,0.012248235,0.06803263,0.04086771,0.18463802,0.14339073,0.12090169,0.18254226,0.2429113,0.9666023,0.0014449656,0.015036901,0.0020190482,0.0017745722,0.0030860477,0.026307091,6.713786e-05,0.14362547,0.019349102,0.025347034,0.00016943683,0.0012341447,0.0007579882,0.0013066262,0.22241084,0.5091014,-6.1240716,-12.144553,-3.8199139,-6.3373494,-20.962412,2.5878928,-1.7135519,16.34943,-1.0391101,0.411069,69.38488576449913,36.76625659050967,79.85940246045695,36.59050966608085,63.44463971880493,62.98769771528999,76.60808435852373,65.83479789103691,47.59226713532514,25.869947275922673,37.188049209138846,3.655536028119508,12.02108963093146,34.833040421792624,6.502636203866433,14.903339191564148,19.261862917398947,34.90333919156415,36.76625659050967,46.151142355008794,25.13181019332162,63.23374340949034,37.36379613356767,67.31107205623903,38.66432337434095,33.145869947275926,8.435852372583481,30.790861159929705,14.446397188049211,17.152899824253076,10.404217926186293,4.147627416520211,4.956063268892795,19.472759226713535,38.13708260105449,13.391915641476276,3.655536028119508,10.509666080843585,11.072056239015819,6.537785588752198,13.462214411247805,63.16344463971881,12.231985940246046,7.943760984182777,20.316344463971884,11.95079086115993,14.868189806678384,59.26186291739895,10.61511423550088,7.205623901581723,82.84710017574693,39.08611599297013
COC(=O)C(CN1CCN(CCC(C)C(OC)c2cncnc2)CC1)C(=O)O,394.47200000000015,0.681700000000002,8,1,4.0,0.45291086632323463,3,105.09000000000002,0,1,0,0.02610457,0.33335915,0.7032864,0.00087495847,0.026258722,0.06580051,0.0309636,0.10285451,0.10306187,0.21279292,0.14664188,0.20527652,0.25888935,0.25995645,0.94008744,0.0031574809,0.021116037,0.004510589,0.0038322476,0.0065422594,0.047629766,0.00028753097,0.2309761,0.027389595,0.04433543,0.0006133651,0.0032525356,0.0016104443,0.003013728,0.31026274,0.5066806,-5.8675704,0.31393433,-2.6411004,-10.136995,-19.317612,2.1931767,-1.9564848,20.629772,-0.8767106,-0.5699298,64.53427065026362,28.857644991212656,84.51669595782074,36.59050966608085,63.44463971880493,40.105448154657296,76.60808435852373,70.96660808435853,47.59226713532514,66.52021089630932,37.188049209138846,6.994727592267136,21.15992970123023,33.84885764499121,13.251318101933217,29.771528998242534,26.713532513181022,48.471001757469246,48.2249560632689,60.913884007029885,28.049209138840073,63.40949033391916,60.52724077328647,75.81722319859404,40.14059753954306,29.736379613356767,18.629173989455186,42.7768014059754,25.69420035149385,26.362038664323375,24.147627416520212,19.015817223198596,9.103690685413007,23.58523725834798,40.66783831282953,24.21792618629174,10.298769771528999,20.738137082601057,16.590509666080845,13.954305799648507,22.601054481546576,63.057996485061516,16.414762741652023,15.254833040421794,21.54657293497364,7.838312829525484,18.137082601054484,34.30579964850615,8.892794376098418,9.314586994727593,85.20210896309315,30.087873462214414
COC(c1cncnc1)C(C)CCN1CCN(CC(C(=O)O)c2c[nH]c3c(C)cccc23)CC1,465.5980000000002,3.466020000000001,6,2,4.0,0.4734291753246151,3,94.58000000000001,0,0,0,0.022610564,0.31702676,0.7218107,0.0021735593,0.07560041,0.100149915,0.14112177,0.16731343,0.27709025,0.42379022,0.5653898,0.12632702,0.44220346,0.397336,0.991361,0.0030253078,0.022924414,0.021837313,0.012589117,0.007650639,0.037725434,0.0008440691,0.36617905,0.3108127,0.08065473,0.0010560167,0.006060216,0.008293638,0.0062531694,0.17937216,0.9099248,-6.0591006,-5.6808662,11.910661,0.14550705,-20.79339,2.9554865,-0.23881789,55.55418,-2.3346572,4.5912905,78.13708260105449,68.6115992970123,72.46045694200352,61.37082601054482,63.44463971880493,42.91739894551846,76.60808435852373,64.2530755711775,47.59226713532514,25.869947275922673,37.188049209138846,6.1862917398945525,20.246045694200355,36.27416520210897,18.558875219683657,47.205623901581724,37.3286467486819,70.93145869947277,63.47978910369069,76.13356766256591,48.154657293497365,84.67486818980669,38.87521968365554,89.42003514938489,49.66608084358524,40.52724077328647,17.855887521968366,45.86994727592268,50.43936731107206,43.58523725834798,27.908611599297014,11.17750439367311,17.188049209138843,28.857644991212656,69.27943760984184,38.76977152899825,15.992970123022848,31.212653778558877,34.27065026362039,23.19859402460457,9.630931458699473,87.6274165202109,13.216168717047452,11.31810193321617,35.887521968365554,22.601054481546576,15.079086115992972,80.0,26.78383128295255,32.4780316344464,64.88576449912127,72.26713532513182
COC(c1cncnc1)C(C)CCN1CCN(CC(C(=O)O)C2CCCC2)CC1,404.55500000000023,2.6989,6,1,4.0,0.6421968224693322,3,78.79,0,0,0,0.013175152,0.44693738,0.67302114,0.00044139932,0.028027121,0.057233214,0.0512185,0.21880977,0.18216202,0.30002308,0.3664336,0.10915182,0.24013463,0.17561352,0.99683666,0.0010152094,0.012177826,0.0049454654,0.006743832,0.0045475736,0.024183327,0.00013968893,0.55164444,0.17992993,0.06442972,0.00018897516,0.0038988944,0.0051863063,0.0013825247,0.30205917,0.8356635,-5.6457114,23.147968,17.870543,-8.190651,-17.108707,2.386273,-0.25045094,37.427315,-2.0148044,0.0034243583,66.50263620386644,56.41476274165203,72.46045694200352,36.59050966608085,63.44463971880493,65.65905096660809,76.60808435852373,53.25131810193322,47.59226713532514,25.869947275922673,37.188049209138846,3.3743409490333924,28.927943760984185,29.595782073813712,10.509666080843585,30.826010544815468,24.56942003514939,55.71177504393673,70.12302284710019,70.40421792618629,37.57469244288225,77.4340949033392,33.21616871704745,74.20035149384887,31.423550087873465,47.6274165202109,5.553602811950792,23.90158172231986,27.31107205623902,34.27065026362039,16.660808435852374,2.706502636203867,6.362038664323375,36.203866432337435,60.456942003514946,32.86467486818981,4.1124780316344465,23.65553602811951,29.103690685413007,6.9244288224956065,21.61687170474517,81.86291739894553,20.597539543057998,41.511423550087876,42.14411247803164,9.630931458699473,25.13181019332162,46.010544815465735,26.643233743409493,18.980667838312833,70.96660808435853,35.04393673110721
COC(c1cncnc1)C(C)CCN1CCN(CC(C(=O)O)c2cccc(F)c2)CC1,430.5240000000001,2.8154000000000012,6,1,4.0,0.6209300296105639,3,78.79,0,0,0,0.012270713,0.33765212,0.7252639,0.0007489715,0.044004492,0.09243443,0.08421042,0.13905233,0.21224758,0.31354648,0.3623404,0.13144419,0.32597834,0.29204163,0.98859894,0.0019622496,0.017753068,0.0068782284,0.0062839673,0.0054403767,0.03280557,0.00043864019,0.3305525,0.1679565,0.05447618,0.00033780752,0.0037179023,0.0038893768,0.0026083926,0.21788159,0.8076205,-5.689048,1.124575,-1.2727947,-0.82895106,-18.149817,2.6278915,-0.54495335,39.343155,-1.8341739,1.0551561,72.30228471001759,58.48857644991213,72.46045694200352,36.59050966608085,63.44463971880493,62.98769771528999,76.60808435852373,53.25131810193322,47.59226713532514,25.869947275922673,37.188049209138846,3.268892794376099,21.47627416520211,36.90685413005273,12.478031634446399,38.34797891036907,34.797891036906854,63.30404217926187,58.48857644991213,71.95079086115993,38.840070298769774,77.22319859402461,40.52724077328647,81.44112478031636,42.56590509666081,38.76977152899825,11.31810193321617,36.30931458699473,32.72407732864675,33.18101933216169,20.210896309314588,7.803163444639719,11.528998242530756,27.275922671353253,59.57820738137083,29.525483304042183,6.643233743409491,22.530755711775047,26.115992970123024,12.688927943760985,13.11072056239016,79.92970123022847,19.75395430579965,15.782073813708262,23.12829525483304,20.597539543057998,21.124780316344467,61.792618629173994,23.374340949033392,19.964850615114237,73.25131810193322,46.22144112478032
COC(c1cncnc1)C(C)CCN1CCN(CC(C(=O)O)c2cccc(C)n2)CC1,427.54900000000015,2.37972,7,1,4.0,0.617964515547976,3,91.68,0,0,0,0.014370719,0.26653472,0.7323759,0.00033327527,0.027925292,0.07005807,0.04769987,0.11683154,0.11046325,0.27855015,0.3055212,0.12484614,0.27931935,0.28229278,0.98533106,0.0016203988,0.016447265,0.005337735,0.0041496744,0.0042509595,0.02859866,0.00022982436,0.29367694,0.09143201,0.044188373,0.0002684222,0.0027499439,0.002109176,0.0020194289,0.22742228,0.73504555,-5.9676943,-0.14240494,1.8052654,-8.57029,-19.489334,2.4888692,-1.2056713,28.884312,-1.2679112,0.64083785,71.77504393673111,50.22847100175748,79.85940246045695,36.59050966608085,63.44463971880493,62.601054481546576,76.60808435852373,62.513181019332166,47.59226713532514,25.869947275922673,37.188049209138846,3.655536028119508,16.590509666080845,37.750439367311074,9.349736379613358,30.790861159929705,27.908611599297014,54.86818980667839,52.056239015817226,62.03866432337435,35.85237258347979,74.41124780316345,38.277680140597546,77.5395430579965,41.6871704745167,37.188049209138846,9.490333919156416,33.67311072056239,28.365553602811953,27.346221441124783,15.571177504393674,5.483304042179262,7.768014059753955,26.186291739894553,51.880492091388405,24.077328646748683,5.342706502636204,18.453427065026364,18.980667838312833,10.017574692442883,13.848857644991213,74.2706502636204,14.692442882249562,15.114235500878737,26.045694200351495,9.173989455184534,17.680140597539545,53.286467486818985,15.430579964850617,14.235500878734623,80.73813708260106,41.792618629173994
COC(c1cncnc1)C(C)CCN1CCN(CC(C(=O)O)c2nc3ccccc3o2)CC1,453.5430000000002,2.817500000000001,8,1,4.0,0.49597621035773265,3,104.82000000000001,0,0,0,0.018276697,0.39651287,0.7493961,0.0017543951,0.05950407,0.13255838,0.13050559,0.10501949,0.22220609,0.39203826,0.3998138,0.17720523,0.51865566,0.47891217,0.98982954,0.0034436572,0.020239875,0.01297417,0.008071693,0.0062068966,0.036946874,0.0011047916,0.2883156,0.2022595,0.06872283,0.0011016141,0.0061199856,0.0037954058,0.006460151,0.16115363,0.82397556,-5.8709817,4.9013968,7.3880615,-8.2842865,-19.005405,2.6664958,-0.37898183,57.316315,-2.0418136,3.3068328,76.37961335676626,58.48857644991213,84.51669595782074,36.59050966608085,63.44463971880493,45.90509666080844,76.60808435852373,70.896309314587,47.59226713532514,25.869947275922673,37.188049209138846,5.131810193321617,25.37785588752197,40.77328646748682,16.906854130052725,42.95254833040422,50.54481546572936,69.8066783831283,48.75219683655536,72.82952548330405,45.30755711775044,78.80492091388402,53.35676625659051,93.28646748681899,54.72759226713533,39.64850615114236,19.894551845342708,40.94903339191565,43.514938488576455,36.80140597539543,23.02284710017575,10.826010544815468,19.718804920913886,25.869947275922673,62.35500878734623,34.235500878734626,16.203866432337435,31.353251318101936,25.69420035149385,23.620386643233747,8.260105448154658,80.98418277680142,16.379613356766257,19.543057996485064,31.282952548330407,9.455184534270652,18.66432337434095,63.79613356766257,25.06151142355009,33.77855887521969,70.50966608084359,64.99121265377856
COC(c1cncnc1)C(C)CCN1CCN(CC(C(=O)O)c2nc3ccccc3o2)CC1,453.5430000000002,2.817500000000001,8,1,4.0,0.49597621035773265,3,104.82000000000001,0,0,0,0.018276697,0.39651287,0.7493961,0.0017543951,0.05950407,0.13255838,0.13050559,0.10501949,0.22220609,0.39203826,0.3998138,0.17720523,0.51865566,0.47891217,0.98982954,0.0034436572,0.020239875,0.01297417,0.008071693,0.0062068966,0.036946874,0.0011047916,0.2883156,0.2022595,0.06872283,0.0011016141,0.0061199856,0.0037954058,0.006460151,0.16115363,0.82397556,-5.8709817,4.9013968,7.3880615,-8.2842865,-19.005405,2.6664958,-0.37898183,57.316315,-2.0418136,3.3068328,76.37961335676626,58.48857644991213,84.51669595782074,36.59050966608085,63.44463971880493,45.90509666080844,76.60808435852373,70.896309314587,47.59226713532514,25.869947275922673,37.188049209138846,5.131810193321617,25.37785588752197,40.77328646748682,16.906854130052725,42.95254833040422,50.54481546572936,69.8066783831283,48.75219683655536,72.82952548330405,45.30755711775044,78.80492091388402,53.35676625659051,93.28646748681899,54.72759226713533,39.64850615114236,19.894551845342708,40.94903339191565,43.514938488576455,36.80140597539543,23.02284710017575,10.826010544815468,19.718804920913886,25.869947275922673,62.35500878734623,34.235500878734626,16.203866432337435,31.353251318101936,25.69420035149385,23.620386643233747,8.260105448154658,80.98418277680142,16.379613356766257,19.543057996485064,31.282952548330407,9.455184534270652,18.66432337434095,63.79613356766257,25.06151142355009,33.77855887521969,70.50966608084359,64.99121265377856
COC(c1cncnc1)C(C)CCN1CCN(CC(C(=O)O)c2ccc3c(c2)CCO3)CC1,454.57100000000025,2.6112,7,1,4.0,0.5862355988323944,3,88.02000000000001,0,0,0,0.014645303,0.2912924,0.7051411,0.00062539935,0.048864923,0.090917096,0.092847526,0.14092311,0.22150531,0.36648092,0.45718604,0.114036046,0.37545246,0.3156423,0.9852249,0.003081875,0.02204394,0.0076536722,0.009193383,0.0077829277,0.035311874,0.00065917114,0.32086015,0.22931783,0.078433946,0.0007022416,0.0055941036,0.005574207,0.005156659,0.18965855,0.8474716,-5.853473,2.5954545,7.9045286,-7.180543,-19.440802,2.7803502,-0.36321935,49.033714,-2.174378,1.2479565,76.55536028119509,54.6572934973638,79.85940246045695,36.59050966608085,63.44463971880493,58.523725834797894,76.60808435852373,59.85940246045695,47.59226713532514,25.869947275922673,37.188049209138846,3.760984182776802,18.699472759226715,34.09490333919157,11.845342706502636,39.85940246045695,34.27065026362039,64.74516695957821,58.94551845342707,72.79437609841828,42.95254833040422,80.87873462214412,34.76274165202109,84.85061511423551,44.32337434094904,37.152899824253076,18.242530755711776,44.21792618629174,34.62214411247803,38.73462214411248,28.541300527240775,9.420035149384887,14.973637961335678,26.959578207381373,64.2530755711775,37.89103690685413,11.493848857644993,29.630931458699475,29.947275922671356,20.632688927943764,10.158172231985942,82.67135325131811,16.485061511423552,16.977152899824254,31.599297012302287,10.826010544815468,17.785588752196837,70.50966608084359,25.27240773286468,27.416520210896312,67.97891036906854,48.611599297012305
COC(c1cncnc1)C(C)CCN1CCN(CC(C(=O)O)C(C)(C)C)CC1,392.54400000000015,2.5548,6,1,4.0,0.6917412026850881,3,78.79,0,0,0,0.00630867,0.31507793,0.69735926,0.0002058385,0.021421576,0.044428967,0.030146737,0.2192103,0.103417024,0.24269156,0.21433163,0.12440886,0.14146468,0.1454014,0.9883968,0.0010277235,0.010185743,0.0024368318,0.004195676,0.004846298,0.024472525,8.746709e-05,0.5884285,0.07105109,0.043039285,0.00011731294,0.0023792672,0.003317973,0.00076084904,0.34496468,0.6939639,-5.460679,28.226074,16.417303,-2.815118,-16.757093,2.2662156,-0.49631253,25.242132,-1.5222553,0.38911232,64.00702987697716,53.35676625659051,72.46045694200352,36.59050966608085,63.44463971880493,73.70826010544816,76.60808435852373,53.25131810193322,47.59226713532514,25.869947275922673,37.188049209138846,1.7223198594024607,20.14059753954306,33.04042179261863,8.471001757469246,26.432337434094904,20.70298769771529,48.08435852372584,70.15817223198594,60.98418277680141,31.880492091388405,68.85764499121267,38.242530755711776,60.421792618629176,26.78383128295255,38.73462214411248,5.588752196836555,18.629173989455186,16.660808435852374,27.592267135325134,17.750439367311074,2.8471001757469248,5.377855887521969,37.71528998242531,49.42003514938489,23.444639718804922,2.6362038664323375,16.449912126537786,23.936731107205627,4.639718804920914,26.326889279437612,71.73989455184535,24.81546572934974,46.748681898066785,40.49209138840071,17.504393673110723,26.432337434094904,39.05096660808436,23.690685413005273,12.161687170474519,77.11775043936731,38.98066783831283
COC(c1cncnc1)C(C)CCN1CCN(CC(C(=O)O)C(F)(F)F)CC1,404.43300000000005,2.0709999999999997,6,1,4.0,0.6750461478136034,3,78.79,0,0,0,0.011313708,0.3504162,0.71649486,0.0002598238,0.017342705,0.06382517,0.029479453,0.12780559,0.076363236,0.22168358,0.16835621,0.15070328,0.19643442,0.20435107,0.96742886,0.0015185799,0.0134561155,0.0035154417,0.0036830548,0.0045534447,0.029818635,0.00018421907,0.3773231,0.05156549,0.042858515,0.00020187508,0.0033308826,0.0020387652,0.0014616175,0.28900522,0.5527159,-5.501871,12.755143,1.3504616,2.7619395,-16.232239,2.2625384,-0.72220176,18.418573,-0.85868263,1.7146574,66.22144112478033,45.72934973637962,72.46045694200352,36.59050966608085,63.44463971880493,70.96660808435853,76.60808435852373,53.25131810193322,47.59226713532514,25.869947275922673,37.188049209138846,2.9876977152899826,22.24956063268893,35.36028119507909,8.717047451669597,23.47978910369069,26.186291739894553,47.76801405975396,55.53602811950791,55.81722319859403,29.384885764499124,65.30755711775045,45.90509666080844,69.38488576449913,34.97363796133568,33.286467486818985,8.857644991212654,26.818980667838314,22.1792618629174,25.869947275922673,16.695957820738137,6.1862917398945525,7.029876977152901,29.209138840070302,46.151142355008794,23.33919156414763,4.499121265377856,21.054481546572937,18.804920913884008,7.4165202108963095,19.718804920913886,65.69420035149385,23.760984182776802,28.892794376098422,25.58875219683656,26.748681898066785,28.435852372583483,38.73462214411248,20.84358523725835,8.084358523725836,85.30755711775045,52.89982425307558
COC(c1cncnc1)C(C)CCN1CCN(CC(C(=O)O)c2ccccc2SC)CC1,458.62800000000016,3.398200000000002,7,1,4.0,0.513528478172063,3,78.79,0,0,0,0.012014119,0.32426018,0.7184251,0.0009267873,0.062888816,0.09165883,0.100158356,0.15586509,0.2411292,0.362184,0.4337104,0.12074669,0.31982422,0.3046189,0.9933036,0.0021094752,0.01660888,0.008740562,0.009321143,0.006280645,0.030759405,0.0006063009,0.39856035,0.23214999,0.06704885,0.00040710083,0.0052179946,0.0064489045,0.0033876493,0.21713734,0.8587281,-5.794706,4.7311068,14.10816,-5.3458705,-18.79472,2.9545598,-0.29618758,46.043724,-2.1484532,1.3906728,77.29349736379613,67.41652021089631,79.85940246045695,36.59050966608085,63.44463971880493,48.1195079086116,76.60808435852373,53.25131810193322,47.59226713532514,25.869947275922673,37.188049209138846,3.1282952548330405,20.77328646748682,35.606326889279444,13.567662565905097,43.971880492091394,34.41124780316345,65.83479789103691,61.58172231985941,73.95430579964851,42.601054481546576,79.89455184534272,37.3286467486819,81.05448154657294,43.47978910369069,42.35500878734622,12.196836555360282,34.059753954305805,37.04745166959579,38.91036906854131,23.163444639718808,6.9244288224956065,14.200351493848858,30.087873462214414,64.39367311072057,33.5676625659051,7.6625659050966615,28.96309314586995,31.318101933216173,15.465729349736382,13.11072056239016,83.40949033391917,17.539543057996486,19.43760984182777,38.34797891036907,13.391915641476276,19.402460456942006,79.96485061511424,25.97539543057997,25.096660808435853,68.47100175746925,50.50966608084359
COC(c1cncnc1)C(C)CCN1CCN(CC(C(=O)O)C2CC2)CC1,376.50100000000015,1.9186999999999999,6,1,4.0,0.6681947478972387,3,78.79,0,0,0,0.018240351,0.3953779,0.6913694,0.00033492752,0.018845905,0.05522121,0.03185177,0.16581197,0.087066785,0.24658704,0.26692876,0.11642947,0.20989582,0.17839892,0.9927391,0.0015173899,0.015057376,0.004633892,0.0035411404,0.0040114927,0.026704136,0.000104790684,0.4248281,0.075407326,0.040952243,0.00023111045,0.003213533,0.0019037437,0.0013433344,0.3036665,0.69348645,-5.639357,14.390048,3.9933136,-5.6208844,-17.609581,2.2994514,-0.9581898,21.325872,-1.4160959,-0.79865915,60.105448154657296,43.40949033391916,72.46045694200352,36.59050966608085,63.44463971880493,69.8066783831283,76.60808435852373,53.25131810193322,47.59226713532514,25.869947275922673,37.188049209138846,5.0966608084358525,25.237258347978912,32.23198594024605,9.384885764499122,24.534270650263622,23.866432337434098,48.89279437609842,63.33919156414763,57.961335676625666,32.12653778558875,71.9859402460457,35.50087873462215,71.07205623901582,31.77504393673111,41.82776801405976,8.857644991212654,30.896309314586997,26.045694200351495,25.483304042179263,14.376098418277682,4.428822495606327,5.553602811950792,31.00175746924429,49.876977152899826,22.35500878734622,4.850615114235501,20.562390158172235,18.172231985940247,6.783831282952549,21.79261862917399,71.66959578207381,20.70298769771529,30.650263620386646,28.189806678383132,12.899824253075572,23.374340949033392,40.77328646748682,18.207381370826013,9.666080843585238,78.5237258347979,27.521968365553604
COC(c1cncnc1)C(C)CCN1CCN(CC(C(=O)O)N(C)C)CC1,379.5050000000001,0.8227000000000027,7,1,4.0,0.6399660334236612,3,82.03,0,0,0,0.008014888,0.1945054,0.6836227,5.5984303e-05,0.004277392,0.020624846,0.0037368438,0.14142314,0.020246077,0.094545156,0.03511306,0.121073365,0.060752302,0.09687666,0.9215375,0.00086182886,0.013646148,0.0009632002,0.0006769211,0.0020485418,0.027059501,1.1818707e-05,0.24495597,0.0059663043,0.011401653,7.462672e-05,0.0003505529,0.000271634,0.000270364,0.37377626,0.37430716,-5.823382,16.173342,4.6701045,-3.996614,-19.429554,2.084723,-1.3945493,7.322772,-0.86358654,-0.32902998,60.63268892794377,30.017574692442885,79.85940246045695,36.59050966608085,63.44463971880493,65.3427065026362,76.60808435852373,55.71177504393673,47.59226713532514,25.869947275922673,37.188049209138846,2.1089630931458703,13.005272407732866,31.177504393673114,6.045694200351495,7.486818980667839,12.829525483304044,19.472759226713535,58.98066783831283,35.114235500878735,14.657293497363797,45.659050966608085,37.39894551845343,36.76625659050967,18.453427065026364,27.978910369068544,4.428822495606327,27.48681898066784,8.576449912126538,7.768014059753955,6.1862917398945525,4.6045694200351495,2.706502636203867,24.11247803163445,28.435852372583483,4.358523725834798,1.6871704745166962,5.413005272407734,5.6942003514938495,2.179261862917399,30.579964850615116,56.02811950790861,17.047451669595784,32.61862917398946,28.64674868189807,15.85237258347979,17.785588752196837,27.6274165202109,13.181019332161688,4.1124780316344465,85.27240773286468,32.513181019332166
COC(c1cncnc1)C(C)CCN1CCN(CC(C(=O)O)c2cccc3ccccc23)CC1,462.59400000000016,3.829500000000002,6,1,4.0,0.4905364927930788,3,78.79,0,0,0,0.02867502,0.41555485,0.7297708,0.0039978684,0.08055301,0.139909,0.1513656,0.17578712,0.37589827,0.41495878,0.46766242,0.16054754,0.5413595,0.40492672,0.987758,0.003525102,0.024169978,0.024850477,0.012803463,0.008812947,0.04562235,0.001674861,0.35575268,0.35887855,0.08090122,0.0013527458,0.007859849,0.0095155705,0.0072599426,0.20327754,0.9070419,-5.8549232,6.1173387,9.716291,-1.4914076,-19.053183,2.7750013,0.19446214,65.64504,-2.6743226,2.2515833,77.75043936731107,74.37609841827769,72.46045694200352,36.59050966608085,63.44463971880493,44.9560632688928,76.60808435852373,53.25131810193322,47.59226713532514,25.869947275922673,37.188049209138846,7.768014059753955,26.748681898066785,37.434094903339194,22.81195079086116,48.26010544815466,52.68892794376099,71.59929701230229,64.63971880492092,80.73813708260106,47.697715289982426,81.37082601054482,48.822495606326896,93.74340949033393,50.017574692442885,38.55887521968366,20.45694200351494,48.189806678383135,52.44288224956064,43.8664323374341,31.70474516695958,17.434094903339194,25.13181019332162,28.330404217926187,71.70474516695958,38.80492091388401,19.015817223198596,36.16871704745167,35.32513181019333,25.27240773286468,11.70474516695958,87.48681898066785,16.485061511423552,21.195079086115996,33.286467486818985,19.789103690685415,18.523725834797894,70.40421792618629,33.427065026362044,41.61687170474517,58.17223198594025,57.36379613356767
COC(c1cncnc1)C(C)CCN1CCN(CC(SC)C(=O)O)CC1,382.5300000000001,1.6241000000000003,7,1,4.0,0.6540605925987005,3,78.79,0,0,0,0.0134530645,0.2161084,0.7042075,0.00011377133,0.008071097,0.043946486,0.0104126455,0.099313006,0.031558547,0.13967726,0.05302463,0.16087049,0.11635995,0.18600345,0.9542109,0.0017999004,0.014869387,0.0019235183,0.0017748382,0.004309874,0.03265218,8.851488e-05,0.20773911,0.013558927,0.026137153,0.00024154111,0.0018701019,0.00076100824,0.0012106562,0.32218942,0.36379886,-5.852151,14.707599,7.782122,-8.1139145,-18.65122,2.1165364,-1.4680798,23.073786,-1.3012693,-0.43471065,61.195079086115996,39.472759226713535,79.85940246045695,36.59050966608085,63.44463971880493,67.55711775043937,76.60808435852373,53.25131810193322,47.59226713532514,25.869947275922673,37.188049209138846,3.4094903339191567,14.376098418277682,33.919156414762746,7.275922671353252,13.145869947275925,20.562390158172235,32.4780316344464,47.557117750439375,41.792618629173994,20.597539543057998,50.50966608084359,48.85764499121266,54.97363796133568,33.00527240773287,31.212653778558877,10.685413005272409,30.123022847100177,14.059753954305801,17.152899824253076,15.711775043936733,7.697715289982426,5.377855887521969,22.530755711775047,35.53602811950791,14.024604569420037,4.956063268892795,13.778558875219685,11.142355008787348,6.221441124780317,24.077328646748683,55.50087873462215,16.520210896309315,31.107205623901585,31.564147627416524,9.736379613356767,19.789103690685415,29.455184534270654,12.688927943760985,10.650263620386644,80.07029876977154,31.318101933216173
COC(c1cncnc1)C(C)CCN1CCN(CC(Br)C(=O)O)CC1,415.33200000000005,1.6560000000000001,6,1,4.0,0.6148767805564513,3,78.79,0,1,2,0.051749337,0.22271486,0.6191488,0.00032195618,0.020294756,0.052303065,0.021910533,0.07843192,0.05916358,0.17410031,0.080115855,0.25788054,0.18722261,0.20053558,0.89060944,0.004338133,0.017586512,0.0038785227,0.0053854557,0.010424016,0.057645507,0.0003872186,0.15130787,0.019344617,0.0633287,0.0009214068,0.0057616984,0.0024500214,0.0052340077,0.38769302,0.38769376,-5.8536043,-1.1794609,2.6930194,-4.903402,-18.168732,2.822403,-1.2534391,16.303572,-0.8862413,-0.5153233,68.92794376098419,39.71880492091389,72.46045694200352,36.59050966608085,63.44463971880493,62.07381370826011,76.60808435852373,53.25131810193322,47.59226713532514,66.52021089630932,95.07908611599298,13.708260105448156,14.762741652021091,24.253075571177508,9.279437609841828,25.623901581722322,23.02284710017575,42.70650263620387,40.84358523725835,51.77504393673111,24.007029876977153,55.008787346221446,70.15817223198594,68.11950790861161,34.376098418277685,25.869947275922673,24.92091388400703,35.99297012302285,23.620386643233747,31.00175746924429,36.871704745166966,28.295254833040424,10.826010544815468,19.75395430579965,38.13708260105449,32.61862917398946,14.305799648506152,30.193321616871707,20.738137082601057,20.878734622144115,32.16168717047452,56.97715289982426,16.485061511423552,14.516695957820739,26.713532513181022,14.024604569420037,21.0896309314587,73.35676625659052,14.868189806678384,7.205623901581723,85.02636203866433,30.544815465729354
COC(c1cncnc1)C(C)CCN1CCN(CC(Cl)C(=O)O)CC1,370.8810000000001,1.4998999999999998,6,1,4.0,0.6596765002795846,3,78.79,0,1,2,0.039673634,0.23472011,0.63636243,0.00036084818,0.01803324,0.050305348,0.016267987,0.09922556,0.066044696,0.15745845,0.06271812,0.2349314,0.1802971,0.1889003,0.9040841,0.0034662387,0.018116016,0.0039849756,0.004703439,0.009199821,0.055802364,0.00026599132,0.1689291,0.018660905,0.0536542,0.00075049174,0.0044825664,0.002295571,0.003634293,0.3825945,0.4118363,-5.873047,1.855307,-0.4507393,-5.3665133,-18.3854,2.554059,-1.4599334,15.455587,-0.90412456,-0.51502925,58.76977152899825,37.46924428822496,72.46045694200352,36.59050966608085,63.44463971880493,68.54130052724078,76.60808435852373,53.25131810193322,47.59226713532514,66.52021089630932,95.07908611599298,10.54481546572935,15.149384885764501,25.729349736379614,9.666080843585238,23.83128295254833,22.63620386643234,38.242530755711776,47.557117750439375,53.53251318101934,22.42530755711775,52.37258347978911,66.25659050966608,67.06502636203867,33.11072056239016,26.502636203866434,20.105448154657296,36.90685413005273,23.90158172231986,29.279437609841832,33.286467486818985,26.362038664323375,8.646748681898067,20.84358523725835,37.926186291739896,29.068541300527244,12.161687170474519,25.76449912126538,20.0,16.344463971880494,31.564147627416524,58.13708260105449,16.344463971880494,16.344463971880494,23.79613356766257,13.321616871704746,20.597539543057998,56.73110720562391,12.79437609841828,6.71353251318102,84.71001757469244,30.544815465729354
COC(c1cncnc1)C(C)CCN1CCN(CC(C(=O)O)c2c[nH]c(C)n2)CC1,416.5260000000001,1.7078200000000003,7,2,4.0,0.6027091186786966,3,107.47000000000001,0,0,0,0.008298908,0.14000231,0.7055768,4.2870255e-05,0.0044103884,0.033390865,0.008056397,0.060656674,0.023964562,0.1409558,0.084211454,0.100093625,0.13530086,0.21651514,0.95009184,0.0011320079,0.014112661,0.0013813025,0.001020704,0.0024911666,0.024722463,4.774648e-05,0.11104125,0.011352038,0.016339311,0.000101679994,0.00086924323,0.00041884318,0.000796975,0.2248847,0.39426214,-6.34938,-14.976675,-3.5474038,-8.854311,-23.084202,2.5655348,-1.8752136,14.246641,-1.1265545,-0.17084375,69.38488576449913,40.31634446397189,79.85940246045695,61.37082601054482,63.44463971880493,60.562390158172235,76.60808435852373,72.40773286467487,47.59226713532514,25.869947275922673,37.188049209138846,2.1441124780316345,10.087873462214413,34.13005272407733,5.659050966608085,7.6625659050966615,16.906854130052725,28.681898066783834,33.919156414762746,38.066783831282955,20.878734622144115,55.71177504393673,30.228471001757473,59.43760984182777,36.16871704745167,30.896309314586997,6.362038664323375,28.57644991212654,11.458699472759228,11.00175746924429,7.803163444639719,2.9525483304042184,4.428822495606327,17.820738137082603,34.024604569420035,7.451669595782074,2.2144112478031635,8.471001757469246,7.311072056239016,4.674868189806679,13.637961335676627,57.328646748681905,9.84182776801406,6.6783831282952555,20.562390158172235,8.752196836555362,11.775043936731109,57.71528998242531,9.490333919156416,6.256590509666081,82.03866432337435,33.81370826010545
COC(c1cncnc1)C(C)CCN1CCN(CC(C(=O)O)C(N)CO)CC1,395.50400000000013,-0.1716999999999964,8,3,4.0,0.46803369287244045,4,125.04,0,0,0,0.023371289,0.18928823,0.5640832,0.00013967245,0.0071625025,0.015385183,0.0048242095,0.15025929,0.032406658,0.090376884,0.117137894,0.13137081,0.04647255,0.08048052,0.92320764,0.0011599666,0.017410811,0.0028027142,0.0013014418,0.0021630386,0.029907804,9.374449e-06,0.17590508,0.0074800826,0.017237635,0.00011811573,0.0007200137,0.00031222816,0.00037863696,0.40946317,0.49081174,-6.3695054,5.33335,-1.0627708,-2.6294808,-23.69437,1.9648603,-1.8856723,-0.14542083,-0.6307625,0.81577015,64.63971880492092,20.70298769771529,84.51669595782074,78.20738137082601,63.44463971880493,42.24956063268893,81.28295254833041,80.52724077328648,47.59226713532514,25.869947275922673,37.188049209138846,6.362038664323375,12.618629173989456,20.351493848857647,7.6625659050966615,11.845342706502636,10.93145869947276,22.214411247803167,60.38664323374341,42.1792618629174,14.305799648506152,60.105448154657296,40.52724077328647,30.650263620386646,15.641476274165203,28.084358523725836,6.643233743409491,35.67662565905097,18.34797891036907,13.42706502636204,6.643233743409491,6.256590509666081,2.6010544815465733,21.0896309314587,30.861159929701234,7.873462214411249,2.6362038664323375,7.592267135325132,6.080843585237259,2.741652021089631,35.289982425307564,62.284710017574696,9.666080843585238,19.964850615114237,23.304042179261867,17.855887521968366,10.755711775043938,21.79261862917399,9.455184534270652,2.5659050966608086,88.04920913884008,43.93673110720563
COC(c1cncnc1)C(C)CCN1CCN(CC(C(=O)O)c2nc(C)[nH]c2C)CC1,430.55300000000017,2.0162400000000007,7,2,4.0,0.5894704900890321,3,107.47,0,0,0,0.011073725,0.1804966,0.7355541,3.4395583e-05,0.0054704114,0.033225063,0.0063415887,0.0848512,0.025000036,0.17982578,0.11396468,0.086603664,0.14847358,0.17941622,0.9633436,0.0011177829,0.01516068,0.0011136405,0.0009330688,0.0022579203,0.023226285,4.506908e-05,0.18937817,0.019751916,0.017091786,8.678324e-05,0.0007422983,0.00039505903,0.00075786613,0.25194263,0.50364745,-6.3219466,-16.458439,1.1755149,-12.2889185,-22.717243,2.7743747,-1.6441257,19.957352,-1.2663797,-0.4998861,72.40773286467487,45.061511423550094,79.85940246045695,61.37082601054482,63.44463971880493,58.699472759226715,76.60808435852373,72.40773286467487,47.59226713532514,25.869947275922673,37.188049209138846,2.9525483304042184,12.267135325131811,38.31282952548331,5.377855887521969,9.455184534270652,16.871704745166962,25.342706502636204,43.12829525483304,38.59402460456943,24.639718804920918,59.929701230228474,26.362038664323375,61.792618629173994,31.985940246045697,32.4780316344464,6.1862917398945525,31.036906854130056,9.595782073813709,10.22847100175747,6.783831282952549,2.390158172231986,4.358523725834798,21.72231985940246,38.31282952548331,7.873462214411249,1.7574692442882252,7.697715289982426,7.065026362038665,4.6045694200351495,15.782073813708262,62.98769771528999,10.158172231985942,6.221441124780317,25.413005272407734,5.764499121265378,12.126537785588754,70.29876977152901,11.00175746924429,8.927943760984183,80.77328646748683,30.68541300527241
CCc1[nH]cnc1C(CN1CCN(CCC(C)C(OC)c2cncnc2)CC1)C(=O)O,430.55300000000017,1.9618,7,2,4.0,0.5570936324290751,3,107.47000000000001,0,0,0,0.007830684,0.1582013,0.70293707,6.144659e-05,0.014755731,0.03791141,0.019676436,0.06732537,0.038995452,0.17374493,0.15704346,0.107065424,0.14743811,0.25481376,0.9672391,0.0014949713,0.014992153,0.0016638931,0.0021809437,0.003089896,0.02625216,8.778848e-05,0.14242706,0.024652846,0.026951795,0.0001479428,0.0013250398,0.00061134394,0.0012768002,0.19522372,0.5187899,-6.1761465,-8.006866,-1.1419777,-7.953641,-21.667288,2.4762576,-1.6632555,19.463139,-1.2569075,1.0642208,72.40773286467487,43.971880492091394,79.85940246045695,61.37082601054482,63.44463971880493,54.516695957820744,76.60808435852373,72.40773286467487,47.59226713532514,25.869947275922673,37.188049209138846,2.1089630931458703,11.142355008787348,33.81370826010545,6.1862917398945525,21.23022847100176,18.558875219683657,41.12478031634447,36.48506151142355,45.342706502636204,23.97188049209139,64.2530755711775,32.58347978910369,61.652021089630935,39.68365553602812,33.25131810193322,8.787346221441126,30.579964850615116,13.145869947275925,19.578207381370827,10.439367311072058,4.1124780316344465,5.377855887521969,19.472759226713535,40.0,14.657293497363797,3.4094903339191567,11.00175746924429,9.806678383128297,6.467486818980668,10.790861159929703,63.8664323374341,11.458699472759228,9.947275922671354,23.19859402460457,9.982425307557119,13.778558875219685,52.4780316344464,10.966608084358525,8.646748681898067,80.84358523725835,46.326889279437616
COC(c1cncnc1)C(C)CCN1CCN(CC(C(=O)O)c2cc(C)n[nH]2)CC1,416.5260000000001,1.7078200000000003,7,2,4.0,0.6027091186786966,3,107.47,0,0,0,0.007885115,0.13680023,0.6869428,4.407306e-05,0.0062239068,0.029538592,0.012589711,0.04788529,0.030288968,0.13929175,0.119029365,0.10999751,0.126416,0.25090206,0.9571892,0.0013193191,0.014184314,0.0013892262,0.001377952,0.002935741,0.025853798,5.1082432e-05,0.090792134,0.012236574,0.020855088,0.00013339087,0.0010041117,0.0005831301,0.0010899375,0.18516481,0.40483743,-6.338031,-13.220139,-3.0996957,-4.8712087,-23.051655,2.4933555,-1.6533356,23.807304,-1.2688096,3.2427459,69.38488576449913,40.31634446397189,79.85940246045695,61.37082601054482,63.44463971880493,60.562390158172235,76.60808435852373,72.40773286467487,47.59226713532514,25.869947275922673,37.188049209138846,2.1089630931458703,9.91212653778559,31.739894551845346,5.659050966608085,10.404217926186293,15.53602811950791,35.21968365553603,29.384885764499124,41.26537785588753,20.597539543057998,60.38664323374341,33.35676625659051,57.25834797891037,39.40246045694201,31.45869947275923,7.697715289982426,28.717047451669597,11.528998242530756,14.059753954305801,9.91212653778559,3.796133567662566,4.463971880492092,16.94200351493849,34.86818980667839,10.404217926186293,2.9173989455184537,9.209138840070299,9.384885764499122,5.659050966608085,9.91212653778559,57.99648506151143,10.052724077328648,7.381370826010546,21.124780316344467,14.059753954305801,11.775043936731109,53.46221441124781,11.00175746924429,11.24780316344464,80.73813708260106,64.39367311072057
COC(c1cncnc1)C(C)CCN1CCN(CC(C(=O)O)n2ccnc2C)CC1,416.5260000000001,1.6387200000000002,7,1,4.0,0.6243959664737341,3,96.61,0,0,0,0.0069882744,0.12042097,0.71179307,9.118422e-06,0.0042450367,0.027565807,0.006790982,0.046534777,0.017356794,0.13355477,0.118841335,0.09789515,0.107703805,0.2270149,0.9635638,0.0007917721,0.012340658,0.00070525234,0.0006936622,0.0014683653,0.018964376,1.8614432e-05,0.09579418,0.011163043,0.014378508,6.2597785e-05,0.00060762605,0.00011550123,0.0005169044,0.18188855,0.40246907,-6.240803,-4.298406,-1.8299263,-8.223236,-22.07138,2.3089552,-1.9023521,14.17227,-1.0368788,-0.10540013,69.38488576449913,39.613356766256594,79.85940246045695,36.59050966608085,63.44463971880493,63.55008787346222,76.60808435852373,65.83479789103691,47.59226713532514,25.869947275922673,37.188049209138846,1.898066783831283,9.103690685413007,34.833040421792624,3.760984182776802,7.451669595782074,14.868189806678384,26.362038664323375,29.173989455184536,33.04042179261863,19.789103690685415,60.35149384885765,29.490333919156416,52.68892794376099,37.22319859402461,32.4780316344464,4.1124780316344465,24.463971880492092,7.521968365553604,7.873462214411249,3.760984182776802,1.3708260105448156,3.233743409490334,17.223198594024606,33.98945518453427,5.799648506151143,1.5114235500878737,6.994727592267136,3.620386643233744,3.304042179261863,9.666080843585238,57.85588752196837,10.896309314586995,12.126537785588754,22.284710017574696,9.490333919156416,13.181019332161688,41.44112478031635,9.349736379613358,6.221441124780317,82.8822495606327,34.235500878734626
CCc1nccn1C(CN1CCN(CCC(C)C(OC)c2cncnc2)CC1)C(=O)O,430.55300000000017,1.8927,7,1,4.0,0.5773518216364167,3,96.61,0,0,0,0.005025694,0.10988605,0.6917339,1.4044641e-05,0.010245813,0.032488726,0.017862562,0.047030203,0.022701766,0.15585405,0.18504417,0.101522446,0.111396834,0.25015086,0.9628332,0.000927677,0.012472929,0.0008145945,0.001249345,0.0018162176,0.019723663,3.5726156e-05,0.11860837,0.02259887,0.021224935,7.2619594e-05,0.0009023335,0.00019824997,0.0006026975,0.15834746,0.46236983,-6.1947656,-3.7893157,0.17255516,-8.470738,-21.581562,2.3893695,-1.7196567,17.303371,-1.1606878,-0.17343655,72.40773286467487,42.882249560632694,79.85940246045695,36.59050966608085,63.44463971880493,57.188049209138846,76.60808435852373,65.83479789103691,47.59226713532514,25.869947275922673,37.188049209138846,1.335676625659051,8.295254833040422,32.23198594024605,4.2179261862917405,15.922671353251319,16.660808435852374,39.789103690685415,29.279437609841832,37.11775043936731,22.214411247803167,66.46748681898067,30.826010544815468,53.88400702987698,39.332161687170476,32.4780316344464,5.061511423550089,24.81546572934974,7.943760984182777,12.970123022847101,5.30755711775044,1.5114235500878737,4.042179261862918,18.242530755711776,39.26186291739895,10.579964850615115,1.6871704745166962,8.646748681898067,4.639718804920914,3.725834797891037,8.084358523725836,60.597539543058005,11.353251318101934,12.583479789103691,24.639718804920918,9.314586994727593,13.848857644991213,46.151142355008794,10.579964850615115,7.732864674868191,81.82776801405976,33.81370826010545
COC(c1cncnc1)C(C)CCN1CCN(CC(C(=O)O)c2cnc3n2CCCC3)CC1,456.5910000000003,2.2090999999999994,7,1,4.0,0.5813276342508045,3,96.61000000000001,0,0,0,0.007557356,0.21076863,0.71172005,6.995084e-05,0.013079924,0.052243285,0.032917317,0.07805471,0.067471944,0.2584001,0.24216719,0.101246275,0.26867837,0.2897026,0.97767353,0.0019832286,0.016985366,0.0016632316,0.0021903242,0.0043175328,0.030705627,0.00022090731,0.21390867,0.06456505,0.044592,0.00022585635,0.0021658707,0.0010385213,0.0022136446,0.17008646,0.6506537,-6.149514,-11.288347,0.109135434,-9.263559,-21.162304,2.6472037,-1.4008358,22.22871,-1.4575436,-0.6335996,76.94200351493849,47.6274165202109,79.85940246045695,36.59050966608085,63.44463971880493,57.85588752196837,76.60808435852373,65.83479789103691,47.59226713532514,25.869947275922673,37.188049209138846,2.0738137082601056,14.059753954305801,34.833040421792624,6.502636203866433,19.613356766256594,23.02284710017575,49.2091388400703,40.73813708260106,53.63796133567663,33.391915641476274,70.65026362038665,30.68541300527241,76.48506151142355,42.24956063268893,35.465729349736385,11.388400702987699,35.04393673110721,13.145869947275925,19.578207381370827,15.711775043936733,6.889279437609843,7.6625659050966615,22.81195079086116,48.36555360281196,24.28822495606327,4.815465729349737,15.360281195079088,13.04042179261863,10.685413005272409,8.822495606326891,70.05272407732865,11.669595782073815,8.189806678383128,24.49912126537786,8.330404217926187,14.481546572934976,62.95254833040423,13.145869947275925,10.263620386643234,77.96133567662567,29.244288224956065
COC(c1cncnc1)C(C)CCN1CCN(CC(C(=O)O)N2CCNC2=O)CC1,420.5140000000002,0.2863000000000036,7,2,4.0,0.5555474983095277,3,111.13,0,0,0,0.020818114,0.22160292,0.58875674,8.841444e-05,0.017600458,0.035279416,0.023804827,0.046065904,0.041781608,0.16297196,0.1274919,0.15995991,0.1749204,0.2257199,0.93225324,0.002307274,0.016912568,0.0016484559,0.0016137721,0.005208679,0.048293494,0.00014179281,0.10554193,0.017871127,0.034728594,0.00037394173,0.0021149195,0.00041673295,0.0021556064,0.2678041,0.47868285,-6.192473,-5.152362,-4.664119,-9.20033,-21.724426,2.0961044,-2.0696528,10.397349,-0.7793491,-1.4317331,70.15817223198594,25.30755711775044,79.85940246045695,61.37082601054482,63.44463971880493,54.44639718804921,76.60808435852373,74.30579964850615,47.59226713532514,25.869947275922673,37.188049209138846,5.869947275922672,14.727592267135327,21.511423550087876,6.783831282952549,23.58523725834798,17.855887521968366,44.147627416520216,29.103690685413007,46.50263620386644,22.917398945518457,61.44112478031635,48.611599297012305,66.32688927943761,36.977152899824254,28.892794376098422,13.637961335676627,34.93848857644991,13.11072056239016,15.782073813708262,19.472759226713535,19.789103690685415,6.39718804920914,17.504393673110723,37.50439367311073,19.015817223198596,7.135325131810194,15.114235500878737,7.311072056239016,10.509666080843585,17.188049209138843,61.652021089630935,11.353251318101934,11.63444639718805,19.297012302284713,8.400702987697716,13.673110720562391,28.154657293497365,8.014059753954307,4.92091388400703,86.4323374340949,22.460456942003518
COC(c1cncnc1)C(C)CCN1CCN(CC(C(=O)O)C2(O)CNC2)CC1,407.51500000000016,-0.15699999999999625,8,3,4.0,0.4872063512249333,3,111.05000000000001,0,0,0,0.011965181,0.1250384,0.42411932,4.483394e-05,0.004390531,0.0043320814,0.0036343741,0.09422757,0.0130188465,0.052633572,0.10857028,0.058833815,0.026736373,0.0474662,0.800214,0.000859321,0.022218911,0.0011682676,0.0005119745,0.0015336245,0.03169763,2.8403101e-06,0.07997991,0.003862712,0.009165284,4.9816117e-05,0.0002557614,0.00012146907,0.00016326652,0.38041776,0.44291472,-6.4408813,-11.138386,2.2064805,-8.143698,-24.21304,2.4853406,-1.6658771,3.2712448,-0.7321596,-1.3153965,67.24077328646749,20.84358523725835,84.51669595782074,78.20738137082601,63.44463971880493,44.39367311072056,76.60808435852373,74.30579964850615,47.59226713532514,25.869947275922673,37.188049209138846,3.0931458699472762,9.349736379613358,13.462214411247805,5.659050966608085,7.627416520210897,7.557117750439368,19.226713532513184,45.48330404217926,28.611599297012305,9.209138840070299,59.332161687170476,18.488576449912127,16.977152899824254,9.279437609841828,22.601054481546576,4.428822495606327,44.63971880492092,9.876977152899824,6.537785588752198,4.007029876977153,7.311072056239016,1.9332161687170477,16.203866432337435,25.237258347978912,3.3391915641476277,1.3005272407732866,4.780316344463972,3.760984182776802,1.616871704745167,31.528998242530758,60.00000000000001,9.068541300527242,8.189806678383128,26.432337434094904,9.736379613356767,10.087873462214413,52.93497363796134,10.966608084358525,3.1282952548330405,87.02987697715291,23.47978910369069
COC(c1cncnc1)C(C)CCN1CCN(CC(C(=O)O)c2nnc[nH]2)CC1,403.4870000000001,0.7944000000000015,8,2,4.0,0.593039949915239,3,120.36000000000001,0,0,0,0.011734288,0.108686484,0.5986837,7.105139e-05,0.0072512208,0.026999334,0.012674841,0.024013897,0.031438313,0.10207194,0.07004462,0.16308632,0.18126906,0.31904155,0.8731391,0.0020055776,0.01380056,0.0015834216,0.0017169655,0.0037440595,0.03492847,8.0633414e-05,0.03210611,0.0068473043,0.023106571,0.0002501305,0.0012745808,0.00047724083,0.002237734,0.17624304,0.3230279,-6.5885706,-16.43761,-4.5006123,-7.150279,-25.341839,2.2721171,-2.199418,15.073931,-1.2177632,1.3608745,66.08084358523726,29.771528998242534,84.51669595782074,61.37082601054482,63.44463971880493,59.12126537785589,76.60808435852373,78.84007029876977,47.59226713532514,25.869947275922673,37.188049209138846,3.0579964850615116,8.154657293497365,22.530755711775047,6.502636203866433,12.02108963093146,14.727592267135327,35.32513181019333,19.789103690685415,41.72231985940246,15.711775043936733,53.67311072056239,49.595782073813716,67.24077328646749,44.53427065026362,25.06151142355009,11.56414762741652,27.838312829525485,12.864674868189807,16.660808435852374,13.49736379613357,9.279437609841828,5.237258347978911,11.669595782073815,29.947275922671356,12.056239015817225,5.2021089630931465,10.650263620386644,7.943760984182777,10.896309314586995,9.349736379613358,52.16168717047452,8.365553602811952,6.221441124780317,19.472759226713535,10.826010544815468,8.892794376098418,39.36731107205624,7.346221441124781,6.537785588752198,81.23022847100177,50.19332161687171
COC(c1cncnc1)C(C)CCN1CCN(CC(NC(=N)N)C(=O)O)CC1,393.4920000000001,-0.25582999999999534,7,4,4.0,0.31250761698098406,3,140.69,0,2,0,0.0066197044,0.050768275,0.35853368,6.617782e-05,0.0034436826,0.0028743024,0.0024165432,0.083869845,0.019923648,0.022447104,0.033948436,0.09802066,0.0116653675,0.021781694,0.434766,0.0010109352,0.0256583,0.0011651514,0.0007143292,0.003569857,0.0480402,6.056517e-06,0.03165873,0.001460152,0.008641458,4.7406233e-05,0.00022068716,0.00025066466,0.00023113794,0.4190569,0.25147888,-7.584169,-12.186869,9.476551,-3.8802028,-32.969803,1.9043442,-2.7678092,-6.2141066,-1.2267015,2.2638454,64.28822495606327,19.543057996485064,79.85940246045695,86.90685413005274,63.44463971880493,21.898066783831286,76.60808435852373,83.93673110720563,47.59226713532514,87.9261862917399,37.188049209138846,1.8629173989455186,4.956063268892795,11.17750439367311,6.467486818980668,5.940246045694201,6.959578207381371,15.114235500878737,42.741652021089635,34.93848857644991,4.534270650263621,45.4481546572935,29.525483304042183,7.943760984182777,5.448154657293498,14.692442882249562,5.553602811950792,50.158172231985944,9.806678383128297,8.014059753954307,12.548330404217927,19.43760984182777,2.390158172231986,11.528998242530756,17.188049209138843,2.9173989455184537,1.3005272407732866,4.393673110720563,5.272407732864675,2.0035149384885766,36.520210896309315,46.57293497363796,4.042179261862918,7.943760984182777,33.04042179261863,15.957820738137084,4.674868189806679,19.226713532513184,4.2179261862917405,1.827768014059754,81.23022847100177,57.434094903339194
COC(c1cncnc1)C(C)CCN1CCN(CC(C(=O)O)c2cnc3cccnn23)CC1,453.54700000000014,1.7189999999999994,8,1,4.0,0.4906140811314725,3,108.98,0,0,0,0.00823197,0.23792207,0.76956785,0.00017028049,0.010577145,0.08201651,0.042740002,0.038733695,0.061405193,0.24635386,0.1810009,0.15542878,0.40522885,0.5160581,0.9831642,0.0023701913,0.014249737,0.0025933813,0.0022725535,0.0032007508,0.025797967,0.00026294208,0.11019917,0.030297458,0.03574377,0.00044132356,0.0025821535,0.0006587516,0.0037001148,0.110057436,0.5338956,-6.3123794,-14.577082,1.4589036,-5.9438877,-22.611197,2.7048647,-1.5741373,27.310436,-1.513842,2.485176,76.37961335676626,40.421792618629176,84.51669595782074,36.59050966608085,63.44463971880493,45.026362038664324,76.60808435852373,73.21616871704745,47.59226713532514,25.869947275922673,37.188049209138846,2.1089630931458703,15.325131810193323,44.63971880492092,8.189806678383128,16.379613356766257,31.599297012302287,53.39191564147628,26.01054481546573,52.37258347978911,32.12653778558875,66.11599297012303,47.1353251318102,86.85413005272409,56.27416520210897,36.80140597539543,14.13005272407733,28.927943760984185,17.293497363796135,20.105448154657296,10.826010544815468,3.655536028119508,8.576449912126538,17.820738137082603,41.652021089630935,19.68365553602812,8.084358523725836,17.469244288224957,10.052724077328648,16.520210896309315,4.288224956063269,64.67486818980669,10.193321616871705,6.748681898066785,25.69420035149385,12.618629173989456,12.196836555360282,66.18629173989456,11.63444639718805,13.42706502636204,77.18804920913885,58.94551845342707
COC(c1cncnc1)C(C)CCN1CCN(CC(C(=O)O)c2cc(N)no2)CC1,418.49800000000016,1.2465000000000008,9,2,4.0,0.5808717497619775,3,130.84,0,0,0,0.026250992,0.17887256,0.7020801,0.00019120923,0.00953422,0.04375555,0.015620178,0.05430845,0.034550704,0.19495022,0.12010648,0.12477298,0.29584247,0.33481804,0.9506251,0.003001134,0.021224651,0.0047183116,0.0025068407,0.005395682,0.03881056,0.00015611567,0.08556642,0.01675899,0.02822296,0.0007414579,0.0021995408,0.0011827026,0.003938659,0.18295367,0.46684727,-6.2672944,-13.922064,-1.7978356,-9.045642,-22.794224,2.5939748,-1.6401501,22.840607,-1.5754441,0.7681839,69.87697715289983,34.62214411247803,88.08435852372584,61.37082601054482,63.44463971880493,57.750439367311074,76.60808435852373,81.6871704745167,47.59226713532514,25.869947275922673,37.188049209138846,6.994727592267136,12.231985940246046,33.63796133567663,8.330404217926187,14.973637961335678,20.38664323374341,37.85588752196837,31.669595782073817,43.33919156414763,26.115992970123024,60.597539543058005,38.242530755711776,78.84007029876977,45.62390158172232,31.036906854130056,17.574692442882252,42.84710017574693,26.39718804920914,21.33567662565905,20.07029876977153,11.810193321616874,6.537785588752198,16.55536028119508,37.08260105448155,15.184534270650264,12.056239015817225,15.53602811950791,14.200351493848858,17.188049209138843,9.736379613356767,60.77328646748683,10.61511423550088,7.100175746924429,22.35500878734622,8.541300527240773,12.09138840070299,59.57820738137083,11.036906854130054,10.509666080843585,76.66080843585237,43.514938488576455
COC(c1cncnc1)C(C)CCN1CCN(CC(C(=O)O)c2cnc(N)s2)CC1,434.56600000000014,1.7149999999999996,9,2,4.0,0.5760012022533965,3,117.7,0,0,0,0.014465613,0.13889888,0.71437556,8.223419e-05,0.006169969,0.042945314,0.012127091,0.05030805,0.027624866,0.17031455,0.08782419,0.10533853,0.23410249,0.33541173,0.9399799,0.0027281647,0.02018725,0.0025511808,0.001913327,0.004651365,0.033771805,0.0001309381,0.07906936,0.01416007,0.021523546,0.00047938526,0.0017518196,0.00092153763,0.0026978375,0.16003327,0.40071973,-6.217668,-6.89025,3.44431,-9.346254,-22.3105,2.5354424,-1.3619128,31.70784,-1.8147787,1.3879486,73.14586994727593,40.35149384885765,88.08435852372584,61.37082601054482,63.44463971880493,57.04745166959579,76.60808435852373,77.15289982425308,47.59226713532514,25.869947275922673,37.188049209138846,3.725834797891037,10.017574692442883,35.07908611599297,6.643233743409491,10.404217926186293,20.105448154657296,34.833040421792624,30.36906854130053,40.21089630931459,23.58523725834798,56.30931458699473,31.950790861159934,73.39191564147627,45.659050966608085,29.736379613356767,15.957820738137084,40.84358523725835,17.117750439367313,17.961335676625662,17.152899824253076,8.681898066783832,6.256590509666081,16.063268892794376,35.81722319859403,10.826010544815468,8.681898066783832,13.286467486818982,12.196836555360282,13.04042179261863,8.154657293497365,57.71528998242531,11.17750439367311,10.755711775043938,27.697715289982426,8.295254833040422,12.79437609841828,55.7469244288225,13.778558875219685,15.676625659050968,73.63796133567664,50.50966608084359
COC(c1cncnc1)C(C)CCN1CCN(CC(C(=O)O)c2nnc(C)[nH]2)CC1,417.5140000000001,1.1028200000000008,8,2,4.0,0.5852759808930544,3,120.36000000000001,0,0,0,0.012377669,0.13999738,0.67612654,3.9372353e-05,0.0049522254,0.026173985,0.0053538466,0.035725452,0.028609296,0.11625433,0.04771483,0.1301538,0.14300343,0.23795083,0.8848325,0.0013689478,0.014487242,0.0007099324,0.0006698158,0.0024754396,0.03354884,4.3768017e-05,0.05883385,0.0054909205,0.016312081,0.00012952246,0.00054411707,0.00023960092,0.0012491028,0.228436,0.306678,-6.7695527,-27.82276,-4.0505757,-8.565599,-26.779087,2.6177452,-2.348612,11.678198,-1.2032801,-0.3667066,69.66608084358525,33.04042179261863,84.51669595782074,61.37082601054482,63.44463971880493,58.418277680140605,76.60808435852373,78.84007029876977,47.59226713532514,25.869947275922673,37.188049209138846,3.268892794376099,10.087873462214413,30.193321616871707,5.553602811950792,8.471001757469246,14.481546572934976,23.057996485061512,24.99121265377856,40.63268892794377,17.785588752196837,48.963093145869955,40.28119507908612,60.84358523725835,38.383128295254835,25.69420035149385,8.1195079086116,29.666080843585238,7.592267135325132,7.697715289982426,7.732864674868191,8.400702987697716,4.358523725834798,14.516695957820739,27.662565905096663,7.451669595782074,2.9173989455184537,6.572934973637962,5.131810193321617,6.291739894551846,13.848857644991213,50.896309314587,7.135325131810194,3.690685413005273,20.0,9.173989455184534,7.803163444639719,61.30052724077329,6.256590509666081,5.342706502636204,81.37082601054482,32.196836555360285
COC(c1cncnc1)C(C)CCN1CCN(CC(C(=O)O)c2cn(C)c(Br)n2)CC1,495.42200000000014,2.1723,7,1,4.0,0.5360825758954766,3,96.61,0,0,0,0.0128962975,0.20063078,0.74900293,0.00017350548,0.01531333,0.069766,0.029975792,0.056381375,0.05723361,0.24192691,0.16993289,0.15387125,0.27615005,0.36713904,0.9465617,0.0033655572,0.01869315,0.0020811572,0.0025848332,0.0051168213,0.03638523,0.00037603924,0.15066838,0.037575323,0.035788603,0.00041330192,0.0022709235,0.0010831305,0.0037634266,0.1855129,0.48742008,-6.115043,-14.539038,2.0893054,-3.8865173,-21.175789,2.8682091,-1.1858716,31.52486,-1.4091812,2.934924,81.792618629174,47.065026362038665,79.85940246045695,36.59050966608085,63.44463971880493,51.107205623901585,76.60808435852373,65.83479789103691,47.59226713532514,25.869947275922673,37.188049209138846,3.3391915641476277,13.391915641476276,40.77328646748682,8.224956063268893,21.757469244288227,27.87346221441125,48.01405975395431,32.513181019332166,51.423550087873465,31.810193321616875,65.3427065026362,46.783831282952555,77.25834797891038,47.94376098418278,30.615114235500883,19.43760984182777,37.82073813708261,14.797891036906856,21.47627416520211,19.156414762741655,10.404217926186293,10.650263620386644,19.68365553602812,43.16344463971881,19.68365553602812,7.803163444639719,15.957820738137084,13.462214411247805,16.695957820738137,9.91212653778559,62.07381370826011,12.372583479789105,6.783831282952549,26.39718804920914,15.957820738137084,14.411247803163446,75.81722319859404,15.641476274165203,15.606326889279439,78.55887521968366,62.284710017574696
COC(c1cncnc1)C(C)CCN1CCN(CC(C(=O)O)c2cn(C)c(Cl)n2)CC1,450.9710000000002,2.0632,7,1,4.0,0.5871704150813438,3,96.61,0,0,0,0.011493308,0.17266929,0.76334053,9.642484e-05,0.0075099817,0.060798008,0.017886858,0.052943997,0.044276208,0.2045103,0.11158987,0.14164464,0.2645031,0.3458709,0.9406347,0.0025911406,0.0186044,0.0015945162,0.0016582201,0.003935502,0.03381365,0.00024116944,0.119334295,0.024860311,0.027708068,0.00030407138,0.001641785,0.000707266,0.002797784,0.18820247,0.41195852,-6.0903654,-10.181849,0.18623695,-4.787676,-20.871254,2.6790786,-1.3628416,26.786514,-1.3067861,2.0269263,75.88752196836556,45.58875219683656,79.85940246045695,36.59050966608085,63.44463971880493,58.59402460456943,76.60808435852373,65.83479789103691,47.59226713532514,25.869947275922673,37.188049209138846,2.9876977152899826,11.985940246045695,43.30404217926187,6.959578207381371,12.33743409490334,25.413005272407734,39.789103690685415,31.212653778558877,47.27592267135326,27.065026362038665,59.71880492091389,43.58523725834798,76.16871704745168,46.467486818980674,29.841827768014063,15.395430579964852,37.644991212653785,12.899824253075572,16.133567662565905,14.059753954305801,8.681898066783832,8.189806678383128,18.242530755711776,40.03514938488577,15.079086115992972,5.940246045694201,12.513181019332162,10.54481546572935,13.321616871704746,10.017574692442883,58.13708260105449,12.618629173989456,8.752196836555362,24.639718804920918,14.270650263620388,15.008787346221443,64.67486818980669,13.708260105448156,13.075571177504395,80.0,55.606326889279444
COC(c1cncnc1)C(C)CCN1CCN(CC(C(=O)O)C2NCCN2)CC1,406.5310000000001,0.027600000000004343,8,3,4.0,0.49639242822500634,3,102.85000000000001,0,0,1,0.03596549,0.053225927,0.30960268,2.6263213e-05,0.003145897,0.0010875843,0.00088046363,0.087316774,0.00826997,0.024583492,0.082088575,0.13066843,0.008657674,0.03530722,0.6546647,0.00054147886,0.015492487,0.0017384861,0.0006081951,0.001279431,0.030744653,2.9729142e-07,0.038933806,0.00087394536,0.009448473,2.6202752e-05,9.267897e-05,7.172126e-05,0.00010603713,0.52131546,0.45584083,-6.6431074,-3.1453865,3.9260201,-8.722323,-25.064297,2.2110686,-1.9504629,5.2670074,-1.2800859,-0.69493484,66.99472759226714,23.02284710017575,84.51669595782074,78.20738137082601,63.44463971880493,45.90509666080844,76.60808435852373,69.66608084358525,47.59226713532514,25.869947275922673,83.09314586994728,9.560632688927944,5.026362038664324,9.736379613356767,5.061511423550089,5.553602811950792,5.448154657293498,7.240773286467488,43.90158172231986,22.74165202108963,4.850615114235501,55.43057996485062,40.38664323374341,6.256590509666081,7.1704745166959585,18.594024604569423,2.6010544815465733,31.493848857644995,13.462214411247805,7.381370826010546,3.19859402460457,6.889279437609843,1.1599297012302285,12.548330404217927,13.567662565905097,3.4446397188049214,0.913884007029877,2.882249560632689,2.706502636203867,1.4411247803163445,50.05272407732865,60.38664323374341,7.978910369068542,12.970123022847101,28.119507908611602,9.033391915641477,9.033391915641477,35.53602811950791,8.892794376098418,3.760984182776802,80.597539543058,28.611599297012305
COC(c1cncnc1)C(C)CCN1CCN(CC(NC(C)=O)C(=O)O)CC1,393.4880000000001,0.3972000000000024,7,2,4.0,0.5880485048103036,3,107.89,0,0,0,0.015797462,0.16092311,0.70656335,1.8638942e-05,0.0024946795,0.027227942,0.002619091,0.058091074,0.017962944,0.09724531,0.016315967,0.12719218,0.099550806,0.14318092,0.91221744,0.0015407932,0.018117094,0.00048709335,0.00041119783,0.002466761,0.03659004,4.0125284e-05,0.085437804,0.003746666,0.011430112,0.000106597414,0.0006377759,0.00012701527,0.0006422048,0.31729785,0.20413752,-6.3935766,-3.2211432,-3.0571637,-5.6504927,-23.04833,1.8575456,-2.2684207,14.121898,-1.2214924,-0.8875631,64.28822495606327,26.15114235500879,79.85940246045695,61.37082601054482,63.44463971880493,58.66432337434095,76.60808435852373,72.68892794376099,47.59226713532514,25.869947275922673,37.188049209138846,4.253075571177504,11.24780316344464,34.20035149384886,4.499121265377856,4.463971880492092,14.762741652021091,15.992970123022848,33.21616871704745,33.427065026362044,14.973637961335678,38.699472759226715,39.12126537785589,50.61511423550088,26.362038664323375,27.31107205623902,9.103690685413007,36.90685413005273,6.362038664323375,5.342706502636204,7.697715289982426,10.439367311072058,4.182776801405976,16.55536028119508,24.956063268892798,4.358523725834798,2.284710017574693,7.240773286467488,3.796133567662566,3.9718804920913886,23.47978910369069,42.81195079086116,9.52548330404218,12.970123022847101,21.15992970123023,12.829525483304044,11.775043936731109,16.485061511423552,6.71353251318102,6.221441124780317,81.23022847100177,26.78383128295255
COC(c1cncnc1)C(C)CCN1CCN(CC(C(=O)O)c2cc(C)no2)CC1,417.51000000000016,1.9727199999999998,8,1,4.0,0.6209771135691704,3,104.82000000000001,0,0,0,0.018487077,0.23110914,0.7609188,0.00015480319,0.011773366,0.06542234,0.020723933,0.081398815,0.04769551,0.24113873,0.15645733,0.13575384,0.26809198,0.2921947,0.9701657,0.0024946819,0.019880727,0.0028411783,0.0023913318,0.0045730034,0.033996988,0.00026510708,0.19243482,0.0371613,0.033658665,0.00036583512,0.002411242,0.0010364153,0.0026611218,0.221378,0.5149563,-5.9960856,-11.642212,-2.972921,-8.477156,-19.94038,2.7318144,-1.4594791,22.791424,-1.0597659,-0.37306517,69.66608084358525,44.11247803163445,84.51669595782074,36.59050966608085,63.44463971880493,62.98769771528999,76.60808435852373,70.896309314587,47.59226713532514,25.869947275922673,37.188049209138846,5.237258347978911,15.043936731107207,42.741652021089635,7.943760984182777,17.855887521968366,26.502636203866434,41.792618629173994,41.968365553602816,48.295254833040424,31.77504393673111,64.21792618629175,41.93321616871705,76.37961335676626,42.56590509666081,33.743409490333924,15.079086115992972,40.246045694200355,18.418277680140598,20.597539543057998,16.801405975395433,8.752196836555362,8.576449912126538,21.898066783831286,42.98769771528999,18.629173989455186,7.029876977152901,16.590509666080845,13.04042179261863,12.864674868189807,13.42706502636204,63.55008787346222,14.059753954305801,8.1195079086116,21.265377855887525,9.314586994727593,17.223198594024606,68.15465729349737,12.79437609841828,10.509666080843585,82.70650263620388,32.16168717047452
