smiles,molecular_weight,logP,hydrogen_bond_acceptors,hydrogen_bond_donors,Lipinski,QED,stereo_centers,tpsa,PAINS_alert,BRENK_alert,NIH_alert,AMES,BBB_Martins,Bioavailability_Ma,CYP1A2_Veith,CYP2C19_Veith,CYP2C9_Substrate_CarbonMangels,CYP2C9_Veith,CYP2D6_Substrate_CarbonMangels,CYP2D6_Veith,CYP3A4_Substrate_CarbonMangels,CYP3A4_Veith,Carcinogens_Lagunin,ClinTox,DILI,HIA_Hou,NR-AR-LBD,NR-AR,NR-AhR,NR-Aromatase,NR-ER-LBD,NR-ER,NR-PPAR-gamma,PAMPA_NCATS,Pgp_Broccatelli,SR-ARE,SR-ATAD5,SR-HSE,SR-MMP,SR-p53,Skin_Reaction,hERG,Caco2_Wang,Clearance_Hepatocyte_AZ,Clearance_Microsome_AZ,Half_Life_Obach,HydrationFreeEnergy_FreeSolv,LD50_Zhu,Lipophilicity_AstraZeneca,PPBR_AZ,Solubility_AqSolDB,VDss_Lombardo,molecular_weight_drugbank_approved_percentile,logP_drugbank_approved_percentile,hydrogen_bond_acceptors_drugbank_approved_percentile,hydrogen_bond_donors_drugbank_approved_percentile,Lipinski_drugbank_approved_percentile,QED_drugbank_approved_percentile,stereo_centers_drugbank_approved_percentile,tpsa_drugbank_approved_percentile,PAINS_alert_drugbank_approved_percentile,BRENK_alert_drugbank_approved_percentile,NIH_alert_drugbank_approved_percentile,AMES_drugbank_approved_percentile,BBB_Martins_drugbank_approved_percentile,Bioavailability_Ma_drugbank_approved_percentile,CYP1A2_Veith_drugbank_approved_percentile,CYP2C19_Veith_drugbank_approved_percentile,CYP2C9_Substrate_CarbonMangels_drugbank_approved_percentile,CYP2C9_Veith_drugbank_approved_percentile,CYP2D6_Substrate_CarbonMangels_drugbank_approved_percentile,CYP2D6_Veith_drugbank_approved_percentile,CYP3A4_Substrate_CarbonMangels_drugbank_approved_percentile,CYP3A4_Veith_drugbank_approved_percentile,Carcinogens_Lagunin_drugbank_approved_percentile,ClinTox_drugbank_approved_percentile,DILI_drugbank_approved_percentile,HIA_Hou_drugbank_approved_percentile,NR-AR-LBD_drugbank_approved_percentile,NR-AR_drugbank_approved_percentile,NR-AhR_drugbank_approved_percentile,NR-Aromatase_drugbank_approved_percentile,NR-ER-LBD_drugbank_approved_percentile,NR-ER_drugbank_approved_percentile,NR-PPAR-gamma_drugbank_approved_percentile,PAMPA_NCATS_drugbank_approved_percentile,Pgp_Broccatelli_drugbank_approved_percentile,SR-ARE_drugbank_approved_percentile,SR-ATAD5_drugbank_approved_percentile,SR-HSE_drugbank_approved_percentile,SR-MMP_drugbank_approved_percentile,SR-p53_drugbank_approved_percentile,Skin_Reaction_drugbank_approved_percentile,hERG_drugbank_approved_percentile,Caco2_Wang_drugbank_approved_percentile,Clearance_Hepatocyte_AZ_drugbank_approved_percentile,Clearance_Microsome_AZ_drugbank_approved_percentile,Half_Life_Obach_drugbank_approved_percentile,HydrationFreeEnergy_FreeSolv_drugbank_approved_percentile,LD50_Zhu_drugbank_approved_percentile,Lipophilicity_AstraZeneca_drugbank_approved_percentile,PPBR_AZ_drugbank_approved_percentile,Solubility_AqSolDB_drugbank_approved_percentile,VDss_Lombardo_drugbank_approved_percentile
C=CC(OC)C(C)CCC(=O)SCC(S)OO,280.411,2.6090000000000004,6,2,4.0,0.22347118624837925,3,55.760000000000005,0,6,3,0.8550619,0.8600184,0.7803604,0.006416223,0.043620817,0.14943376,0.0071466183,0.16903464,0.013158293,0.5647491,0.019776288,0.35466498,0.08112409,0.12804703,0.98506737,0.04405164,0.008796324,0.0041340776,0.01256506,0.02665177,0.05365945,0.037741207,0.8344194,0.0071860543,0.21997967,0.026499966,0.09155904,0.012181446,0.06988554,0.88966215,0.16708705,-4.4190564,99.33742,66.6702,9.769919,-8.60392,2.4101558,1.947203,59.48335,-2.4004674,1.8441572,34.86818980667839,54.62214411247804,72.46045694200352,61.37082601054482,63.44463971880493,13.04042179261863,76.60808435852373,35.04393673110721,47.59226713532514,99.98242530755712,98.89279437609842,96.30931458699473,62.98769771528999,46.924428822495614,26.678383128295255,38.277680140597546,55.57117750439368,27.135325131810195,63.62038664323375,28.717047451669597,63.16344463971881,40.105448154657296,83.47978910369069,44.88576449912127,23.40949033391916,37.08260105448155,81.75746924428823,15.289982425307558,24.28822495606327,43.55008787346222,60.878734622144115,24.534270650263622,76.3444639718805,55.39543057996485,30.36906854130053,64.04217926186293,68.36555360281196,82.35500878734622,37.46924428822496,66.4323374340949,94.37609841827769,38.94551845342707,86.71353251318102,88.04920913884008,78.80492091388402,39.472759226713535,79.33216168717048,47.838312829525485,61.511423550087876,35.81722319859403,63.58523725834799,53.98945518453428
COC(c1ccccc1)C(C)CCC(=O)SCC(S)OO,330.47099999999995,3.7957000000000023,6,2,4.0,0.3121295356435026,3,55.760000000000005,0,5,3,0.7509537,0.8869952,0.7818661,0.042596538,0.34156066,0.2397695,0.07286781,0.2390513,0.14094338,0.7038533,0.22619176,0.32105938,0.14152506,0.26230112,0.9984946,0.028192822,0.010272958,0.020385444,0.05750237,0.042770408,0.10688064,0.081209116,0.9171913,0.12832539,0.27511483,0.046028174,0.12464074,0.07418787,0.08225657,0.849476,0.5599427,-4.6490507,108.56832,82.35478,6.639763,-9.6582775,2.4839582,2.801951,81.422554,-3.433374,2.1477396,49.2091388400703,73.95430579964851,72.46045694200352,61.37082601054482,63.44463971880493,21.79261862917399,76.60808435852373,35.04393673110721,47.59226713532514,99.89455184534272,98.89279437609842,93.25131810193322,66.78383128295255,47.205623901581724,44.99121265377856,77.11775043936731,77.9261862917399,61.05448154657294,72.091388400703,66.32688927943761,81.15992970123024,69.42003514938489,79.75395430579965,60.421792618629176,40.38664323374341,52.68892794376099,74.02460456942003,18.910369068541304,49.3145869947276,66.5377855887522,72.091388400703,59.964850615114244,85.69420035149386,68.96309314586995,55.85237258347979,68.8224956063269,76.06326889279438,87.06502636203867,60.03514938488577,69.66608084358525,89.77152899824254,65.94024604569421,70.57996485061513,90.68541300527241,85.3427065026362,34.09490333919157,72.65377855887523,52.89982425307558,76.20386643233743,57.328646748681905,43.7609841827768,56.44991212653779
COC(C#N)C(C)CCC(=O)SCC(S)OO,279.38300000000004,1.94658,7,2,4.0,0.3058424108110401,3,79.55,0,5,3,0.85557616,0.8390899,0.8301686,0.014095724,0.032323077,0.14733301,0.0065033836,0.14782038,0.0056371624,0.53186977,0.012147872,0.32678774,0.06925668,0.20321827,0.97162247,0.05697895,0.011888288,0.0059367917,0.010451062,0.025857827,0.05441759,0.03813836,0.7887059,0.0034764227,0.21025714,0.037402492,0.07040931,0.008479675,0.09221797,0.85538596,0.088584706,-4.490596,69.63637,49.640903,8.562979,-10.347432,2.975667,1.3411877,47.755917,-1.9870306,0.08654237,34.6572934973638,43.8664323374341,79.85940246045695,61.37082601054482,63.44463971880493,20.84358523725835,76.60808435852373,53.67311072056239,47.59226713532514,99.89455184534272,98.89279437609842,96.3444639718805,61.15992970123023,58.101933216168725,33.708260105448154,33.04042179261863,55.18453427065027,25.65905096660809,59.964850615114244,17.258347978910372,59.29701230228471,36.098418277680146,80.49209138840071,40.17574692442883,34.90333919156415,33.95430579964851,85.27240773286468,23.12829525483304,29.876977152899826,40.94903339191565,60.07029876977153,25.413005272407734,76.59050966608085,50.82601054481547,24.18277680140598,62.7768014059754,73.0755711775044,78.48857644991213,34.44639718804921,71.8804920913884,90.47451669595783,30.017574692442885,82.24956063268894,74.51669595782074,68.36555360281196,37.3286467486819,67.87346221441125,80.94903339191565,50.790861159929705,26.256590509666083,71.35325131810194,35.99297012302285
COC(C)C(C)CCC(=O)SCC(S)OO,268.4,2.4429000000000003,6,2,4.0,0.30638717010529215,3,55.760000000000005,0,5,3,0.84981966,0.8893126,0.8407248,0.0077004684,0.034878366,0.14260942,0.0048973593,0.23193367,0.01056778,0.54018915,0.010750491,0.33276504,0.06548091,0.11799099,0.9867908,0.036531646,0.0083767595,0.0046074344,0.0081939045,0.02429946,0.058836184,0.039521545,0.87757903,0.006642656,0.18001337,0.02856715,0.06464255,0.0104847085,0.06761259,0.90965766,0.14618763,-4.3786564,94.79246,56.18505,17.769852,-8.465433,2.2964835,1.6059558,52.715523,-2.121591,3.6000323,31.985940246045697,51.3884007029877,72.46045694200352,61.37082601054482,63.44463971880493,20.91388400702988,76.60808435852373,35.04393673110721,47.59226713532514,99.89455184534272,98.89279437609842,96.09841827768015,67.1353251318102,60.421792618629176,28.26010544815466,34.235500878734626,53.5676625659051,22.35500878734622,71.42355008787347,25.76449912126538,60.00000000000001,35.04393673110721,81.33567662565906,39.156414762741655,21.898066783831286,37.99648506151143,78.59402460456943,14.059753954305801,25.940246045694202,37.04745166959579,59.015817223198596,29.736379613356767,77.04745166959579,61.335676625659055,29.595782073813712,59.08611599297013,69.24428822495607,77.18804920913885,36.098418277680146,65.5536028119508,96.20386643233745,36.836555360281196,88.40070298769773,86.08084358523726,72.89982425307558,54.27065026362039,80.56239015817224,40.45694200351494,55.21968365553603,30.404217926186295,68.92794376098419,66.67838312829527
COC(Br)C(C)CCC(=O)SCC(S)OO,333.26899999999995,2.7754000000000008,6,2,4.0,0.23518154973060149,3,55.760000000000005,0,6,5,0.9598757,0.91478765,0.81610596,0.02583009,0.10290323,0.17246218,0.013568906,0.15372305,0.012626352,0.67571247,0.026340429,0.40914345,0.076347366,0.23808756,0.9900335,0.080059126,0.007003016,0.009665044,0.025228605,0.043841448,0.06525805,0.09840487,0.89798737,0.005949796,0.37102348,0.09500716,0.15508175,0.029491886,0.16949962,0.923234,0.1464726,-4.4770055,100.06577,68.81807,17.35759,-8.645879,2.4285843,2.2038167,66.39986,-2.7239215,3.5081966,49.876977152899826,57.9261862917399,72.46045694200352,61.37082601054482,63.44463971880493,13.884007029876978,76.60808435852373,35.04393673110721,47.59226713532514,99.98242530755712,99.92970123022847,98.76977152899825,71.07205623901582,54.27065026362039,39.64850615114236,52.337434094903344,63.26889279437611,36.098418277680146,61.230228471001766,27.94376098418278,77.39894551845343,42.98769771528999,88.11950790861161,42.84710017574693,38.4182776801406,39.71880492091389,88.85764499121267,11.282952548330405,38.840070298769774,53.39191564147628,72.58347978910369,35.04393673110721,87.66256590509667,64.9560632688928,28.435852372583483,76.09841827768015,85.02636203866433,89.56063268892795,47.31107205623902,81.72231985940246,96.76625659050967,36.836555360281196,83.2688927943761,88.18980667838314,80.28119507908612,53.5676625659051,79.12126537785589,48.927943760984185,65.86994727592268,42.46045694200352,57.11775043936731,65.94024604569421
COC(Cl)C(C)CCC(=O)SCC(S)OO,288.818,2.6193000000000004,6,2,4.0,0.23637927233099923,3,55.760000000000005,0,6,5,0.95240223,0.92079866,0.84782535,0.018441249,0.07052801,0.17090818,0.008491065,0.17927167,0.011311409,0.64603245,0.016582321,0.39120808,0.079667896,0.21484315,0.99195945,0.062368773,0.007790553,0.008238895,0.017423542,0.033970464,0.06397255,0.072612606,0.90372115,0.005843279,0.2960251,0.06872915,0.11340679,0.02146526,0.13056208,0.91762984,0.1452096,-4.4408445,98.12466,60.911327,17.200459,-8.72924,2.322982,1.8158133,58.03133,-2.2113388,3.8305411,37.22319859402461,54.76274165202109,72.46045694200352,61.37082601054482,63.44463971880493,14.024604569420037,76.60808435852373,35.04393673110721,47.59226713532514,99.98242530755712,99.92970123022847,98.5237258347979,72.16168717047452,62.882249560632694,36.098418277680146,46.08084358523726,62.70650263620387,29.244288224956065,65.13181019332163,26.643233743409493,73.28646748681899,38.73462214411248,86.95957820738138,44.00702987697716,36.02811950790861,41.15992970123023,86.08084358523726,13.005272407732866,35.922671353251324,48.26010544815466,66.29173989455185,33.95430579964851,84.56942003514939,66.11599297012303,28.295254833040424,70.19332161687171,81.195079086116,85.79964850615114,43.62038664323375,77.36379613356767,96.37961335676627,36.76625659050967,85.65905096660809,87.66256590509667,75.57117750439367,53.286467486818985,78.5237258347979,42.24956063268893,58.76977152899825,34.30579964850615,67.34622144112478,68.29525483304043
CCC(OC)C(C)CCC(=O)SCC(S)OO,282.427,2.8330000000000015,6,2,4.0,0.2946647265697226,3,55.760000000000005,0,5,3,0.8240778,0.8778016,0.8330382,0.005408732,0.04421093,0.14614987,0.0073197735,0.22494009,0.010689598,0.5870688,0.01981033,0.28491148,0.065930076,0.12739182,0.98949337,0.03574373,0.009340982,0.0040065567,0.009792029,0.02293111,0.06008179,0.035561204,0.8911414,0.01205302,0.16306491,0.021447424,0.057829726,0.011136198,0.058025915,0.9002282,0.17240524,-4.417157,111.110794,77.052,22.652609,-7.897452,2.295151,2.1777387,64.614685,-2.889485,5.012876,35.36028119507909,58.66432337434095,72.46045694200352,61.37082601054482,63.44463971880493,19.472759226713535,76.60808435852373,35.04393673110721,47.59226713532514,99.89455184534272,98.89279437609842,95.3602811950791,65.5536028119508,58.699472759226715,25.13181019332162,38.48857644991213,54.692442882249566,27.416520210896312,70.72056239015818,25.869947275922673,66.08084358523726,40.105448154657296,74.93848857644991,39.19156414762742,23.304042179261867,39.43760984182777,78.27768014059755,16.695957820738137,23.936731107205627,40.07029876977153,57.89103690685413,30.826010544815468,75.46572934973639,63.831282952548335,34.692442882249566,56.73110720562391,65.41300527240774,75.28998242530757,36.59050966608085,62.7768014059754,95.28998242530757,39.54305799648507,86.81898066783832,91.28295254833041,83.16344463971882,61.335676625659055,84.21792618629175,40.421792618629176,65.37785588752197,40.63268892794377,54.79789103690686,74.48154657293497
COC(OC)C(C)CCC(=O)SCC(S)OO,284.399,2.0269,7,2,4.0,0.29221824727669765,2,64.99000000000001,0,5,3,0.8953102,0.8069333,0.87442124,0.00025638888,0.0070600263,0.085696116,0.0007260676,0.115413964,0.0014800691,0.44544092,0.0023162744,0.22571726,0.046654023,0.124782465,0.97668207,0.025704568,0.01037344,0.0007869018,0.0029278148,0.012304164,0.04433772,0.011788224,0.76220214,0.0025872884,0.10295949,0.007874908,0.024808373,0.0020110705,0.037469376,0.8690097,0.05645304,-4.460062,97.38886,58.711037,12.812741,-9.673059,2.1613228,1.4102414,52.486023,-2.0411253,3.0799377,35.746924428822496,45.16695957820738,79.85940246045695,61.37082601054482,63.44463971880493,19.156414762741655,69.84182776801407,43.198594024604574,47.59226713532514,99.89455184534272,98.89279437609842,97.29349736379615,57.85588752196837,69.84182776801407,8.681898066783832,11.70474516695958,32.40773286467487,6.32688927943761,51.66959578207382,4.534270650263621,50.12302284710018,23.02284710017575,64.74516695957821,30.720562390158175,22.81195079086116,34.86818980667839,71.9859402460457,19.086115992970125,7.873462214411249,22.95254833040422,41.40597539543058,16.449912126537786,60.49209138840071,48.36555360281196,21.54657293497364,44.99121265377856,46.0456942003515,58.80492091388401,18.629173989455186,54.62214411247804,92.16168717047452,25.76449912126538,84.42882249560634,87.55711775043937,74.09490333919157,45.16695957820738,72.51318101933217,32.4780316344464,51.77504393673111,30.263620386643236,70.50966608084359,63.26889279437611
COC(C(C)CCC(=O)SCC(S)OO)C(F)(F)F,322.37,2.985300000000001,6,2,4.0,0.31134641589081985,3,55.760000000000005,0,5,3,0.7997684,0.8794934,0.8248286,0.006284961,0.11055835,0.15470727,0.013468427,0.16482332,0.011785379,0.65251404,0.03526208,0.25555897,0.06258537,0.18609098,0.9923326,0.03778477,0.009615505,0.004213887,0.020187724,0.029777238,0.06663581,0.05443573,0.9129426,0.01606979,0.21913671,0.028469909,0.07370388,0.020674229,0.08113967,0.8702504,0.17056853,-4.3947344,74.30069,46.84217,20.344194,-7.8358016,2.5578754,2.2938867,66.33092,-2.7160878,3.6224408,47.34622144112478,61.05448154657294,72.46045694200352,61.37082601054482,63.44463971880493,21.687170474516698,76.60808435852373,35.04393673110721,47.59226713532514,99.89455184534272,98.89279437609842,94.90333919156416,65.83479789103691,56.695957820738144,26.502636203866434,53.46221441124781,57.57469244288225,36.063268892794376,63.057996485061516,27.065026362038665,74.23550087873463,45.72934973637962,69.8066783831283,37.57469244288225,33.00527240773287,41.44112478031635,79.0158172231986,17.223198594024606,24.49912126537786,50.36906854130053,63.30404217926187,36.16871704745167,81.12478031634447,68.01405975395431,36.871704745166966,63.93673110720563,69.24428822495607,79.15641476274166,42.95254833040422,69.3145869947276,92.26713532513182,39.26186291739895,87.90861159929702,76.8365553602812,66.50263620386644,58.45342706502637,84.63971880492092,56.94200351493849,67.41652021089631,42.39015817223199,57.188049209138846,66.99472759226714
COC(F)C(C)CCC(=O)SCC(S)OO,272.363,2.35,6,2,4.0,0.3073341948618424,3,55.760000000000005,0,5,4,0.89160216,0.90511674,0.8578574,0.007883397,0.036391158,0.149708,0.0048223017,0.19255123,0.0068674935,0.5672051,0.009186794,0.33169475,0.069805235,0.16265142,0.9910901,0.041728403,0.008733353,0.004971235,0.009358032,0.022377746,0.05506604,0.040064357,0.8832038,0.0054491633,0.1974097,0.034084614,0.070765726,0.010135757,0.082539454,0.8980322,0.11710131,-4.3875303,87.63246,54.261005,12.523274,-8.582513,2.4792068,1.7177337,54.757164,-2.277304,1.5828431,32.68892794376099,49.66608084358524,72.46045694200352,61.37082601054482,63.44463971880493,21.0896309314587,76.60808435852373,35.04393673110721,47.59226713532514,99.89455184534272,99.68365553602813,97.22319859402461,69.63093145869948,65.23725834797892,28.541300527240775,34.833040421792624,55.64147627416521,22.214411247803167,66.99472759226714,20.105448154657296,63.33919156414763,33.84885764499121,81.15992970123024,40.31634446397189,29.736379613356767,40.31634446397189,81.01933216168717,15.184534270650264,27.521968365553604,38.94551845342707,57.434094903339194,25.83479789103691,77.15289982425308,62.46045694200352,27.6274165202109,61.05448154657294,71.59929701230229,78.55887521968366,35.887521968365554,69.73637961335677,94.90333919156416,33.32161687170475,88.11950790861161,83.23374340949034,71.66959578207381,44.67486818980668,79.47275922671353,52.68892794376099,56.97715289982426,32.02108963093146,66.01054481546574,52.12653778558876
COC(C(C)CCC(=O)SCC(S)OO)C1CC1,294.4380000000001,2.833000000000001,6,2,4.0,0.29630872337955594,3,55.760000000000005,0,5,3,0.8400582,0.88555634,0.7683382,0.0047949785,0.07049091,0.14843372,0.011367878,0.21957096,0.030829083,0.64108306,0.05533694,0.25820965,0.105277516,0.115327716,0.9917525,0.03793687,0.010218164,0.004988025,0.016055927,0.03171245,0.07255058,0.043698452,0.88215685,0.02915138,0.21408167,0.023170846,0.08661433,0.01843022,0.07030292,0.9042875,0.30323985,-4.4668055,107.077736,76.847496,14.631818,-8.339464,2.3957906,2.4503632,70.39964,-3.2142346,2.7712836,38.80492091388401,58.66432337434095,72.46045694200352,61.37082601054482,63.44463971880493,19.718804920913886,76.60808435852373,35.04393673110721,47.59226713532514,99.89455184534272,98.89279437609842,95.85237258347979,66.67838312829527,44.32337434094904,24.077328646748683,46.0456942003515,55.465729349736385,33.84885764499121,70.15817223198594,41.37082601054482,72.61862917398946,51.00175746924429,70.22847100175747,51.9859402460457,21.370826010544818,40.98418277680141,79.0158172231986,18.769771528998245,27.521968365553604,46.99472759226714,65.13181019332163,40.91388400702988,78.4182776801406,62.39015817223199,41.30052724077329,63.30404217926187,66.5377855887522,81.37082601054482,41.82776801405976,66.57293497363797,95.74692442882251,50.61511423550088,84.07732864674868,90.26362038664324,83.05799648506152,48.611599297012305,81.51142355008788,46.67838312829526,69.98242530755712,46.326889279437616,47.66256590509666,61.195079086115996
COC(C(C)C)C(C)CCC(=O)SCC(S)OO,296.45399999999995,3.079000000000002,6,2,4.0,0.2962909130224536,3,55.760000000000005,0,5,3,0.80009335,0.81876075,0.81189394,0.0024191726,0.045274444,0.11793014,0.0073805065,0.21478036,0.014058244,0.5872715,0.030896258,0.25866327,0.057895802,0.09495916,0.9828383,0.029309828,0.008387508,0.0023890089,0.01155092,0.028920721,0.0667027,0.030338291,0.8863471,0.01550478,0.17150745,0.013631789,0.0525045,0.014221604,0.0456044,0.8997475,0.20920768,-4.467678,118.49258,89.98223,23.94236,-7.6756773,2.3282342,2.5284524,71.764206,-3.3302188,5.5873375,39.54305799648507,62.319859402460466,72.46045694200352,61.37082601054482,63.44463971880493,19.718804920913886,76.60808435852373,35.04393673110721,47.59226713532514,99.89455184534272,98.89279437609842,94.90333919156416,59.26186291739895,53.25131810193322,19.156414762741655,38.840070298769774,44.147627416520216,27.416520210896312,69.56063268892795,29.912126537785593,66.11599297012303,44.49912126537786,70.22847100175747,35.39543057996485,18.207381370826013,36.69595782073814,74.79789103690686,14.094903339191566,16.449912126537786,42.31985940246046,62.636203866432346,36.239015817223205,73.63796133567664,63.198594024604574,36.62565905096661,57.785588752196844,57.57469244288225,73.35676625659052,39.08611599297013,58.62917398945519,95.18453427065027,43.23374340949034,83.90158172231986,92.75922671353253,87.7328646748682,62.636203866432346,85.48330404217927,42.601054481546576,71.66959578207381,47.838312829525485,45.342706502636204,77.11775043936731
COC(I)C(C)CCC(=O)SCC(S)OO,380.269,2.8155000000000006,6,2,4.0,0.16942748447636294,3,55.760000000000005,0,7,5,0.95711213,0.89769775,0.82733214,0.008199741,0.0354213,0.13762915,0.0043959683,0.15682869,0.00933769,0.5976554,0.010167273,0.40914983,0.08420096,0.16797814,0.982456,0.0711421,0.008350985,0.0050147683,0.013402069,0.034530707,0.060558837,0.047012873,0.84948814,0.0037781976,0.30542344,0.05274854,0.10437659,0.014190602,0.14256221,0.9229639,0.12739101,-4.5066404,92.15007,66.5404,20.110933,-8.956362,2.6339307,2.3392673,70.41362,-3.127291,3.4836502,60.66783831282953,58.48857644991213,72.46045694200352,61.37082601054482,63.44463971880493,9.103690685413007,76.60808435852373,35.04393673110721,47.59226713532514,100.00000000000001,99.92970123022847,98.69947275922672,68.26010544815466,57.36379613356767,28.857644991212656,34.376098418277685,51.91564147627417,21.195079086115996,61.89806678383129,24.18277680140598,67.55711775043937,34.55184534270651,88.11950790861161,46.08084358523726,30.36906854130053,36.660808435852374,87.41652021089632,13.989455184534272,27.592267135325134,44.53427065026362,66.78383128295255,31.282952548330407,79.22671353251319,57.39894551845343,25.06151142355009,70.896309314587,78.24253075571178,84.56942003514939,39.08611599297013,79.05096660808437,96.76625659050967,34.76274165202109,81.47627416520211,84.99121265377856,78.76977152899825,57.961335676625666,76.8365553602812,62.03866432337435,67.87346221441125,46.326889279437616,49.876977152899826,65.76449912126539
COC(O)C(C)CCC(=O)SCC(S)OO,270.372,1.3728,7,3,4.0,0.26761273103955957,3,75.99000000000001,0,5,3,0.8726581,0.80485564,0.84255105,0.001997806,0.010352236,0.09225863,0.0015730843,0.13007744,0.0027899968,0.37227982,0.0035860222,0.30747575,0.04694346,0.12433861,0.9634013,0.028639937,0.009121707,0.0028377427,0.004042954,0.012427161,0.044205748,0.009005257,0.67030627,0.0020099517,0.1042006,0.00998744,0.026798055,0.0034474903,0.03382691,0.8647953,0.062561214,-4.626107,79.01641,33.13865,11.984406,-11.789831,1.8665987,0.6424399,39.280476,-1.2740185,2.8069046,32.35500878734622,36.27416520210897,79.85940246045695,78.20738137082601,63.44463971880493,16.977152899824254,76.60808435852373,51.45869947275923,47.59226713532514,99.89455184534272,98.89279437609842,96.66080843585237,57.71528998242531,61.08963093145871,17.855887521968366,16.098418277680143,34.72759226713533,11.669595782073815,56.27416520210897,8.787346221441126,43.40949033391916,26.713532513181022,77.99648506151144,30.755711775043938,22.70650263620387,32.4780316344464,74.48154657293497,16.133567662565905,18.418277680140598,26.889279437609844,41.72231985940246,16.30931458699473,56.41476274165203,42.07381370826011,19.578207381370827,45.13181019332162,51.00175746924429,60.17574692442883,24.323374340949037,52.61862917398946,91.45869947275924,26.85413005272408,72.02108963093147,79.40246045694201,56.41476274165203,43.72583479789104,56.59050966608085,16.906854130052725,40.84358523725835,19.929701230228474,80.7029876977153,61.58172231985941
COC(C(N)=O)C(C)CCC(=O)SCC(S)OO,297.39799999999997,0.9082999999999994,7,3,4.0,0.25311720983666486,3,98.85000000000001,0,5,3,0.90467215,0.78500026,0.8083559,0.0015013332,0.012026791,0.11424212,0.0019117405,0.07813087,0.0025998175,0.4111425,0.0029628924,0.2974109,0.070624925,0.2177184,0.9332274,0.045140542,0.011855343,0.0024144943,0.004855427,0.02018477,0.059128202,0.019697504,0.5369103,0.0016475071,0.13426821,0.024040002,0.042988658,0.0030979228,0.072277196,0.8627545,0.0533368,-4.904872,54.699226,24.05083,0.8714779,-13.861905,2.1862998,0.22116923,35.356014,-1.3373396,-0.18715191,39.64850615114236,30.826010544815468,79.85940246045695,78.20738137082601,63.44463971880493,15.53602811950791,76.60808435852373,66.99472759226714,47.59226713532514,99.89455184534272,98.89279437609842,97.50439367311073,55.88752196836556,52.44288224956064,16.379613356766257,18.172231985940247,42.56590509666081,13.391915641476276,40.73813708260106,8.224956063268893,47.416520210896316,25.026362038664324,76.59050966608085,40.702987697715294,36.344463971880494,28.998242530755714,82.14411247803164,22.917398945518457,16.590509666080845,29.701230228471005,54.55184534270651,30.017574692442885,67.69771528998243,35.571177504393674,17.996485061511425,51.59929701230229,66.99472759226714,69.24428822495607,23.12829525483304,66.95957820738138,91.31810193321617,24.956063268892798,52.44288224956064,67.17047451669596,48.43585237258348,23.90158172231986,42.425307557117755,33.67311072056239,33.708260105448154,17.855887521968366,79.57820738137083,33.67311072056239
COC(C(=O)O)C(C)CCC(=O)SCC(S)OO,298.38199999999995,1.5075999999999998,7,3,4.0,0.25698555546375496,3,93.06,0,5,3,0.64216363,0.5255893,0.6926791,0.00041264575,0.0067656226,0.07604775,0.0017788237,0.019370638,0.0026548181,0.15830947,0.00046722498,0.30430803,0.07516617,0.23988232,0.4717393,0.023731103,0.010821909,0.0010876583,0.0014928831,0.015839607,0.05885887,0.012309124,0.09702666,0.00088696496,0.084927194,0.011175289,0.015994795,0.0006514862,0.034476247,0.7544865,0.016194362,-5.2173386,35.700386,8.743518,-13.052704,-14.375072,1.9039768,-0.8689049,49.592884,-1.3727511,-0.90861815,39.89455184534271,37.57469244288225,79.85940246045695,78.20738137082601,63.44463971880493,15.887521968365554,76.60808435852373,63.65553602811951,47.59226713532514,99.89455184534272,98.89279437609842,88.64674868189807,34.62214411247803,32.30228471001758,10.298769771528999,11.072056239015819,29.595782073813712,12.478031634446399,17.398945518453427,8.400702987697716,22.49560632688928,13.602811950790862,77.64499121265379,42.49560632688928,38.59402460456943,15.184534270650264,70.36906854130054,20.210896309314588,9.455184534270652,14.868189806678384,48.26010544815466,29.771528998242534,61.26537785588753,17.258347978910372,13.637961335676627,40.14059753954306,53.743409490333924,50.474516695957824,10.017574692442883,52.86467486818981,79.33216168717048,10.404217926186293,34.97363796133568,53.49736379613357,32.44288224956063,5.272407732864675,38.840070298769774,19.191564147627417,19.156414762741655,27.87346221441125,79.0158172231986,26.46748681898067
COC(c1ccco1)C(C)CCC(=O)SCC(S)OO,320.43199999999996,3.3887000000000023,7,2,4.0,0.3145162970214249,3,68.9,0,5,3,0.81119335,0.862397,0.7887685,0.029772595,0.2718337,0.2050972,0.05707227,0.18285589,0.053869206,0.6648039,0.1524708,0.3207862,0.117713615,0.27671736,0.9962716,0.03462954,0.0097833825,0.019616093,0.049752854,0.039444692,0.08291927,0.06901328,0.8836387,0.044150133,0.29228067,0.051891796,0.13323982,0.04501191,0.08939816,0.8462288,0.3739172,-4.5823402,93.56152,67.87645,7.9813547,-10.499462,2.6956582,2.2346725,68.29876,-2.7539911,2.1904411,47.17047451669596,67.24077328646749,79.85940246045695,61.37082601054482,63.44463971880493,22.144112478031637,76.60808435852373,45.659050966608085,47.59226713532514,99.89455184534272,98.89279437609842,95.11423550087875,63.16344463971881,48.57644991212654,41.195079086115996,72.02108963093147,71.07205623901582,56.97715289982426,65.58875219683657,50.43936731107206,76.02811950790861,63.93673110720563,79.6133567662566,55.2548330404218,41.26537785588753,46.5377855887522,77.5395430579965,17.574692442882252,48.927943760984185,63.55008787346222,70.05272407732865,46.99472759226714,84.07732864674868,62.56590509666081,44.78031634446398,69.8066783831283,78.03163444639719,87.7328646748682,53.35676625659051,71.31810193321617,89.3145869947276,55.95782073813709,75.60632688927944,85.65905096660809,79.5079086115993,36.098418277680146,66.71353251318102,65.65905096660809,66.32688927943761,44.07732864674868,56.695957820738144,56.871704745166966
COC(C(C)=O)C(C)CCC(=O)SCC(S)OO,296.40999999999997,2.012,7,2,4.0,0.29339977885255825,3,72.83000000000001,0,5,3,0.8964928,0.8501755,0.83565366,0.00084206136,0.015407808,0.13229881,0.0019244818,0.11361873,0.003554446,0.5113813,0.003800435,0.29488942,0.06329432,0.1534041,0.97501993,0.039301388,0.010000352,0.0013251507,0.0048537254,0.017698899,0.05320418,0.024852088,0.75941193,0.0031800054,0.14174114,0.017105028,0.045940958,0.0037462297,0.057872944,0.8856497,0.07378124,-4.503294,88.805725,55.37327,4.1118555,-11.011541,2.257852,1.1131573,48.169075,-1.9825245,0.4733697,39.40246045694201,44.9560632688928,79.85940246045695,61.37082601054482,63.44463971880493,19.261862917398947,76.60808435852373,48.80492091388401,47.59226713532514,99.89455184534272,98.89279437609842,97.29349736379615,62.284710017574696,59.507908611599305,13.075571177504395,21.79261862917399,50.36906854130053,13.462214411247805,51.31810193321618,11.458699472759228,57.39894551845343,27.346221441124783,76.27416520210897,37.961335676625666,28.084358523725836,34.55184534270651,79.85940246045695,17.996485061511425,11.142355008787348,29.701230228471005,51.21265377855888,24.077328646748683,70.896309314587,48.189806678383135,23.550087873462218,52.89982425307558,61.72231985940247,70.68541300527241,25.4481546572935,62.67135325131811,93.98945518453428,28.26010544815466,81.58172231985941,83.76098418277681,72.44288224956064,29.349736379613358,62.49560632688929,38.4182776801406,47.17047451669596,26.60808435852373,71.42355008787347,39.789103690685415
COC(=O)C(OC)C(C)CCC(=O)SCC(S)OO,312.40899999999993,1.5959999999999996,8,2,4.0,0.21989422458537122,3,82.06,0,5,3,0.8953433,0.8677969,0.81269294,0.0062324675,0.06437413,0.15400645,0.008854364,0.102145076,0.0057676793,0.560936,0.017914249,0.3152845,0.066771865,0.28724352,0.9903263,0.04116878,0.009575714,0.004966126,0.013265803,0.02176964,0.057849754,0.037733357,0.80143464,0.005391286,0.20667438,0.033381157,0.06692683,0.0077532744,0.076842025,0.86400354,0.09337152,-4.526898,91.94,64.60498,-0.21397057,-11.237976,2.4051552,1.254974,55.024273,-2.0569377,0.28303686,44.463971880492096,39.12126537785589,84.51669595782074,61.37082601054482,63.44463971880493,12.829525483304044,76.60808435852373,55.71177504393673,47.59226713532514,99.89455184534272,98.89279437609842,97.29349736379615,63.971880492091394,53.286467486818985,26.432337434094904,44.39367311072056,57.22319859402461,29.806678383128297,48.08435852372584,17.469244288224957,62.741652021089635,39.5079086115993,79.05096660808437,39.54305799648507,42.00351493848858,39.89455184534271,80.91388400702988,17.152899824253076,27.521968365553604,44.42882249560633,56.660808435852374,28.506151142355012,76.3444639718805,51.9859402460457,27.521968365553604,62.35500878734623,71.35325131810194,77.85588752196837,33.25131810193322,68.26010544815466,91.42355008787347,30.861159929701234,80.0,84.88576449912128,77.78558875219684,21.72231985940246,61.019332161687174,47.48681898066784,49.244288224956065,32.196836555360285,70.26362038664324,37.82073813708261
COC(c1cccs1)C(C)CCC(=O)SCC(S)OO,336.5,3.857200000000002,7,2,4.0,0.31033652015350943,3,55.760000000000005,0,5,3,0.87859476,0.8815653,0.73051935,0.20196326,0.43235475,0.22460112,0.11976447,0.23997025,0.18836758,0.73853576,0.28036365,0.37867135,0.15504849,0.29185244,0.996371,0.071249805,0.01008722,0.058092613,0.11498378,0.07923933,0.108542524,0.15263358,0.90506697,0.07396386,0.485462,0.14577165,0.2652469,0.1502721,0.22190616,0.8875066,0.5531844,-4.650729,116.00531,89.80674,4.9729285,-10.019244,2.4727314,2.7571502,80.886925,-3.3615768,2.8490798,50.72056239015818,74.76274165202109,79.85940246045695,61.37082601054482,63.44463971880493,21.581722319859406,76.60808435852373,35.04393673110721,47.59226713532514,99.89455184534272,98.89279437609842,96.87170474516697,66.15114235500879,37.53954305799649,65.90509666080844,82.56590509666081,74.86818980667839,68.15465729349737,72.12653778558875,70.75571177504395,85.48330404217927,72.79437609841828,85.69420035149386,63.02284710017575,42.53075571177505,46.71353251318102,87.41652021089632,18.172231985940247,64.67486818980669,77.3286467486819,83.40949033391917,60.73813708260106,92.23198594024605,66.36203866432338,49.73637961335677,82.74165202108964,90.57996485061513,94.23550087873463,69.66608084358525,86.11599297012303,94.1652021089631,65.76449912126539,70.33391915641477,92.30228471001759,87.69771528998243,31.036906854130056,70.7908611599297,52.23198594024605,75.57117750439367,56.73110720562391,44.63971880492092,61.82776801405976
C=C(C)C(OC)C(C)CCC(=O)SCC(S)OO,294.438,2.9991000000000017,6,2,4.0,0.22502076655361933,3,55.760000000000005,0,6,3,0.83179694,0.8468822,0.7915827,0.0018149748,0.033059575,0.13120958,0.0049074977,0.16865698,0.010542358,0.56942093,0.015269537,0.2933543,0.07366906,0.09293395,0.98013103,0.042219575,0.009364298,0.001922025,0.00837194,0.027142908,0.057813138,0.033000376,0.8374481,0.0072826073,0.18876863,0.02004712,0.06837009,0.008536435,0.061942447,0.8961283,0.16443525,-4.4838014,111.32908,87.14383,11.353125,-8.413885,2.4971414,2.4448447,69.64514,-3.0199254,2.5802312,38.80492091388401,61.335676625659055,72.46045694200352,61.37082601054482,63.44463971880493,13.04042179261863,76.60808435852373,35.04393673110721,47.59226713532514,99.98242530755712,98.89279437609842,95.64147627416521,62.00351493848858,49.03339191564148,17.188049209138843,33.35676625659051,49.912126537785596,22.39015817223199,63.62038664323375,25.76449912126538,63.65553602811951,38.066783831282955,76.16871704745168,41.93321616871705,18.031634446397188,35.99297012302285,81.30052724077329,16.801405975395433,14.059753954305801,37.36379613356767,61.40597539543059,28.400702987697716,74.58699472759227,55.95782073813709,30.474516695957824,60.105448154657296,64.42882249560633,78.10193321616872,34.516695957820744,63.8664323374341,94.72759226713534,38.73462214411248,82.56590509666081,91.31810193321617,86.6432337434095,42.35500878734622,80.77328646748683,53.67311072056239,69.8066783831283,45.48330404217926,52.40773286467487,59.472759226713535
COC(CO)C(C)CCC(=O)SCC(S)OO,284.399,1.4153,7,3,4.0,0.2572027341320128,3,75.99000000000001,0,5,3,0.84458244,0.7867305,0.81923854,0.0028585186,0.020180754,0.11029875,0.003942903,0.12224847,0.0032708615,0.3976087,0.0074057034,0.31704527,0.050732344,0.1482694,0.9518696,0.03823105,0.010180222,0.0038792212,0.0053411108,0.01586384,0.04817816,0.018088466,0.6642687,0.002956773,0.1304987,0.018045072,0.040716674,0.0035416987,0.051914196,0.86029565,0.0700217,-4.605265,84.56389,40.930515,15.2366085,-11.537887,2.0797863,0.9648241,42.140694,-1.395358,4.2135425,35.746924428822496,36.871704745166966,79.85940246045695,78.20738137082601,63.44463971880493,15.922671353251319,76.60808435852373,51.45869947275923,47.59226713532514,99.89455184534272,98.89279437609842,96.02811950790861,55.99297012302285,55.04393673110721,20.70298769771529,25.58875219683656,40.73813708260106,20.035149384885766,53.602811950790866,9.982425307557119,45.9402460456942,32.30228471001758,79.19156414762742,32.513181019332166,27.381370826010546,31.07205623901582,79.15641476274166,18.629173989455186,23.620386643233747,30.861159929701234,48.26010544815466,19.718804920913886,66.36203866432338,41.82776801405976,22.776801405975398,51.07205623901582,62.601054481546576,68.08435852372584,24.60456942003515,61.05448154657294,91.03690685413007,27.732864674868193,73.63796133567664,81.72231985940246,62.319859402460466,49.42003514938489,58.59402460456943,27.381370826010546,45.237258347978916,21.93321616871705,78.76977152899825,70.33391915641477
CCCC(OC)C(C)CCC(=O)SCC(S)OO,296.45399999999995,3.223100000000002,6,2,4.0,0.28047229470842777,3,55.760000000000005,0,5,3,0.79037464,0.8933253,0.80979395,0.018419946,0.10415212,0.16270575,0.021149969,0.26607916,0.02132621,0.6516015,0.06227683,0.2749619,0.07713482,0.15342174,0.9942936,0.031367972,0.009395991,0.0084459875,0.017790845,0.025043841,0.06410897,0.044003136,0.9236385,0.028774515,0.1955159,0.024526468,0.07362996,0.02094149,0.056851912,0.89701796,0.27193624,-4.4524097,120.51497,88.98671,23.763857,-7.684336,2.297046,2.5407684,71.90733,-3.326603,5.5209146,39.54305799648507,64.71001757469244,72.46045694200352,61.37082601054482,63.44463971880493,17.891036906854133,76.60808435852373,35.04393673110721,47.59226713532514,99.89455184534272,98.89279437609842,94.72759226713534,67.66256590509667,52.93497363796134,36.098418277680146,52.54833040421793,60.597539543058005,42.03866432337434,74.41124780316345,35.95782073813709,74.0597539543058,52.16168717047452,73.25131810193322,43.16344463971881,28.084358523725836,43.374340949033396,75.99297012302286,16.871704745166962,36.41476274165203,48.506151142355016,59.71880492091389,33.98945518453427,78.45342706502637,70.54481546572936,41.195079086115996,60.94903339191565,67.34622144112478,79.15641476274166,43.02284710017575,62.21441124780317,94.76274165202109,48.36555360281196,84.85061511423551,93.14586994727593,87.38137082601055,62.425307557117755,85.4481546572935,40.597539543058,71.81019332161688,47.94376098418278,45.377855887521974,77.01230228471002
COC(C(C)CCC(=O)SCC(S)OO)[N+](=O)[O-],299.37000000000006,1.6571999999999998,8,2,4.0,0.2194756345561444,3,98.9,0,6,3,0.9556319,0.8411714,0.75145996,0.0036822495,0.086418614,0.09691714,0.012610093,0.06012284,0.0046268455,0.47987956,0.0050656805,0.5025618,0.032384954,0.22168048,0.9469798,0.04751373,0.004877585,0.0018030966,0.0064928443,0.024442237,0.05719288,0.029575536,0.64413565,0.002688781,0.26946196,0.0283959,0.078913584,0.0072931154,0.10064069,0.94177735,0.07645364,-4.641488,76.868416,50.451424,-2.9411542,-11.215778,2.3252778,0.8761411,47.479828,-1.8663841,-1.2581538,40.21089630931459,39.75395430579965,84.51669595782074,61.37082601054482,63.44463971880493,12.79437609841828,76.60808435852373,66.99472759226714,47.59226713532514,99.98242530755712,98.89279437609842,98.69947275922672,61.335676625659055,40.98418277680141,22.24956063268893,49.52548330404218,36.30931458699473,35.21968365553603,33.743409490333924,14.481546572934976,53.5676625659051,29.138840070298773,93.81370826010546,21.01933216168717,36.660808435852374,30.615114235500883,83.05799648506152,5.553602811950792,13.462214411247805,33.427065026362044,59.156414762741655,27.768014059753956,73.42706502636204,40.878734622144115,21.93321616871705,68.36555360281196,69.20913884007031,80.35149384885766,32.68892794376099,73.32161687170475,97.78558875219684,28.717047451669597,70.96660808435853,78.45342706502637,68.92794376098419,17.293497363796135,61.12478031634447,42.53075571177505,43.7609841827768,26.045694200351495,73.04042179261863,24.007029876977153
COC(C=C(C)C)C(C)CCC(=O)SCC(S)OO,308.465,3.389200000000002,6,2,4.0,0.22474662342742519,3,55.760000000000005,0,6,3,0.7991468,0.8458149,0.7862117,0.0067236037,0.05579251,0.13336694,0.007985135,0.25207505,0.027054122,0.62707126,0.028266672,0.29640272,0.08216287,0.09940008,0.98088074,0.039980657,0.009564589,0.004231441,0.018695984,0.03647865,0.06632364,0.037383627,0.8907379,0.015334408,0.24131803,0.021760851,0.07809609,0.023250006,0.07037982,0.89006615,0.2772624,-4.4780617,122.93606,95.38877,11.695353,-8.24161,2.2999656,2.5755506,72.116936,-3.1507354,3.1143134,43.2688927943761,67.24077328646749,72.46045694200352,61.37082601054482,63.44463971880493,13.04042179261863,76.60808435852373,35.04393673110721,47.59226713532514,99.98242530755712,98.89279437609842,94.90333919156416,61.89806678383129,47.978910369068544,26.99472759226714,41.6871704745167,50.790861159929705,28.435852372583483,73.21616871704745,40.0,70.7908611599297,43.72583479789104,76.48506151142355,45.237258347978916,18.945518453427066,36.30931458699473,80.31634446397189,17.152899824253076,24.56942003514939,49.279437609841835,68.29525483304043,36.063268892794376,76.2390158172232,63.79613356766257,36.59050966608085,66.11599297012303,65.62390158172232,80.14059753954307,44.463971880492096,66.57293497363797,94.37609841827769,48.787346221441126,83.19859402460457,93.67311072056239,88.89279437609842,43.12829525483304,82.10896309314587,40.77328646748682,72.44288224956064,48.154657293497365,49.34973637961336,63.62038664323375
COC(c1cccnc1)C(C)CCC(=O)SCC(S)OO,331.45899999999995,3.190700000000002,7,2,4.0,0.31340639228496897,3,68.65,0,5,3,0.52511233,0.67327005,0.81142044,0.0142800715,0.23916204,0.18049987,0.075993,0.14503898,0.061855815,0.5680276,0.45758668,0.25005466,0.15324716,0.36865956,0.99915516,0.013797192,0.012990156,0.02783516,0.06304453,0.0213014,0.05371507,0.013278862,0.81215775,0.064815186,0.1770725,0.013341343,0.097983316,0.01852444,0.030505136,0.6367896,0.4467534,-4.7846613,77.76969,53.756664,7.7552733,-11.791019,2.6393394,1.5275083,53.805046,-1.9787403,2.4567485,49.49033391915642,64.14762741652022,79.85940246045695,61.37082601054482,63.44463971880493,22.073813708260108,76.60808435852373,45.51845342706503,47.59226713532514,99.89455184534272,98.89279437609842,80.73813708260106,46.25659050966608,53.11072056239016,33.919156414762746,68.89279437609842,65.41300527240774,61.6871704745167,59.472759226713535,52.40773286467487,63.44463971880493,80.87873462214412,68.64674868189807,62.636203866432346,47.94376098418278,57.60984182776802,56.27416520210897,26.115992970123024,54.34094903339192,68.2249560632689,56.098418277680146,24.60456942003515,62.39015817223199,53.00527240773287,48.43585237258348,58.418277680140605,56.97715289982426,83.55008787346222,41.89806678383129,51.03690685413006,65.83479789103691,60.21089630931459,60.77328646748683,78.73462214411248,71.35325131810194,35.746924428822496,56.59050966608085,62.46045694200352,54.09490333919157,31.142355008787348,71.52899824253076,58.80492091388401
COC(SC)C(C)CCC(=O)SCC(S)OO,300.467,2.7435000000000005,7,2,4.0,0.29547188026638227,3,55.760000000000005,0,5,3,0.88776696,0.84732425,0.8207089,0.0032740359,0.03227691,0.13072053,0.004434827,0.17844512,0.008047595,0.57561964,0.010855963,0.33363748,0.06836234,0.12485757,0.97683764,0.045418657,0.0077871764,0.0031342749,0.009286439,0.029947568,0.056233324,0.038129006,0.83639526,0.0049495115,0.22451241,0.029763456,0.07606952,0.011056643,0.08420543,0.9035494,0.13635664,-4.4943895,105.7375,79.30723,13.709949,-9.251788,2.5720947,2.1352718,63.23725,-2.836381,2.4883657,40.63268892794377,57.39894551845343,79.85940246045695,61.37082601054482,63.44463971880493,19.68365553602812,76.60808435852373,35.04393673110721,47.59226713532514,99.89455184534272,98.89279437609842,97.15289982425308,62.07381370826011,55.465729349736385,21.441124780316347,33.04042179261863,49.8066783831283,21.265377855887525,65.09666080843586,22.49560632688928,64.32337434094904,35.114235500878735,81.44112478031636,40.03514938488577,22.81195079086116,35.008787346221446,82.24956063268894,13.005272407732866,19.964850615114237,38.840070298769774,63.33919156414763,26.678383128295255,76.59050966608085,55.922671353251324,26.889279437609844,64.71001757469244,69.87697715289983,79.57820738137083,36.520210896309315,70.08787346221442,95.71177504393674,35.887521968365554,82.07381370826012,89.94727592267137,83.93673110720563,46.889279437609844,75.39543057996485,58.17223198594025,64.63971880492092,39.36731107205624,55.57117750439368,59.050966608084366
CC=CC(OC)C(C)CCC(=O)SCC(S)OO,294.438,2.9991000000000017,6,2,4.0,0.22502076655361933,3,55.760000000000005,0,6,3,0.86002505,0.87340915,0.8067304,0.00852284,0.06580866,0.15044758,0.009347206,0.20758626,0.018953118,0.61367464,0.029176986,0.31668568,0.08426241,0.13642377,0.992473,0.03674214,0.00879734,0.005632665,0.015968692,0.0282964,0.05829581,0.038294904,0.8815656,0.011219504,0.22574356,0.027886793,0.08691156,0.018940432,0.069254525,0.8863018,0.22385755,-4.4784837,102.78109,74.83571,10.478968,-8.877451,2.4917607,2.187787,63.85985,-2.6553574,2.412038,38.80492091388401,61.335676625659055,72.46045694200352,61.37082601054482,63.44463971880493,13.04042179261863,76.60808435852373,35.04393673110721,47.59226713532514,99.98242530755712,98.89279437609842,96.4499121265378,64.78031634446398,52.12653778558876,29.103690685413007,44.78031634446398,55.99297012302285,30.615114235500883,68.8224956063269,34.235500878734626,69.10369068541301,43.971880492091394,79.19156414762742,46.115992970123024,25.06151142355009,41.61687170474517,78.69947275922672,15.289982425307558,29.209138840070302,46.99472759226714,62.21441124780317,29.068541300527244,76.62565905096662,62.03866432337435,33.98945518453427,64.74516695957821,68.99824253075572,81.51142355008788,42.108963093145874,66.29173989455185,94.02460456942005,44.63971880492092,83.19859402460457,89.03339191564149,82.31985940246047,41.0896309314587,77.36379613356767,53.35676625659051,65.5536028119508,39.85940246045695,58.699472759226715,58.59402460456943
COC(N)C(C)CCC(=O)SCC(S)OO,269.388,1.3391999999999995,7,3,4.0,0.26690334975572955,3,81.78,0,5,3,0.9079715,0.77901113,0.7574069,0.0014078107,0.0053702192,0.044936206,0.0006524085,0.19829896,0.0056794025,0.2331945,0.0020535695,0.38127136,0.048018374,0.042594917,0.89801234,0.03832148,0.012688361,0.0029333937,0.0018958872,0.01218958,0.051529348,0.0028520373,0.57621825,0.0009315705,0.08886,0.009495668,0.017104194,0.0012888074,0.037138384,0.9144244,0.094175026,-5.0132875,33.515877,-2.5105815,9.450744,-12.584613,2.2732055,-0.75069654,18.007345,-0.79119754,0.35811406,32.09138840070299,35.81722319859403,79.85940246045695,78.20738137082601,63.44463971880493,16.94200351493849,76.60808435852373,55.53602811950791,47.59226713532514,99.89455184534272,98.89279437609842,97.60984182776802,55.2548330404218,42.03866432337434,15.676625659050968,9.349736379613358,20.878734622144115,5.869947275922672,67.66256590509667,17.363796133567664,31.247803163444644,22.56590509666081,85.86994727592268,31.353251318101936,8.330404217926187,26.22144112478032,79.15641476274166,25.51845342706503,18.910369068541304,17.855887521968366,41.0896309314587,22.56590509666081,35.50087873462215,37.08260105448155,14.094903339191566,40.77328646748682,50.12302284710018,51.77504393673111,14.657293497363797,54.55184534270651,96.3444639718805,30.896309314586997,44.63971880492092,51.880492091388405,21.61687170474517,39.015817223198596,50.61511423550088,39.36731107205624,20.562390158172235,8.014059753954307,86.25659050966608,38.73462214411248
COC(C(C)CCC(=O)SCC(S)OO)C(C)(C)C,310.4810000000001,3.469100000000002,6,2,4.0,0.31107203178622495,3,55.760000000000005,0,5,3,0.72977996,0.74640006,0.76796496,0.0013287751,0.042385705,0.08428382,0.0058104144,0.23706432,0.016620455,0.5832855,0.021907657,0.21966963,0.04921577,0.051425446,0.9642296,0.028311417,0.007464771,0.0011933416,0.016005851,0.05095517,0.08283585,0.037511416,0.89665926,0.018912097,0.22578347,0.014793729,0.055932038,0.023640031,0.05468122,0.9135294,0.2637509,-4.4916124,127.232666,103.077225,27.248638,-7.3412147,2.3210764,2.85506,79.05553,-3.865872,6.378616,44.00702987697716,68.75219683655537,72.46045694200352,61.37082601054482,63.44463971880493,21.687170474516698,76.60808435852373,35.04393673110721,47.59226713532514,99.89455184534272,98.89279437609842,92.40773286467487,52.68892794376099,44.25307557117751,15.254833040421794,37.85588752196837,32.056239015817226,24.323374340949037,71.8804920913884,32.23198594024605,65.30755711775045,41.23022847100176,63.44463971880493,31.77504393673111,10.123022847100177,32.75922671353251,74.23550087873463,12.231985940246046,10.193321616871705,46.99472759226714,75.78207381370827,46.99472759226714,76.27416520210897,64.78031634446398,38.03163444639719,64.74516695957821,59.050966608084366,74.44639718804922,44.63971880492092,61.89806678383129,96.3444639718805,47.80316344463972,82.24956063268894,94.48154657293499,90.65026362038665,66.32688927943761,87.06502636203867,42.108963093145874,77.04745166959579,55.04393673110721,34.97363796133568,79.82425307557118
COC(C(C)CCC(=O)SCC(S)OO)C1CCNCC1,337.5070000000002,2.4226,7,3,4.0,0.25981940969963174,3,67.79,0,5,3,0.63129026,0.6441985,0.670538,0.00029242213,0.0135376705,0.030965572,0.0014794947,0.1880648,0.0137949735,0.21611294,0.010329721,0.20745103,0.03488072,0.024160603,0.9256772,0.011545471,0.012789833,0.0017076634,0.0021627755,0.011448639,0.06098907,0.001063572,0.5955217,0.008209973,0.048189677,0.002223683,0.009621131,0.001802217,0.0074722134,0.90391225,0.18777761,-5.0457625,27.206741,2.6135738,13.374949,-12.870503,2.6958237,-0.46140537,23.692268,-1.2327923,1.6845974,51.00175746924429,50.896309314587,79.85940246045695,78.20738137082601,63.44463971880493,16.133567662565905,76.60808435852373,45.18453427065027,47.59226713532514,99.89455184534272,98.89279437609842,87.97891036906854,43.831282952548335,29.173989455184536,9.138840070298771,20.07029876977153,16.098418277680143,11.142355008787348,66.25659050966608,29.420035149384887,28.506151142355012,34.797891036906854,60.94903339191565,23.09314586994728,5.6942003514938495,28.154657293497365,51.03690685413006,25.623901581722322,13.321616871704746,19.507908611599298,39.613356766256594,31.634446397188054,19.261862917398947,37.99648506151143,31.528998242530758,26.29173989455185,25.30755711775044,40.52724077328647,17.680140597539545,25.623901581722322,95.74692442882251,41.0896309314587,42.6713532513181,45.659050966608085,26.643233743409493,46.29173989455185,48.611599297012305,65.65905096660809,24.18277680140598,11.17750439367311,81.195079086116,52.72407732864675
COC(C=O)C(C)CCC(=O)SCC(S)OO,282.38300000000004,1.6219000000000001,7,2,4.0,0.22005636200979395,3,72.83000000000001,0,6,4,0.9368377,0.87675226,0.83633316,0.0035053093,0.018469136,0.15010689,0.0027367754,0.09745343,0.0031268783,0.49806756,0.0061550573,0.4062787,0.06497048,0.23748179,0.97888124,0.04680847,0.007734717,0.0030043582,0.0063918545,0.016923929,0.049982034,0.031733643,0.7521753,0.0022143568,0.19077422,0.029976388,0.06298226,0.0039485106,0.08292098,0.8977803,0.058770735,-4.4853826,87.991844,51.6509,3.652063,-10.654724,2.2469475,1.1540823,47.103477,-1.8807395,0.18987894,35.36028119507909,39.472759226713535,79.85940246045695,61.37082601054482,63.44463971880493,12.829525483304044,76.60808435852373,48.80492091388401,47.59226713532514,99.98242530755712,99.68365553602813,98.31282952548331,65.41300527240774,59.75395430579965,21.86291739894552,24.18277680140598,55.85237258347979,16.449912126537786,46.889279437609844,9.595782073813709,55.71177504393673,31.036906854130056,87.94376098418279,38.98066783831283,38.277680140597546,35.67662565905097,82.84710017574693,12.899824253075572,19.297012302284713,33.35676625659051,49.876977152899826,21.40597539543058,74.1652021089631,47.90861159929702,20.175746924428825,60.35149384885765,69.94727592267137,76.69595782073814,26.186291739894553,69.77152899824253,94.90333919156416,26.115992970123024,82.42530755711776,83.44463971880492,69.84182776801407,28.57644991212654,65.62390158172232,37.78558875219684,47.697715289982426,25.90509666080844,72.75922671353251,36.871704745166966
CCOC(OC)C(C)CCC(=O)SCC(S)OO,298.426,2.4170000000000003,7,2,4.0,0.279394125208035,3,64.99000000000001,0,5,3,0.8906442,0.8448512,0.86997664,0.0006025865,0.014533708,0.10183791,0.0016514389,0.1499882,0.002591786,0.52641016,0.005083699,0.22253099,0.053992372,0.14292768,0.98187846,0.029474031,0.010971254,0.0013182103,0.004776121,0.014927661,0.048523203,0.018542847,0.83140004,0.005286632,0.1304422,0.0119519755,0.032680113,0.0044768685,0.047749624,0.8768495,0.087013654,-4.4303994,105.60769,68.504974,16.262726,-9.414064,2.232495,1.6871309,55.078156,-2.2892444,3.7959702,39.929701230228474,50.82601054481547,79.85940246045695,61.37082601054482,63.44463971880493,17.750439367311074,76.60808435852373,43.198594024604574,47.59226713532514,99.89455184534272,98.89279437609842,97.22319859402461,61.792618629173994,68.6115992970123,11.70474516695958,21.124780316344467,37.926186291739896,11.985940246045695,60.35149384885765,8.224956063268893,58.699472759226715,29.173989455184536,64.11247803163445,33.84885764499121,26.22144112478032,36.555360281195085,74.86818980667839,20.52724077328647,11.072056239015819,29.420035149384887,46.81898066783832,19.964850615114237,66.74868189806679,55.07908611599297,27.416520210896312,51.03690685413006,55.07908611599297,63.40949033391916,27.662565905096663,59.507908611599305,92.93497363796135,29.982425307557122,86.0456942003515,89.84182776801407,80.07029876977154,51.84534270650264,74.20035149384887,36.871704745166966,56.555360281195085,32.23198594024605,65.79964850615114,68.01405975395431
C=CCC(OC)C(C)CCC(=O)SCC(S)OO,294.438,2.9991000000000017,6,2,4.0,0.21320284554036636,3,55.760000000000005,0,6,3,0.83756924,0.8708044,0.7698509,0.008404149,0.062495947,0.16052021,0.010968708,0.19930084,0.019857237,0.6006088,0.034927726,0.35273162,0.084150136,0.13465658,0.9893676,0.039193887,0.008325684,0.0050415895,0.012220331,0.024327667,0.05321298,0.043412443,0.8673657,0.012130501,0.21758623,0.025781805,0.088160574,0.011475644,0.061161786,0.89903754,0.22620876,-4.4605455,115.66691,84.866714,12.411,-8.013295,2.3595228,2.4833014,70.25861,-3.0222964,2.835484,38.80492091388401,61.335676625659055,72.46045694200352,61.37082601054482,63.44463971880493,12.478031634446399,76.60808435852373,35.04393673110721,47.59226713532514,99.98242530755712,98.89279437609842,95.74692442882251,64.49912126537787,44.67486818980668,28.927943760984185,43.7609841827768,59.507908611599305,33.18101933216169,67.76801405975397,34.797891036906854,67.87346221441125,45.62390158172232,83.3743409490334,46.0456942003515,24.639718804920918,39.36731107205624,79.68365553602813,13.989455184534272,27.662565905096663,43.12829525483304,59.12126537785589,24.11247803163445,78.34797891036908,59.789103690685415,34.76274165202109,63.831282952548335,67.83831282952549,81.6871704745167,36.90685413005273,63.55008787346222,95.11423550087875,44.8506151142355,84.42882249560634,92.26713532513182,86.08084358523726,44.39367311072056,83.69068541300528,44.463971880492096,70.68541300527241,46.22144112478032,52.37258347978911,61.792618629173994
COC(c1ccccn1)C(C)CCC(=O)SCC(S)OO,331.45899999999995,3.190700000000002,7,2,4.0,0.31340639228496897,3,68.65,0,5,3,0.7396777,0.7998839,0.8240465,0.014685983,0.16625515,0.20689383,0.036738675,0.15913495,0.031034958,0.5935375,0.10022803,0.31242618,0.12854496,0.32332158,0.9947051,0.027901655,0.012223175,0.01860949,0.0396742,0.02748682,0.07427673,0.03714644,0.8163538,0.035110705,0.20903273,0.029917046,0.09107295,0.02447654,0.06272315,0.7752662,0.29021734,-4.699544,83.33998,57.800194,4.895293,-11.2212925,2.659385,1.6752748,57.00814,-2.1008523,1.5878744,49.49033391915642,64.14762741652022,79.85940246045695,61.37082601054482,63.44463971880493,22.073813708260108,76.60808435852373,45.51845342706503,47.59226713532514,99.89455184534272,98.89279437609842,92.79437609841828,57.328646748681905,56.44991212653779,34.20035149384886,61.335676625659055,71.52899824253076,50.68541300527241,62.17926186291741,41.47627416520211,66.85413005272409,58.277680140597546,78.69947275922672,57.57469244288225,44.71001757469244,44.00702987697716,73.84885764499121,23.936731107205627,48.33040421792619,59.89455184534271,61.6871704745167,42.24956063268893,76.13356766256591,53.35676625659051,42.6713532513181,62.67135325131811,69.9121265377856,82.2847100175747,44.920913884007035,64.00702987697716,82.31985940246047,49.73637961335677,66.67838312829527,81.26537785588754,73.67311072056239,30.896309314586997,61.08963093145871,63.47978910369069,56.30931458699473,33.5676625659051,69.45518453427066,52.16168717047452
COC(c1cccc(Cl)c1)C(C)CCC(=O)SCC(S)OO,364.916,4.449100000000004,6,2,4.0,0.2932498978773578,3,55.760000000000005,0,5,3,0.712525,0.893136,0.75850755,0.21407512,0.6176796,0.2519364,0.2112861,0.28798997,0.35752183,0.7721651,0.52432895,0.32616392,0.16813348,0.335701,0.9990813,0.032232214,0.01016753,0.060787432,0.14347029,0.051390015,0.105616525,0.10456214,0.94346744,0.2596227,0.39003256,0.062872544,0.17067619,0.20404527,0.14072463,0.8302883,0.74291337,-4.681905,106.04885,83.06062,35.267597,-9.619763,2.518432,3.4113312,92.29234,-4.2177267,8.986395,57.22319859402461,83.23374340949034,72.46045694200352,61.37082601054482,63.44463971880493,19.261862917398947,76.60808435852373,35.04393673110721,47.59226713532514,99.89455184534272,98.89279437609842,91.56414762741653,67.6274165202109,42.284710017574696,66.67838312829527,89.13884007029878,80.24604569420036,76.37961335676626,76.13356766256591,80.14059753954307,89.84182776801407,83.47978910369069,80.45694200351494,65.3427065026362,45.694200351493855,57.012302284710024,76.37961335676626,18.558875219683657,65.37785588752197,81.12478031634447,75.88752196836556,59.54305799648507,88.43585237258348,76.06326889279438,66.36203866432338,77.3286467486819,80.17574692442884,90.72056239015818,74.23550087873463,78.91036906854131,87.94376098418279,74.90333919156416,68.08435852372584,89.98242530755712,85.5536028119508,72.54833040421794,73.00527240773287,54.833040421792624,87.10017574692444,73.25131810193322,27.768014059753956,87.66256590509667
COC(c1ccsc1)C(C)CCC(=O)SCC(S)OO,336.5,3.857200000000002,7,2,4.0,0.31033652015350943,3,55.760000000000005,0,5,3,0.84760475,0.8538667,0.7441083,0.1384255,0.4094678,0.21928859,0.11154709,0.24522004,0.20028774,0.73432434,0.3762393,0.3455904,0.1665887,0.2991874,0.9970641,0.06740516,0.011897075,0.054765485,0.09949806,0.06525164,0.09818356,0.11766851,0.90254277,0.09107046,0.42638302,0.110044494,0.22276326,0.11366743,0.18500029,0.8584088,0.5990742,-4.682388,111.30949,84.7913,4.8450866,-10.357495,2.4476063,2.5737822,77.79221,-3.1692708,2.7476294,50.72056239015818,74.76274165202109,79.85940246045695,61.37082601054482,63.44463971880493,21.581722319859406,76.60808435852373,35.04393673110721,47.59226713532514,99.89455184534272,98.89279437609842,96.06326889279438,62.49560632688929,40.03514938488577,60.456942003514946,81.51142355008788,73.98945518453428,67.20562390158173,72.58347978910369,71.31810193321617,85.20210896309315,77.82073813708261,82.46045694200352,65.16695957820738,42.98769771528999,48.08435852372584,86.99472759226714,23.233743409490337,63.971880492091394,75.11423550087873,80.42179261862918,55.71177504393673,89.8066783831283,65.79964850615114,51.739894551845346,79.22671353251319,87.27592267135326,92.9701230228471,66.01054481546574,83.05799648506152,90.7908611599297,67.31107205623903,68.04920913884007,91.31810193321617,86.08084358523726,30.755711775043938,67.76801405975397,50.61511423550088,72.44288224956064,53.743409490333924,48.787346221441126,61.019332161687174
COC(C(C)CCC(=O)SCC(S)OO)N(C)C,297.44200000000006,1.9421,7,2,4.0,0.2934992312600187,3,59.00000000000001,0,5,3,0.8040592,0.669361,0.78292537,0.00021398393,0.004563962,0.035551444,0.0004089051,0.20478065,0.0045072935,0.22753744,0.0011186651,0.24423394,0.03998897,0.021408139,0.88732207,0.017733019,0.010361973,0.00064401614,0.0011638176,0.0126505215,0.0543951,0.0024209502,0.630778,0.0012534984,0.059240825,0.0040355376,0.008927547,0.0010124177,0.016801737,0.9126919,0.090713814,-4.6803007,62.943665,27.113485,13.098096,-11.452594,2.2969315,0.16584936,31.3473,-1.5157232,2.0957406,39.68365553602812,43.831282952548335,79.85940246045695,61.37082601054482,63.44463971880493,19.261862917398947,76.60808435852373,37.6274165202109,47.59226713532514,99.89455184534272,98.89279437609842,94.90333919156416,45.9402460456942,47.34622144112478,8.471001757469246,7.908611599297013,17.996485061511425,4.323374340949034,68.50615114235501,14.059753954305801,30.439367311072058,18.629173989455186,67.55711775043937,26.256590509666083,5.413005272407734,25.83479789103691,63.057996485061516,19.05096660808436,7.240773286467488,12.40773286467487,42.35500878734622,25.342706502636204,32.30228471001758,39.929701230228474,16.063268892794376,31.177504393673114,35.149384885764505,38.87521968365554,12.934973637961336,38.523725834797894,96.30931458699473,30.333919156414765,68.11950790861161,71.35325131810194,51.52899824253076,45.72934973637962,59.29701230228471,40.562390158172235,33.25131810193322,15.571177504393674,77.15289982425308,56.06326889279438
COC(NC(C)=O)C(C)CCC(=O)SCC(S)OO,311.42499999999995,1.5165999999999997,7,3,4.0,0.2590247037260942,3,84.86,0,5,3,0.8468369,0.7607442,0.8515528,0.00022611588,0.0033411,0.08631571,0.00037497253,0.09078258,0.0018244621,0.35393575,0.0013252012,0.26992637,0.05236584,0.1151587,0.95508784,0.023375224,0.011102634,0.00063660834,0.0011615754,0.008099727,0.04512666,0.004160336,0.56583333,0.0009508672,0.05157886,0.004123725,0.011271638,0.0004983995,0.022260787,0.8505953,0.046066232,-4.8261075,59.285297,28.750034,3.71796,-13.217191,2.16503,0.28888553,35.149315,-1.5422481,0.09237699,44.147627416520216,37.71528998242531,79.85940246045695,78.20738137082601,63.44463971880493,16.063268892794376,76.60808435852373,57.9261862917399,47.59226713532514,99.89455184534272,98.89279437609842,96.06326889279438,53.77855887521969,64.00702987697716,8.506151142355009,5.834797891036907,32.54833040421793,4.1124780316344465,44.63971880492092,5.869947275922672,41.968365553602816,20.14059753954306,72.58347978910369,33.11072056239016,21.33567662565905,31.247803163444644,69.94727592267137,20.91388400702988,7.205623901581723,12.33743409490334,29.736379613356767,17.012302284710017,42.1792618629174,36.69595782073814,14.165202108963094,28.084358523725836,35.571177504393674,43.33919156414763,8.084358523725836,44.3585237258348,89.77152899824254,23.374340949033392,57.36379613356767,69.98242530755712,53.25131810193322,28.752196836555363,46.60808435852373,32.61862917398946,34.44639718804921,17.820738137082603,76.90685413005274,36.02811950790861
COC(c1cccc(F)c1)C(C)CCC(=O)SCC(S)OO,348.461,3.9348000000000023,6,2,4.0,0.30639860034632516,3,55.760000000000005,0,5,3,0.7867664,0.8939435,0.7772762,0.08078788,0.45343876,0.22998933,0.11322496,0.26600963,0.19117254,0.74757254,0.3975808,0.29418224,0.15883511,0.2993071,0.9989297,0.03340297,0.012179159,0.037396803,0.087171905,0.043808,0.10056219,0.07921766,0.93459547,0.17738357,0.31823784,0.053266972,0.13184471,0.105633795,0.10256638,0.8344175,0.6443292,-4.5524817,104.66118,79.24798,16.798038,-9.090535,2.5350113,2.9431221,81.879105,-3.5937748,4.0626755,53.145869947275926,76.2390158172232,72.46045694200352,61.37082601054482,63.44463971880493,20.91388400702988,76.60808435852373,35.04393673110721,47.59226713532514,99.89455184534272,98.89279437609842,94.69244288224957,67.69771528998243,46.18629173989456,52.653778558875224,83.33919156414764,75.99297012302286,67.41652021089631,74.41124780316345,70.82601054481547,86.99472759226714,78.6291739894552,76.2390158172232,63.65553602811951,43.02284710017575,55.95782073813709,76.80140597539544,23.90158172231986,58.24253075571178,73.11072056239017,72.54833040421794,57.012302284710024,85.51845342706504,73.81370826010546,60.140597539543066,71.91564147627417,78.34797891036908,87.6274165202109,65.13181019332163,73.77855887521969,88.08435852372584,69.59578207381371,77.82073813708261,89.45518453427066,83.90158172231986,52.513181019332166,76.41476274165203,55.7469244288225,78.66432337434095,57.9261862917399,40.31634446397189,69.59578207381371
COC(c1ccoc1)C(C)CCC(=O)SCC(S)OO,320.43199999999996,3.3887000000000023,7,2,4.0,0.3145162970214249,3,68.9,0,5,3,0.7606979,0.7998209,0.7789191,0.021322127,0.26738566,0.17923033,0.063590236,0.16948803,0.06334213,0.65241754,0.28780097,0.27899855,0.12686366,0.27932382,0.9979454,0.030175185,0.011323988,0.020277172,0.05549813,0.034934588,0.07202551,0.045435738,0.8681992,0.053429164,0.2668877,0.034166876,0.12921879,0.03412436,0.069736764,0.789005,0.4161252,-4.6311836,88.04071,64.42214,9.683602,-10.744931,2.7062554,2.1143029,66.443436,-2.697834,2.3684216,47.17047451669596,67.24077328646749,79.85940246045695,61.37082601054482,63.44463971880493,22.144112478031637,76.60808435852373,45.659050966608085,47.59226713532514,99.89455184534272,98.89279437609842,93.70826010544816,57.328646748681905,46.467486818980674,37.68014059753955,71.59929701230229,65.09666080843586,58.840070298769774,63.62038664323375,52.89982425307558,74.20035149384887,73.28646748681899,74.0597539543058,57.29349736379614,41.44112478031635,50.22847100175748,75.46572934973639,21.511423550087876,49.279437609841835,65.76449912126539,67.10017574692444,40.66783831282953,78.80492091388402,59.789103690685415,46.5377855887522,68.01405975395431,71.59929701230229,87.27592267135326,49.595782073813716,66.4323374340949,83.93673110720563,58.418277680140605,71.52899824253076,83.44463971880492,77.71528998242532,39.40246045694201,64.88576449912127,66.29173989455185,64.3585237258348,42.49560632688928,57.68014059753955,58.20738137082601
COC(C(C)CCC(=O)SCC(S)OO)C1CCCC1,322.4920000000002,3.6132000000000017,6,2,4.0,0.29383946582523146,3,55.760000000000005,0,5,3,0.759252,0.89944667,0.7281082,0.011114205,0.13960135,0.14614525,0.025498014,0.29726905,0.092372075,0.68940604,0.14666736,0.22402652,0.12244115,0.12037637,0.9959502,0.020765185,0.009294363,0.008985892,0.035566326,0.037360393,0.08674489,0.044706903,0.92317355,0.10717378,0.26243925,0.017732661,0.104483925,0.054876,0.05995863,0.902486,0.5201924,-4.585633,116.746056,94.039406,16.860783,-8.113735,2.4186711,3.1041102,85.13301,-4.080307,4.0921454,47.34622144112478,71.21265377855889,72.46045694200352,61.37082601054482,63.44463971880493,19.297012302284713,76.60808435852373,35.04393673110721,47.59226713532514,99.89455184534272,98.89279437609842,93.60281195079087,68.57644991212655,37.293497363796135,31.353251318101936,58.17223198594025,54.692442882249566,45.27240773286468,76.62565905096662,58.98066783831283,79.22671353251319,63.44463971880493,64.28822495606327,56.344463971880494,22.144112478031637,46.010544815465735,67.06502636203867,16.590509666080845,37.609841827768015,58.523725834797894,69.03339191564149,49.2091388400703,78.66432337434095,70.40421792618629,53.63796133567663,67.7328646748682,62.17926186291741,84.60456942003516,55.99297012302285,63.26889279437611,95.57117750439369,63.93673110720563,75.21968365553603,92.44288224956064,88.64674868189807,52.61862917398946,83.19859402460457,48.26010544815466,81.23022847100177,61.44112478031635,30.544815465729354,69.59578207381371
COC(C(C)O)C(C)CCC(=O)SCC(S)OO,298.426,1.8038,7,3,4.0,0.26076704901969633,4,75.99000000000001,0,5,3,0.79438,0.7188313,0.8034853,0.0008515919,0.023231894,0.09695619,0.003785145,0.11214928,0.0052556708,0.3996277,0.0075113,0.2701065,0.044309713,0.12152265,0.94679517,0.036442086,0.010283576,0.0018807631,0.0060423296,0.020888727,0.053851474,0.028877497,0.67707783,0.004584608,0.13372068,0.016395018,0.04458748,0.005265086,0.05330392,0.8673876,0.08576007,-4.6059704,79.712654,40.095165,13.924799,-11.603444,2.1280556,0.97810996,43.37568,-1.6796358,3.7163796,39.929701230228474,41.72231985940246,79.85940246045695,78.20738137082601,63.44463971880493,16.2390158172232,81.28295254833041,51.45869947275923,47.59226713532514,99.89455184534272,98.89279437609842,94.79789103690686,50.12302284710018,51.564147627416524,13.11072056239016,27.55711775043937,36.30931458699473,19.578207381370827,50.82601054481547,16.379613356766257,46.010544815465735,32.4780316344464,72.65377855887523,29.138840070298773,22.39015817223199,30.615114235500883,78.55887521968366,18.910369068541304,13.954305799648507,32.26713532513181,55.53602811950791,24.74516695957821,73.00527240773287,42.53075571177505,26.362038664323375,51.52899824253076,60.98418277680141,70.15817223198594,29.173989455184536,61.335676625659055,91.9859402460457,29.806678383128297,73.60281195079087,79.57820738137083,61.89806678383129,47.27592267135326,57.961335676625666,30.052724077328648,45.30755711775044,22.987697715289986,75.21968365553603,67.45166959578208
COC(C=CI)C(C)CCC(=O)SCC(S)OO,406.3070000000001,3.371700000000002,6,2,4.0,0.20224731395244058,3,55.760000000000005,0,6,3,0.94623536,0.86179096,0.74713516,0.017553288,0.08636234,0.15261345,0.013555063,0.15426393,0.03029581,0.62842673,0.03843691,0.4395818,0.10184983,0.17089531,0.97885484,0.088394545,0.007932242,0.0076744542,0.029176753,0.059436284,0.06944234,0.09850341,0.82443845,0.0074924426,0.43599862,0.100430705,0.19296327,0.03700746,0.19716829,0.914491,0.22594795,-4.5778174,69.16205,63.97001,30.731466,-10.111764,3.3620276,2.7668083,75.71209,-3.4823685,6.5727897,66.88927943760984,66.88927943760984,72.46045694200352,61.37082601054482,63.44463971880493,11.775043936731109,76.60808435852373,35.04393673110721,47.59226713532514,99.98242530755712,98.89279437609842,98.34797891036908,63.09314586994728,40.52724077328647,35.71177504393673,49.52548330404218,56.80140597539543,36.098418277680146,61.335676625659055,41.26537785588753,70.82601054481547,46.783831282952555,90.12302284710019,51.247803163444644,30.720562390158175,35.67662565905097,89.45518453427066,13.145869947275925,34.6572934973638,55.149384885764505,78.98066783831284,38.91036906854131,87.66256590509667,54.41124780316345,30.861159929701234,79.7188049209139,85.86994727592268,91.81019332161688,50.93145869947276,84.53427065026362,96.3444639718805,44.8506151142355,75.85237258347979,74.30579964850615,77.4340949033392,68.85764499121267,69.77152899824253,91.9859402460457,75.67662565905097,51.66959578207382,42.39015817223199,80.63268892794378
COC(C(C)CCC(=O)SCC(S)OO)N1CCOCC1,339.4790000000002,1.7127,8,2,4.0,0.2867973369496873,3,68.23,0,5,3,0.8124019,0.7207728,0.7346799,0.00030605233,0.028817777,0.05799042,0.0027058534,0.13035914,0.008888112,0.33240938,0.009952994,0.26296327,0.07981855,0.07995544,0.9541416,0.022487594,0.01260371,0.0015226237,0.0025562397,0.015972277,0.066348836,0.005782932,0.65025127,0.007649147,0.10468165,0.008339362,0.018249039,0.0013762544,0.02861253,0.87780493,0.16453737,-4.7326,76.65713,41.905903,12.031464,-12.178134,2.219003,0.6959243,38.472607,-1.7784249,2.7480602,51.493848857645,40.35149384885765,84.51669595782074,61.37082601054482,63.44463971880493,18.523725834797894,76.60808435852373,45.342706502636204,47.59226713532514,99.89455184534272,98.89279437609842,95.1493848857645,50.298769771529,38.242530755711776,9.173989455184534,31.247803163444644,24.67486818980668,16.379613356766257,56.344463971880494,23.79613356766257,40.28119507908612,34.516695957820744,71.28295254833041,44.07732864674868,15.500878734622145,31.177504393673114,69.10369068541301,25.27240773286468,12.513181019332162,21.40597539543058,48.40070298769772,36.063268892794376,48.04920913884008,41.0896309314587,31.07205623901582,45.30755711775044,47.0298769771529,52.93497363796134,15.53602811950791,49.595782073813716,93.0755711775044,38.73462214411248,64.21792618629175,78.34797891036908,63.057996485061516,43.831282952548335,53.49736379613357,36.16871704745167,41.40597539543058,19.472759226713535,74.23550087873463,61.019332161687174
COC(c1ccccc1C)C(C)CCC(=O)SCC(S)OO,344.498,4.104120000000003,6,2,4.0,0.30558699920246857,3,55.760000000000005,0,5,3,0.7806668,0.90379584,0.7707435,0.071112216,0.48992795,0.22062564,0.1215178,0.28318894,0.18781099,0.7755787,0.4494279,0.27257627,0.1509455,0.29023305,0.998919,0.0260305,0.011042135,0.03369569,0.09424624,0.048390623,0.10450359,0.07941353,0.9508072,0.25011826,0.34352037,0.051034532,0.13756748,0.13618357,0.093843006,0.83775234,0.6996511,-4.7014832,113.45821,92.642784,9.164259,-9.56432,2.5034785,3.0687056,86.26937,-3.742869,3.3157597,52.653778558875224,78.34797891036908,72.46045694200352,61.37082601054482,63.44463971880493,20.808435852372586,76.60808435852373,35.04393673110721,47.59226713532514,99.89455184534272,98.89279437609842,94.37609841827769,69.42003514938489,44.88576449912127,50.896309314587,84.81546572934974,74.13005272407733,68.43585237258348,75.78207381370827,70.68541300527241,90.01757469244289,80.52724077328648,72.9701230228471,62.108963093145874,42.35500878734622,55.88752196836556,72.26713532513182,20.808435852372586,56.80140597539543,74.23550087873463,74.6572934973638,59.050966608084366,85.58875219683657,79.0158172231986,65.48330404217927,73.74340949033393,77.89103690685414,88.29525483304043,68.2249560632689,72.23198594024605,88.40070298769773,71.95079086115993,66.60808435852373,91.8804920913884,88.29525483304043,38.242530755711776,73.25131810193322,54.059753954305805,80.98418277680142,63.198594024604574,37.434094903339194,65.02636203866433
COC(N=[N+]=[N-])C(C)CCC(=O)SCC(S)OO,295.38599999999997,2.6908000000000007,7,2,4.0,0.1293579215545015,3,104.52000000000001,1,8,4,0.9951272,0.85449684,0.8203595,0.007828872,0.03792822,0.06893484,0.0029384368,0.084901616,0.0062075714,0.5412814,0.009018734,0.47098047,0.0537961,0.28029308,0.9541135,0.06037547,0.00443412,0.005696928,0.008565501,0.028543066,0.062220912,0.026712155,0.7113994,0.001056743,0.30474356,0.057685215,0.08366387,0.010166264,0.15010656,0.96131724,0.09478553,-4.6327443,75.91831,61.263313,-0.91460264,-10.990442,2.8208697,1.3607122,48.584503,-2.2180562,-1.6671097,39.015817223198596,56.239015817223205,79.85940246045695,61.37082601054482,63.44463971880493,6.537785588752198,76.60808435852373,70.40421792618629,97.39894551845343,100.00000000000001,99.68365553602813,99.92970123022847,62.56590509666081,55.39543057996485,28.506151142355012,35.782073813708266,27.697715289982426,17.223198594024606,43.16344463971881,18.594024604569423,60.105448154657296,33.708260105448154,92.12653778558877,33.81370826010545,41.511423550087876,31.177504393673114,85.83479789103691,4.6045694200351495,29.314586994727595,37.609841827768015,62.35500878734623,32.75922671353251,71.9859402460457,44.67486818980668,14.727592267135327,70.7908611599297,79.08611599297014,80.94903339191565,35.95782073813709,79.82425307557118,98.66432337434095,31.00175746924429,71.42355008787347,77.96133567662567,75.7469244288225,20.45694200351494,62.84710017574693,73.21616871704745,51.107205623901585,26.959578207381373,67.20562390158173,20.351493848857647
COC(C(C)CCC(=O)SCC(S)OO)C1CCC1,308.46500000000015,3.2231000000000014,6,2,4.0,0.2963527166793852,3,55.760000000000005,0,5,3,0.7963752,0.89934427,0.7502424,0.008523609,0.11191726,0.149544,0.018605355,0.25935093,0.05688951,0.6724084,0.100961074,0.24183664,0.11271775,0.12075575,0.99511087,0.027515128,0.009658833,0.0072471574,0.024977036,0.033534452,0.079193674,0.04434261,0.9123368,0.05838071,0.23766167,0.021001803,0.09453098,0.032250088,0.063227944,0.90151006,0.41900977,-4.5313125,111.22221,85.578896,16.005753,-8.277477,2.4399576,2.7914963,78.284164,-3.6650817,3.44313,43.2688927943761,64.71001757469244,72.46045694200352,61.37082601054482,63.44463971880493,19.75395430579965,76.60808435852373,35.04393673110721,47.59226713532514,99.89455184534272,98.89279437609842,94.90333919156416,68.54130052724078,40.84358523725835,29.103690685413007,53.70826010544816,55.57117750439368,40.28119507908612,74.02460456942003,51.247803163444644,77.04745166959579,58.383128295254835,67.17047451669596,54.13005272407733,22.1792618629174,44.604569420035155,73.60281195079087,17.3286467486819,33.67311072056239,53.35676625659051,66.0456942003515,44.604569420035155,78.48857644991213,67.94376098418279,47.521968365553604,65.86994727592268,65.09666080843586,82.98769771528998,48.57644991212654,64.04217926186293,95.57117750439369,58.45342706502637,79.40246045694201,91.31810193321617,86.36203866432338,51.3884007029877,81.86291739894553,49.701230228471005,76.06326889279438,54.09490333919157,39.05096660808436,65.58875219683657
COC(C(C)CCC(=O)SCC(S)OO)C(O)CO,314.42500000000007,0.7762,8,4,4.0,0.20469233993884273,4,96.22000000000001,0,5,3,0.7272495,0.55037487,0.7556666,0.00046386206,0.013818887,0.06407685,0.002835289,0.073054396,0.0026825392,0.29263014,0.0072611296,0.22417393,0.04007905,0.12355524,0.82731235,0.034644004,0.012593573,0.0019113829,0.0037983179,0.017053906,0.04938849,0.009548496,0.4191374,0.0034422078,0.08790573,0.010050854,0.022218723,0.002288612,0.03099013,0.8141206,0.0630311,-4.971606,66.55095,26.397217,9.128765,-15.010234,1.9354923,0.44396123,39.406273,-1.3975456,3.1692104,45.30755711775044,29.736379613356767,84.51669595782074,86.90685413005274,63.44463971880493,11.880492091388401,81.28295254833041,65.76449912126539,47.59226713532514,99.89455184534272,98.89279437609842,92.26713532513182,36.62565905096661,41.75746924428823,10.650263620386644,20.421792618629176,26.22144112478032,16.906854130052725,38.94551845342707,8.541300527240773,37.01230228471002,32.12653778558875,64.3585237258348,26.256590509666083,22.671353251318102,23.40949033391916,77.5395430579965,25.237258347978912,14.024604569420037,26.29173989455185,50.12302284710018,20.84358523725835,57.29349736379614,30.68541300527241,24.18277680140598,40.63268892794377,51.17750439367312,57.04745166959579,19.964850615114237,51.35325131810194,86.25659050966608,26.889279437609844,47.66256590509666,73.32161687170475,50.966608084358526,38.20738137082601,35.21968365553603,20.562390158172235,37.293497363796135,20.0,78.76977152899825,64.07732864674868
COC(C(=O)N(C)C)C(C)CCC(=O)SCC(S)OO,325.452,1.5111999999999997,7,2,4.0,0.28960566940565824,3,76.07000000000001,0,5,3,0.90933895,0.7938198,0.8326437,0.0014178957,0.014302109,0.10130765,0.0019263258,0.12118312,0.0037557282,0.47215262,0.0074305683,0.272885,0.07261003,0.18325093,0.9662706,0.035147067,0.012119031,0.003362076,0.003991445,0.017352115,0.05744205,0.010846236,0.6948406,0.0022784665,0.11802908,0.017187541,0.030713564,0.0023506647,0.057983905,0.8558116,0.09742168,-4.637182,69.04437,39.721333,4.751503,-12.89502,2.382053,0.46164846,31.19823,-1.2082248,0.74244916,48.154657293497365,37.57469244288225,79.85940246045695,61.37082601054482,63.44463971880493,18.769771528998245,76.60808435852373,51.493848857645,47.59226713532514,99.89455184534272,98.89279437609842,97.64499121265379,56.555360281195085,58.558875219683664,15.711775043936733,20.91388400702988,37.71528998242531,13.462214411247805,53.427065026362044,12.196836555360282,52.68892794376099,32.30228471001758,72.9701230228471,41.37082601054482,32.40773286467487,33.07557117750439,77.96133567662567,23.760984182776802,21.370826010544818,26.78383128295255,50.50966608084359,28.014059753954307,59.367311072056246,43.72583479789104,20.45694200351494,48.54130052724078,61.75746924428823,62.70650263620387,20.316344463971884,62.7768014059754,90.54481546572936,31.247803163444644,71.14235500878735,74.30579964850615,61.6871704745167,30.615114235500883,48.40070298769772,45.76449912126538,37.750439367311074,15.465729349736382,81.33567662565906,43.02284710017575
COC(c1ccccc1Cl)C(C)CCC(=O)SCC(S)OO,364.916,4.449100000000004,6,2,4.0,0.2932498978773578,3,55.760000000000005,0,5,3,0.76702493,0.8926798,0.73965746,0.17282537,0.61530554,0.23659325,0.19374438,0.25893956,0.2887388,0.78074986,0.5103507,0.32281253,0.15028778,0.32853022,0.9989398,0.03947399,0.009963287,0.050240893,0.1383478,0.06340808,0.115475416,0.12529637,0.94346637,0.24465735,0.43107748,0.0771482,0.1992145,0.21000159,0.15773961,0.8458703,0.7147929,-4.648758,109.77323,88.289116,27.085678,-9.581439,2.5806787,3.347879,90.679955,-4.127008,7.141224,57.22319859402461,83.23374340949034,72.46045694200352,61.37082601054482,63.44463971880493,19.261862917398947,76.60808435852373,35.04393673110721,47.59226713532514,99.89455184534272,98.89279437609842,94.02460456942005,67.5219683655536,39.22671353251319,63.198594024604574,89.03339191564149,77.36379613356767,75.07908611599298,73.95430579964851,76.55536028119509,90.61511423550088,82.98769771528998,79.96485061511424,62.00351493848858,45.237258347978916,55.95782073813709,80.0,17.926186291739896,62.636203866432346,80.49209138840071,80.14059753954307,64.04217926186293,90.36906854130054,76.06326889279438,65.23725834797892,79.54305799648508,82.53075571177506,91.91564147627417,74.51669595782074,80.63268892794378,89.3145869947276,73.14586994727593,70.65026362038665,91.03690685413007,87.06502636203867,66.18629173989456,73.21616871704745,58.699472759226715,85.90509666080844,70.57996485061513,29.560632688927946,82.53075571177506
COC(C=CCl)C(C)CCC(=O)SCC(S)OO,314.856,3.1755000000000018,6,2,4.0,0.2961848094657698,3,55.760000000000005,0,5,3,0.94683516,0.8960743,0.7772499,0.01917233,0.102061614,0.16104296,0.012699699,0.15563193,0.02614973,0.6571903,0.04025275,0.4108096,0.091134995,0.19372967,0.9911524,0.07077585,0.0073241084,0.006876179,0.02498624,0.04149256,0.06269571,0.08155312,0.8786074,0.008215366,0.37622,0.07109949,0.15267774,0.027880842,0.1531776,0.9144982,0.21384373,-4.4949617,87.01162,68.08089,21.755856,-9.5353985,2.941824,2.393362,66.63552,-2.8227775,4.6219907,45.51845342706503,64.00702987697716,72.46045694200352,61.37082601054482,63.44463971880493,19.718804920913886,76.60808435852373,35.04393673110721,47.59226713532514,99.89455184534272,98.89279437609842,98.38312829525483,68.04920913884007,46.18629173989456,36.555360281195085,52.23198594024605,59.929701230228474,35.32513181019333,61.546572934973646,39.57820738137083,75.00878734622145,47.100175746924435,88.18980667838314,48.43585237258348,33.35676625659051,40.35149384885765,87.34622144112478,11.915641476274166,32.72407732864675,53.35676625659051,71.28295254833041,33.286467486818985,85.69420035149386,61.44112478031635,31.528998242530758,76.52021089630932,81.44112478031636,89.3145869947276,46.467486818980674,80.14059753954307,96.3444639718805,43.65553602811951,82.07381370826012,82.91739894551846,79.7188049209139,60.421792618629176,73.46221441124781,79.43760984182778,68.75219683655537,42.70650263620387,55.922671353251324,72.37258347978911
COC(CCO)C(C)CCC(=O)SCC(S)OO,298.426,1.8054,7,3,4.0,0.24707851480146345,3,75.99000000000001,0,5,3,0.83032,0.7950947,0.7951296,0.0017591845,0.018926414,0.11345744,0.0034766283,0.13498302,0.0048470907,0.45593357,0.0077927173,0.3172776,0.056622773,0.11355088,0.94989556,0.040322587,0.00897655,0.0023412595,0.0055185733,0.019735854,0.049434923,0.026232105,0.71603286,0.0049883435,0.14323865,0.018155288,0.047285903,0.004692816,0.056470435,0.8926684,0.09902059,-4.636576,82.688416,39.573914,16.184927,-11.475714,2.0447707,0.9556402,46.120457,-1.6819031,4.7267675,39.929701230228474,41.75746924428823,79.85940246045695,78.20738137082601,63.44463971880493,14.868189806678384,76.60808435852373,51.45869947275923,47.59226713532514,99.89455184534272,98.89279437609842,95.64147627416521,56.76625659050967,49.66608084358524,16.977152899824254,24.534270650263622,42.00351493848858,18.875219683655537,57.60984182776802,15.289982425307558,51.07205623901582,32.653778558875224,79.19156414762742,34.833040421792624,20.984182776801408,30.861159929701234,80.52724077328648,15.746924428822497,16.168717047451672,31.247803163444644,54.20035149384886,20.84358523725835,71.66959578207381,44.9560632688928,26.99472759226714,53.18101933216169,62.67135325131811,71.28295254833041,28.014059753954307,62.14411247803164,94.58699472759227,31.564147627416524,71.17750439367312,81.05448154657294,61.652021089630935,51.70474516695958,59.12126537785589,25.553602811950793,45.09666080843586,25.096660808435853,75.18453427065027,73.04042179261863
CNC(=O)C(OC)C(C)CCC(=O)SCC(S)OO,311.42499999999995,1.1689999999999992,7,3,4.0,0.2564725371972229,3,84.86,0,5,3,0.9026062,0.8012425,0.82723176,0.002692196,0.025879031,0.12214371,0.0041196607,0.100045994,0.0036611403,0.47249508,0.009334141,0.30106753,0.072979875,0.23666939,0.9775445,0.031514112,0.010472685,0.00459211,0.006064701,0.016857777,0.05454904,0.01421639,0.6593303,0.0027199208,0.12468652,0.019117003,0.039743178,0.0036994144,0.057456594,0.83906233,0.08349482,-4.858357,58.193565,29.069113,3.1626143,-13.938214,2.29077,0.3826759,34.30561,-1.3341408,0.26650494,44.147627416520216,33.81370826010545,79.85940246045695,78.20738137082601,63.44463971880493,15.782073813708262,76.60808435852373,57.9261862917399,47.59226713532514,99.89455184534272,98.89279437609842,97.50439367311073,57.36379613356767,57.36379613356767,20.246045694200355,29.420035149384887,46.326889279437616,20.597539543057998,47.697715289982426,11.739894551845344,52.68892794376099,34.059753954305805,77.22319859402461,41.54657293497364,38.20738137082601,35.39543057996485,76.06326889279438,19.402460456942006,25.940246045694202,32.337434094903344,49.84182776801406,25.483304042179263,63.514938488576455,41.61687170474517,22.10896309314587,49.701230228471005,63.47978910369069,67.7328646748682,25.37785588752197,62.46045694200352,88.54130052724078,29.525483304042183,55.21968365553603,69.34973637961336,53.427065026362044,27.697715289982426,41.93321616871705,40.17574692442883,36.239015817223205,17.293497363796135,79.64850615114236,37.68014059753955
COC(C(C)CCC(=O)SCC(S)OO)N1CCCC1,323.4800000000002,2.4763,7,2,4.0,0.29416910606099883,3,59.00000000000001,0,5,3,0.7238945,0.7819356,0.6369654,0.0003036282,0.016245658,0.052013345,0.0017622716,0.21262076,0.03523924,0.3119197,0.006437154,0.26013613,0.0853256,0.0259207,0.9380938,0.012967363,0.008861305,0.0010523977,0.0024477292,0.01649383,0.06328835,0.005583725,0.67838556,0.009469411,0.09951922,0.00523729,0.021041637,0.0030517709,0.020611588,0.92654306,0.26432443,-4.71736,61.88075,34.255226,13.82683,-11.2563715,2.6133466,0.6944006,40.397133,-1.8749634,2.5590515,47.557117750439375,51.95079086115994,79.85940246045695,61.37082601054482,63.44463971880493,19.36731107205624,76.60808435852373,37.6274165202109,47.59226713532514,99.89455184534272,98.89279437609842,92.19683655536029,55.50087873462215,25.76449912126538,9.173989455184534,22.601054481546576,22.95254833040422,12.442882249560634,69.34973637961336,43.831282952548335,38.66432337434095,31.318101933216173,70.57996485061513,46.5377855887522,5.869947275922672,29.595782073813712,54.235500878734626,15.430579964850617,9.068541300527242,21.0896309314587,49.3145869947276,33.602811950790866,47.31107205623902,42.601054481546576,32.513181019332166,44.07732864674868,39.22671353251319,56.16871704745167,22.95254833040422,42.7768014059754,97.01230228471003,47.838312829525485,65.37785588752197,70.86115992970123,57.29349736379614,47.065026362038665,60.913884007029885,61.019332161687174,41.37082601054482,20.984182776801408,72.89982425307558,59.367311072056246
COC(c1nccs1)C(C)CCC(=O)SCC(S)OO,337.488,3.2522000000000015,8,2,4.0,0.31194902517587997,3,68.65,0,5,3,0.85800153,0.80755055,0.7217933,0.15492418,0.43390957,0.1828396,0.16479972,0.14131732,0.06722103,0.68342817,0.31424326,0.35692468,0.1294973,0.42046326,0.9964283,0.05745787,0.009263334,0.07504682,0.1354364,0.0688559,0.088590614,0.10000668,0.84949553,0.03475558,0.50566345,0.13801815,0.2872154,0.09822127,0.20412688,0.8171406,0.33912665,-4.7372055,88.224464,63.53196,2.0932415,-11.700197,2.6370997,1.7582579,62.25868,-2.330667,1.9470737,51.00175746924429,65.23725834797892,84.51669595782074,61.37082601054482,63.44463971880493,21.79261862917399,76.60808435852373,45.51845342706503,47.59226713532514,99.89455184534272,98.89279437609842,96.41476274165203,57.9261862917399,36.27416520210897,61.93321616871705,82.56590509666081,65.90509666080844,72.9701230228471,58.98066783831283,53.602811950790866,78.48857644991213,74.93848857644991,83.65553602811951,57.750439367311074,50.966608084358526,46.85413005272408,85.3427065026362,16.485061511423552,68.15465729349737,80.24604569420036,81.30052724077329,50.26362038664324,87.97891036906854,57.39894551845343,42.63620386643234,83.83128295254834,90.08787346221442,95.07908611599298,64.18277680140598,85.09666080843586,86.60808435852374,53.743409490333924,63.93673110720563,83.47978910369069,77.01230228471002,25.623901581722322,57.328646748681905,62.319859402460466,57.71528998242531,38.242530755711776,65.02636203866433,54.833040421792624
COC(c1cccc2ccccc12)C(C)CCC(=O)SCC(S)OO,380.531,4.9489000000000045,6,2,4.0,0.27898544552891785,3,55.760000000000005,0,5,3,0.90151167,0.894112,0.78655195,0.41929322,0.57741004,0.3274234,0.2351779,0.36255786,0.33345425,0.8026167,0.54465127,0.3717023,0.30534238,0.50091714,0.99794406,0.075943254,0.019201891,0.21715677,0.18382797,0.09050502,0.16712059,0.17744398,0.92298365,0.42436498,0.49370804,0.19103521,0.23159616,0.3010506,0.2526633,0.8416355,0.8071367,-4.805952,109.79403,96.28924,19.396418,-10.280468,2.6211648,3.7099586,99.43766,-4.9067187,4.1591043,60.84358523725835,88.11950790861161,72.46045694200352,61.37082601054482,63.44463971880493,17.715289982425308,76.60808435852373,35.04393673110721,47.59226713532514,99.89455184534272,98.89279437609842,97.46924428822497,67.7328646748682,48.04920913884008,78.20738137082601,88.01405975395431,90.33391915641477,77.71528998242532,80.84358523725835,78.91036906854131,93.32161687170475,84.32337434094904,85.20210896309315,79.89455184534272,55.7469244288225,50.22847100175748,88.33040421792619,38.94551845342707,82.07381370826012,84.85061511423551,85.4481546572935,78.84007029876977,93.67311072056239,70.29876977152901,74.76274165202109,83.16344463971882,93.42706502636204,93.39191564147629,79.19156414762742,88.01405975395431,88.85764499121267,79.92970123022847,58.734622144112485,91.03690685413007,88.99824253075572,56.97715289982426,68.18980667838314,61.37082601054482,91.14235500878735,87.7328646748682,16.028119507908613,70.08787346221442
C=C=CC(OC)C(C)CCC(=O)SCC(S)OO,292.42199999999997,2.7641000000000013,6,2,4.0,0.22493335200595813,3,55.760000000000005,0,5,3,0.86220616,0.7572869,0.6352087,0.03228373,0.14028902,0.150505,0.037777223,0.12157049,0.034224935,0.5822047,0.070245706,0.40961498,0.08834808,0.20343158,0.949036,0.1314976,0.01001961,0.010884885,0.053684264,0.09328176,0.07336013,0.16982238,0.7699038,0.01010988,0.5419748,0.14931087,0.2944359,0.053922843,0.23358789,0.8817587,0.19304374,-4.4394507,88.29628,61.58911,7.69346,-9.443864,2.682303,1.9075737,59.427258,-2.4926941,1.3872062,38.242530755711776,57.82073813708261,72.46045694200352,61.37082601054482,63.44463971880493,13.04042179261863,76.60808435852373,35.04393673110721,47.59226713532514,99.89455184534272,98.89279437609842,96.4499121265378,53.5676625659051,25.623901581722322,41.86291739894552,58.277680140597546,56.02811950790861,51.14235500878735,53.53251318101934,43.23374340949034,65.13181019332163,53.743409490333924,88.11950790861161,47.6274165202109,34.90333919156415,30.790861159929705,91.35325131810194,18.031634446397188,40.80843585237259,64.99121265377856,85.76449912126539,41.6871704745167,93.25131810193322,49.068541300527244,33.18101933216169,86.11599297012303,90.896309314587,95.18453427065027,55.7469244288225,86.81898066783832,93.60281195079087,41.6871704745167,85.69420035149386,83.47978910369069,75.78207381370827,35.746924428822496,74.02460456942003,64.81546572934974,60.597539543058005,35.782073813708266,61.652021089630935,50.50966608084359
COC(c1cccc(C)c1)C(C)CCC(=O)SCC(S)OO,344.498,4.104120000000003,6,2,4.0,0.30558699920246857,3,55.760000000000005,0,5,3,0.782096,0.8945611,0.7723336,0.08315195,0.5275897,0.21856685,0.1477082,0.28349602,0.19900703,0.78336054,0.53833663,0.2570557,0.15344888,0.308696,0.9991787,0.026208803,0.01181147,0.04234374,0.10833852,0.046843883,0.101808,0.07502418,0.9527575,0.27118617,0.34214377,0.04953019,0.13749526,0.14414577,0.092644736,0.82052004,0.7107183,-4.7543616,120.39783,98.30341,7.7700043,-9.480246,2.3644037,3.1446354,89.04177,-3.86925,3.4815288,52.653778558875224,78.34797891036908,72.46045694200352,61.37082601054482,63.44463971880493,20.808435852372586,76.60808435852373,35.04393673110721,47.59226713532514,99.89455184534272,98.89279437609842,94.55184534270651,67.7328646748682,45.20210896309315,52.970123022847105,86.29173989455185,73.98945518453428,71.38840070298771,75.81722319859404,71.21265377855889,90.96660808435853,83.9718804920914,69.94727592267137,62.636203866432346,43.971880492091394,57.85588752196837,72.40773286467487,22.74165202108963,60.07029876977153,76.30931458699473,73.84885764499121,57.68014059753955,84.81546572934974,80.14059753954307,67.06502636203867,73.63796133567664,77.60984182776802,88.29525483304043,69.10369068541301,71.95079086115993,86.85413005272409,72.65377855887523,62.636203866432346,93.11072056239017,89.59578207381372,35.782073813708266,73.77855887521969,44.67486818980668,82.00351493848858,67.87346221441125,34.833040421792624,65.76449912126539
COc1ccccc1C(OC)C(C)CCC(=O)SCC(S)OO,360.497,3.8043000000000027,7,2,4.0,0.2862930521801262,3,64.99000000000001,0,5,3,0.77776325,0.8752619,0.8044454,0.04413209,0.41081047,0.20342779,0.085914835,0.26706237,0.12159036,0.7585347,0.41397944,0.23626785,0.15144572,0.31382906,0.99882567,0.025267327,0.0127656115,0.03573883,0.072752535,0.038116816,0.09288366,0.05545666,0.93624324,0.20096667,0.286241,0.047283422,0.105999306,0.092124745,0.08167579,0.80799466,0.660601,-4.657248,109.498245,90.903946,6.0020685,-10.159797,2.615675,2.7634406,80.80374,-3.547187,1.8294446,56.20386643233744,73.95430579964851,79.85940246045695,61.37082601054482,63.44463971880493,18.453427065026364,76.60808435852373,43.198594024604574,47.59226713532514,99.89455184534272,98.89279437609842,94.2706502636204,65.16695957820738,51.880492091388405,45.41300527240774,81.54657293497364,70.57996485061513,63.65553602811951,74.48154657293497,63.62038664323375,88.26010544815466,79.47275922671353,66.32688927943761,62.14411247803164,44.18277680140598,55.04393673110721,71.73989455184535,25.553602811950793,57.68014059753955,69.94727592267137,69.49033391915643,52.79437609841828,81.47627416520211,74.09490333919157,62.284710017574696,69.59578207381371,76.4499121265378,84.85061511423551,63.12829525483305,69.49033391915643,85.72934973637962,70.50966608084359,69.84182776801407,90.896309314587,87.97891036906854,32.79437609841828,69.17398945518454,61.195079086115996,75.64147627416521,56.62565905096661,41.47627416520211,53.88400702987698
COC(C=CBr)C(C)CCC(=O)SCC(S)OO,359.307,3.331600000000002,6,2,4.0,0.28626393945486445,3,55.760000000000005,0,5,3,0.9566488,0.89845073,0.7595091,0.024973888,0.13312879,0.16141379,0.016923375,0.14927284,0.028536111,0.67856216,0.049016785,0.42483187,0.09040222,0.21055312,0.9899864,0.08348341,0.006930653,0.007574716,0.03059341,0.04758113,0.0626637,0.100192286,0.8806281,0.008654263,0.42846537,0.0917162,0.18245444,0.0358171,0.18136579,0.9226246,0.22215006,-4.528532,75.696,66.42196,23.166874,-9.869295,3.2743504,2.5571966,69.267044,-3.0726323,4.643238,55.7469244288225,66.32688927943761,72.46045694200352,61.37082601054482,63.44463971880493,18.453427065026364,76.60808435852373,35.04393673110721,47.59226713532514,99.89455184534272,98.89279437609842,98.69947275922672,68.33040421792619,42.49560632688928,39.29701230228471,57.08260105448155,60.00000000000001,38.91036906854131,60.21089630931459,40.63268892794377,77.82073813708261,49.34973637961336,89.3145869947276,48.2249560632689,35.50087873462215,39.68365553602812,89.13884007029878,11.212653778558876,34.30579964850615,55.922671353251324,74.09490333919157,33.286467486818985,88.01405975395431,61.968365553602816,31.880492091388405,79.40246045694201,84.71001757469244,91.21265377855889,50.333919156414765,82.74165202108964,96.73110720562391,44.463971880492096,79.89455184534272,77.82073813708261,78.69947275922672,61.89806678383129,71.77504393673111,89.9121265377856,72.19683655536029,45.13181019332162,51.423550087873465,72.51318101933217
COC(C(C)CCC(=O)SCC(S)OO)C1CO1,296.4100000000001,1.8218,7,2,4.0,0.22234859453916814,4,68.29,0,6,4,0.9744604,0.88154143,0.82696784,0.0019407857,0.036893193,0.1260251,0.0036705881,0.109712504,0.0038672276,0.6031809,0.021546567,0.3141761,0.068824925,0.23175602,0.98304176,0.050359286,0.008380908,0.0032596781,0.010730081,0.02144609,0.051234007,0.039528422,0.8083197,0.006118849,0.24160564,0.036355324,0.0721778,0.007176279,0.10341406,0.91284055,0.111779615,-4.466219,84.33036,54.5448,14.427213,-10.041327,2.622657,1.5366695,49.12259,-1.9671404,2.5185862,39.472759226713535,41.89806678383129,79.85940246045695,61.37082601054482,63.44463971880493,12.934973637961336,81.28295254833041,45.377855887521974,47.59226713532514,99.98242530755712,99.68365553602813,99.0158172231986,66.11599297012303,57.328646748681905,17.680140597539545,35.21968365553603,48.2249560632689,19.332161687170476,50.19332161687171,12.442882249560634,68.04920913884007,41.0896309314587,78.98066783831284,40.105448154657296,37.57469244288225,36.76625659050967,83.72583479789104,14.059753954305801,20.77328646748682,41.23022847100176,56.27416520210897,22.284710017574696,77.04745166959579,52.68892794376099,28.752196836555363,66.11599297012303,72.68892794376099,78.73462214411248,32.58347978910369,73.84885764499121,96.30931458699473,32.72407732864675,84.11247803163445,81.61687170474518,71.77504393673111,47.978910369068544,70.50966608084359,61.40597539543059,54.235500878734626,27.48681898066784,71.84534270650265,59.26186291739895
COC(OC(F)(F)F)C(C)CCC(=O)SCC(S)OO,338.369,2.9169000000000014,7,2,4.0,0.2916475903770567,3,64.99000000000001,0,5,3,0.8670958,0.88336027,0.8833806,0.0013124667,0.027295817,0.114239894,0.002735912,0.13492043,0.003364668,0.55725265,0.0069828117,0.21261497,0.051411927,0.19362591,0.986674,0.028344106,0.011583315,0.0015731336,0.0074803634,0.01348816,0.053990085,0.018840097,0.8706376,0.007098657,0.1353265,0.010214223,0.028556105,0.0055522826,0.049269054,0.8555187,0.08949187,-4.4955363,70.7084,51.49533,21.87846,-8.102162,2.6674607,2.558135,73.90677,-3.1029613,4.3140078,51.07205623901582,60.07029876977153,79.85940246045695,61.37082601054482,63.44463971880493,19.05096660808436,76.60808435852373,43.198594024604574,47.59226713532514,99.89455184534272,98.89279437609842,96.48506151142355,66.39718804920915,72.86467486818981,15.254833040421794,30.439367311072058,42.56590509666081,16.414762741652023,57.60984182776802,10.61511423550088,62.17926186291741,31.810193321616875,62.21441124780317,32.72407732864675,33.35676625659051,37.961335676625666,74.23550087873463,22.31985940246046,12.72407732864675,35.81722319859403,44.288224956063274,24.956063268892798,66.99472759226714,60.140597539543066,30.263620386643236,51.70474516695958,51.52899824253076,61.08963093145871,29.912126537785593,60.07029876977153,90.47451669595783,30.123022847100177,82.00351493848858,75.00878734622145,69.84182776801407,60.562390158172235,83.2688927943761,63.831282952548335,72.19683655536029,49.73637961335677,50.474516695957824,71.03690685413005
COC(OC(C)C)C(C)CCC(=O)SCC(S)OO,312.453,2.8055000000000008,7,2,4.0,0.2798094807360325,3,64.99000000000001,0,5,3,0.9044981,0.8298074,0.8708497,0.0006556476,0.019385366,0.09936291,0.0019651426,0.15860368,0.003620093,0.55617875,0.006491375,0.22697337,0.054463744,0.15752183,0.9797902,0.02922498,0.010715477,0.0014804059,0.0072239093,0.020344863,0.054504097,0.026441261,0.86095876,0.006894473,0.1592222,0.0154905785,0.038046487,0.0069659366,0.059601944,0.8771389,0.10539715,-4.443253,110.30138,76.00902,16.603624,-8.971006,2.2467442,1.985007,60.69042,-2.547871,4.1444216,44.604569420035155,58.383128295254835,79.85940246045695,61.37082601054482,63.44463971880493,17.785588752196837,76.60808435852373,43.198594024604574,47.59226713532514,99.89455184534272,98.89279437609842,97.50439367311073,60.281195079086125,68.8224956063269,11.880492091388401,24.99121265377856,37.04745166959579,13.602811950790862,62.14411247803164,11.599297012302285,62.07381370826011,31.353251318101936,64.92091388400704,33.919156414762746,28.787346221441126,35.887521968365554,74.79789103690686,19.859402460456945,12.161687170474519,35.18453427065027,54.79789103690686,25.4481546572935,71.91564147627417,58.875219683655544,30.087873462214414,56.06326889279438,59.964850615114244,66.81898066783832,32.26713532513181,63.198594024604574,93.00527240773287,32.16168717047452,85.48330404217927,91.10720562390159,82.84710017574693,52.37258347978911,76.76625659050967,37.78558875219684,62.17926186291741,36.836555360281196,60.63268892794377,70.08787346221442
COC(c1ccccc1F)C(C)CCC(=O)SCC(S)OO,348.461,3.9348000000000023,6,2,4.0,0.30639860034632516,3,55.760000000000005,0,5,3,0.7920473,0.89672595,0.7795469,0.064342536,0.43785912,0.2307703,0.10261182,0.25146574,0.14694853,0.7492219,0.3361395,0.3008241,0.14989898,0.30069456,0.9984484,0.033165127,0.011719491,0.031550482,0.07913009,0.047699235,0.1052958,0.08832469,0.9330079,0.17102507,0.32507473,0.05717083,0.13136117,0.10439193,0.10522137,0.840933,0.6164992,-4.542117,102.973045,80.92843,14.126538,-9.189305,2.6533294,2.907742,80.433136,-3.5660923,3.045546,53.145869947275926,76.2390158172232,72.46045694200352,61.37082601054482,63.44463971880493,20.91388400702988,76.60808435852373,35.04393673110721,47.59226713532514,99.89455184534272,98.89279437609842,94.76274165202109,68.08435852372584,46.60808435852373,49.84182776801406,82.81195079086116,76.06326889279438,66.11599297012303,73.11072056239017,67.10017574692444,87.10017574692444,75.99297012302286,77.18804920913885,61.93321616871705,43.16344463971881,52.40773286467487,76.76625659050967,22.63620386643234,56.379613356766264,71.59929701230229,74.13005272407733,59.43760984182777,86.50263620386644,73.14586994727593,59.89455184534271,72.51318101933217,79.0158172231986,87.59226713532514,65.09666080843586,74.1652021089631,88.75219683655537,68.26010544815466,78.69947275922672,89.06854130052724,84.56942003514939,47.521968365553604,75.67662565905097,63.26889279437611,78.20738137082601,56.13356766256591,40.98418277680141,62.98769771528999
C=C(Br)C(OC)C(C)CCC(=O)SCC(S)OO,359.307,3.331600000000002,6,2,4.0,0.28626393945486445,3,55.760000000000005,0,5,3,0.95898896,0.887437,0.7202591,0.03871584,0.17212082,0.14961225,0.028229982,0.108619176,0.016669905,0.68887824,0.05103361,0.4128272,0.068083294,0.23519185,0.9819201,0.11897006,0.007111156,0.0069258274,0.047557816,0.06189394,0.06381927,0.1366212,0.87655723,0.0074176667,0.5018229,0.14196515,0.24297878,0.0502851,0.22980762,0.93037117,0.15681945,-4.563386,87.62537,76.57792,21.293308,-8.968497,3.05896,2.642924,73.30259,-3.2388027,4.3621235,55.7469244288225,66.32688927943761,72.46045694200352,61.37082601054482,63.44463971880493,18.453427065026364,76.60808435852373,35.04393673110721,47.59226713532514,99.89455184534272,98.89279437609842,98.76977152899825,66.85413005272409,36.098418277680146,43.971880492091394,62.14411247803164,55.57117750439368,47.0298769771529,49.77152899824254,32.23198594024605,79.15641476274166,49.98242530755712,88.40070298769773,39.929701230228474,37.99648506151143,36.555360281195085,90.75571177504395,11.528998242530756,32.970123022847105,62.601054481546576,79.57820738137083,33.95430579964851,91.24780316344464,61.15992970123023,30.790861159929705,83.65553602811951,90.29876977152901,93.63796133567664,54.97363796133568,86.57293497363797,97.22319859402461,38.066783831282955,76.97715289982426,83.23374340949034,82.95254833040423,59.68365553602813,76.80140597539544,84.28822495606327,73.53251318101934,49.2091388400703,47.100175746924435,71.31810193321617
COC(C(F)F)C(C)CCC(=O)SCC(S)OO,304.38,2.688100000000001,6,2,4.0,0.29678339094317197,3,55.760000000000005,0,5,3,0.87361574,0.87939227,0.8306037,0.005334517,0.07576384,0.1532907,0.009826657,0.16691777,0.010330712,0.6202307,0.025946032,0.28868407,0.07153464,0.17191353,0.99011296,0.038734313,0.009424103,0.004236527,0.015214564,0.024467435,0.060985215,0.039858736,0.8816282,0.01208277,0.19501457,0.023457732,0.06640373,0.014545975,0.07049084,0.8871028,0.15633592,-4.4045396,81.075,56.013847,15.338003,-8.601064,2.7629173,2.0419104,58.80729,-2.5727751,2.2496235,41.86291739894552,56.239015817223205,72.46045694200352,61.37082601054482,63.44463971880493,19.859402460456945,76.60808435852373,35.04393673110721,47.59226713532514,99.89455184534272,98.89279437609842,96.66080843585237,65.79964850615114,58.17223198594025,25.026362038664324,47.240773286467494,57.012302284710024,31.564147627416524,63.40949033391916,25.4481546572935,69.77152899824253,42.882249560632694,75.32513181019333,41.05448154657294,30.931458699472763,39.85940246045695,79.40246045694201,16.906854130052725,24.56942003514939,46.39718804920914,59.191564147627425,31.599297012302287,77.11775043936731,62.07381370826011,34.692442882249566,60.878734622144115,66.6432337434095,77.57469244288225,39.332161687170476,66.57293497363797,94.09490333919157,38.03163444639719,87.5219683655536,80.14059753954307,72.86467486818981,49.560632688927946,79.33216168717048,69.66608084358525,63.23374340949034,35.114235500878735,60.140597539543066,57.36379613356767
COC(c1ncc[nH]1)C(C)CCC(=O)SCC(S)OO,320.436,2.5188,7,3,4.0,0.2805400701907775,3,84.44,0,5,3,0.6861597,0.4583876,0.70233923,0.016096102,0.13806292,0.10577752,0.04630103,0.0885512,0.029184943,0.42065057,0.16241476,0.331795,0.11091342,0.32282183,0.9737767,0.023817876,0.0105144065,0.039074033,0.04621826,0.035588592,0.06023246,0.014220947,0.48365965,0.009849114,0.2555285,0.031960737,0.12373147,0.027455902,0.07491538,0.70815706,0.22597747,-5.132377,43.475655,29.496277,8.178374,-15.67968,2.8749845,0.84489995,45.367706,-1.8052628,3.9714913,47.17047451669596,52.653778558875224,79.85940246045695,78.20738137082601,63.44463971880493,17.891036906854133,76.60808435852373,57.644991212653785,47.59226713532514,99.89455184534272,98.89279437609842,90.65026362038665,29.912126537785593,33.67311072056239,34.97363796133568,57.85588752196837,39.12126537785589,54.516695957820744,44.11247803163445,40.91388400702988,47.978910369068544,64.78031634446398,81.15992970123024,53.70826010544816,44.71001757469244,34.27065026362039,70.47451669595783,19.543057996485064,58.91036906854131,62.108963093145874,67.5219683655536,30.931458699472763,63.55008787346222,33.46221441124781,32.89982425307557,67.02987697715291,70.75571177504395,86.92442882249561,46.326889279437616,67.66256590509667,73.95430579964851,44.8506151142355,39.22671353251319,59.43760984182777,53.70826010544816,36.520210896309315,31.00175746924429,76.16871704745168,43.55008787346222,24.710017574692444,73.77855887521969,69.20913884007031
COC(c1ccc2c(c1)OCO2)C(C)CCC(=O)SCC(S)OO,374.47999999999996,3.524400000000002,8,2,4.0,0.296394972350879,3,74.22000000000001,0,5,3,0.7936958,0.8129469,0.75060284,0.28845483,0.663467,0.19326775,0.2565729,0.26874712,0.56814605,0.73949516,0.8533255,0.25462648,0.27580053,0.41749263,0.9993473,0.036071047,0.016229408,0.19188854,0.23017666,0.056499977,0.09320699,0.042603474,0.90583247,0.30210128,0.4787442,0.08330096,0.24648872,0.19504772,0.16943832,0.7670504,0.8516592,-4.760847,109.20634,89.96984,4.0525227,-11.345992,2.5494516,2.8151474,89.46743,-3.8692803,3.3611667,59.57820738137083,69.66608084358525,84.51669595782074,61.37082601054482,63.44463971880493,19.789103690685415,76.60808435852373,49.279437609841835,47.59226713532514,99.89455184534272,98.89279437609842,94.76274165202109,58.523725834797894,40.84358523725835,72.05623901581723,90.7908611599297,68.26010544815466,78.94551845342707,74.62214411247804,87.02987697715291,85.65905096660809,93.11072056239017,69.56063268892795,77.25834797891038,50.82601054481547,59.54305799648507,78.34797891036908,33.145869947275926,80.42179261862918,88.40070298769773,77.64499121265379,53.18101933216169,78.13708260105449,66.57293497363797,68.78734622144113,82.35500878734622,83.40949033391917,93.77855887521969,73.56766256590511,81.72231985940246,81.30052724077329,82.95254833040423,62.24956063268893,90.82601054481547,87.7328646748682,29.314586994727595,60.49209138840071,56.48506151142355,76.30931458699473,68.50615114235501,34.833040421792624,65.3427065026362
COC(c1ccccc1C(F)(F)F)C(C)CCC(=O)SCC(S)OO,398.468,4.814500000000004,6,2,4.0,0.270475282841445,3,55.760000000000005,0,5,3,0.6936237,0.88573563,0.76949763,0.04970742,0.4428362,0.19100769,0.095282406,0.27594382,0.22176842,0.7819954,0.45231,0.24728122,0.14243183,0.28289947,0.99890107,0.02483825,0.010355638,0.021570064,0.11653875,0.049011238,0.102083966,0.0747561,0.9496037,0.29402283,0.36615044,0.04243579,0.13313685,0.1857991,0.12699994,0.8243352,0.72446835,-4.7662554,78.64123,71.28979,33.377693,-8.616475,2.8379278,3.5595863,95.48166,-4.521964,7.038733,65.16695957820738,86.88927943760984,72.46045694200352,61.37082601054482,63.44463971880493,17.152899824253076,76.60808435852373,35.04393673110721,47.59226713532514,99.89455184534272,98.89279437609842,91.03690685413007,66.67838312829527,44.604569420035155,46.783831282952555,83.09314586994728,67.76801405975397,65.16695957820738,75.18453427065027,72.82952548330405,90.75571177504395,80.63268892794378,67.94376098418279,60.63268892794377,41.72231985940246,55.782073813708266,71.49384885764499,19.05096660808436,50.26362038664324,77.46924428822496,74.86818980667839,57.85588752196837,84.74516695957821,78.45342706502637,68.47100175746925,75.81722319859404,74.79789103690686,87.7328646748682,72.79437609841828,76.90685413005274,87.34622144112478,73.67311072056239,62.03866432337435,79.22671353251319,81.15992970123024,70.96660808435853,79.29701230228471,74.37609841827769,89.52548330404218,79.68365553602813,22.284710017574696,82.42530755711776
COC(CN)C(C)CCC(=O)SCC(S)OO,283.415,1.3816999999999995,7,3,4.0,0.25662284194014523,3,81.78,0,5,3,0.833916,0.757683,0.7465604,0.0056037256,0.02586158,0.07262472,0.0049863444,0.19308384,0.007620199,0.33579075,0.016366689,0.364714,0.05209438,0.08154538,0.9281627,0.044799723,0.0134463785,0.006798373,0.0061009033,0.019768009,0.055470556,0.0094494,0.69247246,0.003532856,0.1434849,0.021378549,0.043645613,0.00449315,0.05318848,0.8837552,0.1428847,-4.8010244,48.091236,9.959013,13.362482,-11.737344,2.3800273,-0.1774743,25.497616,-0.91281587,2.3886867,35.53602811950791,36.344463971880494,79.85940246045695,78.20738137082601,63.44463971880493,15.782073813708262,76.60808435852373,55.53602811950791,47.59226713532514,99.89455184534272,98.89279437609842,95.67662565905097,53.5676625659051,40.45694200351494,25.413005272407734,29.420035149384887,28.681898066783834,22.460456942003518,67.02987697715291,21.61687170474517,40.52724077328647,38.699472759226715,84.3585237258348,33.00527240773287,15.817223198594027,28.506151142355012,82.00351493848858,26.818980667838314,32.4780316344464,32.513181019332166,54.20035149384886,26.15114235500879,57.04745166959579,43.55008787346222,24.28822495606327,53.18101933216169,65.41300527240774,69.52548330404218,27.662565905096663,61.335676625659055,93.84885764499123,36.555360281195085,59.22671353251319,62.56590509666081,33.53251318101933,46.18629173989456,57.15289982425308,45.62390158172232,27.592267135325134,12.40773286467487,84.60456942003516,58.418277680140605
C=C(Cl)C(OC)C(C)CCC(=O)SCC(S)OO,314.85599999999994,3.1755000000000018,6,2,4.0,0.2961848094657698,3,55.760000000000005,0,5,3,0.94509524,0.8928612,0.7663747,0.024569847,0.111726046,0.15344962,0.017285185,0.12576798,0.012517119,0.650609,0.03565179,0.38838238,0.073020935,0.2160898,0.9839307,0.08297096,0.00809623,0.006553778,0.030845735,0.042332374,0.061796255,0.08503772,0.8724613,0.0070423656,0.38903898,0.081392884,0.16424182,0.031008894,0.15941408,0.92080575,0.14903626,-4.514631,95.54176,76.96571,18.983677,-8.780266,2.8371787,2.4630692,69.571976,-2.980291,4.096133,45.51845342706503,64.00702987697716,72.46045694200352,61.37082601054482,63.44463971880493,19.718804920913886,76.60808435852373,35.04393673110721,47.59226713532514,99.89455184534272,98.89279437609842,98.34797891036908,67.55711775043937,43.90158172231986,39.08611599297013,53.67311072056239,57.012302284710024,39.19156414762742,54.55184534270651,27.732864674868193,73.95430579964851,45.97539543057997,86.78383128295256,41.54657293497364,36.13356766256591,36.977152899824254,89.06854130052724,13.42706502636204,31.634446397188054,56.02811950790861,71.95079086115993,32.26713532513181,86.08084358523726,60.421792618629176,30.158172231985944,77.25834797891038,83.02284710017575,90.19332161687171,48.08435852372584,80.8084358523726,96.59050966608085,37.39894551845343,81.0896309314587,86.4323374340949,83.09314586994728,56.30931458699473,77.96133567662567,74.34094903339192,70.19332161687171,45.41300527240774,53.145869947275926,69.63093145869948
COC(C(C)CCC(=O)SCC(S)OO)[S+](C)[O-],316.46600000000007,1.7590000000000001,7,2,4.0,0.2218057545482422,4,78.82000000000001,0,6,3,0.952225,0.81222475,0.76278484,0.0012916053,0.033103883,0.10739894,0.0037597544,0.11459209,0.0066062408,0.5079735,0.0060872766,0.3931149,0.051977135,0.11510958,0.90710163,0.08552526,0.0072612152,0.0018004073,0.008438841,0.04061245,0.059170336,0.055283338,0.71087223,0.0023874089,0.27080742,0.052260317,0.1074206,0.009530556,0.13458219,0.92737734,0.09304961,-4.65913,66.81822,30.008707,6.043381,-11.395342,2.241598,0.38055184,34.141773,-1.2205819,1.2126601,46.0456942003515,40.73813708260106,79.85940246045695,61.37082601054482,63.44463971880493,12.934973637961336,81.28295254833041,53.286467486818985,47.59226713532514,99.98242530755712,98.89279437609842,98.5237258347979,58.383128295254835,43.09314586994728,15.219683655536029,33.391915641476274,39.613356766256594,19.543057996485064,51.423550087873465,19.578207381370827,56.871704745166966,31.00175746924429,87.1353251318102,32.970123022847105,21.33567662565905,26.748681898066785,89.3145869947276,11.739894551845344,13.462214411247805,37.53954305799649,70.68541300527241,30.087873462214414,81.40597539543059,44.56942003514939,20.84358523725835,68.57644991212655,78.13708260105449,85.16695957820738,35.36028119507909,78.13708260105449,97.04745166959579,30.826010544815468,69.73637961335677,73.42706502636204,54.27065026362039,32.86467486818981,59.89455184534271,37.50439367311073,36.16871704745167,17.223198594024606,81.23022847100177,48.26010544815466
COC(CC#N)C(C)CCC(=O)SCC(S)OO,293.40999999999997,2.33668,7,2,4.0,0.2938728670041471,3,79.55,0,5,3,0.8614378,0.83069336,0.8077453,0.010384136,0.03692836,0.14152421,0.008301091,0.16848776,0.007426089,0.54627883,0.022246253,0.33694607,0.07523336,0.14671816,0.96806943,0.056776542,0.011609295,0.0049975337,0.00927652,0.02451602,0.0527032,0.036638062,0.7976539,0.0049645174,0.19159485,0.02941921,0.06664352,0.0075229155,0.07911036,0.87693214,0.11490228,-4.434719,83.420456,49.678,7.7648783,-10.180593,2.4049718,1.2343038,48.746822,-1.9761072,0.8053032,38.45342706502637,49.279437609841835,79.85940246045695,61.37082601054482,63.44463971880493,19.297012302284713,76.60808435852373,53.67311072056239,47.59226713532514,99.89455184534272,98.89279437609842,96.4499121265378,60.421792618629176,52.37258347978911,30.579964850615116,35.21968365553603,53.286467486818985,29.138840070298773,63.58523725834799,21.265377855887525,60.84358523725835,41.40597539543058,81.86291739894553,42.53075571177505,27.065026362038665,33.46221441124781,85.23725834797892,22.39015817223199,27.521968365553604,38.840070298769774,59.191564147627425,23.374340949033392,75.92267135325133,51.66959578207382,26.959578207381373,60.49209138840071,69.63093145869948,77.71528998242532,33.04042179261863,68.75219683655537,92.9701230228471,33.21616871704745,85.90509666080844,81.30052724077329,68.40070298769773,35.782073813708266,69.10369068541301,47.48681898066784,48.89279437609842,27.275922671353253,71.63444639718806,43.79613356766257
COC(c1cn[nH]c1)C(C)CCC(=O)SCC(S)OO,320.436,2.5188,7,3,4.0,0.2805400701907775,3,84.44,0,5,3,0.5142445,0.46147376,0.7772895,0.009938844,0.18976954,0.12101041,0.06755069,0.08986337,0.020638354,0.47566795,0.28401613,0.25833622,0.09123194,0.3898692,0.9965722,0.013883712,0.008907245,0.024148164,0.04271724,0.02435065,0.0482995,0.012546912,0.6258426,0.01639122,0.16776316,0.011982704,0.08783613,0.015303893,0.035030436,0.61116576,0.22610922,-5.07171,63.400475,43.942795,7.7777114,-14.949242,2.5905254,1.3193882,57.596355,-2.2173858,6.206545,47.17047451669596,52.653778558875224,79.85940246045695,78.20738137082601,63.44463971880493,17.891036906854133,76.60808435852373,57.644991212653785,47.59226713532514,99.89455184534272,98.89279437609842,80.14059753954307,30.193321616871707,46.18629173989456,30.158172231985944,64.21792618629175,45.72934973637962,59.929701230228474,44.3585237258348,35.430579964850615,53.04042179261863,73.00527240773287,70.22847100175747,48.43585237258348,49.03339191564148,47.1353251318102,56.48506151142355,15.500878734622145,52.056239015817226,60.878734622144115,59.12126537785589,19.789103690685415,61.61687170474517,39.613356766256594,37.08260105448155,57.39894551845343,55.18453427065027,81.6871704745167,39.82425307557118,53.286467486818985,62.49560632688929,44.8506151142355,41.26537785588753,71.66959578207381,64.56942003514939,35.782073813708266,35.50087873462215,59.367311072056246,50.26362038664324,33.98945518453427,67.20562390158173,79.29701230228471
COC(C(C)CCC(=O)SCC(S)OO)C(F)(F)C(F)(F)F,372.377,3.6206000000000027,6,2,4.0,0.2128770091578092,3,55.760000000000005,0,6,3,0.59599406,0.8733587,0.74379385,0.027777176,0.35724106,0.13036752,0.07487425,0.13457365,0.034469638,0.71013373,0.15046243,0.20082143,0.048570693,0.21987183,0.9944661,0.034258615,0.009640158,0.00779448,0.055939466,0.04886632,0.07650016,0.082907714,0.93795615,0.049438827,0.30227637,0.030097324,0.1129605,0.05792453,0.101743355,0.8098985,0.26791596,-4.481935,82.98496,59.937447,26.412899,-6.8976555,2.3913283,2.935187,80.76707,-3.568814,5.495749,59.12126537785589,71.28295254833041,72.46045694200352,61.37082601054482,63.44463971880493,12.40773286467487,76.60808435852373,35.04393673110721,47.59226713532514,99.98242530755712,98.89279437609842,85.62390158172232,64.78031634446398,39.96485061511424,40.49209138840071,78.27768014059755,49.595782073813716,61.511423550087876,57.469244288224964,43.33919156414763,82.24956063268894,63.72583479789104,59.43760984182777,31.528998242530758,36.555360281195085,43.62038664323375,77.25834797891038,17.258347978910372,34.797891036906854,65.86994727592268,74.79789103690686,43.23374340949034,85.86994727592268,74.51669595782074,45.694200351493855,70.61511423550088,69.94727592267137,85.79964850615114,56.660808435852374,73.56766256590511,85.90509666080844,48.04920913884008,82.70650263620388,81.15992970123024,74.97363796133568,65.62390158172232,88.57644991212655,46.326889279437616,78.59402460456943,56.555360281195085,40.84358523725835,76.76625659050967
COC(CBr)C(C)CCC(=O)SCC(S)OO,347.29600000000005,2.817900000000001,6,2,4.0,0.2208575148215179,3,55.760000000000005,0,6,4,0.9641716,0.91387415,0.8161012,0.037169345,0.121852614,0.17437539,0.018446038,0.15324953,0.011471954,0.6816576,0.04317912,0.3963786,0.07440493,0.2710053,0.9880665,0.06971419,0.007657251,0.011099541,0.02565963,0.03609507,0.06431839,0.08954046,0.8933179,0.0086174365,0.34555334,0.08033496,0.13399145,0.026261115,0.15225175,0.927036,0.15358618,-4.5342927,90.3941,73.61851,25.668316,-8.91902,3.0093718,2.5313175,69.5436,-3.2014377,4.684376,52.89982425307558,58.48857644991213,72.46045694200352,61.37082601054482,63.44463971880493,12.864674868189807,76.60808435852373,35.04393673110721,47.59226713532514,99.98242530755712,99.68365553602813,98.84007029876977,70.96660808435853,54.27065026362039,43.58523725834798,55.50087873462215,63.72583479789104,40.21089630931459,61.08963093145871,26.78383128295255,78.34797891036908,48.01405975395431,87.34622144112478,42.24956063268893,41.019332161687174,38.62917398945519,87.2407732864675,12.65377855887522,41.30052724077329,53.63796133567663,67.97891036906854,34.16520210896309,86.6432337434095,64.18277680140598,31.880492091388405,73.95430579964851,82.91739894551846,87.80316344463972,45.799648506151144,80.14059753954307,97.01230228471003,37.89103690685413,79.19156414762742,84.49912126537787,81.96836555360282,64.88576449912127,76.97715289982426,82.31985940246047,71.70474516695958,45.377855887521974,47.90861159929702,72.86467486818981
CNC(OC)C(C)CCC(=O)SCC(S)OO,283.415,1.5998999999999999,7,3,4.0,0.25841664201749603,3,67.79,0,5,3,0.8328182,0.6877877,0.7892686,0.000410284,0.0036603115,0.037408758,0.0003825056,0.18503791,0.003881187,0.2116731,0.0013727435,0.291761,0.03603645,0.03293363,0.9137293,0.020444766,0.012718697,0.0011283432,0.0010186785,0.008867894,0.0478565,0.0013045357,0.5539807,0.00084072864,0.044127293,0.0031745788,0.007427485,0.00064551167,0.01292783,0.89160955,0.07932378,-4.933556,39.84194,4.314476,13.178449,-12.653109,2.2728517,-0.6018567,20.661438,-1.0440708,1.5182152,35.53602811950791,39.156414762741655,79.85940246045695,78.20738137082601,63.44463971880493,15.957820738137084,76.60808435852373,45.18453427065027,47.59226713532514,99.89455184534272,98.89279437609842,95.64147627416521,47.100175746924435,48.646748681898075,10.193321616871705,6.221441124780317,18.523725834797894,4.253075571177504,65.90509666080844,12.548330404217927,27.908611599297014,20.316344463971884,75.81722319859404,23.760984182776802,6.889279437609843,27.346221441124783,66.71353251318102,25.51845342706503,9.630931458699473,10.966608084358525,31.845342706502638,19.332161687170476,22.42530755711775,36.27416520210897,13.286467486818982,24.04217926186292,31.036906854130056,35.04393673110721,9.982425307557119,34.30579964850615,94.51669595782074,29.138840070298773,50.12302284710018,56.871704745166966,28.365553602811953,45.90509666080844,50.12302284710018,39.36731107205624,22.70650263620387,9.314586994727593,82.81195079086116,51.52899824253076
C#CCC(OC)C(C)CCC(=O)SCC(S)OO,292.42199999999997,2.4463000000000004,6,2,4.0,0.22469529783898068,3,55.760000000000005,0,6,3,0.85769,0.83474094,0.7340155,0.034840234,0.11385046,0.17526695,0.026643733,0.201879,0.029284898,0.6309007,0.07020005,0.3869801,0.102190375,0.17532071,0.97043306,0.0869461,0.010763397,0.012433758,0.027614156,0.05431314,0.0662532,0.105537176,0.8427433,0.012610657,0.35769576,0.08185233,0.16094235,0.02706644,0.14749339,0.88762414,0.2410439,-4.391049,108.6906,72.86555,11.570305,-9.042223,2.3391743,2.144524,63.407692,-2.6354852,2.5715406,38.242530755711776,51.423550087873465,72.46045694200352,61.37082601054482,63.44463971880493,13.04042179261863,76.60808435852373,35.04393673110721,47.59226713532514,99.98242530755712,98.89279437609842,96.41476274165203,60.84358523725835,38.13708260105449,42.81195079086116,54.02460456942004,64.00702987697716,46.010544815465735,68.04920913884007,40.91388400702988,71.28295254833041,53.743409490333924,86.5377855887522,51.35325131810194,31.3884007029877,33.743409490333924,89.38488576449913,19.929701230228474,42.7768014059754,54.58699472759227,77.01230228471002,36.02811950790861,88.57644991212655,56.62565905096661,35.008787346221446,74.93848857644991,83.09314586994728,89.94727592267137,46.22144112478032,79.6133567662566,94.1652021089631,45.694200351493855,88.08435852372584,90.72056239015818,81.58172231985941,42.81195079086116,76.55536028119509,43.23374340949034,64.85061511423551,39.54305799648507,59.12126537785589,59.43760984182777
COCC(OC)C(C)CCC(=O)SCC(S)OO,298.426,2.0694000000000004,7,2,4.0,0.2785149381928523,3,64.99000000000001,0,5,3,0.87407607,0.863601,0.8677019,0.0038154512,0.03032422,0.12000617,0.005018389,0.17691806,0.0032318793,0.54801565,0.019458555,0.23455843,0.057688437,0.16938706,0.9896256,0.029531464,0.011385866,0.0045962757,0.0072140694,0.014052406,0.047473624,0.018621625,0.85238934,0.006963514,0.13920751,0.01533947,0.039605822,0.0053832075,0.043775816,0.8573254,0.10972278,-4.407373,98.04493,57.464764,15.397802,-9.75807,2.2310243,1.3136189,44.94549,-1.6870754,3.600428,39.929701230228474,45.694200351493855,79.85940246045695,61.37082601054482,63.44463971880493,17.680140597539545,76.60808435852373,43.198594024604574,47.59226713532514,99.89455184534272,98.89279437609842,96.76625659050967,63.514938488576455,67.90861159929702,22.49560632688928,32.02108963093146,45.41300527240774,22.601054481546576,64.92091388400704,9.947275922671354,60.98418277680141,40.03514938488577,66.18629173989456,35.36028119507909,30.509666080843587,39.54305799648507,74.90333919156416,21.757469244288227,25.940246045694202,35.18453427065027,45.342706502636204,18.945518453427066,66.78383128295255,57.82073813708261,30.123022847100177,52.37258347978911,59.75395430579965,67.69771528998243,29.525483304042183,57.85588752196837,90.68541300527241,32.54833040421793,87.41652021089632,87.66256590509667,73.56766256590511,49.701230228471005,72.30228471001759,36.836555360281196,50.158172231985944,24.323374340949037,75.11423550087873,66.67838312829527
CCC(C)C(OC)C(C)CCC(=O)SCC(S)OO,310.48099999999994,3.4691000000000023,6,2,4.0,0.2799734931368646,4,55.760000000000005,0,5,3,0.7460755,0.8368065,0.7771596,0.0036367278,0.08136886,0.12288847,0.015737846,0.25038213,0.027330548,0.6330737,0.07111057,0.24156502,0.06569952,0.09367271,0.98880035,0.02517737,0.008112248,0.0033055886,0.014738848,0.030197317,0.0699233,0.03093498,0.9098114,0.03187481,0.17877765,0.013139119,0.060883623,0.020847827,0.040922113,0.9062622,0.32535428,-4.5232596,126.545425,101.5064,30.039272,-7.356552,2.3678424,2.9383712,79.83732,-3.8414733,7.2154007,43.971880492091394,68.75219683655537,72.46045694200352,61.37082601054482,63.44463971880493,17.785588752196837,81.28295254833041,35.04393673110721,47.59226713532514,99.89455184534272,98.89279437609842,93.04042179261863,60.98418277680141,46.18629173989456,22.24956063268893,48.295254833040424,46.71353251318102,37.85588752196837,73.04042179261863,40.03514938488577,71.63444639718806,53.743409490333924,67.17047451669596,39.156414762741655,18.031634446397188,38.80492091388401,71.66959578207381,13.462214411247805,20.984182776801408,46.0456942003515,63.58523725834799,39.156414762741655,73.95430579964851,67.55711775043937,41.75746924428823,58.734622144112485,56.76625659050967,76.09841827768015,43.02284710017575,56.555360281195085,95.92267135325133,52.23198594024605,80.38664323374341,94.20035149384887,90.54481546572936,68.6115992970123,87.02987697715291,44.920913884007035,78.6291739894552,55.81722319859403,35.18453427065027,82.74165202108964
COC(c1ccc[nH]1)C(C)CCC(=O)SCC(S)OO,319.4479999999999,3.1238000000000015,6,3,4.0,0.2822346221382214,3,71.55000000000001,0,5,3,0.7668606,0.7147114,0.73389375,0.07122766,0.28658232,0.1683079,0.08779012,0.17012766,0.08974555,0.5999645,0.245647,0.3291548,0.13470705,0.2709504,0.992555,0.036934495,0.010079792,0.052340675,0.08120893,0.05913285,0.095242664,0.055963255,0.7769924,0.04640469,0.3442177,0.07287073,0.18513846,0.100098275,0.12330501,0.81737196,0.44407845,-4.8474693,60.250374,41.878777,15.860891,-13.328888,2.953633,1.6076291,57.686707,-2.3176243,6.0298715,46.924428822495614,62.882249560632694,72.46045694200352,78.20738137082601,63.44463971880493,18.066783831282955,76.60808435852373,47.59226713532514,47.59226713532514,99.89455184534272,98.89279437609842,94.02460456942005,49.595782073813716,38.10193321616872,50.896309314587,73.25131810193322,62.108963093145874,64.00702987697716,63.65553602811951,58.34797891036907,67.80316344463972,70.896309314587,80.77328646748683,59.22671353251319,41.019332161687174,41.61687170474517,78.73462214411248,18.172231985940247,63.23374340949034,72.05623901581723,78.73462214411248,54.1652021089631,81.65202108963094,49.66608084358524,45.09666080843586,73.81370826010546,81.72231985940246,91.21265377855889,64.32337434094904,76.37961335676626,86.60808435852374,60.03514938488577,55.85237258347979,70.22847100175747,63.057996485061516,50.790861159929705,45.62390158172232,79.85940246045695,55.289982425307564,34.059753954305805,65.16695957820738,78.73462214411248
COC(C1=CCCCC1)C(C)CCC(=O)SCC(S)OO,334.503,3.923400000000003,6,2,4.0,0.21997498390944153,3,55.760000000000005,0,6,3,0.7841722,0.9065505,0.70451164,0.026795175,0.24869272,0.16164745,0.046202123,0.284671,0.13744767,0.7388198,0.23989367,0.23472424,0.14443615,0.1541073,0.99700534,0.032114767,0.010372985,0.013838137,0.06171105,0.056153975,0.100049935,0.065536,0.9366194,0.13911971,0.36677837,0.036186248,0.15973003,0.09710465,0.094220586,0.8851243,0.60911286,-4.635727,114.94466,97.72001,10.481003,-8.755187,2.5195396,3.216678,87.46925,-4.0849543,3.1000223,50.22847100175748,75.99297012302286,72.46045694200352,61.37082601054482,63.44463971880493,12.829525483304044,76.60808435852373,35.04393673110721,47.59226713532514,99.98242530755712,98.89279437609842,94.62214411247804,69.84182776801407,33.95430579964851,40.14059753954306,69.84182776801407,60.03514938488577,54.48154657293498,75.99297012302286,65.94024604569421,85.51845342706504,70.54481546572936,66.18629173989456,61.195079086115996,28.295254833040424,47.94376098418278,76.30931458699473,19.086115992970125,44.604569420035155,67.90861159929702,77.50439367311073,56.871704745166966,83.30404217926187,74.1652021089631,56.90685413005273,75.85237258347979,72.65377855887523,89.84182776801407,64.07732864674868,72.37258347978911,93.98945518453428,67.94376098418279,71.21265377855889,92.12653778558877,89.42003514938489,41.0896309314587,78.17223198594026,54.93848857644992,83.51493848857646,65.27240773286468,30.544815465729354,63.514938488576455
COC(c1cccc(Br)c1)C(C)CCC(=O)SCC(S)OO,409.3670000000001,4.558200000000004,6,2,4.0,0.2711380349876455,3,55.760000000000005,0,5,3,0.71011674,0.89168054,0.7417629,0.24468693,0.65305626,0.2513665,0.24743362,0.27866024,0.3715821,0.78070855,0.5457658,0.32859066,0.16514964,0.3506957,0.9989443,0.039443836,0.010151228,0.067043684,0.15928559,0.05860741,0.10698116,0.124828234,0.94447154,0.2609639,0.41533047,0.07476077,0.19093624,0.22466978,0.16669203,0.83067834,0.74275166,-4.698828,100.0689,79.39371,40.835396,-9.709238,2.578888,3.4780402,93.43214,-4.258095,10.0292,67.55711775043937,84.42882249560634,72.46045694200352,61.37082601054482,63.44463971880493,17.188049209138843,76.60808435852373,35.04393673110721,47.59226713532514,99.89455184534272,98.89279437609842,91.493848857645,67.48681898066785,39.54305799648507,69.10369068541301,90.43936731107206,80.14059753954307,78.4182776801406,75.32513181019333,80.63268892794378,90.61511423550088,84.3585237258348,80.63268892794378,64.71001757469244,46.748681898066785,55.99297012302285,79.96485061511424,18.558875219683657,66.88927943760984,82.81195079086116,78.66432337434095,60.00000000000001,90.29876977152901,76.55536028119509,66.39718804920915,78.55887521968366,82.10896309314587,91.66959578207383,75.28998242530757,81.58172231985941,87.94376098418279,74.90333919156416,66.71353251318102,88.18980667838314,83.9718804920914,76.27416520210897,72.37258347978911,58.62917398945519,88.26010544815466,75.46572934973639,26.99472759226714,89.98242530755712
COC(c1cc2ccccc2o1)C(C)CCC(=O)SCC(S)OO,370.492,4.5419000000000045,7,2,4.0,0.2922276469827844,3,68.9,0,5,3,0.8732182,0.88785493,0.783531,0.39993867,0.5952941,0.29796177,0.28377146,0.3096184,0.22601557,0.7909094,0.53344095,0.3393693,0.2295374,0.51152766,0.99797076,0.06470498,0.01762372,0.22029114,0.17329411,0.07881903,0.15134779,0.1559279,0.9302796,0.31673375,0.47576553,0.18514222,0.21568191,0.24549189,0.21060395,0.8221418,0.7186514,-4.6919374,102.55802,85.93543,24.72303,-10.395881,2.778253,3.6320274,98.15455,-4.6560674,5.5256715,58.62917398945519,84.21792618629175,79.85940246045695,61.37082601054482,63.44463971880493,19.156414762741655,76.60808435852373,45.659050966608085,47.59226713532514,99.89455184534272,98.89279437609842,96.66080843585237,66.88927943760984,47.45166959578208,77.25834797891038,88.36555360281196,87.10017574692444,80.28119507908612,77.39894551845343,73.00527240773287,91.84534270650265,83.72583479789104,82.14411247803164,73.04042179261863,56.098418277680146,50.298769771529,86.46748681898067,36.098418277680146,82.35500878734622,84.07732864674868,83.2688927943761,75.00878734622145,92.33743409490334,72.47803163444641,69.59578207381371,82.21441124780317,93.21616871704747,92.68892794376099,76.55536028119509,85.5536028119508,87.02987697715291,73.39191564147627,67.31107205623903,88.92794376098419,86.4323374340949,63.8664323374341,67.41652021089631,70.43936731107206,90.43936731107206,85.16695957820738,19.75395430579965,77.04745166959579
COC(C(C)CCC(=O)SCC(S)OO)C(C)(C)O,312.4530000000001,2.1939000000000006,7,3,4.0,0.2621879317852277,3,75.99000000000001,0,5,3,0.8057016,0.68596715,0.772869,0.00043352312,0.030027524,0.081200376,0.0040687392,0.12556273,0.0056358194,0.41746235,0.006767613,0.2507184,0.039535392,0.080136105,0.9216765,0.041194443,0.009931397,0.0011192685,0.008666421,0.031177957,0.063428774,0.04864358,0.72125566,0.0057615982,0.17871325,0.023189059,0.06428246,0.009444943,0.07370518,0.8905158,0.107359625,-4.521174,86.00032,48.4639,14.447062,-10.838987,2.1947892,1.2486525,46.31611,-1.9520929,3.7541237,44.71001757469244,47.381370826010546,79.85940246045695,78.20738137082601,63.44463971880493,16.414762741652023,76.60808435852373,51.45869947275923,47.59226713532514,99.89455184534272,98.89279437609842,94.90333919156416,47.0298769771529,45.27240773286468,10.369068541300528,31.985940246045697,31.3884007029877,20.492091388400706,54.516695957820744,17.258347978910372,47.94376098418278,31.528998242530758,68.78734622144113,26.01054481546573,15.500878734622145,27.978910369068544,80.91388400702988,17.891036906854133,9.630931458699473,37.82073813708261,64.63971880492092,33.743409490333924,79.68365553602813,45.48330404217926,28.26010544815466,58.734622144112485,66.5377855887522,77.04745166959579,35.289982425307564,67.27592267135326,94.48154657293499,32.23198594024605,80.63268892794378,82.42530755711776,67.55711775043937,48.1195079086116,64.11247803163445,34.481546572934974,49.10369068541301,25.237258347978912,72.05623901581723,67.6274165202109
COC(c1cc[nH]n1)C(C)CCC(=O)SCC(S)OO,320.436,2.5188,7,3,4.0,0.2805400701907775,3,84.44,0,5,3,0.7737382,0.5925748,0.7404704,0.027290871,0.20054162,0.1302987,0.055144925,0.10116951,0.026888728,0.5146606,0.1770747,0.30802852,0.10369407,0.32804114,0.98867214,0.029578065,0.009075987,0.04463475,0.051388353,0.040355068,0.06763024,0.03251759,0.6358504,0.016518332,0.25655276,0.03521514,0.132884,0.034382824,0.08314627,0.7607335,0.22834733,-4.972049,70.08587,50.55133,7.3082457,-14.3882265,2.6846986,1.5605526,58.538147,-2.2660482,5.3637686,47.17047451669596,52.653778558875224,79.85940246045695,78.20738137082601,63.44463971880493,17.891036906854133,76.60808435852373,57.644991212653785,47.59226713532514,99.89455184534272,98.89279437609842,94.1652021089631,39.57820738137083,39.36731107205624,40.35149384885765,65.13181019332163,49.560632688927946,56.59050966608085,47.838312829525485,39.82425307557118,57.644991212653785,65.86994727592268,78.06678383128296,51.77504393673111,45.237258347978916,38.76977152899825,74.97363796133568,16.063268892794376,60.702987697715294,63.93673110720563,70.68541300527241,37.04745166959579,74.44639718804922,40.17574692442883,37.08260105448155,67.1353251318102,72.05623901581723,87.7328646748682,49.63093145869948,69.8066783831283,80.38664323374341,44.99121265377856,47.6274165202109,74.76274165202109,68.99824253075572,35.07908611599297,38.73462214411248,64.99121265377856,54.62214411247804,34.797891036906854,66.15114235500879,75.88752196836556
COC(C(=O)C(C)C)C(C)CCC(=O)SCC(S)OO,324.46399999999994,2.648100000000001,7,2,4.0,0.27849625783615006,3,72.83000000000001,0,5,3,0.8872243,0.83111036,0.8074833,0.0021557114,0.051661927,0.1315996,0.0065382794,0.13613576,0.008281589,0.6342107,0.02733,0.26318258,0.067703225,0.17902482,0.9887587,0.049469687,0.011012839,0.00292302,0.013458639,0.029430648,0.06258838,0.04489337,0.85953254,0.009804192,0.2217497,0.02793749,0.07532801,0.010856716,0.08016555,0.87104976,0.16012654,-4.464395,98.06349,74.353806,8.304007,-10.465836,2.5746078,1.869221,56.66793,-2.508158,1.7508427,47.90861159929702,55.50087873462215,79.85940246045695,61.37082601054482,63.44463971880493,17.680140597539545,76.60808435852373,48.80492091388401,47.59226713532514,99.89455184534272,98.89279437609842,97.11775043936731,60.52724077328647,52.30228471001758,18.523725834797894,40.52724077328647,50.12302284710018,25.76449912126538,57.9261862917399,22.776801405975398,71.77504393673111,43.40949033391916,71.31810193321617,39.82425307557118,31.880492091388405,38.80492091388401,83.51493848857646,20.667838312829527,18.840070298769774,44.63971880492092,63.02284710017575,33.18101933216169,78.69947275922672,58.66432337434095,32.86467486818981,64.2530755711775,68.99824253075572,79.33216168717048,36.344463971880494,69.13884007029877,92.33743409490334,38.34797891036907,84.21792618629175,87.66256590509667,82.10896309314587,36.73110720562391,66.95957820738138,58.277680140597546,59.613356766256594,33.32161687170475,61.47627416520211,53.25131810193322
COC(SC(F)(F)F)C(C)CCC(=O)SCC(S)OO,354.437,3.633500000000002,7,2,4.0,0.2853747979218892,3,55.760000000000005,0,5,3,0.8237292,0.89753234,0.8104472,0.027599424,0.17213486,0.16169825,0.025793675,0.19039837,0.01681782,0.675696,0.035070963,0.31575787,0.0663347,0.20125699,0.9856354,0.0531047,0.007883885,0.007873333,0.030213198,0.03867634,0.069097176,0.07548279,0.9177472,0.012787685,0.2939357,0.05384972,0.10415367,0.033074737,0.12349846,0.8869988,0.1932098,-4.515689,68.90494,55.115868,28.82227,-7.8513603,2.8583944,2.945846,80.13029,-3.565684,5.2075624,54.44639718804921,71.49384885764499,79.85940246045695,61.37082601054482,63.44463971880493,18.277680140597543,76.60808435852373,35.04393673110721,47.59226713532514,99.89455184534272,98.89279437609842,95.3602811950791,68.2249560632689,52.970123022847105,40.45694200351494,62.14411247803164,60.03514938488577,45.377855887521974,66.67838312829527,32.337434094903344,77.39894551845343,45.62390158172232,79.12126537785589,39.43760984182777,34.55184534270651,37.36379613356767,84.56942003514939,13.075571177504395,35.008787346221446,55.782073813708266,69.73637961335677,38.45342706502637,84.85061511423551,68.99824253075572,35.18453427065027,69.98242530755712,78.45342706502637,84.53427065026362,49.13884007029878,76.41476274165203,94.09490333919157,41.6871704745167,80.98418277680142,74.23550087873463,72.30228471001759,67.7328646748682,84.53427065026362,75.2548330404218,78.73462214411248,55.85237258347979,41.019332161687174,75.1493848857645
COC(c1cncnc1)C(C)CCC(=O)SCC(S)OO,332.44699999999995,2.5857000000000006,8,2,4.0,0.3111877390728034,3,81.54,0,5,3,0.3371449,0.48184404,0.8600728,0.008271373,0.17727712,0.12965414,0.055349164,0.077320404,0.022174977,0.4502503,0.6712003,0.16829287,0.13329242,0.58240646,0.9998671,0.0041145897,0.0100875795,0.037852988,0.07266821,0.008440783,0.02744056,0.0013444654,0.6914442,0.02713107,0.101328716,0.0050162068,0.063693814,0.004687649,0.010352363,0.40170518,0.33542877,-5.0946183,63.853893,44.70092,3.111507,-14.395073,2.5344276,0.8845216,43.5936,-1.6273022,2.04584,49.66608084358524,54.27065026362039,84.51669595782074,61.37082601054482,63.44463971880493,21.687170474516698,76.60808435852373,55.377855887521974,47.59226713532514,99.89455184534272,98.89279437609842,64.07732864674868,31.45869947275923,65.76449912126539,28.857644991212656,62.98769771528999,49.42003514938489,56.695957820738144,40.49209138840071,36.660808435852374,50.43936731107206,87.45166959578208,51.28295254833041,58.80492091388401,59.332161687170476,72.37258347978911,23.51493848857645,18.172231985940247,58.45342706502637,69.9121265377856,30.755711775043938,4.7100175746924435,22.671353251318102,43.374340949033396,40.63268892794377,44.63971880492092,38.45342706502637,76.80140597539544,28.014059753954307,30.158172231985944,34.09490333919157,53.32161687170475,40.52724077328647,71.91564147627417,65.16695957820738,27.48681898066784,38.62917398945519,55.7469244288225,43.971880492091394,23.233743409490337,75.88752196836556,55.782073813708266
COC(c1ccc(Cl)s1)C(C)CCC(=O)SCC(S)OO,370.945,4.510600000000005,7,2,4.0,0.28966965857208266,3,55.760000000000005,0,5,3,0.81743175,0.8623252,0.6874955,0.4745384,0.6485423,0.22959213,0.29806095,0.23639011,0.3263226,0.7913984,0.53071356,0.36732924,0.14915195,0.3891839,0.9964983,0.10287633,0.010480101,0.106601134,0.22583875,0.110626124,0.11131887,0.24828088,0.9302473,0.123847984,0.6110588,0.21557745,0.3690544,0.29666668,0.3506831,0.86319053,0.64218646,-4.6132326,105.47595,85.83336,35.00753,-9.778055,2.7601156,3.519212,93.650375,-4.4018145,8.82789,58.76977152899825,84.00702987697716,79.85940246045695,61.37082601054482,63.44463971880493,18.769771528998245,76.60808435852373,35.04393673110721,47.59226713532514,99.89455184534272,98.89279437609842,95.32513181019333,63.12829525483305,31.810193321616875,80.21089630931459,90.26362038664324,75.85237258347979,80.94903339191565,71.77504393673111,78.55887521968366,91.91564147627417,83.62038664323376,84.56942003514939,61.86291739894553,48.99824253075572,46.95957820738138,90.05272407732865,19.402460456942006,71.95079086115993,88.18980667838314,87.59226713532514,62.07381370826011,96.02811950790861,72.47803163444641,55.43057996485062,90.19332161687171,94.23550087873463,96.90685413005274,79.0158172231986,92.40773286467487,91.35325131810194,69.52548330404218,72.93497363796135,89.8066783831283,86.4323374340949,72.37258347978911,72.19683655536029,69.49033391915643,88.89279437609842,76.02811950790861,24.21792618629174,87.31107205623903
COC(c1ccccc1Br)C(C)CCC(=O)SCC(S)OO,409.3670000000001,4.558200000000004,6,2,4.0,0.2711380349876455,3,55.760000000000005,0,5,3,0.76414233,0.89072454,0.72980523,0.17895308,0.63616186,0.23427609,0.21202497,0.24818942,0.28920668,0.78553617,0.5288027,0.32193485,0.14290683,0.33843142,0.99877536,0.0453898,0.009931726,0.051606346,0.14452593,0.06535371,0.110277876,0.13900378,0.9432577,0.23107691,0.43966597,0.08550094,0.20880978,0.21373408,0.17442073,0.842667,0.70527995,-4.671067,105.051865,87.21048,31.740494,-9.673444,2.6510434,3.4531224,92.44859,-4.2365785,8.118747,67.55711775043937,84.42882249560634,72.46045694200352,61.37082601054482,63.44463971880493,17.188049209138843,76.60808435852373,35.04393673110721,47.59226713532514,99.89455184534272,98.89279437609842,93.91915641476275,67.34622144112478,37.434094903339194,63.72583479789104,89.8066783831283,76.76625659050967,76.37961335676626,72.82952548330405,76.69595782073814,91.07205623901582,83.58523725834799,79.82425307557118,60.77328646748683,45.86994727592268,54.48154657293498,82.24956063268894,17.891036906854133,63.057996485061516,81.12478031634447,80.42179261862918,61.6871704745167,91.28295254833041,76.02811950790861,64.3585237258348,80.07029876977154,83.8664323374341,92.44288224956064,74.6572934973638,82.21441124780317,88.92794376098419,72.16168717047452,68.78734622144113,89.56063268892795,86.67838312829527,69.701230228471,72.51318101933217,63.16344463971881,87.97891036906854,73.53251318101934,27.416520210896312,85.27240773286468
COC(CCl)C(C)CCC(=O)SCC(S)OO,302.84499999999997,2.661800000000001,6,2,4.0,0.22541269456981863,3,55.760000000000005,0,6,4,0.95980966,0.9136335,0.8344633,0.033793796,0.08292747,0.17082989,0.013224614,0.16897836,0.010353828,0.6632073,0.034156524,0.38988322,0.079579234,0.24894285,0.9888258,0.06818357,0.008224516,0.010267995,0.0202532,0.031606656,0.06316004,0.07305182,0.89117897,0.0075356467,0.31305787,0.06766098,0.11627841,0.019908648,0.143785,0.922859,0.15156077,-4.508754,95.20684,71.421555,22.730854,-8.872984,2.7886837,2.2963605,65.28037,-2.8615222,4.478666,41.44112478031635,55.782073813708266,72.46045694200352,61.37082601054482,63.44463971880493,13.075571177504395,76.60808435852373,35.04393673110721,47.59226713532514,99.98242530755712,99.68365553602813,98.76977152899825,70.93145869947277,59.26186291739895,42.425307557117755,48.611599297012305,62.636203866432346,35.887521968365554,63.62038664323375,25.4481546572935,75.88752196836556,45.48330404217926,86.88927943760984,43.971880492091394,39.12126537785589,38.840070298769774,87.06502636203867,13.708260105448156,39.96485061511424,50.43936731107206,65.02636203866433,33.5676625659051,84.63971880492092,63.831282952548335,30.966608084358526,71.45869947275924,80.91388400702988,86.11599297012303,42.46045694200352,79.22671353251319,96.76625659050967,37.57469244288225,81.40597539543059,86.25659050966608,81.15992970123024,61.511423550087876,77.4340949033392,71.21265377855889,67.41652021089631,41.26537785588753,55.289982425307564,71.81019332161688
COC(CF)C(C)CCC(=O)SCC(S)OO,286.39,2.3925000000000005,6,2,4.0,0.29491408920553885,3,55.760000000000005,0,5,3,0.8968278,0.8917264,0.8397473,0.0040831915,0.03606649,0.1498048,0.005024669,0.17868106,0.0074531706,0.5894004,0.013478151,0.30914468,0.07329068,0.15465498,0.9896711,0.043363642,0.009566595,0.0036187328,0.008583279,0.020649081,0.054856945,0.036280964,0.86713535,0.007832353,0.17596883,0.026863988,0.060609806,0.008215735,0.0753217,0.9026656,0.1347717,-4.4223456,73.03704,53.698475,17.972675,-9.038745,3.099296,1.843543,52.98875,-2.4298341,2.0881283,36.44991212653779,50.4042179261863,72.46045694200352,61.37082601054482,63.44463971880493,19.507908611599298,76.60808435852373,35.04393673110721,47.59226713532514,99.89455184534272,98.89279437609842,97.3286467486819,67.48681898066785,60.21089630931459,23.02284710017575,34.72759226713533,55.67662565905097,22.601054481546576,65.09666080843586,21.300527240773288,66.29173989455185,37.22319859402461,78.27768014059755,41.652021089630935,28.365553602811953,39.54305799648507,81.58172231985941,17.152899824253076,22.671353251318102,37.71528998242531,55.18453427065027,25.69420035149385,75.81722319859404,59.789103690685415,31.177504393673114,58.31282952548331,68.43585237258348,75.95782073813709,34.059753954305805,67.76801405975397,95.57117750439369,35.64147627416521,86.50263620386644,76.30931458699473,71.31810193321617,54.692442882249566,76.59050966608085,85.51845342706504,59.156414762741655,30.615114235500883,62.7768014059754,56.02811950790861
C=C(F)C(OC)C(C)CCC(=O)SCC(S)OO,298.40099999999995,2.9062000000000014,6,2,4.0,0.29658424951821816,3,55.760000000000005,0,5,3,0.88443434,0.87001723,0.80000114,0.0029547997,0.042332776,0.14341144,0.005880785,0.13310185,0.007452266,0.5801508,0.013322929,0.31744525,0.07294102,0.14170153,0.9838997,0.049835112,0.009790765,0.0025297366,0.011021109,0.026216293,0.05523064,0.042096283,0.830423,0.00602346,0.21657452,0.028520042,0.08230798,0.0094943205,0.081541404,0.889212,0.12488003,-4.4654346,82.60703,67.902176,12.463343,-8.878069,3.031124,2.1782289,61.44818,-2.7351224,1.604495,39.929701230228474,59.964850615114244,72.46045694200352,61.37082601054482,63.44463971880493,19.82425307557118,76.60808435852373,35.04393673110721,47.59226713532514,99.89455184534272,98.89279437609842,97.04745166959579,64.4639718804921,50.61511423550088,21.01933216168717,37.82073813708261,53.70826010544816,24.42882249560633,57.11775043936731,21.265377855887525,64.92091388400704,37.01230228471002,79.19156414762742,41.511423550087876,25.90509666080844,36.977152899824254,83.55008787346222,17.574692442882252,17.082601054481547,41.652021089630935,60.49209138840071,26.01054481546573,77.9261862917399,55.008787346221446,28.64674868189807,63.65553602811951,69.24428822495607,80.8084358523726,35.32513181019333,69.45518453427066,94.30579964850617,34.27065026362039,84.11247803163445,81.01933216168717,79.57820738137083,44.49912126537786,77.36379613356767,83.2688927943761,65.37785588752197,37.36379613356767,56.90685413005273,52.23198594024605
CCSC(OC)C(C)CCC(=O)SCC(S)OO,314.49399999999997,3.1336000000000017,7,2,4.0,0.27956549240646966,3,55.760000000000005,0,5,3,0.8647005,0.8676351,0.79991835,0.011577379,0.07834767,0.14762247,0.01275303,0.22094686,0.0168156,0.63691175,0.028953379,0.32775792,0.07716451,0.14614318,0.98043394,0.05636757,0.008249762,0.006284154,0.01697654,0.03979387,0.063410535,0.061623625,0.88248616,0.010719001,0.278664,0.05101367,0.10811951,0.025478926,0.11115396,0.90888613,0.21618935,-4.4834313,116.099915,86.03145,17.784529,-9.021669,2.3971474,2.3379319,66.78113,-3.0572352,3.5586834,45.41300527240774,63.02284710017575,79.85940246045695,61.37082601054482,63.44463971880493,17.750439367311074,76.60808435852373,35.04393673110721,47.59226713532514,99.89455184534272,98.89279437609842,96.48506151142355,63.971880492091394,50.61511423550088,31.669595782073817,47.697715289982426,55.289982425307564,35.36028119507909,70.33391915641477,32.337434094903344,72.19683655536029,43.93673110720563,80.56239015817224,43.16344463971881,26.959578207381373,36.13356766256591,85.23725834797892,13.74340949033392,30.68541300527241,48.01405975395431,70.36906854130054,33.708260105448154,82.67135325131811,62.425307557117755,33.602811950790866,69.10369068541301,77.89103690685414,85.27240773286468,45.41300527240774,74.83304042179263,96.20386643233745,43.7609841827768,82.56590509666081,92.37258347978911,86.4323374340949,54.30579964850616,76.62565905096662,46.889279437609844,67.87346221441125,42.84710017574693,51.59929701230229,66.50263620386644
COC(CSC)C(C)CCC(=O)SCC(S)OO,314.49399999999997,2.786000000000001,7,2,4.0,0.2798207672064226,3,55.760000000000005,0,5,3,0.8547052,0.8724254,0.8128265,0.017072817,0.07420753,0.14969406,0.013629104,0.20844392,0.0118615655,0.6256483,0.042572826,0.3109479,0.07410977,0.16202228,0.98870265,0.046537735,0.009453292,0.007952852,0.016152993,0.027542505,0.056599576,0.045765847,0.8885802,0.010956594,0.23540752,0.034966342,0.08686872,0.015288375,0.08338635,0.8921936,0.18881938,-4.4871793,107.23789,80.20879,16.052973,-9.353096,2.5620265,2.159344,61.897392,-2.8049634,3.193972,45.41300527240774,58.13708260105449,79.85940246045695,61.37082601054482,63.44463971880493,17.785588752196837,76.60808435852373,35.04393673110721,47.59226713532514,99.89455184534272,98.89279437609842,96.30931458699473,64.63971880492092,53.32161687170475,35.289982425307564,46.85413005272408,55.64147627416521,36.098418277680146,68.96309314586995,27.065026362038665,70.54481546572936,47.80316344463972,78.48857644991213,42.1792618629174,29.595782073813712,38.76977152899825,82.74165202108964,17.012302284710017,35.289982425307564,47.100175746924435,61.72231985940247,27.17047451669596,78.87521968365554,63.44463971880493,33.81370826010545,65.72934973637962,71.91564147627417,81.47627416520211,39.82425307557118,69.87697715289983,94.58699472759227,41.195079086115996,82.35500878734622,90.4042179261863,84.18277680140598,51.493848857645,74.76274165202109,57.328646748681905,65.09666080843586,38.03163444639719,56.02811950790861,64.11247803163445
COC(N=C=S)C(C)CCC(=O)SCC(S)OO,311.44999999999993,2.4833000000000003,8,2,4.0,0.1702378476973281,3,68.12,0,7,4,0.95251924,0.7960088,0.6506506,0.09179113,0.28812087,0.14625874,0.07693819,0.107074596,0.041783042,0.6623623,0.111605145,0.43135387,0.093782105,0.35052967,0.9578556,0.14617269,0.008139915,0.022410488,0.07902988,0.11890469,0.08584,0.20295544,0.79929954,0.0099984985,0.6588526,0.24209006,0.35860002,0.09562714,0.33838522,0.91162664,0.20191622,-4.631844,81.98513,65.17532,3.6177087,-10.40638,2.750148,1.7063808,64.15477,-2.8703628,-0.27550587,44.21792618629174,52.12653778558876,84.51669595782074,61.37082601054482,63.44463971880493,9.103690685413007,76.60808435852373,45.342706502636204,47.59226713532514,100.00000000000001,99.68365553602813,98.55887521968367,56.94200351493849,27.135325131810195,54.34094903339192,73.32161687170475,54.72759226713533,61.86291739894553,49.279437609841835,46.50263620386644,75.85237258347979,59.71880492091389,89.63093145869948,48.963093145869955,46.71353251318102,31.528998242530758,91.81019332161688,13.49736379613357,50.966608084358526,71.59929701230229,88.40070298769773,48.506151142355016,94.62214411247804,51.91564147627417,33.07557117750439,92.23198594024605,95.3602811950791,96.80140597539544,63.831282952548335,92.19683655536029,96.27416520210897,42.49560632688928,71.49384885764499,80.63268892794378,77.96133567662567,28.541300527240775,67.27592267135326,68.96309314586995,56.871704745166966,40.28119507908612,55.008787346221446,32.79437609841828
