smiles,molecular_weight,logP,hydrogen_bond_acceptors,hydrogen_bond_donors,Lipinski,QED,stereo_centers,tpsa,PAINS_alert,BRENK_alert,NIH_alert,AMES,BBB_Martins,Bioavailability_Ma,CYP1A2_Veith,CYP2C19_Veith,CYP2C9_Substrate_CarbonMangels,CYP2C9_Veith,CYP2D6_Substrate_CarbonMangels,CYP2D6_Veith,CYP3A4_Substrate_CarbonMangels,CYP3A4_Veith,Carcinogens_Lagunin,ClinTox,DILI,HIA_Hou,NR-AR-LBD,NR-AR,NR-AhR,NR-Aromatase,NR-ER-LBD,NR-ER,NR-PPAR-gamma,PAMPA_NCATS,Pgp_Broccatelli,SR-ARE,SR-ATAD5,SR-HSE,SR-MMP,SR-p53,Skin_Reaction,hERG,Caco2_Wang,Clearance_Hepatocyte_AZ,Clearance_Microsome_AZ,Half_Life_Obach,HydrationFreeEnergy_FreeSolv,LD50_Zhu,Lipophilicity_AstraZeneca,PPBR_AZ,Solubility_AqSolDB,VDss_Lombardo,molecular_weight_drugbank_approved_percentile,logP_drugbank_approved_percentile,hydrogen_bond_acceptors_drugbank_approved_percentile,hydrogen_bond_donors_drugbank_approved_percentile,Lipinski_drugbank_approved_percentile,QED_drugbank_approved_percentile,stereo_centers_drugbank_approved_percentile,tpsa_drugbank_approved_percentile,PAINS_alert_drugbank_approved_percentile,BRENK_alert_drugbank_approved_percentile,NIH_alert_drugbank_approved_percentile,AMES_drugbank_approved_percentile,BBB_Martins_drugbank_approved_percentile,Bioavailability_Ma_drugbank_approved_percentile,CYP1A2_Veith_drugbank_approved_percentile,CYP2C19_Veith_drugbank_approved_percentile,CYP2C9_Substrate_CarbonMangels_drugbank_approved_percentile,CYP2C9_Veith_drugbank_approved_percentile,CYP2D6_Substrate_CarbonMangels_drugbank_approved_percentile,CYP2D6_Veith_drugbank_approved_percentile,CYP3A4_Substrate_CarbonMangels_drugbank_approved_percentile,CYP3A4_Veith_drugbank_approved_percentile,Carcinogens_Lagunin_drugbank_approved_percentile,ClinTox_drugbank_approved_percentile,DILI_drugbank_approved_percentile,HIA_Hou_drugbank_approved_percentile,NR-AR-LBD_drugbank_approved_percentile,NR-AR_drugbank_approved_percentile,NR-AhR_drugbank_approved_percentile,NR-Aromatase_drugbank_approved_percentile,NR-ER-LBD_drugbank_approved_percentile,NR-ER_drugbank_approved_percentile,NR-PPAR-gamma_drugbank_approved_percentile,PAMPA_NCATS_drugbank_approved_percentile,Pgp_Broccatelli_drugbank_approved_percentile,SR-ARE_drugbank_approved_percentile,SR-ATAD5_drugbank_approved_percentile,SR-HSE_drugbank_approved_percentile,SR-MMP_drugbank_approved_percentile,SR-p53_drugbank_approved_percentile,Skin_Reaction_drugbank_approved_percentile,hERG_drugbank_approved_percentile,Caco2_Wang_drugbank_approved_percentile,Clearance_Hepatocyte_AZ_drugbank_approved_percentile,Clearance_Microsome_AZ_drugbank_approved_percentile,Half_Life_Obach_drugbank_approved_percentile,HydrationFreeEnergy_FreeSolv_drugbank_approved_percentile,LD50_Zhu_drugbank_approved_percentile,Lipophilicity_AstraZeneca_drugbank_approved_percentile,PPBR_AZ_drugbank_approved_percentile,Solubility_AqSolDB_drugbank_approved_percentile,VDss_Lombardo_drugbank_approved_percentile
COC(=O)CCN1CCN(CCC(C)C(OC)c2cncnc2)CC1,350.4630000000001,1.3709999999999996,7,0,4.0,0.6231716470157254,2,67.79,0,0,0,0.03945058,0.75522053,0.73452485,0.0022994773,0.05113132,0.03550764,0.017789524,0.3070863,0.17610192,0.27156323,0.45039687,0.097891286,0.2001162,0.14265099,0.9991339,0.0007912632,0.010056988,0.007626053,0.004776126,0.0015923515,0.015019007,1.1833642e-05,0.77303517,0.04240777,0.025374105,0.00015876841,0.0024083985,0.0010689043,0.0006193633,0.41428795,0.80682695,-5.103797,45.015244,27.113964,11.556391,-15.2973385,2.4777544,-0.31707153,14.489339,-1.0289186,3.0973382,53.602811950790866,36.27416520210897,79.85940246045695,11.63444639718805,63.44463971880493,63.374340949033396,69.84182776801407,45.18453427065027,47.59226713532514,25.869947275922673,37.188049209138846,10.474516695957822,53.35676625659051,38.20738137082601,18.910369068541304,40.45694200351494,17.996485061511425,39.789103690685415,77.22319859402461,69.8066783831283,35.114235500878735,80.56239015817224,29.455184534270654,69.9121265377856,26.186291739894553,57.434094903339194,4.1124780316344465,18.172231985940247,34.481546572934974,29.420035149384887,4.253075571177504,0.8435852372583481,2.706502636203867,49.384885764499124,44.39367311072056,13.391915641476276,3.5500878734622145,16.590509666080845,13.321616871704746,3.8664323374340954,36.063268892794376,79.89455184534272,40.14059753954306,60.281195079086125,51.52899824253076,42.7768014059754,33.67311072056239,52.5834797891037,25.729349736379614,6.362038664323375,83.05799648506152,63.514938488576455
COC(c1cncnc1)C(C)CCN1CCN(CC(S)C(=O)O)CC1,368.50300000000004,1.1909,7,2,4.0,0.6340154919748776,3,78.79,0,1,0,0.022708628,0.19983938,0.63837504,0.00016972696,0.008124611,0.031221997,0.007919134,0.11114253,0.04210575,0.10600884,0.041859947,0.19119337,0.105149604,0.117134094,0.91484463,0.002225305,0.017877128,0.0025720163,0.002139059,0.0054951473,0.043389697,9.596809e-05,0.15215735,0.010281782,0.031013269,0.00035194034,0.002237175,0.00091956614,0.0015720617,0.39689198,0.34420416,-6.0684347,2.726542,-0.11602898,-6.5065284,-19.950897,2.2704809,-1.7204287,18.880337,-1.1233376,-0.67838633,58.03163444639719,34.13005272407733,79.85940246045695,61.37082601054482,63.44463971880493,64.49912126537787,76.60808435852373,53.25131810193322,47.59226713532514,66.52021089630932,37.188049209138846,6.1862917398945525,13.356766256590511,25.940246045694202,8.189806678383128,13.181019332161688,16.133567662565905,28.400702987697716,50.50966608084359,46.643233743409496,16.30931458699473,47.557117750439375,56.695957820738144,51.9859402460457,21.652021089630935,27.451669595782075,12.970123022847101,36.48506151142355,17.223198594024606,19.36731107205624,20.316344463971884,15.711775043936733,5.413005272407734,19.82425307557118,33.286467486818985,16.766256590509666,6.959578207381371,15.641476274165203,12.196836555360282,8.014059753954307,33.427065026362044,54.20035149384886,12.934973637961336,17.012302284710017,24.323374340949037,11.669595782073815,17.223198594024606,39.22671353251319,10.579964850615115,8.365553602811952,82.10896309314587,28.787346221441126
COC(c1cncnc1)C(C)CCN1CCN(C(SC)C(=O)O)CC1,368.5030000000001,1.5816000000000001,7,1,4.0,0.7038427027790795,3,78.79,0,0,1,0.010097668,0.25525784,0.770836,0.00018369095,0.02594896,0.06283129,0.031794716,0.07029928,0.028066004,0.1791582,0.07869994,0.14604661,0.12901016,0.28234324,0.9912502,0.001731938,0.013515132,0.002068443,0.0020285822,0.0030727158,0.02695092,0.000118130076,0.21816483,0.01332148,0.022427704,0.00015255343,0.0017788217,0.00048814117,0.0010784431,0.25164148,0.33689862,-5.850618,12.517287,5.7044244,-6.5531325,-18.60719,2.2043738,-1.403669,26.926067,-1.2138195,-0.17339078,58.03163444639719,38.94551845342707,79.85940246045695,36.59050966608085,63.44463971880493,75.71177504393674,76.60808435852373,53.25131810193322,47.59226713532514,25.869947275922673,83.09314586994728,2.776801405975396,15.922671353251319,44.88576449912127,8.330404217926187,29.455184534270654,25.940246045694202,48.85764499121266,37.68014059753955,40.45694200351494,24.56942003514939,54.833040421792624,44.71001757469244,57.644991212653785,41.72231985940246,40.421792618629176,10.193321616871705,27.065026362038665,14.727592267135327,18.804920913884008,10.369068541300528,4.534270650263621,6.080843585237259,22.95254833040422,35.465729349736385,11.669595782073815,3.4797891036906856,13.42706502636204,8.049209138840071,5.62390158172232,15.711775043936733,53.49736379613357,16.55536028119508,28.541300527240775,29.595782073813712,11.63444639718805,19.964850615114237,35.07908611599297,13.04042179261863,13.075571177504395,81.26537785588754,33.81370826010545
COC(c1cncnc1)C(C)CCN1CCN(CCCC(=O)O)CC1,350.46300000000014,1.6726999999999999,6,1,4.0,0.6874906761270236,2,78.79,0,0,0,0.00820809,0.22973017,0.68253744,5.2354542e-05,0.0018464923,0.024584362,0.0018334698,0.1364964,0.024809606,0.07906102,0.008586983,0.107730046,0.103815235,0.07905775,0.87612706,0.0013013846,0.01814062,0.000769438,0.00057115627,0.0028256974,0.03767372,3.7975344e-05,0.15339133,0.004683745,0.012482481,9.2728435e-05,0.00051201816,0.00037763122,0.00045393812,0.41006842,0.23340365,-5.7216897,8.724794,-5.607984,-5.4306827,-18.345776,2.2794461,-1.8095558,6.109871,-0.8581381,-1.5122083,53.602811950790866,39.89455184534271,72.46045694200352,36.59050966608085,63.44463971880493,72.93497363796135,69.84182776801407,53.25131810193322,47.59226713532514,25.869947275922673,37.188049209138846,2.1089630931458703,14.973637961335678,31.036906854130056,5.975395430579965,3.690685413005273,14.13005272407733,12.759226713532515,57.99648506151143,38.55887521968366,13.04042179261863,33.53251318101933,32.89982425307557,51.77504393673111,15.289982425307558,25.27240773286468,7.486818980667839,36.94200351493849,7.803163444639719,7.135325131810194,9.52548330404218,11.17750439367311,4.182776801405976,19.82425307557118,26.432337434094904,4.850615114235501,2.0386643233743413,6.291739894551846,6.889279437609843,3.0931458699472762,35.36028119507909,45.237258347978916,18.945518453427066,24.04217926186292,18.558875219683657,13.216168717047452,20.632688927943764,39.64850615114236,9.84182776801406,3.8664323374340954,85.30755711775045,21.79261862917399
COC(c1cncnc1)C(C)CCN1CCN(C2CCCC2C(=O)O)CC1,376.5010000000002,2.0612000000000004,6,1,4.0,0.7438394546016407,4,78.79,0,0,0,0.0056493497,0.25099245,0.6928903,6.8605485e-05,0.0068282736,0.048315328,0.009767728,0.10655989,0.059094787,0.14988577,0.043181818,0.10355197,0.15956572,0.15727186,0.9627676,0.0011652244,0.01659508,0.0011357762,0.0016950021,0.0032787076,0.029724866,9.5940515e-05,0.1961709,0.0253228,0.025552576,0.00011188722,0.0010336061,0.0011356161,0.00080385327,0.24859229,0.44832984,-5.873184,3.386945,-3.9192867,-8.337063,-18.852823,2.20513,-1.5330136,19.824047,-1.4274616,-1.9333847,60.105448154657296,45.58875219683656,72.46045694200352,36.59050966608085,63.44463971880493,81.37082601054482,81.28295254833041,53.25131810193322,47.59226713532514,25.869947275922673,37.188049209138846,1.5114235500878737,15.782073813708262,32.337434094903344,6.502636203866433,11.212653778558876,22.073813708260108,31.45869947275923,49.13884007029878,51.739894551845346,21.757469244288227,48.01405975395431,31.282952548330407,63.79613356766257,28.681898066783834,32.4780316344464,6.6783831282952555,34.059753954305805,9.630931458699473,16.520210896309315,11.17750439367311,6.1862917398945525,5.413005272407734,22.03866432337434,40.07029876977153,13.462214411247805,2.4253075571177507,9.455184534270652,13.848857644991213,4.7100175746924435,15.360281195079088,60.246045694200355,16.30931458699473,17.574692442882252,20.246045694200355,9.384885764499122,19.121265377855888,35.21968365553603,11.985940246045695,8.857644991212654,78.4182776801406,17.996485061511425
COC(c1cncnc1)C(C)CCN1CCN(C(C)C(=O)O)CC1,336.4360000000001,1.2810000000000004,6,1,4.0,0.7658949375814829,3,78.79,0,0,0,0.0069797337,0.31971306,0.7366361,0.0004045823,0.023657197,0.058223493,0.028011937,0.113974355,0.065156475,0.15984853,0.064826705,0.18503535,0.11211731,0.2083331,0.98067653,0.0012479463,0.012689002,0.0026213455,0.0025553815,0.0032435756,0.028948307,9.784491e-05,0.29634103,0.017414106,0.02712045,0.00016752431,0.0016191922,0.00083219993,0.0007821775,0.29802257,0.4155057,-5.812024,1.1888535,-8.185014,-6.9168496,-18.488,2.3110716,-1.5915439,12.913223,-0.7218852,-1.502361,50.650263620386646,34.86818980667839,72.46045694200352,36.59050966608085,63.44463971880493,84.25307557117752,76.60808435852373,53.25131810193322,47.59226713532514,25.869947275922673,37.188049209138846,1.898066783831283,20.351493848857647,38.48857644991213,10.123022847100177,27.87346221441125,24.74516695957821,46.85413005272408,51.3884007029877,53.35676625659051,22.601054481546576,52.829525483304046,54.93848857644992,54.02460456942004,35.289982425307564,36.203866432337435,7.240773286467488,25.51845342706503,17.469244288224957,21.40597539543058,11.036906854130054,5.659050966608085,5.413005272407734,26.256590509666083,37.3286467486819,14.762741652021091,3.655536028119508,12.442882249560634,11.70474516695958,4.674868189806679,20.949033391915645,58.34797891036907,17.398945518453427,15.85237258347979,16.203866432337435,11.17750439367311,20.38664323374341,41.58172231985941,11.458699472759228,5.659050966608085,87.17047451669596,21.968365553602816
COC(c1cncnc1)C(C)CCN1CCN(c2ccc(C(=O)O)cc2)CC1,384.48000000000013,2.710700000000001,6,1,4.0,0.7495387749517681,2,78.79,0,0,0,0.008371932,0.23322852,0.8388244,0.001051014,0.016389254,0.14837736,0.037723683,0.074239895,0.10242641,0.26021966,0.04188528,0.14120474,0.4887765,0.4881734,0.9569106,0.0049631577,0.030983496,0.00610544,0.0064354995,0.011712784,0.05537016,0.002203885,0.14569141,0.050058566,0.04234525,0.0014137675,0.0038500272,0.007755056,0.0072714263,0.116599366,0.43000954,-5.735794,5.6583776,6.3112183,-8.023035,-18.325294,2.5136623,-0.8818132,54.516956,-2.7141073,0.9696671,61.75746924428823,56.59050966608085,72.46045694200352,36.59050966608085,63.44463971880493,82.10896309314587,69.84182776801407,53.25131810193322,47.59226713532514,25.869947275922673,37.188049209138846,2.1441124780316345,15.114235500878737,60.07029876977153,14.200351493848858,22.63620386643234,55.43057996485062,51.14235500878735,39.36731107205624,60.77328646748683,33.63796133567663,47.557117750439375,43.514938488576455,91.77504393673111,55.07908611599297,31.45869947275923,27.6274165202109,57.9261862917399,30.263620386643236,33.35676625659051,39.89455184534271,26.115992970123024,30.123022847100177,19.543057996485064,45.90509666080844,23.163444639718808,19.648506151142357,23.33919156414763,33.25131810193322,25.27240773286468,4.6045694200351495,59.08611599297013,18.699472759226715,20.52724077328647,30.158172231985944,9.806678383128297,20.70298769771529,54.376098418277685,19.015817223198596,31.77504393673111,57.188049209138846,45.237258347978916
COC(c1cncnc1)C(C)CCN1CCN(C2CCCCC2C(=O)O)CC1,390.52800000000025,2.4513000000000007,6,1,4.0,0.7302768500009279,4,78.79,0,0,0,0.004366927,0.25569043,0.6960303,7.9747224e-05,0.008401848,0.051957835,0.013877156,0.12388005,0.08034234,0.17233336,0.061962664,0.10020758,0.17382966,0.15968011,0.97434634,0.0010095265,0.015407102,0.0012087629,0.0022414643,0.0035875186,0.028474947,0.00012253618,0.24096608,0.041650735,0.03261798,0.000103423896,0.0011740426,0.0017983448,0.00081115804,0.23504357,0.5369822,-5.864853,7.7424407,2.1532416,-10.95036,-18.60783,2.2311127,-1.2164125,27.047459,-1.6970196,-1.8733234,63.44463971880493,51.59929701230229,72.46045694200352,36.59050966608085,63.44463971880493,79.08611599297014,81.28295254833041,53.25131810193322,47.59226713532514,25.869947275922673,37.188049209138846,1.2653778558875222,15.922671353251319,32.89982425307557,6.537785588752198,13.532513181019333,22.95254833040422,36.344463971880494,54.059753954305805,56.379613356766264,23.79613356766257,52.16168717047452,30.263620386643236,66.22144112478033,29.173989455184536,34.41124780316345,5.553602811950792,31.353251318101936,10.22847100175747,19.929701230228474,12.65377855887522,5.413005272407734,6.115992970123023,23.97188049209139,44.288224956063274,17.926186291739896,2.2144112478031635,10.333919156414764,17.644991212653782,4.7100175746924435,14.411247803163446,64.85061511423551,16.414762741652023,22.81195079086116,26.432337434094904,7.346221441124781,19.964850615114237,36.836555360281196,15.360281195079088,13.145869947275925,75.00878734622145,18.488576449912127
COC(c1cncnc1)C(C)CCN1CCN(CC(=O)O)CC1,322.40900000000005,0.8925000000000005,6,1,4.0,0.7612838301519422,2,78.79,0,0,0,0.012685681,0.32636142,0.72181046,0.0006286128,0.019828454,0.05840535,0.022592958,0.10427727,0.06250534,0.1374378,0.047815736,0.23263153,0.13717395,0.23598728,0.95129985,0.0020182156,0.014280993,0.0034669612,0.0025546998,0.00443351,0.040947504,0.00015959583,0.23665416,0.013805345,0.03241472,0.00030463486,0.0022132862,0.0010729082,0.0015673771,0.3379367,0.35570398,-5.7873793,1.7443211,-9.698913,-9.509035,-18.234213,2.2464805,-1.8782266,13.339609,-0.8644973,-2.4865294,47.34622144112478,30.755711775043938,72.46045694200352,36.59050966608085,63.44463971880493,83.72583479789104,69.84182776801407,53.25131810193322,47.59226713532514,25.869947275922673,37.188049209138846,3.3391915641476277,20.91388400702988,36.27416520210897,11.845342706502636,25.342706502636204,24.81546572934974,43.198594024604574,48.54130052724078,52.72407732864675,20.351493848857647,49.068541300527244,65.90509666080844,59.789103690685415,38.066783831282955,31.07205623901582,11.70474516695958,28.998242530755714,21.968365553602816,21.40597539543058,16.203866432337435,13.81370826010545,6.608084358523726,23.866432337434098,35.64147627416521,17.785588752196837,5.940246045694201,15.571177504393674,13.356766256590511,8.014059753954307,25.51845342706503,54.97363796133568,17.539543057996486,16.203866432337435,15.043936731107207,8.224956063268893,20.91388400702988,37.750439367311074,9.455184534270652,5.729349736379614,85.27240773286468,13.321616871704746
COC(c1cncnc1)C(C)CCN1CCN(CC(S)C(=O)O)CC1,368.50300000000004,1.1909,7,2,4.0,0.6340154919748776,3,78.79,0,1,0,0.022708628,0.19983938,0.63837504,0.00016972696,0.008124611,0.031221997,0.007919134,0.11114253,0.04210575,0.10600884,0.041859947,0.19119337,0.105149604,0.117134094,0.91484463,0.002225305,0.017877128,0.0025720163,0.002139059,0.0054951473,0.043389697,9.596809e-05,0.15215735,0.010281782,0.031013269,0.00035194034,0.002237175,0.00091956614,0.0015720617,0.39689198,0.34420416,-6.0684347,2.726542,-0.11602898,-6.5065284,-19.950897,2.2704809,-1.7204287,18.880337,-1.1233376,-0.67838633,58.03163444639719,34.13005272407733,79.85940246045695,61.37082601054482,63.44463971880493,64.49912126537787,76.60808435852373,53.25131810193322,47.59226713532514,66.52021089630932,37.188049209138846,6.1862917398945525,13.356766256590511,25.940246045694202,8.189806678383128,13.181019332161688,16.133567662565905,28.400702987697716,50.50966608084359,46.643233743409496,16.30931458699473,47.557117750439375,56.695957820738144,51.9859402460457,21.652021089630935,27.451669595782075,12.970123022847101,36.48506151142355,17.223198594024606,19.36731107205624,20.316344463971884,15.711775043936733,5.413005272407734,19.82425307557118,33.286467486818985,16.766256590509666,6.959578207381371,15.641476274165203,12.196836555360282,8.014059753954307,33.427065026362044,54.20035149384886,12.934973637961336,17.012302284710017,24.323374340949037,11.669595782073815,17.223198594024606,39.22671353251319,10.579964850615115,8.365553602811952,82.10896309314587,28.787346221441126
COC(c1cncnc1)C(C)CCN1CCN(C(SC)C(=O)O)CC1,368.5030000000001,1.5816000000000001,7,1,4.0,0.7038427027790795,3,78.79,0,0,1,0.010097668,0.25525784,0.770836,0.00018369095,0.02594896,0.06283129,0.031794716,0.07029928,0.028066004,0.1791582,0.07869994,0.14604661,0.12901016,0.28234324,0.9912502,0.001731938,0.013515132,0.002068443,0.0020285822,0.0030727158,0.02695092,0.000118130076,0.21816483,0.01332148,0.022427704,0.00015255343,0.0017788217,0.00048814117,0.0010784431,0.25164148,0.33689862,-5.850618,12.517287,5.7044244,-6.5531325,-18.60719,2.2043738,-1.403669,26.926067,-1.2138195,-0.17339078,58.03163444639719,38.94551845342707,79.85940246045695,36.59050966608085,63.44463971880493,75.71177504393674,76.60808435852373,53.25131810193322,47.59226713532514,25.869947275922673,83.09314586994728,2.776801405975396,15.922671353251319,44.88576449912127,8.330404217926187,29.455184534270654,25.940246045694202,48.85764499121266,37.68014059753955,40.45694200351494,24.56942003514939,54.833040421792624,44.71001757469244,57.644991212653785,41.72231985940246,40.421792618629176,10.193321616871705,27.065026362038665,14.727592267135327,18.804920913884008,10.369068541300528,4.534270650263621,6.080843585237259,22.95254833040422,35.465729349736385,11.669595782073815,3.4797891036906856,13.42706502636204,8.049209138840071,5.62390158172232,15.711775043936733,53.49736379613357,16.55536028119508,28.541300527240775,29.595782073813712,11.63444639718805,19.964850615114237,35.07908611599297,13.04042179261863,13.075571177504395,81.26537785588754,33.81370826010545
COC(c1cncnc1)C(C)CCN1CCN(CCCC(=O)O)CC1,350.46300000000014,1.6726999999999999,6,1,4.0,0.6874906761270236,2,78.79,0,0,0,0.00820809,0.22973017,0.68253744,5.2354542e-05,0.0018464923,0.024584362,0.0018334698,0.1364964,0.024809606,0.07906102,0.008586983,0.107730046,0.103815235,0.07905775,0.87612706,0.0013013846,0.01814062,0.000769438,0.00057115627,0.0028256974,0.03767372,3.7975344e-05,0.15339133,0.004683745,0.012482481,9.2728435e-05,0.00051201816,0.00037763122,0.00045393812,0.41006842,0.23340365,-5.7216897,8.724794,-5.607984,-5.4306827,-18.345776,2.2794461,-1.8095558,6.109871,-0.8581381,-1.5122083,53.602811950790866,39.89455184534271,72.46045694200352,36.59050966608085,63.44463971880493,72.93497363796135,69.84182776801407,53.25131810193322,47.59226713532514,25.869947275922673,37.188049209138846,2.1089630931458703,14.973637961335678,31.036906854130056,5.975395430579965,3.690685413005273,14.13005272407733,12.759226713532515,57.99648506151143,38.55887521968366,13.04042179261863,33.53251318101933,32.89982425307557,51.77504393673111,15.289982425307558,25.27240773286468,7.486818980667839,36.94200351493849,7.803163444639719,7.135325131810194,9.52548330404218,11.17750439367311,4.182776801405976,19.82425307557118,26.432337434094904,4.850615114235501,2.0386643233743413,6.291739894551846,6.889279437609843,3.0931458699472762,35.36028119507909,45.237258347978916,18.945518453427066,24.04217926186292,18.558875219683657,13.216168717047452,20.632688927943764,39.64850615114236,9.84182776801406,3.8664323374340954,85.30755711775045,21.79261862917399
COC(c1cncnc1)C(C)CCN1CCN(C2CCCC2C(=O)O)CC1,376.5010000000002,2.0612000000000004,6,1,4.0,0.7438394546016407,4,78.79,0,0,0,0.0056493497,0.25099245,0.6928903,6.8605485e-05,0.0068282736,0.048315328,0.009767728,0.10655989,0.059094787,0.14988577,0.043181818,0.10355197,0.15956572,0.15727186,0.9627676,0.0011652244,0.01659508,0.0011357762,0.0016950021,0.0032787076,0.029724866,9.5940515e-05,0.1961709,0.0253228,0.025552576,0.00011188722,0.0010336061,0.0011356161,0.00080385327,0.24859229,0.44832984,-5.873184,3.386945,-3.9192867,-8.337063,-18.852823,2.20513,-1.5330136,19.824047,-1.4274616,-1.9333847,60.105448154657296,45.58875219683656,72.46045694200352,36.59050966608085,63.44463971880493,81.37082601054482,81.28295254833041,53.25131810193322,47.59226713532514,25.869947275922673,37.188049209138846,1.5114235500878737,15.782073813708262,32.337434094903344,6.502636203866433,11.212653778558876,22.073813708260108,31.45869947275923,49.13884007029878,51.739894551845346,21.757469244288227,48.01405975395431,31.282952548330407,63.79613356766257,28.681898066783834,32.4780316344464,6.6783831282952555,34.059753954305805,9.630931458699473,16.520210896309315,11.17750439367311,6.1862917398945525,5.413005272407734,22.03866432337434,40.07029876977153,13.462214411247805,2.4253075571177507,9.455184534270652,13.848857644991213,4.7100175746924435,15.360281195079088,60.246045694200355,16.30931458699473,17.574692442882252,20.246045694200355,9.384885764499122,19.121265377855888,35.21968365553603,11.985940246045695,8.857644991212654,78.4182776801406,17.996485061511425
COC(c1cncnc1)C(C)CCN1CCN(C(C)C(=O)O)CC1,336.4360000000001,1.2810000000000004,6,1,4.0,0.7658949375814829,3,78.79,0,0,0,0.0069797337,0.31971306,0.7366361,0.0004045823,0.023657197,0.058223493,0.028011937,0.113974355,0.065156475,0.15984853,0.064826705,0.18503535,0.11211731,0.2083331,0.98067653,0.0012479463,0.012689002,0.0026213455,0.0025553815,0.0032435756,0.028948307,9.784491e-05,0.29634103,0.017414106,0.02712045,0.00016752431,0.0016191922,0.00083219993,0.0007821775,0.29802257,0.4155057,-5.812024,1.1888535,-8.185014,-6.9168496,-18.488,2.3110716,-1.5915439,12.913223,-0.7218852,-1.502361,50.650263620386646,34.86818980667839,72.46045694200352,36.59050966608085,63.44463971880493,84.25307557117752,76.60808435852373,53.25131810193322,47.59226713532514,25.869947275922673,37.188049209138846,1.898066783831283,20.351493848857647,38.48857644991213,10.123022847100177,27.87346221441125,24.74516695957821,46.85413005272408,51.3884007029877,53.35676625659051,22.601054481546576,52.829525483304046,54.93848857644992,54.02460456942004,35.289982425307564,36.203866432337435,7.240773286467488,25.51845342706503,17.469244288224957,21.40597539543058,11.036906854130054,5.659050966608085,5.413005272407734,26.256590509666083,37.3286467486819,14.762741652021091,3.655536028119508,12.442882249560634,11.70474516695958,4.674868189806679,20.949033391915645,58.34797891036907,17.398945518453427,15.85237258347979,16.203866432337435,11.17750439367311,20.38664323374341,41.58172231985941,11.458699472759228,5.659050966608085,87.17047451669596,21.968365553602816
COC(c1cncnc1)C(C)CCN1CCN(c2ccc(C(=O)O)cc2)CC1,384.48000000000013,2.710700000000001,6,1,4.0,0.7495387749517681,2,78.79,0,0,0,0.008371932,0.23322852,0.8388244,0.001051014,0.016389254,0.14837736,0.037723683,0.074239895,0.10242641,0.26021966,0.04188528,0.14120474,0.4887765,0.4881734,0.9569106,0.0049631577,0.030983496,0.00610544,0.0064354995,0.011712784,0.05537016,0.002203885,0.14569141,0.050058566,0.04234525,0.0014137675,0.0038500272,0.007755056,0.0072714263,0.116599366,0.43000954,-5.735794,5.6583776,6.3112183,-8.023035,-18.325294,2.5136623,-0.8818132,54.516956,-2.7141073,0.9696671,61.75746924428823,56.59050966608085,72.46045694200352,36.59050966608085,63.44463971880493,82.10896309314587,69.84182776801407,53.25131810193322,47.59226713532514,25.869947275922673,37.188049209138846,2.1441124780316345,15.114235500878737,60.07029876977153,14.200351493848858,22.63620386643234,55.43057996485062,51.14235500878735,39.36731107205624,60.77328646748683,33.63796133567663,47.557117750439375,43.514938488576455,91.77504393673111,55.07908611599297,31.45869947275923,27.6274165202109,57.9261862917399,30.263620386643236,33.35676625659051,39.89455184534271,26.115992970123024,30.123022847100177,19.543057996485064,45.90509666080844,23.163444639718808,19.648506151142357,23.33919156414763,33.25131810193322,25.27240773286468,4.6045694200351495,59.08611599297013,18.699472759226715,20.52724077328647,30.158172231985944,9.806678383128297,20.70298769771529,54.376098418277685,19.015817223198596,31.77504393673111,57.188049209138846,45.237258347978916
COC(c1cncnc1)C(C)CCN1CCN(C2CCCCC2C(=O)O)CC1,390.52800000000025,2.4513000000000007,6,1,4.0,0.7302768500009279,4,78.79,0,0,0,0.004366927,0.25569043,0.6960303,7.97472e-05,0.008401853,0.051957827,0.013877156,0.12388005,0.08034233,0.17233333,0.06196267,0.10020759,0.17382966,0.15968013,0.97434634,0.0010095265,0.015407102,0.0012087626,0.002241464,0.0035875193,0.028474951,0.00012253619,0.24096608,0.041650746,0.03261798,0.00010342394,0.0011740426,0.0017983455,0.00081115804,0.23504357,0.5369822,-5.864853,7.7424393,2.1532435,-10.950357,-18.60783,2.2311127,-1.2164125,27.047459,-1.6970196,-1.8733234,63.44463971880493,51.59929701230229,72.46045694200352,36.59050966608085,63.44463971880493,79.08611599297014,81.28295254833041,53.25131810193322,47.59226713532514,25.869947275922673,37.188049209138846,1.2653778558875222,15.922671353251319,32.89982425307557,6.537785588752198,13.532513181019333,22.95254833040422,36.344463971880494,54.059753954305805,56.379613356766264,23.79613356766257,52.16168717047452,30.263620386643236,66.22144112478033,29.173989455184536,34.41124780316345,5.553602811950792,31.353251318101936,10.22847100175747,19.929701230228474,12.65377855887522,5.413005272407734,6.115992970123023,23.97188049209139,44.288224956063274,17.926186291739896,2.2144112478031635,10.333919156414764,17.644991212653782,4.7100175746924435,14.411247803163446,64.85061511423551,16.414762741652023,22.81195079086116,26.432337434094904,7.346221441124781,19.964850615114237,36.836555360281196,15.360281195079088,13.145869947275925,75.00878734622145,18.488576449912127
COC(c1cncnc1)C(C)CCN1CCN(CC(=O)O)CC1,322.40900000000005,0.8925000000000005,6,1,4.0,0.7612838301519422,2,78.79,0,0,0,0.012685679,0.32636142,0.72181046,0.00062861294,0.019828454,0.05840535,0.022592958,0.10427727,0.06250534,0.1374378,0.047815736,0.23263153,0.13717395,0.23598728,0.95129985,0.0020182156,0.014280993,0.0034669612,0.0025546998,0.0044335094,0.040947504,0.00015959583,0.23665416,0.013805345,0.032414723,0.00030463486,0.002213286,0.0010729082,0.0015673768,0.3379367,0.35570398,-5.7873793,1.7443211,-9.698913,-9.509035,-18.234213,2.2464805,-1.8782266,13.339609,-0.8644973,-2.4865294,47.34622144112478,30.755711775043938,72.46045694200352,36.59050966608085,63.44463971880493,83.72583479789104,69.84182776801407,53.25131810193322,47.59226713532514,25.869947275922673,37.188049209138846,3.3391915641476277,20.91388400702988,36.27416520210897,11.845342706502636,25.342706502636204,24.81546572934974,43.198594024604574,48.54130052724078,52.72407732864675,20.351493848857647,49.068541300527244,65.90509666080844,59.789103690685415,38.066783831282955,31.07205623901582,11.70474516695958,28.998242530755714,21.968365553602816,21.40597539543058,16.203866432337435,13.81370826010545,6.608084358523726,23.866432337434098,35.64147627416521,17.785588752196837,5.940246045694201,15.571177504393674,13.356766256590511,8.014059753954307,25.51845342706503,54.97363796133568,17.539543057996486,16.203866432337435,15.043936731107207,8.224956063268893,20.91388400702988,37.750439367311074,9.455184534270652,5.729349736379614,85.27240773286468,13.321616871704746
COC(=O)C(Cl)CN1CCN(CCC(C)C(OC)c2cncnc2)CC1,384.90800000000013,1.5882999999999994,7,0,4.0,0.47270583148829937,3,67.79,0,1,2,0.07888692,0.74539524,0.70233226,0.002946931,0.14037797,0.048258297,0.05258868,0.23649964,0.25762025,0.35924703,0.5921086,0.1362684,0.24923828,0.18709847,0.9995016,0.0013303339,0.0094718505,0.011015415,0.013642597,0.0032881845,0.018977735,4.989982e-05,0.78425986,0.08902955,0.055763476,0.0003849722,0.007508006,0.0027798482,0.0017803453,0.39496303,0.8565254,-5.244672,31.250065,29.983515,11.998454,-15.418996,3.006206,-0.019654965,20.87435,-1.2045819,3.806643,61.93321616871705,39.05096660808436,79.85940246045695,11.63444639718805,63.44463971880493,42.81195079086116,76.60808435852373,45.18453427065027,47.59226713532514,66.52021089630932,95.07908611599298,22.35500878734622,52.61862917398946,33.67311072056239,21.01933216168717,58.31282952548331,22.03866432337434,55.99297012302285,71.77504393673111,75.1493848857645,42.35500878734622,85.41300527240774,42.07381370826011,74.97363796133568,33.00527240773287,61.6871704745167,7.732864674868191,17.047451669595784,41.15992970123023,44.81546572934974,11.212653778558876,1.3708260105448156,4.463971880492092,50.4042179261863,51.63444639718806,30.087873462214414,7.311072056239016,35.18453427065027,22.1792618629174,9.103690685413007,32.970123022847105,83.33919156414764,33.63796133567663,49.73637961335677,54.235500878734626,43.72583479789104,32.829525483304046,82.14411247803164,30.298769771529003,9.490333919156416,81.37082601054482,68.11950790861161
COC(c1cncnc1)C(C)CCN1CCN(CC(SC)C(N)=O)CC1,381.5460000000001,1.0248000000000013,7,1,4.0,0.6476923335969353,3,84.58000000000001,0,0,0,0.035817456,0.5197725,0.6675102,0.0005811064,0.0405275,0.03247448,0.01962517,0.22043459,0.10407295,0.23489389,0.41122228,0.12081282,0.12272751,0.14226918,0.9987879,0.0013099227,0.011626338,0.0056655505,0.005372473,0.0025860681,0.018287133,1.83876e-05,0.63553363,0.03758914,0.033174083,0.00021239852,0.003020314,0.0013994601,0.00085711724,0.38488668,0.7489314,-5.4968348,24.83582,15.897794,10.398897,-17.615276,2.3695202,-0.69160783,7.44781,-0.9160198,2.9197824,61.05448154657294,31.985940246045697,79.85940246045695,36.59050966608085,63.44463971880493,66.4323374340949,76.60808435852373,57.750439367311074,47.59226713532514,25.869947275922673,37.188049209138846,9.560632688927944,34.20035149384886,28.857644991212656,11.599297012302285,36.90685413005273,16.660808435852374,41.0896309314587,70.26362038664324,61.195079086115996,31.353251318101936,79.43760984182778,37.3286467486819,56.41476274165203,26.115992970123024,54.6572934973638,7.592267135325132,22.460456942003518,29.244288224956065,30.966608084358526,8.084358523725836,1.3005272407732866,3.233743409490334,40.17574692442883,43.16344463971881,18.418277680140598,4.534270650263621,19.789103690685415,15.676625659050968,4.885764499121266,31.845342706502638,75.43057996485062,23.97188049209139,43.40949033391916,40.105448154657296,40.91388400702988,23.374340949033392,44.9560632688928,21.195079086115996,4.147627416520211,84.60456942003516,62.24956063268893
COC(=O)C(CN1CCN(CCC(C)C(OC)c2cncnc2)CC1)OC,380.48900000000015,0.9959000000000013,8,0,4.0,0.5565173390252796,3,77.02000000000001,0,0,0,0.048743118,0.7192485,0.73007417,0.0012901191,0.114381626,0.039692782,0.042067196,0.22131553,0.1580697,0.3661161,0.6141281,0.08936177,0.22667928,0.20986886,0.9996753,0.0009611469,0.0095433155,0.008361883,0.009315002,0.0024010162,0.015332962,2.588942e-05,0.79223186,0.083694026,0.041834354,0.00031366566,0.004324804,0.0018855492,0.0012609768,0.3095978,0.84759295,-5.204945,35.942345,27.49941,12.872877,-15.978228,2.6606584,-0.36002964,12.275919,-0.797168,3.7755141,60.84358523725835,31.810193321616875,84.51669595782074,11.63444639718805,63.44463971880493,54.516695957820744,76.60808435852373,51.9859402460457,47.59226713532514,25.869947275922673,37.188049209138846,13.005272407732866,50.12302284710018,37.46924428822496,15.219683655536029,54.09490333919157,18.945518453427066,53.18101933216169,70.33391915641477,68.18980667838314,42.882249560632694,86.0456942003515,27.10017574692443,72.82952548330405,35.50087873462215,65.76449912126539,5.131810193321617,17.152899824253076,36.30931458699473,38.87521968365554,7.451669595782074,0.8787346221441126,3.5852372583479792,51.107205623901585,50.966608084358526,22.95254833040422,6.115992970123023,25.096660808435853,18.172231985940247,6.4323374340949035,22.56590509666081,82.67135325131811,35.571177504393674,53.70826010544816,51.880492091388405,45.342706502636204,29.630931458699475,63.55008787346222,25.27240773286468,5.483304042179262,86.18629173989456,67.83831282952549
COC(c1cncnc1)C(C)CCN1CCN(CC(O)C(=O)O)CC1,352.43500000000006,0.2534000000000007,7,2,4.0,0.6526504561021222,3,99.02000000000002,0,0,0,0.014642487,0.23378973,0.65669954,0.00039106427,0.014399158,0.03319391,0.011103888,0.122048736,0.06546823,0.11913037,0.06435865,0.16733254,0.115164235,0.14540157,0.9145199,0.0017430221,0.020183112,0.0033755512,0.0023488936,0.0044485726,0.04457057,7.386807e-05,0.17751242,0.013695183,0.030195108,0.0003158809,0.0012847391,0.0009945456,0.0012525896,0.3458225,0.4164079,-6.23318,-1.7264389,-9.150964,-1.7765634,-21.764637,1.9116671,-2.1235564,11.999553,-0.7302526,0.7995063,53.88400702987698,25.026362038664324,79.85940246045695,61.37082601054482,63.44463971880493,67.38137082601055,76.60808435852373,66.99472759226714,47.59226713532514,25.869947275922673,37.188049209138846,3.760984182776802,15.114235500878737,27.768014059753956,9.91212653778559,21.054481546572937,16.871704745166962,33.427065026362044,53.602811950790866,53.427065026362044,18.207381370826013,52.79437609841828,51.00175746924429,54.48154657293498,26.78383128295255,27.451669595782075,10.298769771528999,40.84358523725835,21.370826010544818,20.281195079086118,16.274165202108964,16.695957820738137,5.131810193321617,21.265377855887525,35.606326889279444,16.168717047451672,6.115992970123023,10.685413005272409,12.79437609841828,6.291739894551846,26.502636203866434,58.418277680140605,10.93145869947276,14.165202108963094,15.500878734622145,19.36731107205624,13.567662565905097,19.472759226713535,7.803163444639719,5.377855887521969,87.02987697715291,43.79613356766257
COC(c1cncnc1)C(C)CCN1CCN(CC(Cl)C(=O)O)CC1,370.8810000000001,1.4998999999999998,6,1,4.0,0.6596765002795846,3,78.79,0,1,2,0.039673626,0.23472016,0.6363624,0.0003608482,0.018033246,0.050305348,0.016267983,0.09922554,0.06604468,0.15745845,0.06271813,0.2349314,0.1802971,0.18890029,0.904084,0.003466238,0.018116016,0.003984977,0.004703439,0.0091998195,0.055802356,0.00026599132,0.16892913,0.018660901,0.0536542,0.00075049174,0.004482566,0.0022955707,0.003634293,0.38259453,0.4118363,-5.873047,1.855307,-0.4507393,-5.366513,-18.3854,2.554059,-1.4599335,15.455587,-0.90412456,-0.51502943,58.76977152899825,37.46924428822496,72.46045694200352,36.59050966608085,63.44463971880493,68.54130052724078,76.60808435852373,53.25131810193322,47.59226713532514,66.52021089630932,95.07908611599298,10.54481546572935,15.149384885764501,25.729349736379614,9.666080843585238,23.83128295254833,22.63620386643234,38.242530755711776,47.557117750439375,53.53251318101934,22.42530755711775,52.37258347978911,66.25659050966608,67.06502636203867,33.11072056239016,26.502636203866434,20.105448154657296,36.90685413005273,23.90158172231986,29.279437609841832,33.286467486818985,26.362038664323375,8.646748681898067,20.84358523725835,37.926186291739896,29.068541300527244,12.161687170474519,25.76449912126538,20.0,16.344463971880494,31.564147627416524,58.13708260105449,16.344463971880494,16.344463971880494,23.79613356766257,13.321616871704746,20.597539543057998,56.73110720562391,12.79437609841828,6.71353251318102,84.71001757469244,30.544815465729354
COC(c1cncnc1)C(C)CCN1CCN(CC(N)C(=O)O)CC1,351.4510000000001,0.2198000000000026,7,2,4.0,0.6509327136336733,3,104.81000000000002,0,0,0,0.03322028,0.21844523,0.6118653,0.00058490236,0.012810369,0.019950321,0.0103428485,0.16798697,0.04409072,0.11012294,0.15094836,0.16943774,0.075975016,0.122729376,0.9240629,0.0015983166,0.019413218,0.006590116,0.0022969923,0.003495039,0.039887775,2.4296416e-05,0.24602652,0.010877238,0.026530644,0.00028028918,0.0011868819,0.00065247994,0.00077133375,0.42062968,0.52573097,-6.191555,8.859414,4.756569,-7.622239,-21.122162,2.1616998,-1.3505496,13.412869,-1.1429105,-0.38781872,53.77855887521969,24.850615114235502,79.85940246045695,61.37082601054482,63.44463971880493,66.99472759226714,76.60808435852373,70.86115992970123,47.59226713532514,25.869947275922673,37.188049209138846,8.998242530755713,14.551845342706503,23.51493848857645,11.63444639718805,19.43760984182777,12.583479789103691,32.30228471001758,63.58523725834799,47.17047451669596,16.766256590509666,63.76098418277681,51.63444639718806,42.70650263620387,22.530755711775047,28.084358523725836,9.384885764499122,39.40246045694201,31.77504393673111,20.175746924428825,12.056239015817225,12.864674868189807,3.5500878734622145,24.11247803163445,33.743409490333924,14.340949033391917,5.588752196836555,10.333919156414764,10.052724077328648,4.639718804920914,36.871704745166966,64.28822495606327,11.353251318101934,24.253075571177508,28.752196836555363,10.193321616871705,14.657293497363797,32.513181019332166,13.848857644991213,5.799648506151143,81.86291739894553,32.09138840070299
COC(c1cncnc1)C(C)CCN1CCN(CC(Br)C(=O)O)CC1,415.33200000000005,1.6560000000000001,6,1,4.0,0.6148767805564513,3,78.79,0,1,2,0.05174932,0.22271486,0.6191488,0.00032195632,0.020294752,0.052303065,0.021910543,0.07843192,0.059163578,0.17410032,0.08011587,0.25788057,0.18722263,0.20053558,0.89060944,0.004338134,0.01758651,0.003878522,0.0053854543,0.010424015,0.0576455,0.0003872186,0.15130782,0.019344613,0.0633287,0.0009214066,0.005761699,0.002450023,0.0052340054,0.387693,0.38769373,-5.8536043,-1.1794571,2.6930194,-4.903403,-18.168732,2.8224025,-1.2534387,16.303566,-0.88624156,-0.51532346,68.92794376098419,39.71880492091389,72.46045694200352,36.59050966608085,63.44463971880493,62.07381370826011,76.60808435852373,53.25131810193322,47.59226713532514,66.52021089630932,95.07908611599298,13.708260105448156,14.762741652021091,24.253075571177508,9.279437609841828,25.623901581722322,23.02284710017575,42.70650263620387,40.84358523725835,51.77504393673111,24.007029876977153,55.008787346221446,70.15817223198594,68.11950790861161,34.376098418277685,25.869947275922673,24.92091388400703,35.99297012302285,23.620386643233747,31.00175746924429,36.871704745166966,28.295254833040424,10.826010544815468,19.75395430579965,38.13708260105449,32.61862917398946,14.305799648506152,30.193321616871707,20.738137082601057,20.878734622144115,32.16168717047452,56.97715289982426,16.485061511423552,14.516695957820739,26.713532513181022,14.024604569420037,21.0896309314587,73.35676625659052,14.868189806678384,7.205623901581723,85.02636203866433,30.544815465729354
C=C(CN1CCN(CCC(C)C(OC)c2cncnc2)CC1)C(=O)O,348.4470000000002,1.4487,6,1,4.0,0.6767044467945403,2,78.79,0,1,2,0.019630168,0.29789656,0.6286337,0.0008888297,0.035239566,0.06215561,0.042943086,0.09785111,0.11618575,0.18014616,0.09384464,0.24194965,0.19977322,0.19699764,0.94354993,0.0035833232,0.0171334,0.004507633,0.006647967,0.009777337,0.048695512,0.0005920972,0.21498187,0.0336881,0.06986044,0.00064897846,0.007173379,0.0030173415,0.0044943825,0.3466205,0.47333035,-5.721055,10.334671,5.380424,-13.361798,-17.627901,2.4111907,-1.3778046,23.28213,-1.2545558,-1.945866,53.145869947275926,37.11775043936731,72.46045694200352,36.59050966608085,63.44463971880493,71.21265377855889,69.84182776801407,53.25131810193322,47.59226713532514,66.52021089630932,95.07908611599298,5.448154657293498,19.156414762741655,25.096660808435853,13.391915641476276,34.30579964850615,25.76449912126538,53.46221441124781,47.17047451669596,62.98769771528999,24.67486818980668,57.188049209138846,67.20562390158173,69.9121265377856,33.77855887521969,30.263620386643236,20.667838312829527,35.289982425307564,25.65905096660809,33.98945518453427,35.07908611599297,20.14059753954306,14.059753954305801,22.88224956063269,42.21441124780317,34.516695957820744,10.826010544815468,34.44639718804921,22.776801405975398,19.191564147627417,26.748681898066785,61.30052724077329,18.980667838312833,26.362038664323375,29.173989455184536,4.885764499121266,23.374340949033392,47.90861159929702,13.49736379613357,10.826010544815468,80.84358523725835,17.926186291739896
COC(c1cncnc1)C(C)CCN1CCN(CC(F)C(=O)O)CC1,354.42600000000004,1.2306,6,1,4.0,0.7144275255684603,3,78.79,0,0,0,0.015930567,0.25804013,0.677383,0.00026407925,0.012342704,0.04865243,0.010743414,0.11802528,0.074077025,0.13579145,0.04823349,0.19464931,0.15338099,0.17011443,0.89480555,0.0017960621,0.016947836,0.0023396986,0.0024736319,0.005279351,0.043926585,0.00012431173,0.20096496,0.015123081,0.03317025,0.00027567323,0.001761426,0.0012873587,0.0014373311,0.34639373,0.39874545,-5.8442984,-6.96183,-1.0609226,-4.691441,-18.115885,2.9478807,-1.317194,10.792992,-0.7072771,-1.168328,54.44639718804921,34.516695957820744,72.46045694200352,36.59050966608085,63.44463971880493,77.08260105448156,76.60808435852373,53.25131810193322,47.59226713532514,25.869947275922673,37.188049209138846,4.288224956063269,16.063268892794376,30.298769771529003,8.752196836555362,18.66432337434095,22.1792618629174,32.93497363796134,52.30228471001758,55.32513181019333,20.0,49.17398945518454,57.750439367311074,62.636203866432346,30.615114235500883,26.08084358523726,10.685413005272409,35.008787346221446,16.168717047451672,21.15992970123023,19.68365553602812,16.203866432337435,6.151142355008788,22.284710017574696,36.30931458699473,18.418277680140598,5.483304042179262,13.286467486818982,14.657293497363797,7.240773286467488,26.678383128295255,57.60984182776802,16.62565905096661,10.650263620386644,23.304042179261867,14.446397188049211,21.23022847100176,79.75395430579965,14.200351493848858,5.131810193321617,87.2407732864675,24.56942003514939
COC(c1cncnc1)C(C)CCN1CCN(CC(=O)C(=O)O)CC1,350.4190000000001,0.46160000000000107,7,1,4.0,0.6419436604570403,2,95.86000000000001,0,1,1,0.05677451,0.43720514,0.6798464,0.0027397547,0.069685385,0.087850645,0.05863602,0.104900084,0.19043368,0.24894655,0.16531985,0.31116584,0.34316882,0.3224288,0.93947315,0.0055450867,0.020170782,0.008811007,0.009008142,0.010797642,0.06698705,0.00069196126,0.26592174,0.039127357,0.08469953,0.0019172523,0.007244402,0.0033480867,0.008185054,0.36743897,0.57907456,-5.90662,3.8041599,0.8962959,-12.097549,-18.800056,2.3534508,-1.8054459,23.052418,-0.9790722,-0.65955865,53.5676625659051,26.78383128295255,79.85940246045695,36.59050966608085,63.44463971880493,65.58875219683657,69.84182776801407,65.27240773286468,47.59226713532514,66.52021089630932,83.09314586994728,15.254833040421794,28.224956063268895,30.509666080843587,20.38664323374341,45.90509666080844,33.21616871704745,57.57469244288225,48.7170474516696,70.82601054481547,32.30228471001758,65.02636203866433,78.5237258347979,82.67135325131811,44.71001757469244,29.701230228471005,30.333919156414765,40.80843585237259,37.11775043936731,38.4182776801406,37.99648506151143,36.555360281195085,15.289982425307558,24.99121265377856,43.47978910369069,40.14059753954306,23.51493848857645,34.72759226713533,24.007029876977153,26.572934973637963,29.771528998242534,66.67838312829527,15.817223198594027,18.207381370826013,25.13181019332162,6.045694200351495,19.402460456942006,44.11247803163445,9.84182776801406,10.61511423550088,83.58523725834799,28.96309314586995
COC(c1cncnc1)C(C)CCN1CCN(CC(CO)C(=O)O)CC1,366.4620000000001,0.5010000000000014,7,2,4.0,0.6176549627141389,3,99.02000000000002,0,0,0,0.016621891,0.23390432,0.6538293,0.00031999624,0.011089948,0.03355502,0.010257205,0.13610294,0.054050904,0.12361225,0.08502167,0.16561708,0.101570055,0.13107127,0.90922374,0.0016009327,0.018987527,0.00289588,0.0019049661,0.0039336397,0.040861458,6.162737e-05,0.20569274,0.015901314,0.026218733,0.00020071855,0.0012633019,0.00071492034,0.00093036285,0.3734716,0.44871408,-5.94434,8.044668,-2.2392094,-6.373338,-20.153387,2.0997128,-1.662513,12.666307,-0.832164,-0.17448902,57.50439367311073,27.17047451669596,79.85940246045695,61.37082601054482,63.44463971880493,62.49560632688929,76.60808435852373,66.99472759226714,47.59226713532514,25.869947275922673,37.188049209138846,4.463971880492092,15.149384885764501,27.416520210896312,9.279437609841828,16.871704745166962,17.012302284710017,32.12653778558875,57.89103690685413,50.43936731107206,18.699472759226715,55.85237258347979,50.68541300527241,51.247803163444644,23.97188049209139,26.92442882249561,9.384885764499122,38.383128295254835,18.66432337434095,17.855887521968366,14.024604569420037,13.778558875219685,4.745166959578208,22.42530755711775,36.836555360281196,14.094903339191566,4.499121265377856,10.61511423550088,10.61511423550088,5.166959578207382,30.544815465729354,60.246045694200355,15.008787346221443,23.304042179261867,21.757469244288227,11.915641476274166,16.766256590509666,28.330404217926187,11.00175746924429,5.62390158172232,85.65905096660809,33.81370826010545
COC(c1cncnc1)C(C)CCN1CCN(CC(C(=O)O)C(=O)O)CC1,380.4450000000001,0.5933000000000016,7,2,4.0,0.5626264378741642,2,116.09000000000002,0,1,0,0.014256099,0.21271837,0.5590158,0.0011474665,0.02124775,0.031162668,0.021097818,0.034364156,0.09728291,0.07554535,0.019593736,0.22537403,0.20657137,0.19582784,0.49969763,0.0023971011,0.032884438,0.0029360477,0.0016901379,0.008988926,0.09187844,0.00030057793,0.03023817,0.0063441284,0.029354805,0.0005215889,0.0011679393,0.00071228587,0.0025119265,0.2989382,0.20976982,-6.444298,-26.55686,-18.10875,4.4297395,-23.310558,2.0944936,-3.1361341,17.774578,-0.8005627,0.8706001,60.77328646748683,27.803163444639722,79.85940246045695,61.37082601054482,63.44463971880493,55.289982425307564,69.84182776801407,76.69595782073814,47.59226713532514,66.52021089630932,37.188049209138846,3.655536028119508,14.13005272407733,20.210896309314588,14.797891036906856,26.256590509666083,16.098418277680143,42.00351493848858,24.639718804920918,59.89455184534271,12.372583479789105,40.03514938488577,64.67486818980669,70.72056239015818,33.63796133567663,15.465729349736382,14.340949033391917,60.49209138840071,18.910369068541304,16.485061511423552,32.513181019332166,52.196836555360285,9.244288224956064,11.212653778558876,29.209138840070302,15.606326889279439,9.103690685413007,10.298769771528999,10.61511423550088,12.231985940246046,21.195079086115996,43.30404217926187,9.068541300527242,3.9718804920913886,9.595782073813709,30.087873462214414,11.282952548330405,28.119507908611602,3.0579964850615116,7.908611599297013,86.18629173989456,44.32337434094904
COC(CN1CCN(CCC(C)C(OC)c2cncnc2)CC1)C(=O)O,366.46200000000016,0.9075000000000011,7,1,4.0,0.653659519438327,3,88.02,0,0,0,0.020471534,0.24818453,0.7129847,0.00015609158,0.012915352,0.047127612,0.0108289765,0.09862501,0.04158184,0.1633981,0.058053076,0.16131857,0.16619113,0.21161756,0.93821084,0.001985583,0.017007846,0.0020668502,0.002099405,0.0047604972,0.039490774,0.00013145406,0.21477492,0.014913892,0.03007502,0.000401831,0.0018180016,0.00085775246,0.0016831852,0.31928805,0.40706626,-5.9038877,6.7228928,-3.8007195,-6.4265227,-19.39907,2.0678966,-1.8803765,11.349063,-0.7713324,-0.5807317,57.50439367311073,30.826010544815468,79.85940246045695,36.59050966608085,63.44463971880493,67.5219683655536,76.60808435852373,59.85940246045695,47.59226713532514,25.869947275922673,37.188049209138846,5.729349736379614,15.53602811950791,35.04393673110721,7.978910369068542,19.507908611599298,21.61687170474517,33.00527240773287,47.381370826010546,46.39718804920914,22.987697715289986,51.66959578207382,48.927943760984185,65.02636203866433,35.71177504393673,29.630931458699475,11.388400702987699,35.04393673110721,14.727592267135327,19.121265377855888,17.504393673110723,12.583479789103691,6.291739894551846,22.88224956063269,36.16871704745167,16.063268892794376,7.592267135325132,13.602811950790862,11.915641476274166,8.646748681898067,23.760984182776802,58.03163444639719,15.85237258347979,21.827768014059757,20.351493848857647,11.775043936731109,17.820738137082603,26.643233743409493,9.455184534270652,5.30755711775044,86.5377855887522,30.017574692442885
COC(c1cncnc1)C(C)CCN1CCN(CC(SC)C(=O)O)CC1,382.5300000000001,1.6241000000000003,7,1,4.0,0.6540605925987005,3,78.79,0,0,0,0.013453072,0.2161084,0.7042075,0.00011377134,0.008071097,0.043946512,0.010412645,0.09931301,0.031558543,0.13967726,0.05302461,0.16087048,0.11635993,0.18600343,0.95421094,0.0017999007,0.014869387,0.0019235183,0.0017748388,0.0043098754,0.032652188,8.8514855e-05,0.20773916,0.013558922,0.026137155,0.00024154107,0.0018701026,0.0007610078,0.0012106571,0.3221894,0.36379886,-5.852151,14.707598,7.7821198,-8.113914,-18.651218,2.1165361,-1.4680796,23.073788,-1.3012694,-0.43471012,61.195079086115996,39.472759226713535,79.85940246045695,36.59050966608085,63.44463971880493,67.55711775043937,76.60808435852373,53.25131810193322,47.59226713532514,25.869947275922673,37.188049209138846,3.4094903339191567,14.376098418277682,33.919156414762746,7.275922671353252,13.145869947275925,20.562390158172235,32.4780316344464,47.557117750439375,41.792618629173994,20.597539543057998,50.50966608084359,48.85764499121266,54.97363796133568,33.00527240773287,31.212653778558877,10.685413005272409,30.123022847100177,14.059753954305801,17.152899824253076,15.711775043936733,7.697715289982426,5.377855887521969,22.530755711775047,35.53602811950791,14.024604569420037,4.956063268892795,13.778558875219685,11.142355008787348,6.221441124780317,24.077328646748683,55.50087873462215,16.520210896309315,31.107205623901585,31.564147627416524,9.736379613356767,19.789103690685415,29.455184534270654,12.688927943760985,10.650263620386644,80.07029876977154,31.318101933216173
COC(c1cncnc1)C(C)CCN1CCN(CC(C(=O)O)P(=O)(O)O)CC1,416.4150000000001,0.438800000000001,7,3,4.0,0.46087684329272766,3,136.32000000000002,0,1,0,0.004649219,0.11554257,0.30176622,0.0003368323,0.024880964,0.013801043,0.014827266,0.02035569,0.11362805,0.03321322,0.011428726,0.1744049,0.11545032,0.096976,0.17993654,0.0013045089,0.032936804,0.0019372978,0.002342034,0.009556798,0.09549751,0.00012892576,0.007314996,0.0069780275,0.028144384,0.00020666374,0.00077348977,0.00060937536,0.0011831656,0.27279633,0.17577446,-6.937654,-18.40302,1.372755,11.6110935,-27.33485,2.0237982,-2.0349462,21.062729,-0.56420946,2.923448,69.3145869947276,26.39718804920914,79.85940246045695,78.20738137082601,63.44463971880493,41.54657293497364,76.60808435852373,82.91739894551846,47.59226713532514,66.52021089630932,37.188049209138846,1.2653778558875222,8.646748681898067,9.490333919156416,9.420035149384887,28.506151142355012,10.61511423550088,37.3286467486819,17.961335676625662,62.56590509666081,6.4323374340949035,35.50087873462215,52.72407732864675,54.6572934973638,18.453427065026364,9.666080843585238,7.486818980667839,60.49209138840071,14.094903339191566,20.246045694200355,34.376098418277685,54.34094903339192,6.256590509666081,7.1704745166959585,30.123022847100177,15.149384885764501,4.499121265377856,7.873462214411249,9.806678383128297,6.080843585237259,17.785588752196837,39.789103690685415,6.4323374340949035,5.6942003514938495,25.623901581722322,42.95254833040422,7.381370826010546,24.74516695957821,8.365553602811952,9.560632688927944,88.96309314586996,62.284710017574696
COC(c1cncnc1)C(C)CCN1CCN(CC(O)C(=O)O)CC1,352.43500000000006,0.2534000000000007,7,2,4.0,0.6526504561021222,3,99.02000000000002,0,0,0,0.0146424845,0.23378971,0.6566996,0.00039106427,0.014399156,0.033193912,0.011103888,0.122048736,0.06546823,0.11913037,0.06435865,0.16733253,0.11516424,0.1454016,0.9145199,0.0017430221,0.020183112,0.0033755507,0.0023488933,0.0044485726,0.044570565,7.3868105e-05,0.1775124,0.01369518,0.030195111,0.0003158809,0.0012847388,0.0009945456,0.0012525896,0.3458225,0.4164079,-6.23318,-1.7264389,-9.150963,-1.7765627,-21.764637,1.9116671,-2.1235564,11.999555,-0.7302526,0.7995062,53.88400702987698,25.026362038664324,79.85940246045695,61.37082601054482,63.44463971880493,67.38137082601055,76.60808435852373,66.99472759226714,47.59226713532514,25.869947275922673,37.188049209138846,3.760984182776802,15.114235500878737,27.768014059753956,9.91212653778559,21.054481546572937,16.871704745166962,33.427065026362044,53.602811950790866,53.427065026362044,18.207381370826013,52.79437609841828,51.00175746924429,54.48154657293498,26.78383128295255,27.451669595782075,10.298769771528999,40.84358523725835,21.370826010544818,20.281195079086118,16.274165202108964,16.695957820738137,5.131810193321617,21.265377855887525,35.606326889279444,16.168717047451672,6.115992970123023,10.685413005272409,12.79437609841828,6.291739894551846,26.502636203866434,58.418277680140605,10.93145869947276,14.165202108963094,15.500878734622145,19.36731107205624,13.567662565905097,19.472759226713535,7.803163444639719,5.377855887521969,87.02987697715291,43.79613356766257
COC(c1cncnc1)C(C)CCN1CCN(CC(N)C(=O)O)CC1,351.4510000000001,0.2198000000000026,7,2,4.0,0.6509327136336733,3,104.81000000000002,0,0,0,0.03322027,0.21844526,0.6118653,0.0005849023,0.012810372,0.019950325,0.010342845,0.16798699,0.044090725,0.11012294,0.15094836,0.16943774,0.07597501,0.1227294,0.924063,0.0015983166,0.019413214,0.006590116,0.0022969926,0.003495038,0.03988778,2.429643e-05,0.24602649,0.0108772395,0.026530653,0.00028028898,0.0011868812,0.0006524803,0.0007713336,0.42062974,0.52573097,-6.191555,8.859412,4.756569,-7.6222367,-21.122162,2.1616998,-1.3505495,13.412872,-1.1429106,-0.38781947,53.77855887521969,24.850615114235502,79.85940246045695,61.37082601054482,63.44463971880493,66.99472759226714,76.60808435852373,70.86115992970123,47.59226713532514,25.869947275922673,37.188049209138846,8.998242530755713,14.551845342706503,23.51493848857645,11.63444639718805,19.43760984182777,12.583479789103691,32.30228471001758,63.58523725834799,47.17047451669596,16.766256590509666,63.76098418277681,51.63444639718806,42.70650263620387,22.530755711775047,28.084358523725836,9.384885764499122,39.40246045694201,31.77504393673111,20.175746924428825,12.056239015817225,12.864674868189807,3.5500878734622145,24.11247803163445,33.743409490333924,14.340949033391917,5.588752196836555,10.333919156414764,10.052724077328648,4.639718804920914,36.871704745166966,64.28822495606327,11.353251318101934,24.253075571177508,28.752196836555363,10.193321616871705,14.657293497363797,32.513181019332166,13.848857644991213,5.799648506151143,81.86291739894553,32.09138840070299
COC(c1cncnc1)C(C)CCN1CCN(CC(Cl)C(=O)O)CC1,370.8810000000001,1.4998999999999998,6,1,4.0,0.6596765002795846,3,78.79,0,1,2,0.039673626,0.23472016,0.6363624,0.0003608482,0.018033246,0.050305348,0.016267983,0.09922554,0.06604468,0.15745845,0.06271813,0.2349314,0.1802971,0.18890029,0.904084,0.003466238,0.018116016,0.003984977,0.004703439,0.0091998195,0.055802356,0.00026599132,0.16892913,0.018660901,0.0536542,0.00075049174,0.004482566,0.0022955707,0.003634293,0.38259453,0.4118363,-5.873047,1.855307,-0.4507393,-5.366513,-18.3854,2.554059,-1.4599335,15.455587,-0.90412456,-0.51502943,58.76977152899825,37.46924428822496,72.46045694200352,36.59050966608085,63.44463971880493,68.54130052724078,76.60808435852373,53.25131810193322,47.59226713532514,66.52021089630932,95.07908611599298,10.54481546572935,15.149384885764501,25.729349736379614,9.666080843585238,23.83128295254833,22.63620386643234,38.242530755711776,47.557117750439375,53.53251318101934,22.42530755711775,52.37258347978911,66.25659050966608,67.06502636203867,33.11072056239016,26.502636203866434,20.105448154657296,36.90685413005273,23.90158172231986,29.279437609841832,33.286467486818985,26.362038664323375,8.646748681898067,20.84358523725835,37.926186291739896,29.068541300527244,12.161687170474519,25.76449912126538,20.0,16.344463971880494,31.564147627416524,58.13708260105449,16.344463971880494,16.344463971880494,23.79613356766257,13.321616871704746,20.597539543057998,56.73110720562391,12.79437609841828,6.71353251318102,84.71001757469244,30.544815465729354
COC(CN1CCN(CCC(C)C(OC)c2cncnc2)CC1)C(=O)O,366.46200000000016,0.9075000000000011,7,1,4.0,0.653659519438327,3,88.02,0,0,0,0.020471534,0.24818453,0.7129847,0.00015609158,0.012915352,0.047127612,0.0108289765,0.09862501,0.04158184,0.1633981,0.058053076,0.16131857,0.16619113,0.21161756,0.93821084,0.001985583,0.017007846,0.0020668502,0.002099405,0.0047604972,0.039490774,0.00013145406,0.21477492,0.014913892,0.03007502,0.000401831,0.0018180016,0.00085775246,0.0016831852,0.31928805,0.40706626,-5.9038877,6.7228928,-3.8007195,-6.4265227,-19.39907,2.0678966,-1.8803765,11.349063,-0.7713324,-0.5807317,57.50439367311073,30.826010544815468,79.85940246045695,36.59050966608085,63.44463971880493,67.5219683655536,76.60808435852373,59.85940246045695,47.59226713532514,25.869947275922673,37.188049209138846,5.729349736379614,15.53602811950791,35.04393673110721,7.978910369068542,19.507908611599298,21.61687170474517,33.00527240773287,47.381370826010546,46.39718804920914,22.987697715289986,51.66959578207382,48.927943760984185,65.02636203866433,35.71177504393673,29.630931458699475,11.388400702987699,35.04393673110721,14.727592267135327,19.121265377855888,17.504393673110723,12.583479789103691,6.291739894551846,22.88224956063269,36.16871704745167,16.063268892794376,7.592267135325132,13.602811950790862,11.915641476274166,8.646748681898067,23.760984182776802,58.03163444639719,15.85237258347979,21.827768014059757,20.351493848857647,11.775043936731109,17.820738137082603,26.643233743409493,9.455184534270652,5.30755711775044,86.5377855887522,30.017574692442885
COC(c1cncnc1)C(C)CCN1CCN(CC(C)C(=O)O)CC1,350.4630000000001,1.5286000000000002,6,1,4.0,0.7233364907488079,3,78.79,0,0,0,0.012264736,0.286698,0.70761716,0.00018767623,0.010396537,0.042771757,0.010103658,0.15746531,0.04880096,0.15028867,0.07940686,0.15366365,0.11293261,0.1399014,0.948064,0.0011443421,0.013829179,0.00234624,0.001724765,0.0033060056,0.030416887,5.695479e-05,0.31377858,0.017125348,0.024853643,0.00013085836,0.0013517693,0.0008052337,0.00066359027,0.3615225,0.4598609,-5.7007995,10.955737,-3.516992,-5.1707087,-17.813112,2.1659012,-1.5991465,10.894602,-0.7953414,-0.90456885,53.602811950790866,37.961335676625666,72.46045694200352,36.59050966608085,63.44463971880493,78.24253075571178,76.60808435852373,53.25131810193322,47.59226713532514,25.869947275922673,37.188049209138846,3.268892794376099,18.312829525483306,34.376098418277685,8.330404217926187,16.30931458699473,20.07029876977153,31.880492091388405,61.93321616871705,48.85764499121266,21.79261862917399,54.93848857644992,46.67838312829526,54.1652021089631,25.623901581722322,30.68541300527241,6.502636203866433,27.87346221441125,16.203866432337435,16.731107205623903,11.212653778558876,6.643233743409491,4.6045694200351495,26.78383128295255,37.25834797891037,13.145869947275925,2.9173989455184537,11.212653778558876,11.493848857644993,4.2179261862917405,28.998242530755714,60.52724077328647,19.507908611599298,26.99472759226714,20.562390158172235,13.81370826010545,22.49560632688928,32.75922671353251,11.458699472759228,5.2021089630931465,86.22144112478033,26.502636203866434
COC(c1cncnc1)C(C)CCN1CCN(CC(C(=O)O)C(=O)O)CC1,380.4450000000001,0.5933000000000016,7,2,4.0,0.5626264378741642,2,116.09000000000002,0,1,0,0.014256099,0.21271837,0.5590158,0.0011474665,0.02124775,0.031162668,0.021097818,0.034364156,0.09728291,0.07554535,0.019593736,0.22537403,0.20657137,0.19582784,0.49969763,0.0023971011,0.032884438,0.0029360477,0.0016901379,0.008988926,0.09187844,0.00030057793,0.03023817,0.0063441284,0.029354805,0.0005215889,0.0011679393,0.00071228587,0.0025119265,0.2989382,0.20976982,-6.444298,-26.55686,-18.10875,4.4297395,-23.310558,2.0944936,-3.1361341,17.774578,-0.8005627,0.8706001,60.77328646748683,27.803163444639722,79.85940246045695,61.37082601054482,63.44463971880493,55.289982425307564,69.84182776801407,76.69595782073814,47.59226713532514,66.52021089630932,37.188049209138846,3.655536028119508,14.13005272407733,20.210896309314588,14.797891036906856,26.256590509666083,16.098418277680143,42.00351493848858,24.639718804920918,59.89455184534271,12.372583479789105,40.03514938488577,64.67486818980669,70.72056239015818,33.63796133567663,15.465729349736382,14.340949033391917,60.49209138840071,18.910369068541304,16.485061511423552,32.513181019332166,52.196836555360285,9.244288224956064,11.212653778558876,29.209138840070302,15.606326889279439,9.103690685413007,10.298769771528999,10.61511423550088,12.231985940246046,21.195079086115996,43.30404217926187,9.068541300527242,3.9718804920913886,9.595782073813709,30.087873462214414,11.282952548330405,28.119507908611602,3.0579964850615116,7.908611599297013,86.18629173989456,44.32337434094904
COC(c1cncnc1)C(C)CCN1CCN(CC(C(=O)O)N(C)C)CC1,379.5050000000001,0.8227000000000027,7,1,4.0,0.6399660334236612,3,82.03,0,0,0,0.008014888,0.1945054,0.6836227,5.598432e-05,0.0042773928,0.02062485,0.0037368443,0.14142314,0.02024607,0.09454516,0.035113055,0.12107339,0.060752284,0.096876666,0.9215375,0.00086182856,0.013646148,0.00096320047,0.00067692075,0.002048542,0.02705951,1.181872e-05,0.24495597,0.005966301,0.011401657,7.462676e-05,0.000350553,0.00027163405,0.00027036417,0.37377626,0.37430722,-5.823382,16.173344,4.670109,-3.9966118,-19.429554,2.084723,-1.3945491,7.322769,-0.8635866,-0.32903004,60.63268892794377,30.017574692442885,79.85940246045695,36.59050966608085,63.44463971880493,65.3427065026362,76.60808435852373,55.71177504393673,47.59226713532514,25.869947275922673,37.188049209138846,2.1089630931458703,13.005272407732866,31.177504393673114,6.045694200351495,7.486818980667839,12.829525483304044,19.472759226713535,58.98066783831283,35.114235500878735,14.657293497363797,45.659050966608085,37.39894551845343,36.76625659050967,18.453427065026364,27.978910369068544,4.428822495606327,27.48681898066784,8.576449912126538,7.768014059753955,6.1862917398945525,4.6045694200351495,2.706502636203867,24.11247803163445,28.435852372583483,4.358523725834798,1.6871704745166962,5.413005272407734,5.6942003514938495,2.179261862917399,30.579964850615116,56.02811950790861,17.047451669595784,32.61862917398946,28.64674868189807,15.85237258347979,17.785588752196837,27.6274165202109,13.181019332161688,4.1124780316344465,85.27240773286468,32.513181019332166
CNC(CN1CCN(CCC(C)C(OC)c2cncnc2)CC1)C(=O)O,365.4780000000001,0.4805000000000014,7,2,4.0,0.618752837116035,3,90.82000000000001,0,0,0,0.016961474,0.18552192,0.6720417,0.00016039821,0.0073588914,0.021010045,0.008002137,0.12680155,0.02546285,0.09899904,0.09129315,0.13705572,0.06353171,0.13834617,0.9509576,0.0012880324,0.01753774,0.0029256647,0.0013567295,0.0026335446,0.03127378,1.6577806e-05,0.20076096,0.008328798,0.017079983,0.00019647511,0.00071327697,0.00044382218,0.0005383404,0.33419523,0.42388716,-6.1670165,6.8899627,2.0379703,-6.0281396,-21.200283,2.0968444,-1.5990069,11.232602,-1.1004826,-0.2565412,57.328646748681905,26.889279437609844,79.85940246045695,61.37082601054482,63.44463971880493,62.70650263620387,76.60808435852373,61.93321616871705,47.59226713532514,25.869947275922673,37.188049209138846,4.534270650263621,12.548330404217927,29.349736379613358,8.014059753954307,12.09138840070299,13.04042179261863,28.471001757469246,55.008787346221446,39.05096660808436,15.184534270650264,56.97715289982426,42.35500878734622,38.03163444639719,25.413005272407734,31.036906854130056,7.4165202108963095,35.81722319859403,18.840070298769774,13.81370826010545,8.400702987697716,7.100175746924429,3.1282952548330405,22.284710017574696,31.70474516695958,7.873462214411249,4.499121265377856,7.592267135325132,7.6625659050966615,3.5500878734622145,25.342706502636204,58.62917398945519,11.493848857644993,21.968365553602816,26.39718804920914,12.513181019332162,14.376098418277682,28.189806678383132,11.458699472759228,5.272407732864675,82.31985940246047,32.970123022847105
COC(c1cncnc1)C(C)CCN1CCN(CC(Br)C(=O)O)CC1,415.33200000000005,1.6560000000000001,6,1,4.0,0.6148767805564513,3,78.79,0,1,2,0.051749337,0.22271486,0.6191488,0.0003219563,0.020294758,0.052303065,0.021910537,0.07843192,0.059163578,0.17410032,0.080115855,0.25788054,0.18722263,0.20053558,0.89060944,0.004338133,0.01758651,0.0038785227,0.0053854557,0.010424015,0.057645507,0.0003872186,0.15130785,0.019344617,0.0633287,0.0009214069,0.0057616974,0.0024500217,0.005234008,0.38769302,0.38769373,-5.8536043,-1.1794617,2.6930194,-4.903402,-18.168732,2.822403,-1.253439,16.303572,-0.88624144,-0.51532304,68.92794376098419,39.71880492091389,72.46045694200352,36.59050966608085,63.44463971880493,62.07381370826011,76.60808435852373,53.25131810193322,47.59226713532514,66.52021089630932,95.07908611599298,13.708260105448156,14.762741652021091,24.253075571177508,9.279437609841828,25.623901581722322,23.02284710017575,42.70650263620387,40.84358523725835,51.77504393673111,24.007029876977153,55.008787346221446,70.15817223198594,68.11950790861161,34.376098418277685,25.869947275922673,24.92091388400703,35.99297012302285,23.620386643233747,31.00175746924429,36.871704745166966,28.295254833040424,10.826010544815468,19.75395430579965,38.13708260105449,32.61862917398946,14.305799648506152,30.193321616871707,20.738137082601057,20.878734622144115,32.16168717047452,56.97715289982426,16.485061511423552,14.516695957820739,26.713532513181022,14.024604569420037,21.0896309314587,73.35676625659052,14.868189806678384,7.205623901581723,85.02636203866433,30.544815465729354
COC(c1cncnc1)C(C)CCN1CCN(CC(C(N)=O)C(=O)O)CC1,379.4610000000001,-0.005999999999997396,7,2,4.0,0.5446415826057502,3,121.88000000000001,0,1,0,0.023703974,0.27503097,0.6854516,0.0005103415,0.010290018,0.037844285,0.011167141,0.08944632,0.05164372,0.13106441,0.052043743,0.17712846,0.15530768,0.16752201,0.88488007,0.002574801,0.022997225,0.0025707479,0.0015481564,0.005038885,0.053384073,0.00014237131,0.135928,0.007956659,0.0249979,0.00040985917,0.0013500273,0.0007238927,0.0017347375,0.35628444,0.31644875,-6.127701,-1.0877091,-8.308203,-5.8112707,-21.730488,1.785574,-2.00921,8.961464,-0.77517635,-0.6308423,60.562390158172235,21.968365553602816,79.85940246045695,61.37082601054482,63.44463971880493,52.68892794376099,76.60808435852373,79.47275922671353,47.59226713532514,66.52021089630932,37.188049209138846,6.4323374340949035,17.363796133567664,31.634446397188054,11.107205623901583,15.957820738137084,18.558875219683657,33.602811950790866,44.32337434094904,49.66608084358524,19.578207381370827,50.4042179261863,53.35676625659051,63.09314586994728,30.333919156414765,25.69420035149385,15.325131810193323,45.90509666080844,17.223198594024606,15.289982425307558,18.699472759226715,24.21792618629174,6.39718804920914,19.086115992970125,31.282952548330407,13.251318101933217,7.768014059753955,11.212653778558876,10.61511423550088,8.822495606326891,28.26010544815466,51.66959578207382,12.126537785588754,14.586994727592268,16.168717047451672,12.688927943760985,13.673110720562391,13.391915641476276,8.611599297012303,4.7100175746924435,86.5377855887522,29.279437609841832
COC(c1cncnc1)C(C)CCN1CCN(CC(F)C(=O)O)CC1,354.42600000000004,1.2306,6,1,4.0,0.7144275255684603,3,78.79,0,0,0,0.015930567,0.25804013,0.677383,0.00026407925,0.012342704,0.04865243,0.010743414,0.11802528,0.074077025,0.13579145,0.04823349,0.19464931,0.15338099,0.17011443,0.89480555,0.0017960621,0.016947836,0.0023396986,0.0024736319,0.005279351,0.043926585,0.00012431173,0.20096496,0.015123081,0.03317025,0.00027567323,0.001761426,0.0012873587,0.0014373311,0.34639373,0.39874545,-5.8442984,-6.96183,-1.0609226,-4.691441,-18.115885,2.9478807,-1.317194,10.792992,-0.7072771,-1.168328,54.44639718804921,34.516695957820744,72.46045694200352,36.59050966608085,63.44463971880493,77.08260105448156,76.60808435852373,53.25131810193322,47.59226713532514,25.869947275922673,37.188049209138846,4.288224956063269,16.063268892794376,30.298769771529003,8.752196836555362,18.66432337434095,22.1792618629174,32.93497363796134,52.30228471001758,55.32513181019333,20.0,49.17398945518454,57.750439367311074,62.636203866432346,30.615114235500883,26.08084358523726,10.685413005272409,35.008787346221446,16.168717047451672,21.15992970123023,19.68365553602812,16.203866432337435,6.151142355008788,22.284710017574696,36.30931458699473,18.418277680140598,5.483304042179262,13.286467486818982,14.657293497363797,7.240773286467488,26.678383128295255,57.60984182776802,16.62565905096661,10.650263620386644,23.304042179261867,14.446397188049211,21.23022847100176,79.75395430579965,14.200351493848858,5.131810193321617,87.2407732864675,24.56942003514939
COC(c1cncnc1)C(C)CCN1CCN(CC(C(=O)O)C(C)C)CC1,378.5170000000001,2.1647,6,1,4.0,0.668259650545365,3,78.79,0,0,0,0.010064495,0.3036281,0.70717674,0.00014055004,0.012506652,0.04707644,0.018666828,0.16830386,0.067324474,0.19730692,0.15339658,0.1340033,0.1384853,0.15721998,0.97882843,0.0011619984,0.012061389,0.002314933,0.002667962,0.0037813988,0.024697913,6.7482295e-05,0.432443,0.040315695,0.032304015,0.00013522388,0.0020696123,0.0016072027,0.0007981866,0.31988174,0.5885636,-5.547043,20.635677,8.654584,-2.4401453,-17.199816,2.2794387,-0.8653368,19.231047,-1.2861176,0.014734888,60.421792618629176,46.99472759226714,72.46045694200352,36.59050966608085,63.44463971880493,69.8066783831283,76.60808435852373,53.25131810193322,47.59226713532514,25.869947275922673,37.188049209138846,2.776801405975396,19.578207381370827,34.27065026362039,7.697715289982426,18.945518453427066,21.61687170474517,40.28119507908612,63.58523725834799,53.63796133567663,26.502636203866434,64.07732864674868,41.30052724077329,59.964850615114244,28.681898066783834,35.67662565905097,6.643233743409491,23.690685413005273,16.063268892794376,21.93321616871705,13.602811950790862,2.9525483304042184,4.956063268892795,31.212653778558877,43.831282952548335,17.504393673110723,3.0931458699472762,14.973637961335678,16.485061511423552,4.674868189806679,23.866432337434098,67.02987697715291,22.74165202108963,38.242530755711776,32.337434094903344,18.137082601054484,24.56942003514939,39.64850615114236,19.191564147627417,8.541300527240773,80.45694200351494,35.07908611599297
COC(c1cncnc1)C(C)CCN1CCN(CC(C(=O)O)C(F)(F)F)CC1,404.43300000000005,2.0709999999999997,6,1,4.0,0.6750461478136034,3,78.79,0,0,0,0.011313708,0.3504162,0.71649486,0.0002598238,0.017342705,0.06382517,0.029479453,0.12780559,0.076363236,0.22168358,0.16835621,0.15070328,0.19643442,0.20435107,0.96742886,0.0015185799,0.0134561155,0.0035154417,0.0036830548,0.0045534447,0.029818635,0.00018421907,0.3773231,0.05156549,0.042858515,0.00020187508,0.0033308826,0.0020387652,0.0014616175,0.28900522,0.5527159,-5.501871,12.755143,1.3504616,2.7619395,-16.232239,2.2625384,-0.72220176,18.418573,-0.85868263,1.7146574,66.22144112478033,45.72934973637962,72.46045694200352,36.59050966608085,63.44463971880493,70.96660808435853,76.60808435852373,53.25131810193322,47.59226713532514,25.869947275922673,37.188049209138846,2.9876977152899826,22.24956063268893,35.36028119507909,8.717047451669597,23.47978910369069,26.186291739894553,47.76801405975396,55.53602811950791,55.81722319859403,29.384885764499124,65.30755711775045,45.90509666080844,69.38488576449913,34.97363796133568,33.286467486818985,8.857644991212654,26.818980667838314,22.1792618629174,25.869947275922673,16.695957820738137,6.1862917398945525,7.029876977152901,29.209138840070302,46.151142355008794,23.33919156414763,4.499121265377856,21.054481546572937,18.804920913884008,7.4165202108963095,19.718804920913886,65.69420035149385,23.760984182776802,28.892794376098422,25.58875219683656,26.748681898066785,28.435852372583483,38.73462214411248,20.84358523725835,8.084358523725836,85.30755711775045,52.89982425307558
COC(c1cncnc1)C(C)CCN1CCN(CC(CO)C(=O)O)CC1,366.4620000000001,0.5010000000000014,7,2,4.0,0.6176549627141389,3,99.02000000000002,0,0,0,0.016621891,0.23390432,0.6538293,0.00031999624,0.011089948,0.03355502,0.010257205,0.13610294,0.054050904,0.12361225,0.08502167,0.16561708,0.101570055,0.13107127,0.90922374,0.0016009327,0.018987527,0.00289588,0.0019049661,0.0039336397,0.040861458,6.162737e-05,0.20569274,0.015901314,0.026218733,0.00020071855,0.0012633019,0.00071492034,0.00093036285,0.3734716,0.44871408,-5.94434,8.044668,-2.2392094,-6.373338,-20.153387,2.0997128,-1.662513,12.666307,-0.832164,-0.17448902,57.50439367311073,27.17047451669596,79.85940246045695,61.37082601054482,63.44463971880493,62.49560632688929,76.60808435852373,66.99472759226714,47.59226713532514,25.869947275922673,37.188049209138846,4.463971880492092,15.149384885764501,27.416520210896312,9.279437609841828,16.871704745166962,17.012302284710017,32.12653778558875,57.89103690685413,50.43936731107206,18.699472759226715,55.85237258347979,50.68541300527241,51.247803163444644,23.97188049209139,26.92442882249561,9.384885764499122,38.383128295254835,18.66432337434095,17.855887521968366,14.024604569420037,13.778558875219685,4.745166959578208,22.42530755711775,36.836555360281196,14.094903339191566,4.499121265377856,10.61511423550088,10.61511423550088,5.166959578207382,30.544815465729354,60.246045694200355,15.008787346221443,23.304042179261867,21.757469244288227,11.915641476274166,16.766256590509666,28.330404217926187,11.00175746924429,5.62390158172232,85.65905096660809,33.81370826010545
COC(c1cncnc1)C(C)CCN1CCN(CC(C#N)C(=O)O)CC1,361.4460000000001,1.0322800000000003,7,1,4.0,0.6956878716991238,3,102.58,0,0,0,0.017766263,0.18902399,0.67795455,0.00021273817,0.007473248,0.04338881,0.01082206,0.082309015,0.04082194,0.12785405,0.037234183,0.17826407,0.16103435,0.18667316,0.8935496,0.0031764351,0.022454036,0.0021662533,0.0019285204,0.006353122,0.04813599,0.00020498948,0.12680307,0.010143182,0.029031947,0.0004934467,0.0021422668,0.0009559615,0.0024627529,0.3393147,0.28300503,-5.9380617,-5.6804323,-8.884153,-6.559447,-19.603807,2.1473575,-2.0562072,18.187307,-1.0039012,-1.8216274,56.52021089630932,32.056239015817226,79.85940246045695,36.59050966608085,63.44463971880493,74.55184534270651,76.60808435852373,69.63093145869948,47.59226713532514,25.869947275922673,37.188049209138846,4.7100175746924435,12.618629173989456,30.36906854130053,8.471001757469246,12.231985940246046,20.210896309314588,33.00527240773287,42.31985940246046,46.151142355008794,19.156414762741655,46.57293497363796,53.53251318101934,63.8664323374341,33.00527240773287,25.97539543057997,18.66432337434095,44.9560632688928,15.325131810193323,18.066783831282955,23.40949033391916,19.578207381370827,7.451669595782074,18.66432337434095,33.25131810193322,15.500878734622145,8.822495606326891,15.184534270650264,12.513181019332162,12.09138840070299,25.623901581722322,49.3145869947276,15.079086115992972,11.31810193321617,15.746924428822497,11.63444639718805,17.609841827768015,31.247803163444644,8.224956063268893,8.049209138840071,83.3743409490334,18.910369068541304
COC(c1cncnc1)C(C)CCN1CCN(CC(NN)C(=O)O)CC1,366.46600000000007,-0.27559999999999607,8,3,4.0,0.3796535062889144,3,116.84000000000002,0,2,2,0.041935306,0.15413857,0.57223666,0.00021339387,0.011639345,0.011491945,0.0066955364,0.12780203,0.019187212,0.08013288,0.12691236,0.16482519,0.035527505,0.10694065,0.9323099,0.0016021129,0.018033078,0.004376731,0.0018276455,0.0026397086,0.03475039,7.961442e-06,0.16422984,0.0041128024,0.018985203,0.00022565764,0.00063452625,0.00038107234,0.00050976605,0.4156372,0.45654082,-6.351346,2.531107,6.0680017,-8.993544,-22.277765,2.277898,-1.4797665,12.343221,-1.1758751,-0.5433561,57.50439367311073,19.507908611599298,84.51669595782074,78.20738137082601,63.44463971880493,30.474516695957824,76.60808435852373,76.97715289982426,47.59226713532514,87.9261862917399,95.07908611599298,11.107205623901583,10.93145869947276,20.632688927943764,8.471001757469246,17.680140597539545,9.982425307557119,26.22144112478032,55.53602811950791,34.340949033391915,13.11072056239016,61.26537785588753,50.298769771529,23.47978910369069,20.281195079086118,28.892794376098422,9.384885764499122,36.76625659050967,24.99121265377856,17.504393673110723,8.400702987697716,9.209138840070299,2.5659050966608086,20.632688927943764,25.58875219683656,9.349736379613358,4.815465729349737,7.205623901581723,6.959578207381371,3.304042179261863,36.27416520210897,60.421792618629176,9.771528998242532,16.94200351493849,30.052724077328648,8.576449912126538,12.864674868189807,39.5079086115993,12.583479789103691,5.483304042179262,81.54657293497364,30.263620386643236
COC(c1cncnc1)C(C)CCN1CCN(CC(C(=O)O)c2c[nH]cn2)CC1,402.4990000000001,1.3994,7,2,4.0,0.6140583955117126,3,107.47000000000001,0,0,0,0.0053441944,0.13351342,0.6695021,6.6716566e-05,0.008704347,0.035246328,0.014911389,0.03930237,0.030480484,0.11513813,0.08400698,0.13265698,0.14706042,0.29279208,0.9658845,0.0013694462,0.012162992,0.0016634166,0.0018044247,0.0027633382,0.024525862,5.9896898e-05,0.06283799,0.008265088,0.020479038,0.0001383083,0.0012504286,0.0005057019,0.0010771485,0.1677471,0.34046516,-6.266333,-9.774607,-6.2296147,-6.23378,-22.54537,2.3378334,-1.9430315,13.592667,-1.069898,0.89081955,65.90509666080844,36.62565905096661,79.85940246045695,61.37082601054482,63.44463971880493,61.82776801405976,76.60808435852373,72.40773286467487,47.59226713532514,25.869947275922673,37.188049209138846,1.40597539543058,9.701230228471003,29.103690685413007,6.467486818980668,13.884007029876978,17.820738137082603,37.36379613356767,26.115992970123024,41.26537785588753,17.750439367311074,55.67662565905097,40.98418277680141,61.61687170474517,42.56590509666081,33.00527240773287,8.1195079086116,23.866432337434098,13.145869947275925,17.293497363796135,9.138840070298771,2.9173989455184537,4.7100175746924435,14.903339191564148,31.634446397188054,10.263620386643234,3.233743409490334,10.54481546572935,8.260105448154658,5.62390158172232,8.646748681898067,53.84885764499122,10.650263620386644,9.173989455184534,17.926186291739896,12.09138840070299,12.33743409490334,43.12829525483304,9.103690685413007,5.940246045694201,82.56590509666081,44.3585237258348
CCC(CN1CCN(CCC(C)C(OC)c2cncnc2)CC1)C(=O)O,364.4900000000001,1.9186999999999999,6,1,4.0,0.679316705553407,3,78.79,0,0,0,0.013109189,0.3184641,0.7145933,0.00018011112,0.008666692,0.047283582,0.012495237,0.17179039,0.05143282,0.17404647,0.117929205,0.13637236,0.1334404,0.152208,0.9726388,0.001220166,0.013910988,0.0028174615,0.001933899,0.0032825705,0.027349178,6.0589453e-05,0.37780643,0.02890035,0.027327156,0.0001507233,0.00181249,0.00095663837,0.00078114786,0.33901653,0.5357027,-5.5467925,20.203493,4.427485,-3.3025124,-17.294397,2.220035,-1.1754744,13.766719,-1.0372108,-0.4312519,57.188049209138846,43.40949033391916,72.46045694200352,36.59050966608085,63.44463971880493,71.84534270650265,76.60808435852373,53.25131810193322,47.59226713532514,25.869947275922673,37.188049209138846,3.3743409490333924,20.316344463971884,35.18453427065027,8.330404217926187,13.884007029876978,21.687170474516698,35.114235500878735,63.93673110720563,49.52548330404218,24.007029876977153,60.21089630931459,42.07381370826011,58.840070298769774,27.94376098418278,34.09490333919157,7.029876977152901,28.084358523725836,18.34797891036907,18.066783831282955,11.17750439367311,4.7100175746924435,4.745166959578208,29.209138840070302,41.23022847100176,14.973637961335678,3.4446397188049214,13.602811950790862,12.513181019332162,4.674868189806679,25.58875219683656,64.78031634446398,22.74165202108963,37.68014059753955,28.400702987697716,16.766256590509666,24.323374340949037,36.27416520210897,15.782073813708262,5.975395430579965,82.8822495606327,31.564147627416524
COC(c1cncnc1)C(C)CCN1CCN(CC(C(=O)O)[S+](C)[O-])CC1,398.5290000000001,0.6396000000000015,7,1,4.0,0.5730714152648062,4,101.85000000000001,0,1,0,0.011837105,0.12274239,0.5693965,4.7748566e-05,0.007374479,0.027860025,0.0066135176,0.04771649,0.023830255,0.081306316,0.015367639,0.18542936,0.08126204,0.1304791,0.73993826,0.0027335815,0.016160825,0.00069699215,0.00154772,0.0051006963,0.048571628,0.00015946757,0.052581746,0.0047764936,0.023305943,0.0001794039,0.0011880284,0.00054843223,0.0017433442,0.38714465,0.18155926,-6.099015,5.750516,-1.621563,-5.139044,-20.53022,1.794515,-1.8796532,14.033865,-0.70309436,0.14995089,65.23725834797892,28.330404217926187,79.85940246045695,36.59050966608085,63.44463971880493,56.695957820738144,81.28295254833041,69.13884007029877,47.59226713532514,66.52021089630932,37.188049209138846,3.0931458699472762,9.314586994727593,20.52724077328647,5.764499121265378,12.126537785588754,14.973637961335678,26.01054481546573,29.384885764499124,37.961335676625666,13.145869947275925,38.20738137082601,55.11423550087874,44.920913884007035,23.83128295254833,20.70298769771529,15.957820738137084,32.970123022847105,7.451669595782074,15.289982425307558,19.121265377855888,19.964850615114237,6.608084358523726,13.778558875219685,26.678383128295255,12.196836555360282,3.8312829525483307,10.369068541300528,8.787346221441126,8.857644991212654,32.12653778558875,40.562390158172235,12.583479789103691,20.597539543057998,22.63620386643234,13.81370826010545,15.782073813708262,13.74340949033392,9.455184534270652,6.115992970123023,87.31107205623903,36.62565905096661
COC(c1cncnc1)C(C)CCN1CCN(CC(C(=O)O)[N+](=O)[O-])CC1,381.4330000000001,0.5378000000000018,8,1,4.0,0.4567621253961717,3,121.93,0,2,0,0.016385201,0.2403009,0.5334681,0.00049720344,0.034659367,0.026260834,0.017637888,0.035845272,0.06159202,0.09003048,0.028395096,0.35160434,0.05730153,0.14368296,0.6796722,0.0024714929,0.015155455,0.0009312408,0.0021533198,0.0060872114,0.0702766,0.00015904084,0.08811568,0.006685096,0.044416077,0.0002689857,0.001387115,0.0006027252,0.0021216176,0.4274691,0.27530318,-6.116103,-1.8414528,1.2129673,-9.631622,-19.922482,2.038902,-1.9172424,27.391499,-1.2064224,-0.48579612,61.019332161687174,27.48681898066784,84.51669595782074,36.59050966608085,63.44463971880493,41.019332161687174,76.60808435852373,79.47275922671353,47.59226713532514,87.9261862917399,37.188049209138846,4.393673110720563,15.360281195079088,18.945518453427066,10.93145869947276,34.09490333919157,14.516695957820739,39.613356766256594,25.026362038664324,52.40773286467487,14.270650263620388,43.7609841827768,83.2688927943761,34.97363796133568,26.362038664323375,19.121265377855888,14.833040421792619,31.036906854130056,8.435852372583481,19.472759226713535,22.530755711775047,39.40246045694201,6.608084358523726,16.731107205623903,29.701230228471005,24.21792618629174,5.342706502636204,11.458699472759228,9.666080843585238,10.333919156414764,37.609841827768015,48.646748681898075,12.372583479789105,14.059753954305801,25.413005272407734,8.049209138840071,17.223198594024606,25.30755711775044,9.209138840070299,13.532513181019333,81.33567662565906,30.790861159929705
COC(c1cncnc1)C(C)CCN1CCN(CC(I)C(=O)O)CC1,462.33200000000005,1.6961,6,1,4.0,0.4422789065366348,3,78.79,0,2,2,0.04183693,0.20418254,0.5999068,0.00029499456,0.018591596,0.045827903,0.015023014,0.08873312,0.07540937,0.13624236,0.042450584,0.25848517,0.16944246,0.16916895,0.84703493,0.0038334324,0.019269189,0.0032157246,0.0049649864,0.0107920775,0.06367786,0.00032879147,0.12777509,0.013590917,0.05506129,0.00079045503,0.0038362313,0.0022456935,0.0038797967,0.40638423,0.35541496,-6.0246973,-4.5013094,2.9358635,-3.4335995,-19.234894,2.757918,-1.4285116,19.787712,-1.0474703,-0.13331842,77.68014059753955,40.14059753954306,72.46045694200352,36.59050966608085,63.44463971880493,38.523725834797894,76.60808435852373,53.25131810193322,47.59226713532514,87.9261862917399,95.07908611599298,11.107205623901583,13.673110720562391,22.56590509666081,9.138840070298771,24.28822495606327,21.195079086115996,37.39894551845343,44.147627416520216,55.57117750439368,20.210896309314588,47.76801405975396,70.22847100175747,65.58875219683657,30.509666080843587,24.04217926186292,21.687170474516698,39.05096660808436,20.597539543057998,30.017574692442885,37.89103690685413,33.84885764499121,9.701230228471003,18.66432337434095,35.571177504393674,29.736379613356767,12.513181019332162,23.233743409490337,19.648506151142357,17.047451669595784,34.692442882249566,54.93848857644992,13.602811950790862,11.985940246045695,27.065026362038665,16.520210896309315,18.242530755711776,69.38488576449913,12.934973637961336,8.822495606326891,82.81195079086116,34.024604569420035
COC(c1cncnc1)C(C)CCN1CCN(CC(C(=O)O)c2cnc[nH]2)CC1,402.4990000000001,1.3994,7,2,4.0,0.6140583955117126,3,107.47,0,0,0,0.0056502805,0.14287783,0.6329502,0.0002074254,0.021549651,0.035595663,0.047848385,0.04208085,0.05752798,0.1532079,0.3284308,0.14242817,0.2057985,0.38564873,0.98519003,0.0013705269,0.011176338,0.006469743,0.004202474,0.003569026,0.021316592,7.063754e-05,0.08380931,0.026021803,0.0364123,0.00023799976,0.0030789631,0.0009352045,0.0017030087,0.12859523,0.5834825,-6.354693,-10.690282,-6.1802626,-4.534216,-23.561222,2.3001297,-1.908509,15.1109295,-1.1410239,2.4793625,65.90509666080844,36.62565905096661,79.85940246045695,61.37082601054482,63.44463971880493,61.82776801405976,76.60808435852373,72.40773286467487,47.59226713532514,25.869947275922673,37.188049209138846,1.5114235500878737,10.298769771528999,25.413005272407734,8.471001757469246,26.432337434094904,17.996485061511425,54.90333919156415,27.48681898066784,51.493848857645,21.898066783831286,75.57117750439367,43.93673110720563,70.65026362038665,48.822495606326896,37.152899824253076,8.1195079086116,21.195079086115996,31.353251318101936,27.592267135325134,12.548330404217927,1.9332161687170477,4.991212653778559,16.414762741652023,40.21089630931459,20.035149384885766,4.956063268892795,20.105448154657296,12.372583479789105,8.717047451669597,5.448154657293498,66.95957820738138,9.771528998242532,8.435852372583481,17.961335676625662,14.762741652021091,10.966608084358525,40.77328646748682,9.314586994727593,6.537785588752198,81.86291739894553,58.91036906854131
COC(c1cncnc1)C(C)CCN1CCN(CC(CN)C(=O)O)CC1,365.4780000000001,0.4674000000000025,7,2,4.0,0.6163847331765868,3,104.81000000000002,0,0,0,0.014212357,0.21842411,0.64583886,0.00018197538,0.0055713737,0.021596182,0.0052856607,0.15916532,0.026781123,0.09792205,0.07360078,0.13172387,0.05467602,0.09239183,0.94378424,0.0011041233,0.015070237,0.0020188806,0.0010709757,0.002216231,0.02979238,1.7186747e-05,0.2529912,0.007895735,0.016398067,9.458208e-05,0.0006552052,0.00035820378,0.0003840371,0.40799308,0.4244914,-6.0186834,9.930746,-2.4522595,-5.9663687,-20.367542,2.040671,-1.7215573,5.941878,-0.7565646,-0.63644516,57.328646748681905,26.78383128295255,79.85940246045695,61.37082601054482,63.44463971880493,62.21441124780317,76.60808435852373,70.86115992970123,47.59226713532514,25.869947275922673,37.188049209138846,3.655536028119508,14.551845342706503,26.60808435852373,8.330404217926187,9.560632688927944,13.391915641476276,23.02284710017575,62.21441124780317,39.789103690685415,15.043936731107207,54.02460456942004,40.702987697715294,34.059753954305805,17.961335676625662,30.298769771529003,6.1862917398945525,30.896309314586997,14.446397188049211,11.493848857644993,6.71353251318102,6.1862917398945525,3.1282952548330405,24.323374340949037,31.212653778558877,7.486818980667839,2.0386643233743413,7.275922671353252,6.467486818980668,2.776801405975396,34.93848857644991,58.66432337434095,13.708260105448156,25.83479789103691,21.61687170474517,12.548330404217927,16.133567662565905,25.37785588752197,10.579964850615115,3.8664323374340954,86.71353251318102,29.209138840070302
COC(c1cncnc1)C(C)CCN1CCN(CC(C=O)C(=O)O)CC1,364.4460000000001,0.7076000000000011,7,1,4.0,0.47893949480832754,3,95.86000000000001,0,2,1,0.04421255,0.25764063,0.635101,0.00041257933,0.015560234,0.04925549,0.013835816,0.08475059,0.07815056,0.1450992,0.052291512,0.2512762,0.20143111,0.18908004,0.8419579,0.004230222,0.024096414,0.0028058079,0.0033059362,0.008548522,0.06735353,0.00027853483,0.125441,0.013728341,0.04538375,0.000875541,0.0030477613,0.0013590658,0.0038841746,0.38123503,0.35768634,-5.9860277,-4.6611366,-7.330242,-7.424855,-19.898182,2.2053552,-1.9497478,18.471012,-1.156045,-1.3763907,57.188049209138846,29.173989455184536,79.85940246045695,36.59050966608085,63.44463971880493,43.33919156414763,76.60808435852373,65.27240773286468,47.59226713532514,87.9261862917399,83.09314586994728,11.810193321616874,16.028119507908613,25.623901581722322,10.298769771528999,22.073813708260108,22.35500878734622,36.30931458699473,43.057996485061516,55.922671353251324,21.195079086115996,50.4042179261863,68.8224956063269,70.19332161687171,33.11072056239016,23.90158172231986,24.21792618629174,48.08435852372584,18.34797891036907,24.60456942003515,31.036906854130056,36.94200351493849,8.963093145869948,18.523725834797894,35.64147627416521,24.74516695957821,13.673110720562391,19.929701230228474,15.325131810193323,17.047451669595784,31.528998242530758,55.11423550087874,14.270650263620388,11.915641476274166,16.801405975395433,10.404217926186293,17.293497363796135,35.254833040421794,8.927943760984183,8.1195079086116,81.82776801405976,22.847100175746927
COC(c1cncnc1)C(C)CCN1CCN(CC(C(=O)O)N2CCCC2)CC1,405.54300000000023,1.356900000000002,7,1,4.0,0.6248538322815799,3,82.03,0,0,0,0.009373767,0.288051,0.5580525,9.1801114e-05,0.013377637,0.024899688,0.017804375,0.13043396,0.07521729,0.13359909,0.12807868,0.13141522,0.10698833,0.11005094,0.9638294,0.0008934977,0.0118166115,0.0014871818,0.0018996898,0.0028760848,0.027892327,2.900461e-05,0.3020391,0.030230511,0.02995963,9.595279e-05,0.00084716344,0.0008395392,0.00043852782,0.348339,0.66612256,-5.8649764,11.290251,3.5302296,-4.753551,-19.28804,2.23917,-1.3037683,11.217491,-1.0075424,-0.3700839,66.78383128295255,36.16871704745167,79.85940246045695,36.59050966608085,63.44463971880493,63.65553602811951,76.60808435852373,55.71177504393673,47.59226713532514,25.869947275922673,37.188049209138846,2.5659050966608086,18.418277680140598,20.175746924428825,6.783831282952549,19.894551845342708,14.200351493848858,39.789103690685415,56.379613356766264,55.53602811950791,19.789103690685415,61.47627416520211,40.52724077328647,52.5834797891037,20.597539543057998,32.61862917398946,4.6045694200351495,22.776801405975398,12.267135325131811,17.855887521968366,9.736379613356767,5.061511423550089,3.725834797891037,26.432337434094904,41.652021089630935,15.957820738137084,2.0386643233743413,8.400702987697716,11.739894551845344,2.9876977152899826,26.92442882249561,70.61511423550088,16.414762741652023,27.31107205623902,27.803163444639722,14.376098418277682,18.172231985940247,37.25834797891037,14.340949033391917,5.272407732864675,83.30404217926187,32.196836555360285
COC(c1cncnc1)C(C)CCN1CCN(CC(NO)C(=O)O)CC1,367.45000000000005,0.23990000000000283,8,3,4.0,0.5007467904676038,3,111.05000000000003,0,1,0,0.07589308,0.17438681,0.5691503,0.00045921578,0.02000628,0.019310247,0.011902059,0.11042716,0.040397663,0.10673392,0.11393952,0.21956792,0.09488393,0.13938765,0.85981786,0.002937579,0.023441449,0.00636767,0.0035323766,0.006194784,0.054835103,5.458996e-05,0.12382235,0.011073806,0.035282627,0.00061149034,0.001731026,0.0009159482,0.0019339893,0.4158682,0.47578344,-6.2669663,2.9188156,2.400489,-8.026652,-21.97971,2.0901349,-1.612949,18.780725,-1.2866262,-0.1702353,57.750439367311074,24.88576449912127,84.51669595782074,78.20738137082601,63.44463971880493,46.467486818980674,76.60808435852373,74.30579964850615,47.59226713532514,66.52021089630932,37.188049209138846,21.370826010544818,11.985940246045695,20.52724077328647,10.650263620386644,25.4481546572935,12.442882249560634,34.58699472759227,50.4042179261863,45.9402460456942,16.344463971880494,59.929701230228474,63.44463971880493,49.244288224956065,25.483304042179263,24.42882249560633,17.223198594024606,46.67838312829526,30.966608084358526,25.4481546572935,23.02284710017575,25.69420035149385,4.569420035149386,18.488576449912127,33.919156414762746,19.402460456942006,10.263620386643234,13.11072056239016,12.161687170474519,9.771528998242532,36.30931458699473,61.37082601054482,10.650263620386644,17.152899824253076,26.5377855887522,9.806678383128297,13.216168717047452,27.908611599297014,11.31810193321617,8.260105448154658,80.42179261862918,33.84885764499121
C=CC(CN1CCN(CCC(C)C(OC)c2cncnc2)CC1)C(=O)O,362.47400000000016,1.6947,6,1,4.0,0.6346616722683325,3,78.79,0,1,0,0.014131328,0.2279315,0.6548089,0.00012827307,0.006844944,0.03910633,0.008729754,0.1127522,0.04619734,0.13069645,0.057008862,0.14541762,0.12473979,0.13178591,0.93793476,0.002124772,0.018686017,0.0020570592,0.0020408167,0.0048781964,0.037340306,0.00010654674,0.17486584,0.015537324,0.02968973,0.00026796557,0.0023045337,0.0010785765,0.0014001529,0.34366718,0.3734991,-5.747548,1.4323235,0.8763973,-6.6409073,-18.22069,2.6292636,-1.2357479,16.813877,-1.1391172,-1.5311962,56.90685413005273,40.14059753954306,72.46045694200352,36.59050966608085,63.44463971880493,64.53427065026362,76.60808435852373,53.25131810193322,47.59226713532514,66.52021089630932,37.188049209138846,3.620386643233744,14.868189806678384,27.521968365553604,7.557117750439368,11.212653778558876,18.910369068541304,29.595782073813712,51.00175746924429,47.873462214411255,19.578207381370827,51.493848857645,44.56942003514939,56.94200351493849,24.077328646748683,29.595782073813712,12.267135325131811,37.82073813708261,14.657293497363797,18.840070298769774,17.891036906854133,11.072056239015819,5.62390158172232,21.0896309314587,36.62565905096661,15.782073813708262,5.342706502636204,16.133567662565905,13.42706502636204,7.029876977152901,26.29173989455185,55.95782073813709,18.418277680140598,16.063268892794376,25.13181019332162,11.493848857644993,20.91388400702988,61.89806678383129,15.043936731107207,7.486818980667839,81.8980667838313,21.511423550087876
COC(c1cncnc1)C(C)CCN1CCN(CC(CS)C(=O)O)CC1,382.5300000000001,1.4385,7,2,4.0,0.592909666850269,3,78.79,0,1,0,0.025586318,0.237101,0.6950084,0.00020265866,0.007033813,0.037450098,0.007507755,0.13974679,0.043744855,0.1342311,0.068878636,0.16429892,0.12220664,0.12901023,0.9342176,0.0018455368,0.016658416,0.002765276,0.0017599065,0.004205884,0.03738694,7.7784105e-05,0.23192775,0.01301918,0.025527844,0.00025206344,0.0018910602,0.00080576894,0.0012152282,0.3941278,0.41677564,-5.7804346,14.281891,6.446135,-8.454582,-18.664707,2.3267055,-1.2100929,19.060577,-1.2561009,-0.979719,61.195079086115996,37.08260105448155,79.85940246045695,61.37082601054482,63.44463971880493,59.12126537785589,76.60808435852373,53.25131810193322,47.59226713532514,66.52021089630932,37.188049209138846,6.959578207381371,15.254833040421794,32.653778558875224,8.435852372583481,11.56414762741652,18.523725834797894,27.662565905096663,58.699472759226715,46.99472759226714,19.894551845342708,53.427065026362044,49.94727592267136,56.239015817223205,23.58523725834798,29.138840070298773,10.86115992970123,34.235500878734626,18.172231985940247,17.047451669595784,15.289982425307558,11.072056239015819,5.166959578207382,23.690685413005273,35.32513181019333,13.462214411247805,5.2021089630931465,13.81370826010545,11.493848857644993,6.221441124780317,32.89982425307557,58.418277680140605,17.644991212653782,30.439367311072058,30.193321616871707,9.314586994727593,19.789103690685415,42.56590509666081,15.395430579964852,8.506151142355009,80.84358523725835,25.90509666080844
COC(c1cncnc1)C(C)CCN1CCN(CC(CCl)C(=O)O)CC1,384.90800000000013,1.7475,6,1,4.0,0.6153790486629181,3,78.79,0,1,1,0.051742297,0.3159333,0.70526737,0.00024283209,0.010211831,0.052396476,0.011789705,0.13319986,0.05463516,0.18908148,0.10229347,0.20029323,0.18769212,0.17551109,0.9529125,0.0025914554,0.01642116,0.0035124335,0.0029394731,0.005705858,0.04235455,0.00014497229,0.28116634,0.022661274,0.040939018,0.00049359386,0.00359993,0.0014952852,0.002466477,0.40687776,0.4915122,-5.6588426,10.7249975,2.4251819,-2.27681,-18.027287,2.4584622,-1.2016001,15.609652,-1.0275602,-0.07835908,61.93321616871705,40.63268892794377,72.46045694200352,36.59050966608085,63.44463971880493,62.17926186291741,76.60808435852373,53.25131810193322,47.59226713532514,66.52021089630932,83.09314586994728,13.708260105448156,20.14059753954306,34.13005272407733,8.576449912126538,15.887521968365554,23.057996485061512,34.340949033391915,57.11775043936731,50.50966608084359,25.58875219683656,58.62917398945519,59.191564147627425,68.2249560632689,31.423550087873465,31.07205623901582,15.395430579964852,33.63796133567663,22.1792618629174,22.987697715289986,21.15992970123023,14.657293497363797,6.39718804920914,25.58875219683656,39.26186291739895,22.35500878734622,8.822495606326891,21.898066783831286,16.168717047451672,12.09138840070299,34.797891036906854,62.319859402460466,20.351493848857647,26.85413005272408,26.5377855887522,18.418277680140598,21.581722319859406,51.3884007029877,15.500878734622145,6.818980667838313,83.05799648506152,34.41124780316345
COC(c1cncnc1)C(C)CCN1CCN(CC([SeH])C(=O)O)CC1,415.396,0.5818000000000005,6,1,4.0,0.5914913323719856,3,78.79,0,1,1,0.046455804,0.22855091,0.61231834,0.0005800207,0.015894132,0.02973165,0.0116138235,0.12931475,0.06484144,0.118600845,0.06851916,0.22012901,0.11852054,0.12587614,0.89992875,0.0029014451,0.022124577,0.0055206483,0.0039173686,0.0069125295,0.054501962,0.0001090434,0.16983786,0.011582762,0.044071857,0.000730882,0.002544003,0.0015077128,0.0024259372,0.4278595,0.43047228,-6.2275085,-1.006231,-1.1840531,-5.6541815,-21.159758,2.2035122,-1.8158557,19.259916,-1.1796516,-0.18147358,68.92794376098419,27.697715289982426,72.46045694200352,36.59050966608085,63.44463971880493,58.91036906854131,76.60808435852373,53.25131810193322,47.59226713532514,66.52021089630932,83.09314586994728,12.478031634446399,14.903339191564148,23.550087873462218,11.599297012302285,22.35500878734622,15.606326889279439,34.16520210896309,55.85237258347979,53.32161687170475,18.101933216168717,53.35676625659051,63.55008787346222,55.43057996485062,22.987697715289986,26.22144112478032,17.117750439367313,44.39367311072056,28.927943760984185,26.643233743409493,25.30755711775044,25.4481546572935,5.6942003514938495,20.84358523725835,34.27065026362039,23.97188049209139,11.880492091388401,17.398945518453427,16.168717047451672,11.845342706502636,37.609841827768015,59.08611599297013,10.966608084358525,14.657293497363797,23.12829525483304,12.829525483304044,14.481546572934976,35.04393673110721,9.806678383128297,8.576449912126538,81.51142355008788,33.708260105448154
COC(c1cncnc1)C(C)CCN1CCN(CC(SN)C(=O)O)CC1,383.5180000000001,0.8680000000000017,8,2,4.0,0.5693185624806447,3,104.81000000000002,0,1,1,0.02543599,0.16717389,0.63436,0.00012207152,0.009004066,0.022557342,0.007389271,0.096927956,0.018209131,0.096913576,0.060884498,0.16871288,0.057840325,0.13055953,0.9369024,0.001902506,0.01616672,0.0020716556,0.001486746,0.0034031582,0.03531273,2.8827984e-05,0.15806317,0.005638887,0.02094328,0.00020724759,0.0010051791,0.00042209704,0.0008593666,0.40050143,0.33606252,-6.0556664,11.441916,7.081118,-8.533701,-19.935925,2.0567489,-1.4984647,18.987297,-1.1533506,-0.37702575,61.58172231985941,30.439367311072058,84.51669595782074,61.37082601054482,63.44463971880493,56.20386643233744,76.60808435852373,70.86115992970123,47.59226713532514,66.52021089630932,83.09314586994728,6.889279437609843,11.458699472759228,25.58875219683656,7.486818980667839,14.270650263620388,13.708260105448156,27.451669595782075,46.60808435852373,33.5676625659051,14.868189806678384,52.09138840070299,51.3884007029877,35.36028119507909,23.83128295254833,29.420035149384887,11.107205623901583,32.970123022847105,14.762741652021091,14.727592267135327,11.739894551845344,9.420035149384887,3.725834797891037,20.210896309314588,28.119507908611602,10.404217926186293,4.499121265377856,9.209138840070299,7.346221441124781,4.885764499121266,33.98945518453427,53.49736379613357,13.251318101933217,27.31107205623902,30.966608084358526,9.279437609841828,17.223198594024606,26.22144112478032,12.442882249560634,8.471001757469246,81.82776801405976,32.12653778558875
COC(c1cncnc1)C(C)CCN1CCN(CC(C(=O)O)c2cccs2)CC1,418.5630000000001,2.737800000000001,7,1,4.0,0.6354826775646104,3,78.79,0,0,0,0.016644705,0.28250843,0.68124247,0.0005397707,0.031377252,0.07665766,0.051493317,0.12032665,0.1465745,0.2523557,0.24612203,0.15215912,0.28187165,0.26873595,0.9734422,0.0029401185,0.019271472,0.0064149937,0.0055399337,0.0070083374,0.038646046,0.0005601038,0.24165492,0.09552025,0.04994629,0.0005219196,0.005027228,0.0030178872,0.0034827467,0.2656322,0.6983291,-5.8235965,6.326524,4.45434,-9.278103,-18.71714,2.6001601,-0.79827416,38.448353,-1.6750942,0.47946134,69.87697715289983,57.36379613356767,79.85940246045695,36.59050966608085,63.44463971880493,64.60456942003516,76.60808435852373,53.25131810193322,47.59226713532514,25.869947275922673,37.188049209138846,4.463971880492092,17.926186291739896,30.826010544815468,11.282952548330405,32.61862917398946,29.947275922671356,55.782073813708266,53.286467486818985,67.02987697715291,32.61862917398946,70.93145869947277,46.326889279437616,77.78558875219684,40.98418277680141,34.20035149384886,17.223198594024606,39.05096660808436,31.036906854130056,31.353251318101936,25.729349736379614,11.739894551845344,13.49736379613357,23.97188049209139,52.4780316344464,27.065026362038665,9.103690685413007,28.119507908611602,22.776801405975398,15.746924428822497,16.871704745166962,71.91564147627417,17.047451669595784,21.370826010544818,28.471001757469246,8.330404217926187,19.68365553602812,60.03514938488577,19.894551845342708,19.472759226713535,75.28998242530757,39.82425307557118
COC(c1cncnc1)C(C)CCN1CCN(CC(C(=O)O)n2ccnc2)CC1,402.4990000000001,1.330300000000001,7,1,4.0,0.6358098926646427,3,96.61,0,0,0,0.00537316,0.13512573,0.6176921,9.647644e-05,0.032168344,0.03504788,0.077999234,0.037495885,0.06908051,0.16260478,0.50209236,0.14335884,0.1875219,0.39625323,0.9887705,0.0010284875,0.009178824,0.0053639994,0.005551634,0.002581756,0.016672432,4.5507935e-05,0.10351982,0.0476302,0.045456626,0.00017637997,0.003932561,0.0006676498,0.001318736,0.12682445,0.66111195,-6.2478547,-2.9040818,-2.9207492,-7.4291625,-22.031555,2.2225652,-1.979674,11.715126,-0.97188014,-0.11807251,65.90509666080844,35.746924428822496,79.85940246045695,36.59050966608085,63.44463971880493,64.63971880492092,76.60808435852373,65.83479789103691,47.59226713532514,25.869947275922673,37.188049209138846,1.40597539543058,9.701230228471003,24.11247803163445,6.959578207381371,33.00527240773287,17.785588752196837,62.108963093145874,25.58875219683656,54.20035149384886,22.847100175746927,82.67135325131811,44.11247803163445,68.18980667838314,49.49033391915642,38.80492091388401,5.588752196836555,16.30931458699473,28.471001757469246,31.3884007029877,8.084358523725836,1.0544815465729351,4.358523725834798,17.504393673110723,45.377855887521974,24.780316344463973,3.760984182776802,23.79613356766257,10.123022847100177,6.6783831282952555,5.342706502636204,70.54481546572936,10.790861159929703,13.145869947275925,21.370826010544818,10.404217926186293,13.181019332161688,36.30931458699473,8.752196836555362,5.342706502636204,83.79613356766258,34.024604569420035
COC(c1cncnc1)C(C)CCN1CCN(CC(C(=O)O)c2ccco2)CC1,402.4950000000001,2.2693000000000003,7,1,4.0,0.6470784384686852,3,91.93,0,0,0,0.010038935,0.25930098,0.71374404,0.00026906174,0.023432437,0.07335801,0.040291462,0.0917864,0.09838459,0.21605304,0.18801074,0.15474519,0.24620919,0.2599691,0.9692793,0.0017059691,0.015163785,0.0034251236,0.0031981189,0.0044647274,0.03233514,0.0002877694,0.20140629,0.058469422,0.036992807,0.00021611594,0.002876294,0.0014058922,0.0018108077,0.23966253,0.60081714,-5.857413,-5.458741,-4.2308645,-5.9992495,-19.156872,2.6837237,-1.1357088,29.368061,-1.3539561,0.33598772,65.90509666080844,48.36555360281196,79.85940246045695,36.59050966608085,63.44463971880493,66.39718804920915,76.60808435852373,62.70650263620387,47.59226713532514,25.869947275922673,37.188049209138846,2.776801405975396,16.133567662565905,35.04393673110721,8.822495606326891,27.6274165202109,28.892794376098422,52.23198594024605,45.026362038664324,60.17574692442883,28.506151142355012,66.71353251318102,46.95957820738138,74.69244288224957,40.14059753954306,33.63796133567663,10.087873462214413,31.07205623901582,21.827768014059757,23.936731107205627,16.274165202108964,7.6625659050966615,9.103690685413007,22.284710017574696,47.521968365553604,20.45694200351494,4.569420035149386,18.980667838312833,15.782073813708262,9.209138840070299,14.833040421792619,67.34622144112478,16.485061511423552,11.458699472759228,19.718804920913886,12.548330404217927,18.312829525483306,64.92091388400704,16.133567662565905,14.481546572934976,79.33216168717048,38.59402460456943
COC(c1cncnc1)C(C)CCN1CCN(CC(NC2CC2)C(=O)O)CC1,391.51600000000013,1.013100000000002,7,2,4.0,0.5776769932835678,3,90.82000000000001,0,0,0,0.027531695,0.20568006,0.59476674,0.00015660656,0.012837214,0.017354496,0.011975033,0.12779625,0.041111194,0.10893271,0.15539137,0.12995812,0.073577896,0.1307632,0.9568712,0.0012851153,0.015352903,0.0041466537,0.002539891,0.003203163,0.031252153,1.3396619e-05,0.22273318,0.015460329,0.025098931,0.00028114548,0.00096653134,0.0009254922,0.00068695203,0.33905554,0.6312732,-6.1854334,7.949385,4.5426035,-6.7713013,-21.074123,2.1394649,-1.4479787,19.061152,-1.505963,-0.25823125,63.65553602811951,31.845342706502638,79.85940246045695,61.37082601054482,63.44463971880493,57.25834797891037,76.60808435852373,61.93321616871705,47.59226713532514,25.869947275922673,37.188049209138846,7.275922671353252,13.81370826010545,22.144112478031637,8.014059753954307,19.43760984182777,11.70474516695958,34.6572934973638,55.53602811950791,46.18629173989456,16.55536028119508,64.18277680140598,40.14059753954306,41.86291739894552,23.936731107205627,31.45869947275923,7.381370826010546,31.282952548330407,24.323374340949037,21.370826010544818,10.826010544815468,7.100175746924429,2.9173989455184537,23.2688927943761,36.62565905096661,13.251318101933217,5.588752196836555,8.892794376098418,12.302284710017576,4.288224956063269,25.623901581722322,68.92794376098419,11.388400702987699,23.09314586994728,28.506151142355012,11.353251318101934,14.727592267135327,30.650263620386646,12.79437609841828,8.506151142355009,77.29349736379613,32.970123022847105
COC(c1cncnc1)C(C)CCN1CCN(CC(C(=O)O)C2CC2)CC1,376.50100000000015,1.9186999999999999,6,1,4.0,0.6681947478972387,3,78.79,0,0,0,0.018240353,0.3953779,0.6913694,0.00033492752,0.0188459,0.05522121,0.03185177,0.16581197,0.087066785,0.24658704,0.26692876,0.116429485,0.20989582,0.17839892,0.9927391,0.0015173899,0.015057376,0.0046338937,0.0035411404,0.004011493,0.026704138,0.000104790684,0.42482805,0.075407326,0.040952243,0.00023111045,0.0032135327,0.0019037431,0.0013433349,0.30366653,0.6934864,-5.639357,14.390048,3.9933147,-5.6208844,-17.609581,2.2994514,-0.9581898,21.325876,-1.4160957,-0.79865915,60.105448154657296,43.40949033391916,72.46045694200352,36.59050966608085,63.44463971880493,69.8066783831283,76.60808435852373,53.25131810193322,47.59226713532514,25.869947275922673,37.188049209138846,5.0966608084358525,25.237258347978912,32.23198594024605,9.384885764499122,24.534270650263622,23.866432337434098,48.89279437609842,63.33919156414763,57.961335676625666,32.12653778558875,71.9859402460457,35.50087873462215,71.07205623901582,31.77504393673111,41.82776801405976,8.857644991212654,30.896309314586997,26.045694200351495,25.483304042179263,14.376098418277682,4.428822495606327,5.553602811950792,31.00175746924429,49.876977152899826,22.35500878734622,4.850615114235501,20.562390158172235,18.172231985940247,6.783831282952549,21.79261862917399,71.66959578207381,20.70298769771529,30.650263620386646,28.189806678383132,12.899824253075572,23.374340949033392,40.77328646748682,18.207381370826013,9.666080843585238,78.5237258347979,27.521968365553604
COC(c1cncnc1)C(C)CCN1CCN(CC(C(C)=O)C(=O)O)CC1,378.4730000000001,1.0977000000000017,7,1,4.0,0.6048181797174794,3,95.86000000000001,0,1,0,0.020289699,0.2876431,0.7015003,0.00020956348,0.00871676,0.05227096,0.011538726,0.09385799,0.05108326,0.15622368,0.056198377,0.1762069,0.18181905,0.19156048,0.93392116,0.002461241,0.018581986,0.0020935105,0.0017031475,0.004622104,0.040749673,0.00017184344,0.17738149,0.014056623,0.027149027,0.00028301356,0.002006682,0.00079865596,0.0016075963,0.34248468,0.36660677,-5.816816,-1.0420319,-8.646202,-5.4513984,-19.272827,2.1527297,-1.8855903,11.456676,-0.7324394,-1.2342497,60.38664323374341,32.89982425307557,79.85940246045695,36.59050966608085,63.44463971880493,60.73813708260106,76.60808435852373,65.27240773286468,47.59226713532514,66.52021089630932,37.188049209138846,5.6942003514938495,18.383128295254835,33.63796133567663,8.471001757469246,13.884007029876978,23.02284710017575,34.059753954305805,45.41300527240774,49.49033391915642,22.214411247803167,51.14235500878735,53.21616871704746,67.24077328646749,33.145869947275926,29.068541300527244,14.692442882249562,37.57469244288225,14.868189806678384,16.590509666080845,17.012302284710017,13.602811950790862,6.889279437609843,21.265377855887525,35.782073813708266,14.762741652021091,5.62390158172232,14.586994727592268,11.458699472759228,8.189806678383128,26.115992970123024,55.57117750439368,17.188049209138843,14.622144112478033,15.992970123022848,13.145869947275925,18.242530755711776,31.810193321616875,9.455184534270652,5.30755711775044,87.02987697715291,24.147627416520212
COC(c1cncnc1)C(C)CCN1CCN(CC(B(O)O)C(=O)O)CC1,380.2540000000001,-0.2644999999999984,8,3,4.0,0.4716009505706093,3,119.25000000000001,0,1,1,0.030126046,0.13694987,0.45441025,0.00062564184,0.01682651,0.017871512,0.012279124,0.051483072,0.056795,0.065137506,0.031106945,0.1877351,0.122428656,0.12782376,0.4364624,0.003114115,0.029892066,0.0039257025,0.0032384582,0.011158801,0.078012645,0.00019213835,0.02814283,0.008116362,0.031480387,0.0006073705,0.001727535,0.001285373,0.0034199439,0.35820413,0.2891038,-6.5734644,-11.703228,-1.657587,-1.0855806,-24.425035,2.0659075,-2.011176,21.30369,-0.86862564,1.7856724,60.66783831282953,19.507908611599298,84.51669595782074,78.20738137082601,63.44463971880493,42.6713532513181,76.60808435852373,78.38312829525483,47.59226713532514,66.52021089630932,83.09314586994728,8.014059753954307,9.91212653778559,14.727592267135327,11.845342706502636,22.917398945518457,11.810193321616874,34.90333919156415,30.650263620386646,51.21265377855888,10.790861159929703,44.63971880492092,55.95782073813709,56.344463971880494,23.374340949033392,14.692442882249562,18.488576449912127,56.344463971880494,23.72583479789104,24.21792618629174,38.87521968365554,44.04217926186292,7.1704745166959585,11.107205623901583,31.3884007029877,17.082601054481547,10.193321616871705,13.075571177504395,14.657293497363797,15.571177504393674,28.365553602811953,49.701230228471005,8.365553602811952,8.084358523725836,22.56590509666081,20.210896309314588,9.947275922671354,26.502636203866434,8.611599297012303,9.666080843585238,85.27240773286468,53.602811950790866
COC(c1cncnc1)C(C)CCN1CCN(CC([Se]C)C(=O)O)CC1,429.42300000000006,1.4333000000000005,6,1,4.0,0.5640736946260239,3,78.79,0,1,1,0.03405763,0.24273844,0.67958224,0.00028939993,0.014877668,0.048829675,0.019589346,0.10502349,0.048499055,0.16877627,0.08709345,0.2021732,0.17066193,0.20678902,0.93682194,0.002747504,0.017954687,0.004413709,0.0033863883,0.0073951907,0.046590276,0.00022956105,0.21928935,0.01958167,0.043022998,0.00068117084,0.0043514306,0.0014217985,0.0027215104,0.36345634,0.4352587,-5.8939085,8.516626,4.94723,-7.2329116,-18.943295,2.2911406,-1.4792095,20.26147,-1.1766714,-0.62952375,72.12653778558875,37.08260105448155,72.46045694200352,36.59050966608085,63.44463971880493,55.53602811950791,76.60808435852373,53.25131810193322,47.59226713532514,66.52021089630932,83.09314586994728,9.068541300527242,15.395430579964852,30.439367311072058,9.138840070298771,21.33567662565905,22.24956063268893,41.05448154657294,48.75219683655536,48.787346221441126,23.47978910369069,56.06326889279438,59.85940246045695,65.79964850615114,35.149384885764505,29.420035149384887,16.098418277680143,36.62565905096661,25.13181019332162,24.850615114235502,27.17047451669596,18.207381370826013,7.768014059753955,23.02284710017575,38.277680140597546,23.40949033391916,11.212653778558876,25.20210896309315,15.887521968365554,13.075571177504395,29.384885764499124,59.648506151142364,16.133567662565905,23.72583479789104,28.892794376098422,10.790861159929703,18.840070298769774,40.28119507908612,12.583479789103691,9.068541300527242,81.54657293497364,29.314586994727595
COC(c1cncnc1)C(C)CCN1CCN(CC(N=O)C(=O)O)CC1,365.4340000000001,1.0275,8,1,4.0,0.6125272850798397,3,108.22000000000001,0,0,0,0.08138862,0.30556965,0.6451079,0.0008233779,0.02465544,0.047216013,0.018321158,0.0846727,0.077586465,0.16002283,0.057123147,0.3056373,0.22406709,0.21481892,0.84383404,0.005128106,0.021633638,0.003927536,0.0041942713,0.009216703,0.0762463,0.000356907,0.14241652,0.014589695,0.052803904,0.0012448776,0.0032313652,0.0015307722,0.0059189657,0.42392677,0.41112342,-6.0324903,2.48029,3.254687,-11.218538,-19.543253,2.1720061,-1.846359,26.927906,-1.4867548,-1.2442613,57.29349736379614,31.985940246045697,84.51669595782074,36.59050966608085,63.44463971880493,61.58172231985941,76.60808435852373,72.82952548330405,47.59226713532514,25.869947275922673,37.188049209138846,23.09314586994728,19.648506151142357,26.5377855887522,12.934973637961336,28.435852372583483,21.61687170474517,40.105448154657296,43.02284710017575,55.922671353251324,22.601054481546576,51.493848857645,77.89103690685414,72.65377855887523,36.02811950790861,23.97188049209139,28.717047451669597,43.514938488576455,23.72583479789104,27.592267135325134,33.286467486818985,43.09314586994728,10.193321616871705,19.472759226713535,36.098418277680146,28.681898066783834,17.891036906854133,20.667838312829527,16.2390158172232,22.49560632688928,37.36379613356767,58.13708260105449,13.532513181019333,16.906854130052725,27.521968365553604,7.065026362038665,17.644991212653782,32.89982425307557,9.666080843585238,13.075571177504395,77.57469244288225,24.077328646748683
C#CC(CN1CCN(CCC(C)C(OC)c2cncnc2)CC1)C(=O)O,360.45800000000014,1.1418999999999997,6,1,4.0,0.6617273261388297,3,78.79,0,1,0,0.0217233,0.19854973,0.6464883,0.00026243913,0.010772757,0.047411025,0.014624037,0.09979947,0.047132295,0.14414914,0.05992334,0.17324325,0.16540715,0.17252068,0.92429674,0.0040170555,0.023213873,0.0031857998,0.0032515258,0.008667984,0.048720025,0.00032288503,0.15505493,0.016615609,0.039399248,0.0006591873,0.003938033,0.0015575431,0.0031726542,0.33537766,0.36286634,-5.9338655,-3.549205,-7.561618,-6.458333,-19.383461,2.2269778,-1.9644626,18.503775,-1.0068231,-1.2292717,56.13356766256591,33.35676625659051,72.46045694200352,36.59050966608085,63.44463971880493,68.85764499121267,76.60808435852373,53.25131810193322,47.59226713532514,66.52021089630932,37.188049209138846,5.975395430579965,13.321616871704746,26.713532513181022,8.717047451669597,16.590509666080845,21.72231985940246,37.01230228471002,47.6274165202109,48.1195079086116,21.054481546572937,52.02108963093146,52.37258347978911,64.78031634446398,30.966608084358526,28.084358523725836,22.776801405975398,46.39718804920914,20.351493848857647,24.323374340949037,31.45869947275923,20.14059753954306,9.666080843585238,19.964850615114237,37.08260105448155,21.511423550087876,10.86115992970123,23.83128295254833,16.344463971880494,14.762741652021091,25.37785588752197,55.39543057996485,15.149384885764501,12.72407732864675,16.55536028119508,11.739894551845344,17.926186291739896,36.59050966608085,8.822495606326891,8.224956063268893,83.30404217926187,24.18277680140598
COC(c1cncnc1)C(C)CCN1CCN(CC(C(=O)O)C(C)(C)C)CC1,392.54400000000015,2.5548,6,1,4.0,0.6917412026850881,3,78.79,0,0,0,0.00630867,0.31507793,0.69735926,0.0002058385,0.021421576,0.044428967,0.030146737,0.2192103,0.103417024,0.24269156,0.21433163,0.12440886,0.14146468,0.1454014,0.9883968,0.0010277235,0.010185743,0.0024368318,0.004195676,0.004846298,0.024472525,8.746709e-05,0.5884285,0.07105109,0.043039285,0.00011731294,0.0023792672,0.003317973,0.00076084904,0.34496468,0.6939639,-5.460679,28.226074,16.417303,-2.815118,-16.757093,2.2662156,-0.49631253,25.242132,-1.5222553,0.38911232,64.00702987697716,53.35676625659051,72.46045694200352,36.59050966608085,63.44463971880493,73.70826010544816,76.60808435852373,53.25131810193322,47.59226713532514,25.869947275922673,37.188049209138846,1.7223198594024607,20.14059753954306,33.04042179261863,8.471001757469246,26.432337434094904,20.70298769771529,48.08435852372584,70.15817223198594,60.98418277680141,31.880492091388405,68.85764499121267,38.242530755711776,60.421792618629176,26.78383128295255,38.73462214411248,5.588752196836555,18.629173989455186,16.660808435852374,27.592267135325134,17.750439367311074,2.8471001757469248,5.377855887521969,37.71528998242531,49.42003514938489,23.444639718804922,2.6362038664323375,16.449912126537786,23.936731107205627,4.639718804920914,26.326889279437612,71.73989455184535,24.81546572934974,46.748681898066785,40.49209138840071,17.504393673110723,26.432337434094904,39.05096660808436,23.690685413005273,12.161687170474519,77.11775043936731,38.98066783831283
COC(c1cncnc1)C(C)CCN1CCN(CC(NC23CC4CC(CC(C4)C2)C3)C(=O)O)CC1,485.67300000000034,2.8195000000000014,7,2,4.0,0.4945551789955532,3,90.82000000000001,0,0,0,0.00454528,0.30994505,0.49304038,7.883316e-05,0.025660943,0.02105611,0.054136254,0.1265674,0.20243737,0.22255416,0.28842944,0.075328775,0.14231682,0.095027916,0.9962819,0.00049897283,0.007963504,0.0018381154,0.0059235734,0.005025492,0.020145586,6.156542e-05,0.40197486,0.21459107,0.06938893,9.878587e-05,0.0019143254,0.008731986,0.00078233966,0.23795815,0.8884382,-6.173243,16.45702,29.902176,-10.341617,-20.194075,2.5566552,-0.12974456,48.86537,-2.586744,1.2904117,80.73813708260106,58.523725834797894,79.85940246045695,61.37082601054482,63.44463971880493,45.694200351493855,76.60808435852373,61.93321616871705,47.59226713532514,25.869947275922673,37.188049209138846,1.2653778558875222,19.789103690685415,16.731107205623903,6.537785588752198,29.173989455184536,13.075571177504395,56.239015817223205,54.86818980667839,71.45869947275924,29.630931458699475,73.32161687170475,23.58523725834798,60.562390158172235,18.207381370826013,46.57293497363796,2.284710017574693,13.181019332161688,13.74340949033392,32.12653778558875,18.629173989455186,1.616871704745167,4.745166959578208,30.087873462214414,63.374340949033396,34.376098418277685,2.0738137082601056,13.989455184534272,34.6572934973638,4.674868189806679,14.622144112478033,85.69420035149386,11.458699472759228,32.970123022847105,54.059753954305805,7.768014059753955,16.660808435852374,56.90685413005273,28.330404217926187,27.275922671353253,60.07029876977153,49.3145869947276
COC(c1cncnc1)C(C)CCN1CCN(CC(SS)C(=O)O)CC1,400.57000000000005,1.8391,8,2,4.0,0.45500379467093377,3,78.79,0,2,1,0.042442698,0.16951394,0.63346326,0.00015117567,0.0103049,0.037888143,0.011041651,0.07721165,0.033569522,0.12517944,0.04678881,0.21940549,0.12779431,0.16495392,0.9027513,0.0037743193,0.017390732,0.0026622624,0.0028637366,0.00859785,0.048556603,0.00022679746,0.12266803,0.0097252065,0.040090583,0.00063334394,0.0042616,0.001184317,0.003283703,0.4008661,0.313478,-6.018499,11.290129,10.252882,-9.633197,-19.369667,2.1745143,-1.4242842,30.669043,-1.5177491,-0.014937544,65.4481546572935,41.968365553602816,84.51669595782074,61.37082601054482,63.44463971880493,40.702987697715294,76.60808435852373,53.25131810193322,47.59226713532514,87.9261862917399,83.09314586994728,11.212653778558876,11.775043936731109,25.51845342706503,7.908611599297013,15.992970123022848,18.558875219683657,33.35676625659051,40.35149384885765,42.882249560632694,18.875219683655537,48.85764499121266,63.44463971880493,57.434094903339194,30.123022847100177,26.39718804920914,21.40597539543058,35.64147627416521,17.609841827768015,22.671353251318102,31.177504393673114,19.964850615114237,7.768014059753955,18.383128295254835,32.829525483304046,21.86291739894552,10.509666080843585,24.780316344463973,14.200351493848858,15.184534270650264,34.024604569420035,51.423550087873465,13.74340949033392,27.31107205623902,33.81370826010545,8.049209138840071,17.961335676625662,33.00527240773287,12.934973637961336,15.219683655536029,77.15289982425308,34.90333919156415
COC(c1cncnc1)C(C)CCN1CCN(CC(CI)C(=O)O)CC1,476.3590000000001,1.9437000000000002,6,1,4.0,0.40868875991436693,3,78.79,0,2,1,0.053185053,0.29399696,0.6613251,0.00030640332,0.012003141,0.045665704,0.013845648,0.13404882,0.06781113,0.16484138,0.100373305,0.21532425,0.1594422,0.14783871,0.93451405,0.0026171391,0.016455114,0.003937603,0.0034218263,0.006625557,0.047073144,0.00015162463,0.2474205,0.019891342,0.044506498,0.00048995233,0.0035993815,0.0016161948,0.0024084423,0.440023,0.4834296,-5.765784,9.291768,10.350775,-3.2977893,-18.41307,2.646133,-0.9081499,24.842737,-1.4989805,0.084952116,79.78910369068542,43.8664323374341,72.46045694200352,36.59050966608085,63.44463971880493,33.98945518453427,76.60808435852373,53.25131810193322,47.59226713532514,87.9261862917399,83.09314586994728,14.200351493848858,19.015817223198596,28.26010544815466,9.173989455184534,18.137082601054484,21.15992970123023,36.30931458699473,57.328646748681905,53.77855887521969,23.057996485061512,58.277680140597546,62.636203866432346,63.79613356766257,27.24077328646749,29.209138840070302,15.430579964850617,33.708260105448154,23.79613356766257,24.99121265377856,24.3585237258348,18.769771528998245,6.467486818980668,24.147627416520212,38.383128295254835,24.253075571177508,8.752196836555362,21.898066783831286,16.590509666080845,11.775043936731109,39.19156414762742,61.82776801405976,18.066783831282955,25.026362038664324,33.919156414762746,16.766256590509666,20.492091388400706,62.91739894551846,18.804920913884008,11.810193321616874,77.3286467486819,35.95782073813709
COC(c1cncnc1)C(C)CCN1CCN(CC(CBr)C(=O)O)CC1,429.3590000000001,1.9036,6,1,4.0,0.569531855239719,3,78.79,0,1,1,0.06808244,0.3399795,0.71182567,0.00018560316,0.009365606,0.052559298,0.0103793945,0.12888178,0.052931,0.20002747,0.10986521,0.20404093,0.18691693,0.17175826,0.9567789,0.0026962943,0.015260927,0.0031952746,0.003142732,0.005837565,0.040073764,0.00012520373,0.30408505,0.022589263,0.04188742,0.0005458006,0.0037923332,0.0016283434,0.002704489,0.4130807,0.48969188,-5.671008,10.138952,6.7408,-2.7625027,-17.998222,2.5983891,-1.0261276,18.821125,-1.1806427,-0.14673838,72.12653778558875,43.198594024604574,72.46045694200352,36.59050966608085,63.44463971880493,56.239015817223205,76.60808435852373,53.25131810193322,47.59226713532514,66.52021089630932,83.09314586994728,18.73462214411248,21.54657293497364,34.833040421792624,8.330404217926187,14.797891036906856,23.09314586994728,32.44288224956063,55.81722319859403,50.12302284710018,26.678383128295255,59.54305799648507,60.281195079086125,68.08435852372584,30.896309314586997,31.45869947275923,15.782073813708262,31.177504393673114,20.492091388400706,23.72583479789104,21.79261862917399,13.04042179261863,6.256590509666081,26.502636203866434,39.26186291739895,22.987697715289986,9.384885764499122,22.95254833040422,16.62565905096661,13.075571177504395,35.81722319859403,62.21441124780317,20.07029876977153,26.186291739894553,30.615114235500883,17.574692442882252,21.652021089630935,60.00000000000001,17.188049209138843,8.330404217926187,81.51142355008788,33.95430579964851
COC(c1cncnc1)C(C)CCN1CCN(CC(CF)C(=O)O)CC1,368.4530000000001,1.4781999999999997,6,1,4.0,0.6700121158069884,3,78.79,0,0,0,0.021220297,0.3216706,0.7071539,0.00020946034,0.009716016,0.047978956,0.013080806,0.1445144,0.053074203,0.1732746,0.10723933,0.1537303,0.15616795,0.15964976,0.96225053,0.0016348085,0.01581124,0.0031628117,0.0022143335,0.0039631403,0.03381201,9.314869e-05,0.30736333,0.02588673,0.030583609,0.00024626375,0.0022633572,0.0009899797,0.0011925385,0.35220566,0.506892,-5.658653,4.6183233,4.8590813,-2.3127527,-17.809473,2.7989662,-1.051439,13.290753,-1.0553405,-0.9779847,57.961335676625666,37.39894551845343,72.46045694200352,36.59050966608085,63.44463971880493,70.05272407732865,76.60808435852373,53.25131810193322,47.59226713532514,25.869947275922673,37.188049209138846,5.940246045694201,20.597539543057998,34.27065026362039,8.471001757469246,15.289982425307558,21.86291739894552,35.67662565905097,59.332161687170476,50.19332161687171,23.90158172231986,59.191564147627425,46.71353251318102,63.16344463971881,29.173989455184536,32.40773286467487,9.701230228471003,32.30228471001758,20.07029876977153,19.859402460456945,14.13005272407733,8.681898066783832,5.413005272407734,26.572934973637963,40.21089630931459,16.449912126537786,5.061511423550089,15.85237258347979,12.688927943760985,6.151142355008788,27.592267135325134,63.09314586994728,20.351493848857647,19.297012302284713,28.892794376098422,18.34797891036907,22.56590509666081,71.95079086115993,16.871704745166962,5.729349736379614,82.7768014059754,25.940246045694202
COC(c1cncnc1)C(C)CCN1CCN(CC(C(=O)O)C(C)O)CC1,380.4890000000001,0.8895000000000013,7,2,4.0,0.6174352903985786,4,99.02000000000001,0,0,0,0.012454668,0.22555773,0.6512501,0.00016378623,0.010120714,0.036262434,0.012316863,0.116500035,0.0571675,0.1349014,0.095653966,0.14799407,0.111695275,0.13086946,0.9333102,0.001385553,0.015239174,0.0024620756,0.0022046077,0.0037953493,0.032507174,8.293818e-05,0.20840685,0.021526385,0.02721391,0.00014670756,0.0018630292,0.0010122806,0.0008431175,0.34328467,0.46060747,-5.947299,4.0152082,-4.9311876,-3.5844905,-20.346289,2.0788221,-1.6491165,9.493866,-0.82297975,-0.21630964,60.84358523725835,30.755711775043938,79.85940246045695,61.37082601054482,63.44463971880493,62.425307557117755,81.28295254833041,66.99472759226714,47.59226713532514,25.869947275922673,37.188049209138846,3.268892794376099,14.797891036906856,27.17047451669596,8.084358523725836,15.817223198594027,18.101933216168717,34.97363796133568,51.880492091388405,51.423550087873465,19.964850615114237,57.39894551845343,45.30755711775044,53.95430579964851,23.97188049209139,28.998242530755714,8.1195079086116,31.107205623901585,16.871704745166962,19.789103690685415,13.637961335676627,7.6625659050966615,5.342706502636204,22.601054481546576,39.015817223198596,14.868189806678384,3.304042179261863,13.778558875219685,12.934973637961336,4.885764499121266,26.186291739894553,60.52724077328647,14.973637961335678,18.594024604569423,19.226713532513184,16.449912126537786,16.133567662565905,27.346221441124783,11.00175746924429,4.850615114235501,85.76449912126539,33.32161687170475
COC(c1cncnc1)C(C)CCN1CCN(CC(C(=O)O)C(N)=S)CC1,395.5290000000001,0.794800000000002,7,2,4.0,0.5564199691944065,3,104.81,0,1,0,0.022736562,0.22173357,0.6830309,0.00020494149,0.008763706,0.041245557,0.011052078,0.07801859,0.033215992,0.1437989,0.060737707,0.16780323,0.15009645,0.18431422,0.91514385,0.00338265,0.020840172,0.0021456254,0.0017856068,0.0055831065,0.04478412,0.00016980543,0.13532872,0.009649107,0.027592415,0.00040893286,0.0022080326,0.0007315414,0.0022771037,0.3411685,0.31772628,-6.062578,-5.444551,0.8776722,-9.010382,-20.323528,2.4597259,-1.4210926,16.19066,-1.0947961,-1.4802437,64.63971880492092,29.771528998242534,79.85940246045695,61.37082601054482,63.44463971880493,54.516695957820744,76.60808435852373,70.86115992970123,47.59226713532514,66.52021089630932,37.188049209138846,6.1862917398945525,14.727592267135327,31.107205623901585,8.471001757469246,13.954305799648507,19.472759226713535,33.35676625659051,40.73813708260106,42.70650263620387,21.01933216168717,52.09138840070299,51.14235500878735,62.00351493848858,32.58347978910369,27.451669595782075,19.613356766256594,42.14411247803164,15.079086115992972,17.223198594024606,20.632688927943764,16.766256590509666,6.818980667838313,19.05096660808436,32.75922671353251,15.043936731107207,7.6625659050966615,15.571177504393674,10.720562390158173,11.036906854130054,25.97539543057997,51.739894551845346,13.04042179261863,11.528998242530756,25.13181019332162,8.576449912126538,16.203866432337435,51.45869947275923,12.934973637961336,7.205623901581723,82.35500878734622,22.10896309314587
COC(c1cncnc1)C(C)CCN1CCN(CC(C(=O)O)N(C)O)CC1,381.4770000000001,0.582100000000003,8,2,4.0,0.5634998525582995,3,102.26,0,1,0,0.025845114,0.19200893,0.6051649,0.00013113255,0.010818181,0.0212862,0.006803156,0.09797062,0.029263297,0.09549402,0.04564901,0.1754593,0.074886635,0.11448822,0.8864444,0.0017476324,0.017814,0.0018402919,0.001427759,0.0038868631,0.044160984,4.245238e-05,0.13756958,0.008473997,0.020915907,0.00019391914,0.000937909,0.0004332633,0.0008312765,0.4168523,0.38676235,-5.9170785,11.464626,0.43811113,-6.1958327,-20.014847,2.009079,-1.5083698,9.832579,-0.8284222,-0.4969232,61.05448154657294,27.697715289982426,84.51669595782074,61.37082601054482,63.44463971880493,55.50087873462215,76.60808435852373,69.42003514938489,47.59226713532514,66.52021089630932,37.188049209138846,6.994727592267136,12.899824253075572,23.02284710017575,7.627416520210897,16.590509666080845,13.181019332161688,26.362038664323375,47.205623901581724,40.91388400702988,14.727592267135327,48.75219683655536,52.86467486818981,42.31985940246046,21.054481546572937,25.83479789103691,10.333919156414764,36.344463971880494,13.74340949033392,14.376098418277682,13.884007029876978,16.30931458699473,4.253075571177504,19.191564147627417,31.810193321616875,10.404217926186293,4.323374340949034,8.822495606326891,7.592267135325132,4.885764499121266,36.37961335676626,56.94200351493849,15.606326889279439,27.381370826010546,24.74516695957821,12.161687170474519,17.152899824253076,24.007029876977153,12.33743409490334,4.885764499121266,85.72934973637962,30.720562390158175
COC(c1cncnc1)C(C)CCN1CCN(CC(C(=O)O)c2ncc[nH]2)CC1,402.4990000000001,1.3994,7,2,4.0,0.6140583955117126,3,107.47,0,0,0,0.007236466,0.10607479,0.60878426,9.9006706e-05,0.009063339,0.025993388,0.012378123,0.041694615,0.028340936,0.09870652,0.09187321,0.1484328,0.12873653,0.26668158,0.91704196,0.0012795597,0.01235646,0.002241524,0.0018762092,0.0028486059,0.027249712,4.2802334e-05,0.05319673,0.0075178808,0.020995226,0.00013707884,0.0010346154,0.000525124,0.0010864357,0.19925794,0.37819016,-6.276691,-8.635195,-2.3613918,-5.884244,-22.978962,2.3990405,-1.5845554,21.227207,-1.3528227,2.6550307,65.90509666080844,36.62565905096661,79.85940246045695,61.37082601054482,63.44463971880493,61.82776801405976,76.60808435852373,72.40773286467487,47.59226713532514,25.869947275922673,37.188049209138846,1.9332161687170477,7.978910369068542,23.19859402460457,7.065026362038665,14.305799648506152,14.481546572934976,35.04393673110721,27.416520210896312,40.49209138840071,15.149384885764501,57.012302284710024,45.41300527240774,57.57469244288225,40.80843585237259,27.6274165202109,7.346221441124781,24.463971880492092,15.676625659050968,17.855887521968366,9.630931458699473,4.674868189806679,4.253075571177504,13.848857644991213,30.896309314586997,10.439367311072058,3.233743409490334,9.455184534270652,8.506151142355009,5.659050966608085,11.142355008787348,56.27416520210897,10.54481546572935,9.595782073813709,21.652021089630935,12.65377855887522,11.880492091388401,47.065026362038665,11.493848857644993,9.666080843585238,79.36731107205624,60.07029876977153
COC(c1cncnc1)C(C)CCN1CCN(CC(C(=O)O)c2ccc[nH]2)CC1,401.5110000000001,2.0043999999999995,6,2,4.0,0.6287332418038155,3,94.58000000000001,0,0,0,0.0080193635,0.18377577,0.6391926,0.000259938,0.023635132,0.047350366,0.04388884,0.07841264,0.08400461,0.16702113,0.20483509,0.13716426,0.19044048,0.24675718,0.96481484,0.0015807359,0.014883275,0.0041961996,0.003451829,0.004851643,0.03256012,0.0001615322,0.13315743,0.04024023,0.035253793,0.00021512667,0.0024648178,0.0015328578,0.0016508909,0.2158581,0.61265,-6.0958204,-8.253398,-5.41357,-0.4024601,-21.374332,2.5125637,-1.3251591,27.326096,-1.4311149,4.05452,65.76449912126539,44.63971880492092,72.46045694200352,61.37082601054482,63.44463971880493,64.07732864674868,76.60808435852373,64.2530755711775,47.59226713532514,25.869947275922673,37.188049209138846,2.1089630931458703,12.513181019332162,26.045694200351495,8.717047451669597,27.838312829525485,21.687170474516698,53.77855887521969,40.84358523725835,57.11775043936731,23.304042179261867,68.26010544815466,42.35500878734622,68.78734622144113,38.91036906854131,32.89982425307557,9.349736379613358,30.123022847100177,24.49912126537786,25.096660808435853,17.750439367311074,7.6625659050966615,6.608084358523726,18.910369068541304,43.831282952548335,19.36731107205624,4.534270650263621,16.836555360281196,16.2390158172232,8.435852372583481,12.934973637961336,68.11950790861161,12.583479789103691,9.806678383128297,18.769771528998245,21.300527240773288,14.200351493848858,54.34094903339192,14.059753954305801,13.462214411247805,78.34797891036908,69.56063268892795
COC(c1cncnc1)C(C)CCN1CCN(CC(C(=O)O)C2CO2)CC1,378.4730000000001,0.9075000000000011,7,1,4.0,0.6008829276571007,4,91.32000000000001,0,1,1,0.08018194,0.28845185,0.65439194,0.00015937423,0.020452442,0.051159937,0.016732514,0.09941168,0.04913651,0.21603031,0.16540219,0.18962926,0.21777692,0.20044327,0.9652209,0.0033635676,0.018372608,0.0034027,0.0044513196,0.0066276332,0.04573266,0.0002400023,0.21566692,0.028741311,0.054757435,0.00065228884,0.004561617,0.0013582415,0.0033777382,0.36081666,0.5312312,-5.8654075,-2.3119292,-1.0975338,-5.7324514,-19.152523,2.5683181,-1.473459,14.597549,-1.0189445,-1.0882329,60.38664323374341,30.826010544815468,79.85940246045695,36.59050966608085,63.44463971880493,60.31634446397189,81.28295254833041,62.35500878734623,47.59226713532514,66.52021089630932,83.09314586994728,22.81195079086116,18.418277680140598,27.416520210896312,8.014059753954307,25.69420035149385,22.70650263620387,38.840070298769774,47.557117750439375,48.85764499121266,28.506151142355012,65.02636203866433,56.379613356766264,71.8804920913884,34.30579964850615,32.970123022847105,19.43760984182777,37.293497363796135,21.54657293497364,28.57644991212654,24.393673110720563,17.574692442882252,8.154657293497365,22.88224956063269,41.195079086115996,29.630931458699475,10.826010544815468,26.045694200351495,15.325131810193323,15.430579964850617,28.822495606326893,64.53427065026362,16.414762741652023,13.49736379613357,23.2688927943761,12.759226713532515,18.312829525483306,57.89103690685413,12.618629173989456,6.362038664323375,83.23374340949034,24.88576449912127
COC(c1cncnc1)C(C)CCN1CCN(CC(C(=O)O)C(F)Cl)CC1,402.898,2.0431,6,1,4.0,0.5997490889625952,4,78.79,0,1,1,0.031144489,0.3159033,0.69949085,0.00020189288,0.011925062,0.05721923,0.016869474,0.117124006,0.06827425,0.20098706,0.12709853,0.18934742,0.19810417,0.19053471,0.9469074,0.0023137585,0.01484358,0.0032447695,0.0034664995,0.0056960275,0.03794042,0.0001699898,0.28765386,0.032976933,0.043409936,0.000378353,0.0039396347,0.0018091118,0.0023619486,0.35626775,0.51584226,-5.629584,11.126166,1.9459537,-1.9923443,-17.685461,2.3638935,-1.124987,14.172833,-0.9412119,-0.18940306,65.97539543057997,45.27240773286468,72.46045694200352,36.59050966608085,63.44463971880493,60.105448154657296,81.28295254833041,53.25131810193322,47.59226713532514,66.52021089630932,83.09314586994728,8.295254833040422,20.14059753954306,33.427065026362044,8.400702987697716,18.031634446397188,24.56942003514939,38.87521968365554,52.09138840070299,53.98945518453428,26.713532513181022,61.335676625659055,56.344463971880494,69.66608084358525,33.145869947275926,30.615114235500883,13.673110720562391,30.017574692442885,20.738137082601057,25.13181019332162,21.124780316344467,11.24780316344464,6.818980667838313,25.83479789103691,42.00351493848858,23.760984182776802,7.205623901581723,23.83128295254833,17.680140597539545,11.493848857644993,28.26010544815466,63.58523725834799,20.91388400702988,27.24077328646749,26.22144112478032,18.910369068541304,23.12829525483304,44.67486818980668,16.274165202108964,6.221441124780317,84.28822495606327,33.67311072056239
C=C(C)C(CN1CCN(CCC(C)C(OC)c2cncnc2)CC1)C(=O)O,376.50100000000015,2.0848,6,1,4.0,0.6264448187586387,3,78.79,0,1,0,0.012365965,0.2686591,0.7033766,0.00014188008,0.007938882,0.049019568,0.012658061,0.11433983,0.04220771,0.16709669,0.09129439,0.13899055,0.15700847,0.17123806,0.96209764,0.0020431133,0.01712421,0.0022069323,0.0017173868,0.0041217776,0.03231109,0.00011887469,0.24063985,0.021390032,0.02749967,0.00020208629,0.0021266744,0.00082209136,0.0011898828,0.3257517,0.42298618,-5.6408563,3.962181,3.4733887,-4.4350214,-17.83782,2.6304886,-1.0462387,17.713326,-1.0972123,-1.1484299,60.105448154657296,46.010544815465735,72.46045694200352,36.59050966608085,63.44463971880493,63.8664323374341,76.60808435852373,53.25131810193322,47.59226713532514,66.52021089630932,37.188049209138846,3.268892794376099,16.62565905096661,33.84885764499121,7.732864674868191,13.005272407732866,22.284710017574696,35.32513181019333,51.423550087873465,46.643233743409496,23.304042179261867,56.97715289982426,42.84710017574693,63.26889279437611,30.826010544815468,32.40773286467487,11.810193321616874,35.254833040421794,15.500878734622145,16.660808435852374,14.938488576449913,7.6625659050966615,6.080843585237259,23.97188049209139,38.87521968365554,15.008787346221443,4.499121265377856,15.114235500878737,11.669595782073815,6.080843585237259,24.49912126537786,58.62917398945519,20.632688927943764,18.418277680140598,27.732864674868193,15.114235500878737,22.35500878734622,61.968365553602816,16.94200351493849,7.873462214411249,82.35500878734622,24.67486818980668
COC(c1cncnc1)C(C)CCN1CCN(CC(C(=O)O)C(C)F)CC1,382.4800000000001,1.8666999999999998,6,1,4.0,0.6616780710561982,4,78.79,0,0,0,0.014655171,0.318855,0.7029744,0.00014343383,0.011207571,0.05027027,0.016830495,0.1409729,0.06482832,0.19518971,0.13809884,0.14782073,0.15898964,0.16061217,0.96834576,0.0013540734,0.012946901,0.0026008817,0.002687803,0.0039987797,0.028131166,9.1221475e-05,0.36376387,0.03765282,0.034490477,0.00018076021,0.002495483,0.0014343875,0.0010827503,0.3243754,0.5546461,-5.6406546,7.0269384,2.9910443,-1.975344,-17.603056,2.5617852,-1.0561655,14.732495,-1.0973045,-0.5523638,61.15992970123023,42.425307557117755,72.46045694200352,36.59050966608085,63.44463971880493,68.85764499121267,81.28295254833041,53.25131810193322,47.59226713532514,25.869947275922673,37.188049209138846,3.760984182776802,20.316344463971884,33.81370826010545,7.768014059753955,17.188049209138843,22.63620386643234,38.840070298769774,58.94551845342707,53.32161687170475,26.15114235500879,62.636203866432346,45.30755711775044,63.690685413005276,29.420035149384887,33.53251318101933,7.908611599297013,26.08084358523726,17.3286467486819,22.073813708260108,14.305799648506152,5.166959578207382,5.377855887521969,28.681898066783834,43.16344463971881,18.875219683655537,3.9015817223198597,17.082601054481547,15.957820738137084,5.659050966608085,24.3585237258348,65.79964850615114,20.632688927943764,22.10896309314587,27.10017574692443,18.945518453427066,23.374340949033392,57.25834797891037,16.836555360281196,6.362038664323375,82.35500878734622,30.158172231985944
COC(c1cncnc1)C(C)CCN1CCN(CC(C(=O)O)C(Cl)Cl)CC1,419.35300000000007,2.3124000000000002,6,1,4.0,0.5834017693531222,3,78.79,0,1,1,0.07628224,0.33870098,0.7120091,0.0002284172,0.013835075,0.06575922,0.017379873,0.10509346,0.075090215,0.2382966,0.13844483,0.23913607,0.23730627,0.22074656,0.9522189,0.0038150921,0.014754358,0.0033728466,0.0046055596,0.007972578,0.045653246,0.00026853237,0.29072422,0.03148613,0.055128712,0.00074263045,0.0057556354,0.0025045504,0.004469056,0.4022571,0.5065765,-5.6491404,15.3936825,2.302092,-1.6343924,-17.999342,2.2156343,-1.093383,18.94251,-0.9821356,1.2513193,69.94727592267137,48.89279437609842,72.46045694200352,36.59050966608085,63.44463971880493,58.066783831282955,76.60808435852373,53.25131810193322,47.59226713532514,66.52021089630932,83.09314586994728,21.47627416520211,21.511423550087876,34.86818980667839,8.541300527240773,20.421792618629176,26.643233743409493,39.22671353251319,48.75219683655536,55.53602811950791,31.599297012302287,62.741652021089635,66.6432337434095,73.84885764499121,36.62565905096661,31.07205623901582,21.511423550087876,29.947275922671356,21.370826010544818,28.96309314586995,29.209138840070302,17.434094903339194,8.752196836555362,25.869947275922673,41.75746924428823,29.771528998242534,12.09138840070299,30.193321616871707,20.91388400702988,19.015817223198596,34.20035149384886,63.057996485061516,20.492091388400706,31.634446397188054,26.5377855887522,19.578207381370827,21.652021089630935,35.81722319859403,16.449912126537786,8.435852372583481,83.55008787346222,48.646748681898075
COC(c1cncnc1)C(C)CCN1CCN(CC(C(=O)O)C(F)F)CC1,386.44300000000004,1.7737999999999998,6,1,4.0,0.6565457673227555,3,78.79,0,0,0,0.016676245,0.32290792,0.70609677,0.00019226022,0.012186457,0.053924274,0.018689942,0.12455001,0.06488879,0.19067667,0.13118263,0.15606754,0.1746585,0.17832565,0.95705205,0.0016008038,0.0144227445,0.0030773596,0.002851256,0.0042789695,0.032021154,0.00011970128,0.31261423,0.035206113,0.03595153,0.00023753422,0.0027674728,0.0014225591,0.0013996132,0.3133287,0.52441514,-5.604234,7.684327,2.04827,-1.1617689,-17.342577,2.5349538,-1.0247059,12.8294935,-0.9471022,-0.5507403,62.108963093145874,41.0896309314587,72.46045694200352,36.59050966608085,63.44463971880493,68.01405975395431,76.60808435852373,53.25131810193322,47.59226713532514,25.869947275922673,37.188049209138846,4.499121265377856,20.70298769771529,34.16520210896309,8.330404217926187,18.383128295254835,23.550087873462218,40.28119507908612,54.235500878734626,53.32161687170475,25.729349736379614,61.792618629173994,47.31107205623902,66.29173989455185,31.77504393673111,31.45869947275923,9.384885764499122,29.420035149384887,19.68365553602812,22.56590509666081,15.606326889279439,7.521968365553604,6.080843585237259,26.78383128295255,42.70650263620387,19.82425307557118,4.956063268892795,18.488576449912127,15.887521968365554,7.029876977152901,22.95254833040422,64.2530755711775,21.687170474516698,22.70650263620387,26.39718804920914,20.175746924428825,24.11247803163445,55.7469244288225,17.188049209138843,5.62390158172232,84.28822495606327,30.158172231985944
COC(c1cncnc1)C(C)CCN1CCN(CC(C(=O)O)c2nc[nH]n2)CC1,403.4870000000001,0.7944000000000015,8,2,4.0,0.593039949915239,3,120.36,0,0,0,0.0065487437,0.138001,0.70650315,2.1911943e-05,0.0058162403,0.028503437,0.0074604293,0.022004107,0.015268137,0.10279006,0.044012144,0.13401714,0.12682983,0.3471647,0.96498317,0.000922573,0.008619523,0.0006789634,0.0008397216,0.0015269663,0.0208867,2.8789727e-05,0.04660984,0.0027046285,0.013365975,8.427583e-05,0.00062802533,0.00018112824,0.0007676839,0.15877089,0.20920777,-6.5147047,-13.281278,-5.9360933,-7.179452,-24.38448,2.157839,-2.2600398,17.275463,-1.3129083,0.73418206,66.08084358523726,29.771528998242534,84.51669595782074,61.37082601054482,63.44463971880493,59.12126537785589,76.60808435852373,78.84007029876977,47.59226713532514,25.869947275922673,37.188049209138846,1.8629173989455186,10.017574692442883,34.16520210896309,4.7100175746924435,9.91212653778559,15.043936731107207,27.592267135325134,18.629173989455186,30.931458699472763,15.817223198594027,48.26010544815466,41.30052724077329,57.29349736379614,46.57293497363796,32.970123022847105,5.061511423550089,14.868189806678384,7.381370826010546,9.279437609841828,4.007029876977153,1.898066783831283,3.725834797891037,13.321616871704746,22.073813708260108,5.377855887521969,1.7574692442882252,7.135325131810194,4.393673110720563,4.639718804920914,8.084358523725836,43.23374340949034,8.681898066783832,7.311072056239016,18.242530755711776,10.826010544815468,9.947275922671354,32.16168717047452,6.748681898066785,7.697715289982426,79.85940246045695,42.84710017574693
COC(c1cncnc1)C(C)CCN1CCN(CC(C(=O)O)c2nn[nH]n2)CC1,404.4750000000001,0.1894000000000023,9,2,4.0,0.5650309802040103,3,133.25,0,0,0,0.017056895,0.19839132,0.7163218,4.2026655e-05,0.007029836,0.03661598,0.01056255,0.016901378,0.026286563,0.13594064,0.042795084,0.17654951,0.170332,0.4000001,0.95219773,0.001512622,0.008887136,0.0005860711,0.0009291444,0.002356658,0.02930595,9.3735645e-05,0.0474754,0.0034974604,0.019206295,0.00016667438,0.0009031665,0.00023057051,0.0018476744,0.19688131,0.20660773,-6.826258,-20.34401,-5.784991,-0.52303064,-26.456882,2.05686,-2.8752291,23.208303,-1.5807382,1.2283344,66.25659050966608,24.534270650263622,88.08435852372584,61.37082601054482,63.44463971880493,55.71177504393673,76.60808435852373,82.2847100175747,47.59226713532514,25.869947275922673,37.188049209138846,4.569420035149386,13.251318101933217,35.36028119507909,5.588752196836555,11.56414762741652,18.207381370826013,32.68892794376099,16.168717047451672,39.613356766256594,20.07029876977153,47.838312829525485,53.25131810193322,65.76449912126539,49.77152899824254,31.07205623901582,8.857644991212654,15.430579964850617,7.065026362038665,10.158172231985942,7.275922671353252,5.834797891036907,5.413005272407734,13.356766256590511,24.28822495606327,9.560632688927944,3.655536028119508,8.646748681898067,5.061511423550089,9.420035149384887,10.93145869947276,42.98769771528999,6.889279437609843,5.166959578207382,18.383128295254835,21.15992970123023,8.049209138840071,26.22144112478032,3.796133567662566,10.720562390158173,76.59050966608085,48.43585237258348
COC(c1cncnc1)C(C)CCN1CCN(CC(C(=O)O)c2cnsn2)CC1,420.5390000000001,1.5277999999999998,9,1,4.0,0.6124170434811299,3,104.57000000000001,0,0,0,0.027121168,0.24489376,0.7010304,0.00031746418,0.033727117,0.07109384,0.05526548,0.05779139,0.06819802,0.26622146,0.26068044,0.19420785,0.3104841,0.42382416,0.97717535,0.0035094717,0.016152171,0.004865094,0.00477236,0.0059169494,0.034523346,0.00040641436,0.16229717,0.044547774,0.054091018,0.0007458474,0.0053357133,0.0012693428,0.005374082,0.20650156,0.5733863,-6.2217484,-7.15691,0.16683693,-10.637833,-21.164074,2.4456003,-1.8079163,25.768438,-1.3356326,-0.2407649,70.19332161687171,37.961335676625666,88.08435852372584,36.59050966608085,63.44463971880493,61.546572934973646,76.60808435852373,70.65026362038665,47.59226713532514,25.869947275922673,37.188049209138846,7.135325131810194,15.430579964850617,33.602811950790866,9.244288224956064,33.743409490333924,28.224956063268895,56.660808435852374,33.145869947275926,53.98945518453428,34.516695957820744,71.66959578207381,57.60984182776802,80.17574692442884,51.21265377855888,35.114235500878735,20.316344463971884,32.970123022847105,27.10017574692443,29.420035149384887,22.00351493848858,9.068541300527242,11.17750439367311,20.632688927943764,44.81546572934974,29.420035149384887,12.161687170474519,29.314586994727595,14.551845342706503,21.23022847100176,12.02108963093146,66.46748681898067,11.107205623901583,10.54481546572935,24.639718804920918,7.627416520210897,14.481546572934976,50.333919156414765,9.84182776801406,12.583479789103691,79.6133567662566,33.00527240773287
COC(c1cncnc1)C(C)CCN1CCN(CC(C(=O)O)n2cncn2)CC1,403.4870000000001,0.7253000000000016,8,1,4.0,0.613579401646851,3,109.5,0,0,0,0.008061374,0.1641418,0.68989706,5.5911154e-05,0.02185547,0.039329134,0.039923314,0.025308307,0.03327337,0.18512002,0.33340424,0.16973191,0.21616665,0.48739854,0.9927745,0.0009511913,0.0071897567,0.0026296526,0.002708152,0.0017586868,0.016740011,4.4198976e-05,0.09310524,0.015581414,0.030441025,0.00017885302,0.002408476,0.00029513106,0.0013951337,0.117919005,0.5040351,-6.3708463,-1.6651703,2.4310176,-9.237197,-23.073467,2.1853604,-2.0128255,16.027122,-1.1524959,0.9233799,66.08084358523726,29.349736379613358,84.51669595782074,36.59050966608085,63.44463971880493,61.72231985940247,76.60808435852373,73.32161687170475,47.59226713532514,25.869947275922673,37.188049209138846,2.1089630931458703,11.282952548330405,32.056239015817226,6.045694200351495,26.818980667838314,18.945518453427066,52.09138840070299,20.667838312829527,42.741652021089635,25.166959578207383,75.85237258347979,51.66959578207382,71.70474516695958,55.07908611599297,41.89806678383129,5.061511423550089,11.599297012302285,17.539543057996486,22.144112478031637,5.026362038664324,1.0544815465729351,4.358523725834798,17.082601054481547,36.660808435852374,16.30931458699473,3.8312829525483307,16.590509666080845,5.869947275922672,6.994727592267136,4.780316344463972,62.98769771528999,9.666080843585238,14.270650263620388,26.5377855887522,8.365553602811952,11.775043936731109,33.5676625659051,8.611599297012303,7.100175746924429,81.82776801405976,44.71001757469244
COC(c1cncnc1)C(C)CCN1CCN(CC(C(=O)O)n2cccn2)CC1,402.4990000000001,1.3303,7,1,4.0,0.6358098926646427,3,96.61,0,0,0,0.007846083,0.18143573,0.66467124,6.300201e-05,0.023043832,0.045606513,0.034752052,0.046612605,0.055318438,0.16797319,0.19242743,0.163713,0.17588952,0.29813877,0.9746029,0.0013919193,0.011530252,0.0018532655,0.002542276,0.0030821704,0.025415108,9.2120536e-05,0.11784975,0.02756012,0.032462284,0.00016726204,0.0020870562,0.00057730183,0.0013319502,0.1922023,0.52815974,-6.1357946,0.25469437,1.5362575,-8.304379,-20.987228,2.3511333,-1.5757471,24.992725,-1.2769418,1.8767729,65.90509666080844,35.746924428822496,79.85940246045695,36.59050966608085,63.44463971880493,64.63971880492092,76.60808435852373,65.83479789103691,47.59226713532514,25.869947275922673,37.188049209138846,2.1089630931458703,12.267135325131811,28.506151142355012,6.256590509666081,27.451669595782075,21.124780316344467,50.12302284710018,29.173989455184536,50.57996485061512,23.40949033391916,67.1353251318102,49.876977152899826,66.39718804920915,42.882249560632694,34.44639718804921,8.189806678383128,22.214411247803167,13.778558875219685,21.370826010544818,10.369068541300528,3.3743409490333924,5.377855887521969,18.242530755711776,40.702987697715294,17.785588752196837,3.655536028119508,15.079086115992972,9.279437609841828,6.6783831282952555,10.61511423550088,64.42882249560633,11.985940246045695,15.254833040421794,25.729349736379614,9.420035149384887,14.797891036906856,43.971880492091394,11.599297012302285,11.845342706502636,80.66783831282953,54.235500878734626
COC(c1cncnc1)C(C)CCN1CCN(CC(C(=O)O)N2CCSC2)CC1,423.5830000000002,1.2674000000000019,8,1,4.0,0.5980550731794428,3,82.03,0,0,0,0.021753926,0.240702,0.56622183,5.3118136e-05,0.015938446,0.027058423,0.012981099,0.09274356,0.042886745,0.12448867,0.079691485,0.1833262,0.09887656,0.13488385,0.92720586,0.00154627,0.012388991,0.0013877716,0.0018752776,0.0037641055,0.034105677,4.7491187e-05,0.20630364,0.015874144,0.03242455,0.00018526519,0.0012804607,0.00056185515,0.00079266337,0.37377572,0.5145935,-6.009528,12.818832,8.013285,-7.948424,-20.206133,2.1712394,-1.3659532,16.598164,-1.2478707,-0.35577098,70.72056239015818,34.797891036906854,84.51669595782074,36.59050966608085,63.44463971880493,59.789103690685415,76.60808435852373,55.71177504393673,47.59226713532514,25.869947275922673,37.188049209138846,5.975395430579965,15.360281195079088,20.38664323374341,5.975395430579965,22.39015817223199,14.727592267135327,35.571177504393674,45.20210896309315,46.81898066783832,18.840070298769774,54.93848857644992,54.62214411247804,50.36906854130053,24.639718804920918,28.365553602811953,9.103690685413007,24.56942003514939,11.528998242530756,17.855887521968366,13.532513181019333,8.787346221441126,4.428822495606327,22.49560632688928,36.836555360281196,17.785588752196837,3.9718804920913886,10.685413005272409,9.033391915641477,4.674868189806679,30.579964850615116,63.55008787346222,13.848857644991213,29.103690685413007,31.70474516695958,9.982425307557119,16.660808435852374,32.89982425307557,13.637961335676627,7.381370826010546,80.94903339191565,32.30228471001758
COC(c1cncnc1)C(C)CCN1CCN(CC(C(=O)O)N2CCCC2=O)CC1,419.52600000000024,0.883500000000002,7,1,4.0,0.5968411511599493,3,99.1,0,0,0,0.013422109,0.24334812,0.6434008,5.2063457e-05,0.016846796,0.04843343,0.02786995,0.052194677,0.034455083,0.20895915,0.17608166,0.13147758,0.2060322,0.25251544,0.9636873,0.0024562608,0.01683404,0.0015046562,0.0018528998,0.0047692163,0.038403343,0.00021794967,0.15534163,0.036563784,0.038508616,0.0003138938,0.0028427225,0.0004930253,0.0019363916,0.22577175,0.5087134,-5.945119,7.004387,-3.2306397,-8.279485,-20.4452,1.9095047,-2.0553453,10.157285,-0.84148157,-1.5314349,69.98242530755712,30.755711775043938,79.85940246045695,36.59050966608085,63.44463971880493,59.507908611599305,76.60808435852373,66.99472759226714,47.59226713532514,25.869947275922673,37.188049209138846,3.4094903339191567,15.395430579964852,26.326889279437612,5.940246045694201,22.917398945518457,22.10896309314587,46.81898066783832,30.966608084358526,43.33919156414763,27.521968365553604,65.79964850615114,40.562390158172235,70.68541300527241,39.57820738137083,32.54833040421793,14.657293497363797,34.833040421792624,12.40773286467487,17.715289982425308,17.539543057996486,11.669595782073815,7.6625659050966615,19.964850615114237,42.91739894551846,21.23022847100176,6.115992970123023,18.769771528998245,8.084358523725836,9.806678383128297,13.708260105448156,63.16344463971881,15.008787346221443,22.10896309314587,20.878734622144115,9.490333919156416,15.957820738137084,19.402460456942006,8.224956063268893,4.885764499121266,85.51845342706504,21.511423550087876
COC(c1cncnc1)C(C)CCN1CCN(CC(C(=O)O)N(C(C)=O)C2CC2)CC1,433.5530000000002,1.2720000000000018,7,1,4.0,0.5570996463458908,3,99.1,0,0,0,0.017855844,0.22026166,0.6396974,1.8116782e-05,0.013417835,0.042581882,0.019000808,0.04886301,0.02507553,0.2272484,0.19747967,0.11478029,0.1888853,0.23881555,0.97954243,0.0020795404,0.014838859,0.0010084591,0.0013489814,0.004122037,0.029864434,0.00015543166,0.15427864,0.03449621,0.03246858,0.00020716779,0.0025648533,0.00035946624,0.0014680123,0.23588853,0.5141042,-5.936217,10.529554,5.8069463,-10.279734,-20.502897,2.0305219,-1.7475879,14.83341,-1.1256886,-1.797432,72.86467486818981,34.833040421792624,79.85940246045695,36.59050966608085,63.44463971880493,54.516695957820744,76.60808435852373,66.99472759226714,47.59226713532514,25.869947275922673,37.188049209138846,4.780316344463972,14.657293497363797,26.045694200351495,4.499121265377856,19.929701230228474,19.964850615114237,40.49209138840071,29.666080843585238,38.62917398945519,30.36906854130053,67.48681898066785,34.97363796133568,68.57644991212655,38.48857644991213,35.85237258347979,12.09138840070299,30.017574692442885,8.822495606326891,13.778558875219685,14.938488576449913,6.256590509666081,6.537785588752198,19.894551845342708,42.46045694200352,17.785588752196837,4.499121265377856,17.469244288224957,6.467486818980668,7.4165202108963095,14.446397188049211,63.55008787346222,15.114235500878737,26.678383128295255,29.701230228471005,7.768014059753955,15.85237258347979,24.92091388400703,10.333919156414764,6.4323374340949035,82.03866432337435,19.121265377855888
