smiles,molecular_weight,logP,hydrogen_bond_acceptors,hydrogen_bond_donors,Lipinski,QED,stereo_centers,tpsa,PAINS_alert,BRENK_alert,NIH_alert,AMES,BBB_Martins,Bioavailability_Ma,CYP1A2_Veith,CYP2C19_Veith,CYP2C9_Substrate_CarbonMangels,CYP2C9_Veith,CYP2D6_Substrate_CarbonMangels,CYP2D6_Veith,CYP3A4_Substrate_CarbonMangels,CYP3A4_Veith,Carcinogens_Lagunin,ClinTox,DILI,HIA_Hou,NR-AR-LBD,NR-AR,NR-AhR,NR-Aromatase,NR-ER-LBD,NR-ER,NR-PPAR-gamma,PAMPA_NCATS,Pgp_Broccatelli,SR-ARE,SR-ATAD5,SR-HSE,SR-MMP,SR-p53,Skin_Reaction,hERG,Caco2_Wang,Clearance_Hepatocyte_AZ,Clearance_Microsome_AZ,Half_Life_Obach,HydrationFreeEnergy_FreeSolv,LD50_Zhu,Lipophilicity_AstraZeneca,PPBR_AZ,Solubility_AqSolDB,VDss_Lombardo,molecular_weight_drugbank_approved_percentile,logP_drugbank_approved_percentile,hydrogen_bond_acceptors_drugbank_approved_percentile,hydrogen_bond_donors_drugbank_approved_percentile,Lipinski_drugbank_approved_percentile,QED_drugbank_approved_percentile,stereo_centers_drugbank_approved_percentile,tpsa_drugbank_approved_percentile,PAINS_alert_drugbank_approved_percentile,BRENK_alert_drugbank_approved_percentile,NIH_alert_drugbank_approved_percentile,AMES_drugbank_approved_percentile,BBB_Martins_drugbank_approved_percentile,Bioavailability_Ma_drugbank_approved_percentile,CYP1A2_Veith_drugbank_approved_percentile,CYP2C19_Veith_drugbank_approved_percentile,CYP2C9_Substrate_CarbonMangels_drugbank_approved_percentile,CYP2C9_Veith_drugbank_approved_percentile,CYP2D6_Substrate_CarbonMangels_drugbank_approved_percentile,CYP2D6_Veith_drugbank_approved_percentile,CYP3A4_Substrate_CarbonMangels_drugbank_approved_percentile,CYP3A4_Veith_drugbank_approved_percentile,Carcinogens_Lagunin_drugbank_approved_percentile,ClinTox_drugbank_approved_percentile,DILI_drugbank_approved_percentile,HIA_Hou_drugbank_approved_percentile,NR-AR-LBD_drugbank_approved_percentile,NR-AR_drugbank_approved_percentile,NR-AhR_drugbank_approved_percentile,NR-Aromatase_drugbank_approved_percentile,NR-ER-LBD_drugbank_approved_percentile,NR-ER_drugbank_approved_percentile,NR-PPAR-gamma_drugbank_approved_percentile,PAMPA_NCATS_drugbank_approved_percentile,Pgp_Broccatelli_drugbank_approved_percentile,SR-ARE_drugbank_approved_percentile,SR-ATAD5_drugbank_approved_percentile,SR-HSE_drugbank_approved_percentile,SR-MMP_drugbank_approved_percentile,SR-p53_drugbank_approved_percentile,Skin_Reaction_drugbank_approved_percentile,hERG_drugbank_approved_percentile,Caco2_Wang_drugbank_approved_percentile,Clearance_Hepatocyte_AZ_drugbank_approved_percentile,Clearance_Microsome_AZ_drugbank_approved_percentile,Half_Life_Obach_drugbank_approved_percentile,HydrationFreeEnergy_FreeSolv_drugbank_approved_percentile,LD50_Zhu_drugbank_approved_percentile,Lipophilicity_AstraZeneca_drugbank_approved_percentile,PPBR_AZ_drugbank_approved_percentile,Solubility_AqSolDB_drugbank_approved_percentile,VDss_Lombardo_drugbank_approved_percentile
COC(c1cncnc1)C(C)CCC(=O)OCC(S)OO,316.37899999999996,1.8691,8,2,4.0,0.23616786222670919,3,90.77000000000001,0,4,2,0.19528064,0.5500187,0.8826326,0.011453873,0.1824568,0.14316344,0.06372534,0.07523786,0.024029274,0.41366738,0.6488293,0.15493302,0.13872817,0.6207465,0.9999291,0.0027727354,0.0109204,0.031330418,0.048415314,0.0046582096,0.021199381,0.0007589051,0.7212863,0.020498527,0.06133933,0.003297118,0.032554664,0.0023611276,0.0059373537,0.2969359,0.31285444,-5.063525,68.35045,43.38768,-1.8955669,-14.482875,2.3293827,0.5324438,39.35356,-1.0739524,2.1668353,45.9402460456942,42.46045694200352,84.51669595782074,61.37082601054482,63.44463971880493,14.024604569420037,76.60808435852373,61.82776801405976,47.59226713532514,99.27943760984184,95.07908611599298,46.08084358523726,36.520210896309315,72.72407732864676,31.528998242530758,63.33919156414763,53.63796133567663,58.875219683655544,39.75395430579965,38.10193321616872,47.697715289982426,86.78383128295256,46.99472759226714,60.00000000000001,61.47627416520211,77.08260105448156,16.203866432337435,20.351493848857647,56.27416520210897,62.882249560632694,17.152899824253076,1.9332161687170477,15.922671353251319,45.48330404217926,38.55887521968366,32.12653778558875,31.493848857644995,63.374340949033396,20.351493848857647,22.49560632688928,20.808435852372586,51.3884007029877,41.6871704745167,73.98945518453428,64.21792618629175,19.121265377855888,38.20738137082601,42.7768014059754,39.015817223198596,19.964850615114237,82.56590509666081,56.73110720562391
COC(c1cncnc1)C(C)CCC(=O)NCC(S)OO,315.395,1.4421,7,3,4.0,0.27626790230024945,3,93.57000000000001,0,4,2,0.17184472,0.43122807,0.8562309,0.0019486872,0.06890176,0.092917666,0.026150066,0.06064071,0.012682354,0.33456773,0.4805769,0.16634281,0.11573428,0.49892014,0.99982226,0.0021945224,0.008209849,0.015584899,0.018407157,0.0030122038,0.017137375,0.0002279211,0.5365292,0.008725618,0.036311843,0.0014474823,0.018909391,0.00095933536,0.003315507,0.30314136,0.27340034,-5.378045,23.185116,12.01512,7.4093103,-16.541946,2.6494498,-0.17435464,21.097101,-0.6036479,1.9161708,45.62390158172232,37.08260105448155,79.85940246045695,78.20738137082601,63.44463971880493,17.574692442882252,76.60808435852373,63.8664323374341,47.59226713532514,99.27943760984184,95.07908611599298,41.511423550087876,27.978910369068544,65.02636203866433,17.715289982425308,45.76449912126538,34.97363796133568,45.76449912126538,33.919156414762746,28.014059753954307,40.421792618629176,81.86291739894553,50.82601054481547,54.76274165202109,55.64147627416521,70.12302284710019,12.829525483304044,13.673110720562391,46.010544815465735,49.03339191564148,10.22847100175747,1.1599297012302285,7.768014059753955,35.571177504393674,31.985940246045697,19.964850615114237,19.964850615114237,53.84885764499122,12.513181019332162,15.289982425307558,21.79261862917399,48.54130052724078,27.451669595782075,41.6871704745167,35.95782073813709,35.254833040421794,27.17047451669596,63.02284710017575,27.662565905096663,9.595782073813709,88.50615114235502,54.516695957820744
COC(c1cncnc1)C(C)CCSCC(S)OO,304.43699999999995,2.669000000000001,7,2,4.0,0.2403533370634007,3,64.47000000000001,0,5,2,0.2237624,0.43496996,0.87238026,0.014372552,0.17728448,0.113367476,0.05591779,0.09221608,0.031039989,0.37393814,0.6409947,0.15834843,0.104720116,0.5048628,0.9998991,0.0027831008,0.00945884,0.04576183,0.08965042,0.007689825,0.023639148,0.00091192,0.7033916,0.020210197,0.09657857,0.0033284824,0.06732522,0.006494914,0.007179269,0.38853556,0.33172646,-5.15057,49.040287,29.48109,13.165398,-14.443904,2.631708,0.72165614,38.73182,-1.4811127,4.188529,41.89806678383129,55.88752196836556,79.85940246045695,61.37082601054482,63.44463971880493,14.340949033391917,76.60808435852373,42.70650263620387,47.59226713532514,99.89455184534272,95.07908611599298,50.61511423550088,28.084358523725836,69.20913884007031,33.98945518453427,62.98769771528999,41.86291739894552,56.73110720562391,45.13181019332162,41.47627416520211,43.55008787346222,86.67838312829527,48.295254833040424,51.880492091388405,55.922671353251324,74.02460456942003,16.274165202108964,17.012302284710017,61.26537785588753,73.70826010544816,28.189806678383132,2.460456942003515,17.855887521968366,44.32337434094904,38.45342706502637,43.33919156414763,31.669595782073817,77.96133567662567,31.423550087873465,25.20210896309315,32.30228471001758,52.89982425307558,38.17223198594025,63.12829525483305,53.67311072056239,45.799648506151144,38.4182776801406,62.03866432337435,41.86291739894552,19.613356766256594,77.64499121265379,70.26362038664324
COC(c1cncnc1)C(C)CCC(=O)CC(S)OO,300.37999999999994,2.2851000000000004,7,2,4.0,0.3150496760841856,3,81.54,0,4,2,0.19594534,0.49352288,0.87167233,0.0025988962,0.073325455,0.13252127,0.026470026,0.063538864,0.017271202,0.35383043,0.4669489,0.13721606,0.13313818,0.50410664,0.9998582,0.0033415034,0.01153058,0.015115814,0.03680987,0.0048152567,0.020669844,0.0007326274,0.59469587,0.015447462,0.05486344,0.002462831,0.033787303,0.0021621364,0.005828607,0.33951545,0.25540486,-5.1780696,37.495438,18.626488,9.473491,-15.042074,2.550014,0.17439118,26.891113,-0.86333245,2.520135,40.45694200351494,48.54130052724078,79.85940246045695,61.37082601054482,63.44463971880493,22.214411247803167,76.60808435852373,55.377855887521974,47.59226713532514,99.27943760984184,95.07908611599298,46.29173989455185,32.44288224956063,69.06854130052724,19.75395430579965,46.67838312829526,50.50966608084359,45.97539543057997,34.833040421792624,33.00527240773287,41.968365553602816,81.33567662565906,42.39015817223199,58.76977152899825,55.88752196836556,71.8804920913884,19.332161687170476,22.214411247803167,45.72934973637962,58.80492091388401,17.680140597539545,1.827768014059754,15.676625659050968,37.926186291739896,36.62565905096661,29.666080843585238,26.99472759226714,64.04217926186293,19.226713532513184,22.284710017574696,25.623901581722322,47.0298769771529,36.90685413005273,55.008787346221446,43.09314586994728,39.12126537785589,35.149384885764505,56.555360281195085,33.32161687170475,13.075571177504395,85.27240773286468,59.26186291739895
COC(c1cncnc1)C(C)CCC(=O)N(C)CC(S)OO,329.42199999999997,1.7843,7,2,4.0,0.3108797093859252,3,84.78000000000002,0,4,2,0.13652472,0.42177868,0.8629882,0.00083833205,0.0445396,0.09875828,0.017730143,0.07382427,0.012975683,0.36147672,0.38520765,0.14304885,0.122978106,0.44118333,0.99978334,0.0017531259,0.008254088,0.008019568,0.010394546,0.002475152,0.015505763,0.0001858362,0.5550754,0.008960446,0.026568254,0.0008097476,0.013358536,0.00059750443,0.0022502507,0.3085321,0.29843688,-5.162449,46.50193,24.771511,7.661874,-15.978403,2.3568268,-0.21898714,16.665997,-0.400001,2.5574882,49.068541300527244,41.40597539543058,79.85940246045695,61.37082601054482,63.44463971880493,21.652021089630935,76.60808435852373,57.85588752196837,47.59226713532514,99.27943760984184,95.07908611599298,35.430579964850615,27.275922671353253,66.67838312829527,13.075571177504395,38.55887521968366,36.871704745166966,39.71880492091389,39.156414762741655,28.506151142355012,42.56590509666081,78.20738137082601,44.00702987697716,56.41476274165203,52.26713532513182,69.06854130052724,10.369068541300528,13.74340949033392,35.430579964850615,40.878734622144115,7.732864674868191,0.913884007029877,7.065026362038665,36.30931458699473,32.12653778558875,14.376098418277682,12.829525483304044,46.50263620386644,9.595782073813709,10.896309314586995,22.284710017574696,50.298769771529,37.46924428822496,61.26537785588753,49.3145869947276,35.746924428822496,29.630931458699475,44.288224956063274,27.10017574692443,7.4165202108963095,90.96660808435853,59.367311072056246
COC(c1cncnc1)C(C)CCOCC(S)OO,288.36899999999997,1.9524,7,2,4.0,0.23780192384266577,3,73.70000000000002,0,5,2,0.22420959,0.49688593,0.9107295,0.008228156,0.122334585,0.12524,0.038468022,0.07907628,0.014423546,0.3731724,0.57042277,0.14678264,0.10291569,0.5905766,0.9999307,0.0022050305,0.009879636,0.029513413,0.05815946,0.00534703,0.019747969,0.0007315109,0.7207298,0.016656917,0.075633995,0.0029814811,0.037281647,0.0037488746,0.0053827097,0.28042525,0.28617045,-5.1074476,44.67514,18.70598,14.390737,-14.387733,2.4639258,0.24128039,26.109524,-0.5633713,4.80172,36.977152899824254,43.93673110720563,79.85940246045695,61.37082601054482,63.44463971880493,14.094903339191566,76.60808435852373,49.17398945518454,47.59226713532514,99.89455184534272,95.07908611599298,50.68541300527241,32.75922671353251,82.8822495606327,28.857644991212656,55.53602811950791,47.873462214411255,51.423550087873465,41.12478031634447,30.123022847100177,43.514938488576455,84.81546572934974,45.09666080843586,51.59929701230229,60.00000000000001,77.36379613356767,12.864674868189807,17.820738137082603,55.21968365553603,66.81898066783832,19.929701230228474,1.5114235500878737,15.676625659050968,45.4481546572935,37.08260105448155,36.90685413005273,30.158172231985944,66.25659050966608,25.4481546572935,21.23022847100176,18.875219683655537,49.49033391915642,40.0,60.105448154657296,43.198594024604574,47.94376098418278,38.76977152899825,51.59929701230229,33.84885764499121,12.72407732864675,88.96309314586996,73.49736379613357
COC(c1cncnc1)C(C)CCS(=O)(=O)CC(S)OO,336.435,1.3506,8,2,4.0,0.30384781869564975,3,98.61000000000001,0,4,2,0.45917898,0.3740262,0.8409921,9.497952e-05,0.0095545435,0.12559387,0.0038970984,0.030525263,0.0041247495,0.3016469,0.11705808,0.22960453,0.12840553,0.51444733,0.99488527,0.0068107233,0.010689056,0.0027309093,0.016671218,0.0059048026,0.030237067,0.000874562,0.29604143,0.007099005,0.0833217,0.0020659757,0.04026636,0.0012869099,0.011658374,0.44821692,0.11070023,-5.230706,47.757984,28.06345,4.988505,-15.771357,2.191653,-0.014053369,27.8755,-1.0519152,1.5525582,50.650263620386646,35.99297012302285,84.51669595782074,61.37082601054482,63.44463971880493,20.52724077328647,76.60808435852373,66.85413005272409,47.59226713532514,99.27943760984184,95.07908611599298,75.46572934973639,23.690685413005273,60.456942003514946,6.959578207381371,15.043936731107207,48.189806678383135,19.82425307557118,22.776801405975398,13.11072056239016,37.750439367311074,60.105448154657296,65.20210896309315,57.57469244288225,56.239015817223205,44.11247803163445,36.27416520210897,19.75395430579965,17.855887521968366,47.66256590509666,21.93321616871705,6.537785588752198,17.504393673110723,26.22144112478032,30.263620386643236,39.68365553602812,24.3585237258348,67.83831282952549,14.657293497363797,32.54833040421793,40.07029876977153,32.61862917398946,34.13005272407733,62.319859402460466,52.4780316344464,31.036906854130056,30.615114235500883,34.13005272407733,30.439367311072058,13.884007029876978,82.7768014059754,51.84534270650264
COC(c1cncnc1)C(C)CC[S+]([O-])CC(S)OO,320.436,1.6844999999999999,7,2,4.0,0.2366102454354952,4,87.53000000000002,0,5,2,0.4272054,0.28787234,0.79145753,0.000732837,0.036451597,0.09297986,0.016600205,0.042960003,0.008494141,0.3226896,0.20006175,0.27706847,0.10481612,0.42362612,0.9918321,0.0096979495,0.0091725,0.011273951,0.04254694,0.013450657,0.033990555,0.0017929577,0.38200444,0.010858024,0.1620182,0.004918362,0.07621581,0.004989048,0.02212522,0.5001958,0.18693514,-5.3460884,25.73196,5.635774,12.0688305,-15.743683,2.3771186,-0.6772634,10.504026,-0.14611097,3.6960118,47.17047451669596,40.03514938488577,79.85940246045695,61.37082601054482,63.44463971880493,14.024604569420037,81.28295254833041,59.648506151142364,47.59226713532514,99.89455184534272,95.07908611599298,72.54833040421794,18.418277680140598,49.03339191564148,12.442882249560634,34.90333919156415,35.008787346221446,38.62917398945519,27.732864674868193,23.163444639718808,39.472759226713535,67.7328646748682,73.67311072056239,51.880492091388405,51.21265377855888,41.05448154657294,46.60808435852373,16.30931458699473,41.511423550087876,60.80843585237259,44.147627416520216,8.752196836555362,26.15114235500879,29.314586994727595,33.708260105448154,56.41476274165203,38.10193321616872,79.68365553602813,28.681898066783834,44.25307557117751,46.467486818980674,41.05448154657294,28.717047451669597,44.32337434094904,29.560632688927946,43.90158172231986,30.720562390158175,45.58875219683656,21.33567662565905,4.991212653778559,92.75922671353253,67.31107205623903
COC(c1cncnc1)C(C)CCC(=O)CCC(S)OO,314.4069999999999,2.6752000000000007,7,2,4.0,0.29897691081271527,3,81.54,0,4,2,0.23813494,0.4738652,0.8701438,0.0017963562,0.04157475,0.12498462,0.016878415,0.083976336,0.0177575,0.36993653,0.41090506,0.13961098,0.1698056,0.44755602,0.99968493,0.005486472,0.014939405,0.015168486,0.032636512,0.007030626,0.023345439,0.0008739086,0.5810875,0.019678557,0.06269796,0.003528402,0.031428657,0.0026614896,0.00853901,0.36359692,0.30104405,-5.130039,47.464283,26.75054,10.107674,-15.191856,2.5258102,0.33705488,29.59116,-1.1059792,2.5366368,45.20210896309315,56.02811950790861,79.85940246045695,61.37082601054482,63.44463971880493,20.0,76.60808435852373,55.377855887521974,47.59226713532514,99.27943760984184,95.07908611599298,52.68892794376099,30.861159929701234,68.6115992970123,17.082601054481547,37.39894551845343,47.732864674868196,38.87521968365554,42.81195079086116,33.35676625659051,43.198594024604574,79.40246045694201,42.98769771528999,65.58875219683657,52.513181019332166,66.08084358523726,30.193321616871707,30.36906854130053,45.76449912126538,56.97715289982426,25.869947275922673,2.4253075571177507,17.504393673110723,37.39894551845343,38.31282952548331,32.337434094903344,32.68892794376099,62.95254833040423,21.511423550087876,27.31107205623902,29.384885764499124,50.43936731107206,39.29701230228471,61.89806678383129,51.247803163444644,40.246045694200355,34.16520210896309,55.39543057996485,35.36028119507909,14.551845342706503,82.2847100175747,59.29701230228471
COC(c1cncnc1)C(C)CCC(=O)CSCC(S)OO,346.474,2.628200000000001,8,2,4.0,0.27578052784476553,3,81.54,0,4,2,0.2836199,0.4329822,0.85047024,0.0038254769,0.10811524,0.11525978,0.040627733,0.07054024,0.017179495,0.44169435,0.6456834,0.15403642,0.12989172,0.5373205,0.9998711,0.0041217012,0.009943882,0.024110595,0.05740621,0.008137617,0.023641374,0.0012888598,0.6444891,0.028960463,0.09469869,0.0040768236,0.05727794,0.0040754466,0.010009955,0.38211533,0.3346143,-5.218238,63.319904,49.7932,3.765595,-15.325455,2.5606475,0.8006107,43.92353,-1.8010156,2.8683567,52.829525483304046,54.93848857644992,84.51669595782074,61.37082601054482,63.44463971880493,17.539543057996486,76.60808435852373,55.377855887521974,47.59226713532514,99.27943760984184,95.07908611599298,58.31282952548331,28.084358523725836,63.47978910369069,22.49560632688928,53.0755711775044,42.882249560632694,52.44288224956064,37.82073813708261,32.89982425307557,49.77152899824254,86.71353251318102,46.81898066783832,57.9261862917399,57.15289982425308,72.61862917398946,23.51493848857645,17.891036906854133,52.056239015817226,66.46748681898067,29.912126537785593,2.460456942003515,22.284710017574696,40.91388400702988,41.30052724077329,42.6713532513181,35.32513181019333,75.21968365553603,26.572934973637963,29.666080843585238,31.564147627416524,53.18101933216169,34.90333919156415,71.63444639718806,68.50615114235501,28.822495606326893,33.391915641476274,57.25834797891037,42.882249560632694,23.51493848857645,73.88400702987698,61.89806678383129
COC(c1cncnc1)C(C)CCN(C)CC(S)OO,301.412,1.8676,7,2,4.0,0.31403138342943426,3,67.71000000000001,0,4,2,0.20029187,0.3358429,0.834737,0.00069147407,0.010130805,0.04239986,0.0033382736,0.1482604,0.02374665,0.17690778,0.12591729,0.22256234,0.072710745,0.18588382,0.9984463,0.0020038504,0.00900745,0.009205708,0.0067790374,0.0027637307,0.017857788,6.6328736e-05,0.47257343,0.0048552332,0.03087081,0.00041853025,0.010588007,0.00087765243,0.0018675954,0.50087416,0.33177927,-5.2115707,22.720953,7.20917,24.185925,-15.152685,2.7997062,-0.49356118,7.3653336,-0.3786044,5.8075356,40.94903339191565,42.425307557117755,79.85940246045695,61.37082601054482,63.44463971880493,22.10896309314587,76.60808435852373,45.13181019332162,47.59226713532514,99.27943760984184,95.07908611599298,47.065026362038665,21.33567662565905,59.29701230228471,12.196836555360282,15.817223198594027,19.859402460456945,18.488576449912127,60.105448154657296,37.89103690685413,24.323374340949037,61.15992970123023,64.11247803163445,41.40597539543058,32.89982425307557,52.40773286467487,11.56414762741652,15.85237258347979,38.13708260105449,34.27065026362039,9.138840070298771,1.2653778558875222,4.92091388400703,32.89982425307557,26.748681898066785,16.660808435852374,7.838312829525484,42.35500878734622,11.95079086115993,9.666080843585238,46.60808435852373,52.89982425307558,35.21968365553603,41.05448154657294,31.036906854130056,62.95254833040423,34.376098418277685,71.9859402460457,23.690685413005273,4.1124780316344465,91.21265377855889,77.82073813708261
COC(c1cncnc1)C(C)CCC(=O)OCCC(S)OO,330.40599999999995,2.2592000000000003,8,2,4.0,0.2234632344333731,3,90.77000000000001,0,4,2,0.17169622,0.5079644,0.8682357,0.0074872947,0.14608972,0.1421028,0.056158304,0.08077033,0.029132048,0.40254545,0.6362305,0.14399569,0.14898393,0.5558659,0.99987316,0.003760886,0.012832733,0.027098704,0.05079174,0.005436537,0.022324491,0.0008791016,0.68342054,0.025331646,0.0646896,0.0030691777,0.03510172,0.0028210154,0.006587761,0.3196953,0.33571696,-5.036023,75.5565,50.659405,1.5781552,-14.715838,2.3135571,0.74493253,41.99875,-1.3505296,2.9644628,49.17398945518454,48.295254833040424,84.51669595782074,61.37082601054482,63.44463971880493,13.04042179261863,76.60808435852373,61.82776801405976,47.59226713532514,99.27943760984184,95.07908611599298,41.47627416520211,33.46221441124781,68.04920913884007,27.978910369068544,59.191564147627425,53.46221441124781,56.73110720562391,41.75746924428823,40.878734622144115,46.18629173989456,86.5377855887522,44.25307557117751,61.86291739894553,57.89103690685413,72.68892794376099,21.300527240773288,25.69420035149385,53.919156414762746,63.831282952548335,20.210896309314588,2.2144112478031635,17.504393673110723,42.91739894551846,40.07029876977153,32.89982425307557,30.509666080843587,64.67486818980669,22.39015817223199,23.90158172231986,23.79613356766257,53.32161687170475,43.16344463971881,77.78558875219684,69.10369068541301,24.88576449912127,36.836555360281196,41.652021089630935,42.24956063268893,21.827768014059757,79.36731107205624,62.53075571177505
COC(c1cncnc1)C(C)CCCSCC(S)OO,318.46399999999994,3.0591000000000013,7,2,4.0,0.22720779817669065,3,64.47000000000001,0,5,2,0.21359631,0.45446187,0.8501393,0.02189435,0.26919958,0.11713822,0.09151648,0.109935164,0.06242765,0.4209682,0.7758328,0.1564569,0.122682475,0.50833064,0.9999124,0.0036222406,0.010717042,0.05328822,0.12887353,0.011621019,0.027587613,0.0016485049,0.7612203,0.052058745,0.12519903,0.004794535,0.08422941,0.011735816,0.010200163,0.4048017,0.45769686,-5.155545,54.684467,36.43952,15.486554,-14.214973,2.631718,0.9869052,44.622456,-1.7978289,5.2970495,46.57293497363796,62.03866432337435,79.85940246045695,61.37082601054482,63.44463971880493,13.321616871704746,76.60808435852373,42.70650263620387,47.59226713532514,99.89455184534272,95.07908611599298,48.787346221441126,29.701230228471005,63.33919156414763,37.99648506151143,71.73989455184535,43.93673110720563,64.49912126537787,50.22847100175748,52.72407732864675,48.01405975395431,90.4042179261863,47.416520210896316,56.41476274165203,55.99297012302285,74.97363796133568,20.808435852372586,19.859402460456945,63.55008787346222,79.47275922671353,39.75395430579965,4.815465729349737,24.956063268892798,48.295254833040424,46.22144112478032,49.73637961335677,37.68014059753955,80.94903339191565,37.04745166959579,29.947275922671356,34.516695957820744,60.49209138840071,37.89103690685413,67.17047451669596,59.08611599297013,49.8066783831283,39.89455184534271,62.03866432337435,45.377855887521974,24.11247803163445,73.91915641476275,75.60632688927944
COC(c1cncnc1)C(C)CCC(O)CSCC(S)OO,348.49,2.4200000000000004,8,3,4.0,0.2450199833958942,4,84.70000000000002,0,4,2,0.13412035,0.29494554,0.8515326,0.00281543,0.0988611,0.09644504,0.0420111,0.07268007,0.01840629,0.3703189,0.54567015,0.14911444,0.105431415,0.46582752,0.99977666,0.0026074706,0.009084534,0.021042002,0.05766959,0.008118137,0.021199016,0.0011017878,0.593644,0.031430412,0.087019354,0.0022625779,0.04675963,0.0058029713,0.0069883973,0.32542023,0.3229643,-5.3527026,52.42149,34.46801,14.120077,-16.25126,2.350092,0.4383565,36.145493,-1.4336884,5.0762854,53.18101933216169,50.82601054481547,84.51669595782074,78.20738137082601,63.44463971880493,14.797891036906856,81.28295254833041,57.85588752196837,47.59226713532514,99.27943760984184,95.07908611599298,34.86818980667839,19.05096660808436,64.00702987697716,20.562390158172235,51.70474516695958,36.098418277680146,53.18101933216169,38.66432337434095,33.77855887521969,43.23374340949034,84.3585237258348,45.58875219683656,52.09138840070299,53.70826010544816,68.89279437609842,15.395430579964852,16.098418277680143,49.876977152899826,66.57293497363797,29.806678383128297,1.9332161687170477,19.68365553602812,37.85588752196837,41.75746924428823,40.45694200351494,25.51845342706503,71.14235500878735,30.158172231985944,24.81546572934974,24.463971880492092,52.16168717047452,28.400702987697716,65.62390158172232,57.60984182776802,47.521968365553604,28.26010544815466,43.90158172231986,37.08260105448155,18.242530755711776,78.31282952548331,74.72759226713534
COC(c1cncnc1)C(C)CCC(=O)SCCC(S)OO,346.474,2.975800000000001,8,2,4.0,0.2916095311636265,3,81.54,0,5,3,0.27641734,0.4710694,0.8540433,0.0068558804,0.1508495,0.13902248,0.055464603,0.08824925,0.029740546,0.44577914,0.6538571,0.16623893,0.1452032,0.5336922,0.99975663,0.004880494,0.01166754,0.029959464,0.06918245,0.0076617687,0.025655037,0.0013805589,0.6845535,0.03401513,0.09608781,0.0040631266,0.058312036,0.0044570044,0.010055738,0.38936788,0.36593667,-5.1031985,60.951317,45.50169,10.028656,-14.812383,2.696328,1.0653341,43.575382,-1.6965832,3.6218681,52.829525483304046,60.913884007029885,84.51669595782074,61.37082601054482,63.44463971880493,19.05096660808436,76.60808435852373,55.377855887521974,47.59226713532514,99.89455184534272,98.89279437609842,57.71528998242531,30.790861159929705,64.49912126537787,27.17047451669596,59.54305799648507,52.16168717047452,56.695957820738144,44.07732864674868,41.019332161687174,50.158172231985944,87.02987697715291,50.790861159929705,61.30052724077329,57.04745166959579,68.36555360281196,27.205623901581724,22.530755711775047,55.465729349736385,69.17398945518454,27.978910369068544,3.620386643233744,22.917398945518457,42.95254833040422,42.24956063268893,43.23374340949034,35.21968365553603,75.43057996485062,27.592267135325134,29.771528998242534,32.4780316344464,55.57117750439368,40.17574692442883,70.43936731107206,65.62390158172232,39.96485061511424,36.27416520210897,65.69420035149385,46.432337434094904,23.233743409490337,75.00878734622145,66.99472759226714
COC(c1cncnc1)C(C)CCCC(=O)SCC(S)OO,346.474,2.975800000000001,8,2,4.0,0.2916095311636265,3,81.54,0,5,3,0.3251184,0.5066644,0.83507043,0.01566315,0.3001458,0.12818459,0.105178095,0.091233775,0.045187224,0.48532277,0.83321345,0.1613622,0.13996308,0.5684438,0.9998807,0.004843056,0.01140478,0.052303635,0.116917156,0.011193644,0.029341584,0.0018954657,0.7616626,0.0594292,0.13366966,0.006538924,0.08488075,0.008357694,0.012330493,0.42064276,0.44876948,-5.097391,68.715126,50.417274,4.7907143,-14.215174,2.5128205,1.1237648,48.885036,-1.8697046,2.9373486,52.829525483304046,60.913884007029885,84.51669595782074,61.37082601054482,63.44463971880493,19.05096660808436,76.60808435852373,55.377855887521974,47.59226713532514,99.89455184534272,98.89279437609842,62.741652021089635,33.35676625659051,59.367311072056246,34.86818980667839,74.30579964850615,48.99824253075572,66.39718804920915,44.81546572934974,47.6274165202109,53.98945518453428,92.37258347978911,48.99824253075572,60.246045694200355,58.59402460456943,73.00527240773287,27.029876977152902,21.86291739894552,63.23374340949034,77.57469244288225,38.98066783831283,5.905096660808437,27.10017574692443,48.295254833040424,47.697715289982426,51.52899824253076,42.91739894551846,81.12478031634447,34.30579964850615,33.46221441124781,36.871704745166966,60.246045694200355,40.421792618629176,74.20035149384887,68.92794376098419,30.68541300527241,39.89455184534271,54.376098418277685,47.34622144112478,27.275922671353253,72.93497363796135,62.319859402460466
COC(c1cncnc1)C(C)CCP(C)(=O)CC(S)OO,334.37799999999993,2.9287000000000014,7,2,4.0,0.2375372119762385,4,81.54,0,5,2,0.13173762,0.37058076,0.89084876,0.00059127936,0.0218411,0.13520828,0.0124793295,0.0688009,0.008613916,0.3247382,0.23344688,0.120293595,0.13883607,0.4747553,0.9986666,0.003964878,0.013666285,0.007063862,0.019544143,0.005609949,0.021834783,0.0007217764,0.506619,0.01301386,0.05238817,0.0017073614,0.019858211,0.00202282,0.00553134,0.2702188,0.20985503,-5.3291674,25.326107,11.401091,15.866446,-16.307554,2.549891,-0.47314176,8.983914,-0.13634181,4.393215,50.158172231985944,60.281195079086125,79.85940246045695,61.37082601054482,63.44463971880493,14.094903339191566,81.28295254833041,55.377855887521974,47.59226713532514,99.89455184534272,95.07908611599298,34.235500878734626,23.233743409490337,75.46572934973639,11.669595782073815,26.818980667838314,51.247803163444644,35.114235500878735,36.94200351493849,23.40949033391916,39.71880492091389,70.05272407732865,37.152899824253076,60.00000000000001,54.48154657293498,53.77855887521969,22.35500878734622,27.55711775043937,33.286467486818985,49.912126537785596,20.632688927943764,1.9683655536028122,15.53602811950791,34.516695957820744,35.32513181019333,28.541300527240775,22.144112478031637,54.86818980667839,18.66432337434095,21.687170474516698,17.539543057996486,43.30404217926187,29.560632688927946,43.8664323374341,35.36028119507909,50.790861159929705,28.014059753954307,56.555360281195085,24.007029876977153,4.7100175746924435,92.75922671353253,71.42355008787347
COC(c1cncnc1)C(C)CCCC(=O)OCC(S)OO,330.40599999999995,2.2592000000000003,8,2,4.0,0.2234632344333731,3,90.77000000000001,0,4,2,0.18406573,0.57134736,0.85759944,0.019445533,0.2935328,0.13897082,0.11459734,0.088768564,0.047755502,0.44898644,0.8075574,0.14537086,0.14918236,0.60081244,0.9999418,0.0032930463,0.012436365,0.041518725,0.08108263,0.0063198307,0.022277532,0.0011430078,0.7809175,0.046062652,0.081027694,0.00413259,0.045870908,0.004509387,0.0072846473,0.3181865,0.42686543,-5.0638137,75.01489,51.655224,-0.4699255,-14.321406,2.3420813,0.86767405,46.46305,-1.4612422,2.9650288,49.17398945518454,48.295254833040424,84.51669595782074,61.37082601054482,63.44463971880493,13.04042179261863,76.60808435852373,61.82776801405976,47.59226713532514,99.27943760984184,95.07908611599298,44.11247803163445,38.34797891036907,65.23725834797892,36.73110720562391,73.88400702987698,52.12653778558876,67.69771528998243,44.147627416520216,48.33040421792619,50.298769771529,91.66959578207383,44.56942003514939,61.86291739894553,60.562390158172235,78.6291739894552,19.156414762741655,24.81546572934974,59.71880492091389,72.05623901581723,23.2688927943761,2.2144112478031635,20.597539543057998,50.05272407732865,45.061511423550094,38.840070298769774,35.571177504393674,70.65026362038665,27.662565905096663,25.27240773286468,23.58523725834798,58.80492091388401,41.6871704745167,77.29349736379613,69.84182776801407,21.265377855887525,39.12126537785589,43.40949033391916,43.690685413005276,25.4481546572935,77.96133567662567,62.53075571177505
COC(c1cncnc1)C(C)CCC(=O)OC(C)CC(S)OO,344.433,2.647700000000001,8,2,4.0,0.22159670893557523,4,90.77000000000001,0,4,2,0.1144744,0.41242465,0.8553276,0.0033682394,0.18607683,0.13404268,0.083759464,0.06364875,0.026689136,0.4151167,0.6200639,0.13472277,0.12261935,0.5626156,0.9998666,0.0028789297,0.00968848,0.0183935,0.058015477,0.00714334,0.022147957,0.001306982,0.6697149,0.035703454,0.07340881,0.0024851218,0.036231477,0.004667487,0.006945923,0.27669024,0.33539024,-4.9916987,75.96774,53.18946,5.9146643,-14.285795,2.360516,1.0637598,44.272156,-1.4258907,3.9250214,52.513181019332166,55.50087873462215,84.51669595782074,61.37082601054482,63.44463971880493,12.899824253075572,81.28295254833041,61.82776801405976,47.59226713532514,99.27943760984184,95.07908611599298,31.07205623901582,26.502636203866434,64.74516695957821,21.687170474516698,63.76098418277681,50.93145869947276,63.198594024604574,34.86818980667839,39.789103690685415,47.697715289982426,86.22144112478033,41.58172231985941,56.41476274165203,58.277680140597546,72.33743409490334,16.977152899824254,17.363796133567664,48.08435852372584,66.67838312829527,26.186291739894553,2.179261862917399,22.42530755711775,42.03866432337434,42.84710017574693,35.746924428822496,27.065026362038665,65.3427065026362,27.94376098418278,24.67486818980668,18.34797891036907,53.32161687170475,46.151142355008794,77.99648506151144,70.93145869947277,32.54833040421793,39.332161687170476,44.49912126537786,46.432337434094904,23.83128295254833,78.45342706502637,68.96309314586995
COC(c1cncnc1)C(C)CCC(=S)NCC(S)OO,331.46299999999997,2.2429,7,3,4.0,0.2105565554017283,3,76.50000000000001,0,5,2,0.12556872,0.40031815,0.7805136,0.026293024,0.49796876,0.093279734,0.268032,0.061246634,0.06368905,0.4217058,0.8765726,0.17182446,0.10374109,0.57774687,0.99991596,0.002784954,0.006708125,0.06781621,0.10691372,0.006939811,0.021041328,0.0007520262,0.6735177,0.032396786,0.099789396,0.0033734138,0.06905,0.0070981598,0.0068478175,0.31194973,0.4317693,-5.3877416,20.833172,18.2409,7.6886415,-15.8503475,3.0217848,0.3672958,32.337154,-1.21815,1.9217637,49.49033391915642,48.154657293497365,79.85940246045695,78.20738137082601,63.44463971880493,12.267135325131811,76.60808435852373,51.77504393673111,47.59226713532514,99.89455184534272,95.07908611599298,33.145869947275926,25.65905096660809,46.95957820738138,39.89455184534271,85.30755711775045,35.18453427065027,79.68365553602813,34.059753954305805,53.0755711775044,48.01405975395431,93.91915641476275,52.09138840070299,51.77504393673111,59.12126537785589,75.2548330404218,16.274165202108964,10.685413005272409,67.02987697715291,76.13356766256591,25.4481546572935,1.898066783831283,15.887521968365554,42.35500878734622,41.792618629173994,44.18277680140598,31.880492091388405,78.27768014059755,32.4780316344464,24.3585237258348,22.74165202108963,59.156414762741655,27.17047451669596,38.45342706502637,42.6713532513181,35.746924428822496,30.123022847100177,82.8822495606327,35.922671353251324,16.30931458699473,81.23022847100177,54.516695957820744
COC(c1cncnc1)C(C)CCOC(=O)CC(S)OO,316.37899999999996,1.8691,8,2,4.0,0.23616786222670919,3,90.77000000000001,0,4,2,0.12466606,0.59263957,0.8598911,0.017454162,0.26439446,0.14744343,0.08667252,0.06609959,0.043175537,0.37860292,0.69095665,0.14594701,0.11366937,0.56455624,0.9999442,0.002816659,0.010949961,0.028309572,0.060123883,0.0046687457,0.02088173,0.0007423493,0.7313014,0.022718316,0.060623895,0.0027185562,0.034375183,0.0029858989,0.005215699,0.31511483,0.31012693,-5.082437,57.258385,33.66163,1.306974,-14.596469,2.3331444,0.36964732,37.589725,-0.98523843,2.8109252,45.9402460456942,42.46045694200352,84.51669595782074,61.37082601054482,63.44463971880493,14.024604569420037,76.60808435852373,61.82776801405976,47.59226713532514,99.27943760984184,95.07908611599298,33.00527240773287,39.57820738137083,65.72934973637962,35.53602811950791,71.31810193321617,55.21968365553603,63.76098418277681,35.67662565905097,46.924428822495614,44.07732864674868,88.04920913884008,44.67486818980668,54.27065026362039,58.34797891036907,78.87521968365554,16.520210896309315,20.421792618629176,54.44639718804921,67.20562390158173,17.188049209138843,1.898066783831283,15.817223198594027,46.25659050966608,39.26186291739895,31.77504393673111,28.998242530755714,64.21792618629175,22.70650263620387,20.808435852372586,23.2688927943761,51.107205623901585,40.878734622144115,68.68189806678383,56.80140597539543,24.60456942003515,37.50439367311073,42.91739894551846,35.99297012302285,19.05096660808436,83.55008787346222,61.58172231985941
COC(c1cncnc1)C(C)CCSSCC(S)OO,336.504,3.317200000000002,8,2,4.0,0.16963194621787706,3,64.47000000000001,0,6,3,0.30496848,0.4075612,0.7990512,0.063992664,0.41152748,0.11713865,0.19561495,0.092723124,0.06931807,0.47598758,0.79325056,0.20820275,0.11752536,0.5613225,0.99961317,0.006643644,0.008884537,0.08905886,0.20787175,0.018095229,0.03287674,0.0037444779,0.7405602,0.04426665,0.22741982,0.012465386,0.17590323,0.020291833,0.02389217,0.46769133,0.42279983,-5.161743,59.78585,44.673393,15.337629,-14.685989,2.738928,1.4639283,56.564594,-2.2837234,5.8504224,50.72056239015818,66.11599297012303,84.51669595782074,61.37082601054482,63.44463971880493,9.103690685413007,76.60808435852373,42.70650263620387,47.59226713532514,99.98242530755712,98.89279437609842,60.77328646748683,26.256590509666083,50.36906854130053,49.595782073813716,81.61687170474518,43.93673110720563,75.18453427065027,45.20210896309315,54.235500878734626,53.0755711775044,91.0017574692443,61.12478031634447,55.2548330404218,58.20738137082601,63.93673110720563,35.81722319859403,15.430579964850617,69.8066783831283,86.99472759226714,51.84534270650264,7.838312829525484,40.421792618629176,46.85413005272408,44.78031634446398,64.9560632688928,55.99297012302285,90.96660808435853,42.6713532513181,45.41300527240774,42.70650263620387,58.59402460456943,37.53954305799649,70.12302284710019,65.16695957820738,49.560632688927946,37.08260105448155,68.47100175746925,52.970123022847105,33.25131810193322,65.83479789103691,78.03163444639719
COC(c1cncnc1)C(C)CCC=CCC(S)OO,298.40799999999996,3.272200000000002,6,2,4.0,0.24074520287395926,3,64.47000000000001,0,5,2,0.18273827,0.4515273,0.8510993,0.023114067,0.3300491,0.10640578,0.110673524,0.09017768,0.09787817,0.36591616,0.7971233,0.14418079,0.11174475,0.47939134,0.9999615,0.0025585473,0.009604265,0.053487398,0.13413335,0.009935826,0.024652375,0.0011555261,0.74170107,0.04705161,0.107242666,0.0037889765,0.08050517,0.013395233,0.008075919,0.39373374,0.46052867,-5.066968,58.437843,39.668724,11.214742,-13.039159,2.5392842,1.4388508,51.518055,-1.8069012,4.1794143,39.929701230228474,65.58875219683657,72.46045694200352,61.37082601054482,63.44463971880493,14.376098418277682,76.60808435852373,42.70650263620387,47.59226713532514,99.89455184534272,95.07908611599298,43.79613356766257,29.384885764499124,63.93673110720563,38.523725834797894,76.09841827768015,39.332161687170476,67.17047451669596,44.49912126537786,60.07029876977153,42.882249560632694,91.28295254833041,44.3585237258348,53.95430579964851,54.72759226713533,81.86291739894553,15.325131810193323,17.223198594024606,63.690685413005276,80.03514938488577,35.36028119507909,2.9173989455184537,20.77328646748682,46.924428822495614,45.237258347978916,45.9402460456942,34.13005272407733,80.56239015817224,38.55887521968366,26.39718804920914,32.89982425307557,60.52724077328647,41.511423550087876,69.56063268892795,61.652021089630935,42.1792618629174,47.838312829525485,55.88752196836556,52.44288224956064,29.420035149384887,73.77855887521969,70.22847100175747
COC(c1cncnc1)C(C)CCNCC(S)OO,287.385,1.5253999999999999,7,3,4.0,0.21015001572636982,3,76.50000000000001,0,5,2,0.21648638,0.2939662,0.8235809,0.003454081,0.03524289,0.031613827,0.009871574,0.100217566,0.023880217,0.1366184,0.38826212,0.23326671,0.045801423,0.28834134,0.9994047,0.0016684106,0.009012463,0.0337478,0.012066892,0.0017597756,0.013543497,2.6149482e-05,0.39454,0.003026095,0.027690655,0.0004936323,0.010912793,0.0006218439,0.0014139602,0.4190306,0.31481865,-5.423888,7.120349,-7.228316,14.659894,-15.861227,2.791085,-0.9090931,9.203949,-0.34807748,3.2778935,36.76625659050967,37.82073813708261,79.85940246045695,78.20738137082601,63.44463971880493,12.231985940246046,76.60808435852373,51.77504393673111,47.59226713532514,99.89455184534272,95.07908611599298,49.34973637961336,19.015817223198596,56.239015817223205,21.827768014059757,34.30579964850615,16.379613356766257,31.634446397188054,47.697715289982426,37.99648506151143,20.246045694200355,78.27768014059755,65.94024604569421,30.193321616871707,42.14411247803164,60.456942003514946,9.876977152899824,15.887521968365554,56.80140597539543,42.91739894551846,5.061511423550089,0.6326889279437611,3.5852372583479792,29.912126537785593,23.09314586994728,15.079086115992972,8.822495606326891,42.741652021089635,9.876977152899824,7.135325131810194,36.520210896309315,51.564147627416524,25.799648506151144,22.1792618629174,16.94200351493849,48.646748681898075,30.123022847100177,71.38840070298771,18.804920913884008,4.745166959578208,91.56414762741653,64.71001757469244
COC(c1cncnc1)C(C)CCC(C)(O)CCC(S)OO,330.44999999999993,2.8571000000000013,7,3,4.0,0.26469215953870356,4,84.70000000000002,0,4,2,0.10755916,0.3324195,0.84995204,0.0006544335,0.028953472,0.09051584,0.0148607595,0.104657724,0.017586844,0.30724233,0.25879234,0.13473795,0.12123295,0.3100348,0.9983101,0.003653712,0.01207349,0.007947536,0.027848244,0.007538044,0.022353172,0.0008046696,0.5670687,0.02759553,0.06267612,0.0014776776,0.024419323,0.00445217,0.0059789615,0.34799582,0.2906379,-5.170813,42.42855,23.827557,25.595976,-15.076495,2.493592,0.3277331,25.649693,-1.0625744,6.583734,49.2091388400703,59.26186291739895,79.85940246045695,78.20738137082601,63.44463971880493,16.766256590509666,81.28295254833041,57.85588752196837,47.59226713532514,99.27943760984184,95.07908611599298,29.068541300527244,21.15992970123023,63.30404217926187,11.880492091388401,31.3884007029877,34.09490333919157,37.36379613356767,48.611599297012305,33.18101933216169,38.20738137082601,71.56414762741653,41.58172231985941,55.99297012302285,44.07732864674868,51.84534270650264,21.054481546572937,23.690685413005273,35.254833040421794,54.72759226713533,27.592267135325134,2.2144112478031635,16.449912126537786,36.73110720562391,40.77328646748682,32.337434094903344,20.421792618629176,58.558875219683664,27.592267135325134,22.671353251318102,26.92442882249561,49.73637961335677,37.11775043936731,58.875219683655544,48.04920913884008,64.81546572934974,34.86818980667839,53.49736379613357,35.21968365553603,12.548330404217927,82.67135325131811,80.66783831282953
CCN(CC(S)OO)C(=O)CCC(C)C(OC)c1cncnc1,343.449,2.1744000000000003,7,2,4.0,0.29309616581651615,3,84.78,0,4,2,0.14215884,0.47668785,0.83440936,0.0019286133,0.116222024,0.10093896,0.04333177,0.07624747,0.02658872,0.4160797,0.61535466,0.1347699,0.13013324,0.45700508,0.9999212,0.0020440791,0.007918968,0.013102742,0.022000251,0.0036570025,0.017178642,0.0003387033,0.65865993,0.02017484,0.04016972,0.0012773826,0.022928778,0.0013351464,0.0032126103,0.32212195,0.3918005,-5.1153765,63.635773,42.118275,11.407753,-15.817087,2.294025,0.12754679,21.502817,-0.6417355,4.117018,52.26713532513182,47.065026362038665,79.85940246045695,61.37082601054482,63.44463971880493,19.261862917398947,76.60808435852373,57.85588752196837,47.59226713532514,99.27943760984184,95.07908611599298,36.41476274165203,31.177504393673114,59.26186291739895,17.644991212653782,54.58699472759227,37.46924428822496,53.602811950790866,40.105448154657296,39.75395430579965,47.80316344463972,86.0456942003515,41.61687170474517,58.03163444639719,53.0755711775044,76.06326889279438,11.810193321616874,13.11072056239016,43.72583479789104,51.63444639718806,12.970123022847101,1.1599297012302285,9.876977152899824,41.58172231985941,38.45342706502637,21.93321616871705,18.207381370826013,57.644991212653785,15.114235500878737,15.008787346221443,24.077328646748683,57.25834797891037,39.75395430579965,71.84534270650265,63.26889279437611,42.56590509666081,30.36906854130053,40.35149384885765,32.75922671353251,9.91212653778559,87.97891036906854,69.73637961335677
COC(c1cncnc1)C(C)CCC(=S)OCC(S)OO,332.44699999999995,2.6699000000000006,8,2,4.0,0.23668974391971395,3,73.70000000000002,0,5,2,0.15109745,0.49822688,0.81206596,0.11223447,0.6951078,0.1367981,0.41020474,0.07668121,0.093566515,0.49083066,0.9169866,0.17229937,0.114479184,0.6933199,0.99996215,0.0036647078,0.010038527,0.115851745,0.20327246,0.011106082,0.029312888,0.0026257162,0.8136302,0.06902094,0.15620252,0.008510403,0.10439577,0.01572024,0.01357952,0.32057467,0.44428998,-5.0945997,63.184776,49.83654,0.5687977,-13.71698,2.7512689,1.2928206,51.987305,-1.8311533,2.572445,49.66608084358524,55.922671353251324,84.51669595782074,61.37082601054482,63.44463971880493,14.059753954305801,76.60808435852373,49.17398945518454,47.59226713532514,99.89455184534272,95.07908611599298,38.17223198594025,32.86467486818981,53.25131810193322,57.469244288224964,91.70474516695958,51.63444639718806,86.11599297012303,40.17574692442883,59.332161687170476,54.79789103690686,95.43057996485062,52.196836555360285,54.34094903339192,65.27240773286468,82.03866432337435,21.0896309314587,18.066783831282955,73.00527240773287,86.71353251318102,38.73462214411248,5.834797891036907,33.77855887521969,53.18101933216169,49.068541300527244,55.53602811950791,47.48681898066784,84.56942003514939,39.96485061511424,34.97363796133568,24.04217926186292,60.07029876977153,40.52724077328647,71.63444639718806,68.54130052724078,23.304042179261867,43.30404217926187,68.99824253075572,49.701230228471005,29.736379613356767,73.28646748681899,59.43760984182777
COC(c1cncnc1)C(C)CCC(C)OCC(S)OO,316.42299999999994,2.731000000000001,7,2,4.0,0.2991665508566719,4,73.70000000000002,0,4,2,0.20906015,0.4746231,0.89866364,0.007427953,0.2015908,0.13068248,0.06984841,0.11177602,0.029308215,0.44737148,0.683616,0.15783522,0.12620161,0.5642438,0.9998239,0.002632257,0.010789493,0.0346053,0.0904131,0.009419368,0.024989247,0.0015691137,0.7883849,0.055515837,0.11169199,0.003650063,0.049467724,0.009497822,0.007946075,0.30783486,0.4339551,-5.090766,55.95635,33.312565,18.51816,-13.900503,2.4479635,0.7751814,36.67453,-1.1759745,6.6238832,45.97539543057997,57.08260105448155,79.85940246045695,61.37082601054482,63.44463971880493,20.07029876977153,81.28295254833041,49.17398945518454,47.59226713532514,99.27943760984184,95.07908611599298,48.2249560632689,30.896309314586997,78.27768014059755,27.978910369068544,65.20210896309315,49.77152899824254,60.35149384885765,50.75571177504394,40.91388400702988,50.26362038664324,87.87346221441126,48.1195079086116,57.22319859402461,58.31282952548331,70.19332161687171,15.465729349736382,20.105448154657296,57.08260105448155,73.81370826010546,33.98945518453427,3.0579964850615116,24.323374340949037,50.82601054481547,46.924428822495614,47.1353251318102,33.35676625659051,72.26713532513182,35.32513181019333,26.256590509666083,22.24956063268893,59.43760984182777,40.702987697715294,67.76801405975397,56.59050966608085,55.71177504393673,42.1792618629174,50.61511423550088,42.53075571177505,18.523725834797894,81.54657293497364,80.94903339191565
COC(c1cncnc1)C(C)CCC(=O)NCCC(S)OO,329.42199999999997,1.8322,7,3,4.0,0.2623863374848543,3,93.57000000000001,0,4,2,0.17172185,0.43607038,0.86246663,0.0011391229,0.052780073,0.10491294,0.019322235,0.06424648,0.009730506,0.33935586,0.4163928,0.15145758,0.111358225,0.474003,0.9997953,0.0024576206,0.008827021,0.011274138,0.017330159,0.002941595,0.0166908,0.00027622914,0.55082935,0.009323428,0.03551396,0.0012819947,0.019315336,0.00087352114,0.0031767064,0.31919575,0.24975285,-5.337867,36.439293,20.410534,8.993184,-16.362957,2.469272,-0.03112259,24.853342,-0.85940707,2.9988513,49.068541300527244,41.89806678383129,79.85940246045695,78.20738137082601,63.44463971880493,16.414762741652023,76.60808435852373,63.8664323374341,47.59226713532514,99.27943760984184,95.07908611599298,41.47627416520211,28.189806678383132,66.32688927943761,14.797891036906856,40.77328646748682,38.80492091388401,40.73813708260106,34.97363796133568,24.710017574692444,41.019332161687174,79.5079086115993,46.22144112478032,53.88400702987698,54.48154657293498,69.24428822495607,14.692442882249562,15.325131810193323,41.511423550087876,48.2249560632689,9.91212653778559,1.0544815465729351,8.963093145869948,36.203866432337435,32.40773286467487,19.507908611599298,18.312829525483306,54.20035149384886,11.95079086115993,14.797891036906856,23.72583479789104,46.326889279437616,29.173989455184536,54.27065026362039,45.41300527240774,38.10193321616872,27.732864674868193,51.91564147627417,30.017574692442885,11.810193321616874,85.30755711775045,62.81195079086117
COC(c1cncnc1)C(C)CCCC(=O)NCC(S)OO,329.42199999999997,1.8321999999999998,7,3,4.0,0.2623863374848543,3,93.57000000000001,0,4,2,0.16778006,0.44646472,0.83091164,0.0033962515,0.1191806,0.09353071,0.047056716,0.0719405,0.023959793,0.3714251,0.6763374,0.16197248,0.12664823,0.48684177,0.99984473,0.0028286786,0.009394524,0.021202626,0.032074656,0.004259733,0.018340651,0.0003671379,0.6100487,0.019984417,0.050970066,0.0019438462,0.027720693,0.00189231,0.004374088,0.32079676,0.37357402,-5.3558946,30.977077,18.541935,8.558083,-16.415443,2.5668805,0.08340158,27.121204,-0.9282894,2.7685637,49.068541300527244,41.89806678383129,79.85940246045695,78.20738137082601,63.44463971880493,16.414762741652023,76.60808435852373,63.8664323374341,47.59226713532514,99.27943760984184,95.07908611599298,40.77328646748682,28.787346221441126,58.20738137082601,21.687170474516698,54.93848857644992,35.21968365553603,54.6572934973638,38.277680140597546,38.066783831282955,43.33919156414763,87.55711775043937,49.244288224956065,57.25834797891037,55.07908611599297,71.0017574692443,16.660808435852374,16.871704745166962,49.94727592267136,56.62565905096661,15.606326889279439,1.3005272407732866,10.333919156414764,38.73462214411248,38.4182776801406,27.768014059753956,23.58523725834798,60.66783831282953,18.172231985940247,18.769771528998245,24.04217926186292,55.95782073813709,28.26010544815466,49.49033391915642,43.057996485061516,37.3286467486819,27.6274165202109,57.750439367311074,32.09138840070299,13.251318101933217,84.4639718804921,61.12478031634447
COC(c1cncnc1)C(C)CCC(=O)N(O)CC(S)OO,331.39399999999995,1.5436999999999999,8,3,4.0,0.20717982049650274,3,105.01000000000002,0,5,2,0.4970925,0.4806675,0.8417737,0.0025177607,0.10231556,0.11287482,0.035139713,0.057063837,0.01813,0.43851772,0.4629721,0.23283593,0.16746846,0.59523284,0.9994189,0.004718056,0.008397417,0.02639015,0.03012554,0.006629883,0.029125815,0.0007800574,0.5069531,0.014689553,0.08375887,0.00505477,0.04026053,0.0027188486,0.012070579,0.41911364,0.32445654,-5.3030343,43.614964,23.947296,4.7079763,-16.721655,2.3005786,-0.09912233,22.619106,-0.65006196,2.2829251,49.49033391915642,38.03163444639719,84.51669595782074,78.20738137082601,63.44463971880493,12.09138840070299,76.60808435852373,70.93145869947277,47.59226713532514,99.89455184534272,95.07908611599298,78.80492091388402,31.3884007029877,60.80843585237259,19.36731107205624,52.30228471001758,41.6871704745167,50.19332161687171,32.86467486818981,33.53251318101933,49.3145869947276,81.195079086116,65.90509666080844,65.27240773286468,60.281195079086125,60.63268892794377,26.5377855887522,14.094903339191566,53.46221441124781,55.7469244288225,24.42882249560633,5.729349736379614,16.203866432337435,34.55184534270651,36.098418277680146,39.85940246045695,38.59402460456943,67.83831282952549,21.93321616871705,33.25131810193322,36.520210896309315,52.16168717047452,30.650263620386646,59.43760984182777,48.189806678383135,30.544815465729354,26.502636203866434,40.77328646748682,29.033391915641477,10.474516695957822,87.83831282952549,57.57469244288225
COC(c1cncnc1)C(C)CCC(=O)NC(C)CC(S)OO,343.449,2.2207000000000003,7,3,4.0,0.2609946252872348,4,93.57000000000001,0,4,2,0.109104194,0.38082284,0.86907804,0.0006075097,0.068025425,0.10799481,0.025688883,0.051609807,0.009766994,0.37074956,0.40923423,0.1290262,0.1047354,0.48707646,0.99981004,0.0018190285,0.0074531836,0.0075386055,0.018701704,0.0034006655,0.015916254,0.0003453084,0.5525724,0.0133903455,0.03282807,0.0009828168,0.015335585,0.0012840172,0.0028814613,0.27171096,0.25560775,-5.425002,21.419699,14.023862,16.460186,-16.962376,2.688814,0.026406478,23.98644,-0.89242876,4.600229,52.26713532513182,47.873462214411255,79.85940246045695,78.20738137082601,63.44463971880493,16.2390158172232,81.28295254833041,63.8664323374341,47.59226713532514,99.27943760984184,95.07908611599298,29.525483304042183,24.077328646748683,68.33040421792619,11.70474516695958,45.4481546572935,39.71880492091389,45.342706502636204,30.720562390158175,24.710017574692444,43.33919156414763,79.29701230228471,39.96485061511424,51.880492091388405,55.07908611599297,69.63093145869948,10.755711775043938,12.231985940246046,34.20035149384886,49.279437609841835,11.739894551845344,1.0193321616871707,10.123022847100177,36.203866432337435,35.465729349736385,18.101933216168717,15.360281195079088,49.34973637961336,14.586994727592268,13.637961335676627,17.715289982425308,47.0298769771529,25.799648506151144,39.26186291739895,38.20738137082601,52.09138840070299,25.76449912126538,65.20210896309315,31.142355008787348,11.31810193321617,84.99121265377856,72.37258347978911
COC(c1cncnc1)C(C)CCC(=O)CC(C)CC(S)OO,342.461,3.3113000000000024,7,2,4.0,0.27783056346390855,4,81.54,0,4,2,0.14146161,0.46124038,0.8456801,0.0029256798,0.16327414,0.11304568,0.0650443,0.08291664,0.03678321,0.4336335,0.7185181,0.11279343,0.13306364,0.462888,0.9998814,0.0033111386,0.011034826,0.017529648,0.06818191,0.008197571,0.020626219,0.0010443742,0.72167027,0.060784303,0.073867895,0.0025422953,0.0392401,0.006295414,0.0064546047,0.3120513,0.43885145,-5.053187,51.420044,37.571316,14.124257,-14.557902,2.7165601,0.88866675,35.26425,-1.453419,3.5711884,52.16168717047452,66.0456942003515,79.85940246045695,61.37082601054482,63.44463971880493,17.680140597539545,81.28295254833041,55.377855887521974,47.59226713532514,99.27943760984184,95.07908611599298,36.344463971880494,30.158172231985944,62.03866432337435,20.949033391915645,61.05448154657294,41.75746924428823,59.29701230228471,42.56590509666081,44.39367311072056,48.99824253075572,89.03339191564149,34.27065026362039,58.76977152899825,53.53251318101934,73.00527240773287,19.226713532513184,20.808435852372586,47.48681898066784,69.03339191564149,30.087873462214414,1.7926186291739896,19.156414762741655,45.48330404217926,47.873462214411255,36.063268892794376,27.697715289982426,67.45166959578208,31.036906854130056,23.620386643233747,22.74165202108963,59.789103690685415,42.24956063268893,65.09666080843586,60.105448154657296,47.521968365553604,37.750439367311074,66.99472759226714,44.04217926186292,17.855887521968366,78.03163444639719,66.5377855887522
COC(c1cncnc1)C(C)CCC(C)(O)CC(S)OO,316.42299999999994,2.467,7,3,4.0,0.28080803324605164,4,84.70000000000002,0,4,2,0.11398508,0.37105802,0.861306,0.0011739499,0.059581228,0.100554585,0.0243128,0.08292279,0.020148976,0.31789845,0.3493496,0.13846774,0.1092881,0.3735208,0.99937475,0.0029124026,0.010158263,0.0114664305,0.037709437,0.0067955903,0.021030407,0.0007240039,0.59983295,0.022259012,0.062367816,0.001489673,0.028917328,0.004509378,0.0052059204,0.32624978,0.27675915,-5.2065597,34.718296,17.537296,20.554312,-15.25694,2.5247037,0.20671484,23.695745,-0.8353599,5.314937,45.97539543057997,51.880492091388405,79.85940246045695,78.20738137082601,63.44463971880493,17.891036906854133,81.28295254833041,57.85588752196837,47.59226713532514,99.27943760984184,95.07908611599298,30.966608084358526,23.304042179261867,66.08084358523726,14.797891036906856,42.95254833040422,37.39894551845343,44.56942003514939,42.56590509666081,35.04393673110721,39.08611599297013,76.66080843585237,42.63620386643234,53.18101933216169,48.26010544815466,59.964850615114244,17.188049209138843,18.558875219683657,41.72231985940246,58.98066783831283,24.88576449912127,1.898066783831283,15.606326889279439,38.20738137082601,39.26186291739895,32.30228471001758,20.45694200351494,61.37082601054482,27.662565905096663,20.808435852372586,24.534270650263622,48.787346221441126,35.50087873462215,52.829525483304046,41.72231985940246,58.76977152899825,33.919156414762746,55.39543057996485,33.5676625659051,11.17750439367311,85.65905096660809,75.67662565905097
COC(c1cncnc1)C(C)CCCN(CC(S)OO)C(C)=O,343.449,2.1744000000000003,7,2,4.0,0.29309616581651615,3,84.78,0,4,2,0.21976101,0.48469502,0.81216526,0.0016243411,0.08796271,0.09712444,0.030821513,0.09121012,0.040118583,0.4061563,0.51576203,0.19442451,0.1489421,0.38520178,0.9998236,0.0024876944,0.008803004,0.0099902535,0.021128599,0.0044177035,0.019777808,0.00041864143,0.6251156,0.024307128,0.051374543,0.0011809617,0.028115291,0.0014249024,0.0038661573,0.4200653,0.4358655,-5.1313257,66.02843,44.66107,8.737066,-15.587984,2.2351255,0.21517126,24.487078,-0.88211644,3.494582,52.26713532513182,47.065026362038665,79.85940246045695,61.37082601054482,63.44463971880493,19.261862917398947,76.60808435852373,57.85588752196837,47.59226713532514,99.27943760984184,95.07908611599298,50.017574692442885,31.669595782073817,53.25131810193322,16.731107205623903,49.73637961335677,36.30931458699473,48.471001757469246,44.81546572934974,45.834797891036914,46.748681898066785,83.19859402460457,57.644991212653785,61.86291739894553,48.822495606326896,70.15817223198594,15.008787346221443,15.289982425307558,39.43760984182777,51.00175746924429,16.098418277680143,1.5114235500878737,11.282952548330405,39.57820738137083,39.929701230228474,28.014059753954307,17.047451669595784,60.878734622144115,15.922671353251319,17.012302284710017,36.73110720562391,59.648506151142364,39.29701230228471,73.0755711775044,65.16695957820738,37.644991212653785,31.564147627416524,37.01230228471002,33.63796133567663,11.70474516695958,85.09666080843586,65.76449912126539
COC(c1cncnc1)C(C)CCC(=O)NOCC(S)OO,331.39399999999995,1.3737,8,3,4.0,0.2574446463127195,3,102.80000000000001,0,4,2,0.4929591,0.52305514,0.91338605,0.0005951815,0.017267732,0.12089954,0.006749496,0.04707234,0.0025547442,0.39705038,0.17665093,0.2093049,0.12617631,0.6630818,0.9993933,0.002872515,0.008175543,0.008786676,0.012014021,0.0029378668,0.021242015,0.00047535557,0.4974905,0.005678268,0.047687106,0.002363106,0.016927082,0.0007375484,0.006938707,0.34839797,0.14457785,-5.337904,34.031277,17.432938,3.8031178,-16.050877,2.4496913,-0.05393405,29.245035,-0.7864169,2.6315618,49.49033391915642,36.27416520210897,84.51669595782074,78.20738137082601,63.44463971880493,15.957820738137084,76.60808435852373,69.66608084358525,47.59226713532514,99.27943760984184,95.07908611599298,78.20738137082601,34.44639718804921,83.58523725834799,11.70474516695958,23.444639718804922,45.659050966608085,26.29173989455185,29.279437609841832,7.978910369068542,45.86994727592268,65.83479789103691,61.335676625659055,57.22319859402461,63.65553602811951,60.246045694200355,16.906854130052725,13.673110720562391,37.11775043936731,42.84710017574693,9.91212653778559,1.9332161687170477,12.161687170474519,34.09490333919157,28.189806678383132,26.045694200351495,26.326889279437612,51.564147627416524,10.790861159929703,24.60456942003515,26.92442882249561,36.69595782073814,29.173989455184536,52.16168717047452,41.6871704745167,28.857644991212656,29.279437609841832,50.790861159929705,29.876977152899826,14.446397188049211,86.36203866432338,59.85940246045695
COC(c1cncnc1)C(C)CCOC(=O)NCC(S)OO,331.39399999999995,1.662,8,3,4.0,0.2735821160281554,3,102.80000000000001,0,4,2,0.12683642,0.46145302,0.85274315,0.013413407,0.21495683,0.1194939,0.09097367,0.06322723,0.027328784,0.38918972,0.65929276,0.19359913,0.12743533,0.6028535,0.9999002,0.0021705425,0.0075611556,0.03326575,0.039626412,0.0038125324,0.020051911,0.00038283918,0.6347279,0.014973113,0.055455975,0.002318065,0.024910608,0.0021267186,0.0045594918,0.2681587,0.31505963,-5.3596754,30.576023,21.91135,3.077507,-16.144817,2.6878445,0.18951173,31.968924,-0.74251604,2.778518,49.49033391915642,39.75395430579965,84.51669595782074,78.20738137082601,63.44463971880493,17.363796133567664,76.60808435852373,69.66608084358525,47.59226713532514,99.27943760984184,95.07908611599298,33.391915641476274,30.193321616871707,64.28822495606327,33.07557117750439,66.74868189806679,45.237258347978916,64.42882249560633,34.72759226713533,40.03514938488577,44.99121265377856,87.20562390158173,57.50439367311073,57.328646748681905,60.66783831282953,74.13005272407733,12.618629173989456,12.478031634446399,56.695957820738144,59.824253075571185,13.673110720562391,1.5817223198594026,10.720562390158173,40.17574692442883,36.203866432337435,29.982425307557122,25.97539543057997,58.840070298769774,19.191564147627417,19.332161687170476,17.293497363796135,51.564147627416524,27.978910369068544,49.2091388400703,46.5377855887522,27.346221441124783,28.96309314586995,65.20210896309315,33.391915641476274,15.85237258347979,86.95957820738138,61.230228471001766
COC(c1cncnc1)C(C)CCC(=O)N(CC(S)OO)C(C)=O,357.432,1.701,8,2,4.0,0.3000728300338171,3,101.85000000000002,0,4,3,0.14579698,0.53158206,0.829294,0.00093915843,0.12108117,0.11436628,0.047193687,0.042028412,0.011973821,0.43803853,0.54509306,0.12518337,0.10805887,0.57985914,0.99989283,0.0020049505,0.0068295985,0.006828594,0.0152929425,0.002152704,0.014605565,0.00037339563,0.6095594,0.017183255,0.039700624,0.0009884472,0.01816413,0.0006995118,0.0033298444,0.28225866,0.2862978,-5.1111608,69.33806,50.53558,-3.5961666,-16.223682,2.1975663,0.26851755,32.94183,-1.3376567,0.7787904,55.2548330404218,40.21089630931459,84.51669595782074,61.37082601054482,63.44463971880493,20.14059753954306,76.60808435852373,69.13884007029877,47.59226713532514,99.27943760984184,98.89279437609842,37.01230228471002,35.18453427065027,57.85588752196837,13.637961335676627,55.36028119507909,42.56590509666081,54.692442882249566,27.416520210896312,27.10017574692443,49.2091388400703,84.3585237258348,38.45342706502637,52.72407732864675,59.29701230228471,73.53251318101934,11.56414762741652,10.966608084358525,32.513181019332166,46.5377855887522,6.643233743409491,0.8084358523725835,10.439367311072058,38.73462214411248,37.25834797891037,21.652021089630935,15.360281195079088,52.86467486818981,10.474516695957822,15.360281195079088,19.121265377855888,49.49033391915642,39.85940246045695,74.34094903339192,68.99824253075572,16.414762741652023,28.471001757469246,34.72759226713533,34.16520210896309,16.660808435852374,79.57820738137083,43.58523725834798
COC(c1cncnc1)C(C)CCC(C)SCC(S)OO,332.491,3.4476000000000018,7,2,4.0,0.2960590392284301,4,64.47000000000001,0,4,2,0.18071133,0.42693654,0.8484623,0.01389123,0.30147538,0.11403091,0.108719274,0.12281092,0.060875595,0.45355898,0.75682133,0.1491592,0.1252717,0.48077092,0.9998061,0.0028479826,0.01004464,0.048819296,0.12798864,0.012463981,0.027357692,0.001596798,0.78558475,0.07062999,0.12984864,0.0035704183,0.08124706,0.014116833,0.008640824,0.3903029,0.50897515,-5.1314,63.029762,44.286957,17.491198,-13.988832,2.5047202,1.1845405,47.573906,-1.9362547,6.09937,49.77152899824254,68.29525483304043,79.85940246045695,61.37082601054482,63.44463971880493,19.68365553602812,81.28295254833041,42.70650263620387,47.59226713532514,99.27943760984184,95.07908611599298,43.30404217926187,27.521968365553604,63.09314586994728,33.53251318101933,74.37609841827769,42.425307557117755,66.95957820738138,53.70826010544816,52.26713532513182,50.650263620386646,89.87697715289983,45.58875219683656,57.012302284710024,54.79789103690686,69.45518453427066,16.731107205623903,18.066783831282955,62.319859402460466,79.36731107205624,41.86291739894552,4.7100175746924435,24.534270650263622,50.61511423550088,49.384885764499124,50.86115992970124,33.00527240773287,80.63268892794378,39.015817223198596,27.48681898066784,32.61862917398946,63.16344463971881,39.26186291739895,71.49384885764499,64.74516695957821,53.81370826010545,41.44112478031635,54.09490333919157,47.978910369068544,26.115992970123024,72.33743409490334,78.84007029876977
COC(c1cncnc1)C(C)CCC(C)NCC(S)OO,315.43899999999996,2.304,7,3,4.0,0.26614374036901733,4,76.50000000000001,0,4,2,0.10117958,0.2695536,0.8111321,0.0024830992,0.025674677,0.032855492,0.008342922,0.16108178,0.051816665,0.16605003,0.3424685,0.21901336,0.05314825,0.23023987,0.9985442,0.0013170465,0.009380128,0.01968103,0.010913526,0.0024944753,0.016463334,3.4150195e-05,0.4754819,0.0077278316,0.027228136,0.00031162114,0.008229128,0.0013044184,0.0011925038,0.43222794,0.46492076,-5.46811,11.244679,2.5764554,22.479115,-16.212788,2.8400598,-0.5658459,14.524411,-0.7746743,5.9117575,45.659050966608085,48.787346221441126,79.85940246045695,78.20738137082601,63.44463971880493,16.906854130052725,81.28295254833041,51.77504393673111,47.59226713532514,99.27943760984184,95.07908611599298,27.768014059753956,16.801405975395433,53.00527240773287,19.261862917398947,29.209138840070302,16.695957820738137,29.173989455184536,62.67135325131811,49.701230228471005,23.233743409490337,76.3444639718805,63.374340949033396,33.427065026362044,37.46924428822496,53.0755711775044,7.697715289982426,16.836555360281196,48.963093145869955,41.61687170474517,7.803163444639719,1.0544815465729351,3.9718804920913886,33.11072056239016,31.142355008787348,14.903339191564148,6.01054481546573,37.25834797891037,14.692442882249562,6.151142355008788,38.31282952548331,60.702987697715294,24.67486818980668,27.31107205623902,26.643233743409493,61.26537785588753,28.471001757469246,74.48154657293497,23.02284710017575,6.362038664323375,86.5377855887522,78.38312829525483
COC(c1cncnc1)C(C)CCC(S)=NCC(S)OO,331.46299999999997,2.654200000000001,7,3,4.0,0.161917963074141,3,76.83000000000001,0,6,2,0.18227053,0.30867425,0.7849778,0.035482116,0.3036618,0.080168545,0.12234621,0.098242,0.13507393,0.3389505,0.72368157,0.24142012,0.12827484,0.45830393,0.9995664,0.0044509657,0.009330459,0.08683166,0.11715784,0.013002867,0.032977037,0.0012348583,0.5913712,0.029912267,0.14402871,0.004918472,0.08376028,0.014360833,0.012845228,0.41041565,0.47692966,-5.3838954,39.77934,30.068329,4.084064,-15.812579,2.7394123,0.47938624,36.883858,-1.3462542,2.6621146,49.49033391915642,55.606326889279444,79.85940246045695,78.20738137082601,63.44463971880493,8.681898066783832,76.60808435852373,51.95079086115994,47.59226713532514,99.98242530755712,95.07908611599298,43.62038664323375,19.789103690685415,47.6274165202109,43.09314586994728,74.55184534270651,30.966608084358526,68.6115992970123,47.31107205623902,65.69420035149385,41.019332161687174,89.13884007029878,67.10017574692444,57.53954305799649,53.21616871704746,62.81195079086117,25.553602811950793,16.695957820738137,69.52548330404218,77.64499121265379,43.12829525483304,7.943760984182777,21.61687170474517,37.750439367311074,41.54657293497364,53.21616871704746,38.10193321616872,80.94903339191565,39.19156414762742,34.16520210896309,35.430579964850615,61.44112478031635,27.275922671353253,56.80140597539543,54.27065026362039,29.349736379613358,30.36906854130053,68.50615114235501,38.17223198594025,18.66432337434095,79.43760984182778,60.105448154657296
COC(c1cncnc1)C(C)CCC(=O)OC(C)(C)CC(S)OO,358.46000000000004,3.037800000000001,8,2,4.0,0.21832785135792923,3,90.77000000000001,0,4,2,0.05195552,0.40046126,0.8409917,0.0030041342,0.24373469,0.11752435,0.122031376,0.071215585,0.031457983,0.45804077,0.64893186,0.09511004,0.111766204,0.509576,0.9998869,0.0021205056,0.00848522,0.011647499,0.06303255,0.008084371,0.019658837,0.0013296576,0.76963603,0.061666764,0.072489575,0.0015128679,0.030082267,0.00679149,0.0049690483,0.23754135,0.3947881,-4.964462,80.26762,65.71293,7.9394555,-13.858798,2.5917172,1.5576279,53.342384,-1.8554672,4.657052,55.606326889279444,61.86291739894553,84.51669595782074,61.37082601054482,63.44463971880493,12.759226713532515,76.60808435852373,61.82776801405976,47.59226713532514,99.27943760984184,95.07908611599298,13.708260105448156,25.69420035149385,60.456942003514946,21.15992970123023,69.3145869947276,43.971880492091394,68.57644991212655,37.99648506151143,41.72231985940246,51.14235500878735,86.78383128295256,28.611599297012305,53.95430579964851,56.06326889279438,73.14586994727593,12.267135325131811,14.446397188049211,42.03866432337434,68.2249560632689,29.701230228471005,1.5114235500878737,22.460456942003518,49.03339191564148,47.873462214411255,35.465729349736385,20.52724077328647,62.21441124780317,31.915641476274168,20.105448154657296,14.551845342706503,57.328646748681905,47.978910369068544,79.75395430579965,78.31282952548331,35.95782073813709,42.49560632688928,59.43760984182777,54.58699472759227,30.896309314586997,73.1810193321617,72.58347978910369
COC(c1cncnc1)C(C)CCNC(=O)C(=O)CC(S)OO,343.40500000000003,1.0111999999999997,8,3,4.0,0.1911064341744364,3,110.64000000000001,0,5,3,0.133225,0.4249192,0.82052535,0.0021914595,0.09360427,0.15020542,0.055782657,0.036972646,0.010806976,0.39341557,0.38039276,0.19225274,0.13946223,0.70413506,0.9988251,0.0035492226,0.008224731,0.014218504,0.02151494,0.004152367,0.024493866,0.0009100533,0.45579615,0.015378279,0.06900184,0.0031357564,0.027313268,0.0014918292,0.00884761,0.25903124,0.19935045,-5.4479055,23.344854,20.86276,4.159925,-17.408762,2.7979636,-0.069247104,26.018848,-0.6699507,2.3945816,52.26713532513182,31.845342706502638,84.51669595782074,78.20738137082601,63.44463971880493,11.212653778558876,76.60808435852373,74.02460456942003,47.59226713532514,99.89455184534272,98.89279437609842,34.55184534270651,27.346221441124783,55.43057996485062,18.594024604569423,50.72056239015818,55.88752196836556,56.73110720562391,25.342706502636204,26.01054481546573,45.51845342706503,77.99648506151144,57.04745166959579,60.246045694200355,66.15114235500879,55.04393673110721,20.492091388400706,13.708260105448156,44.99121265377856,51.17750439367312,15.008787346221443,2.8471001757469248,17.855887521968366,32.196836555360285,36.59050966608085,34.27065026362039,30.861159929701234,60.456942003514946,16.133567662565905,27.94376098418278,16.379613356766257,42.21441124780317,25.20210896309315,41.93321616871705,45.659050966608085,29.420035149384887,23.97188049209139,71.77504393673111,29.490333919156416,12.65377855887522,87.76801405975397,58.48857644991213
COC(c1cncnc1)C(C)CCNC(=O)CC(S)OO,315.395,1.4421,7,3,4.0,0.27626790230024945,3,93.57000000000002,0,4,2,0.15080908,0.47333455,0.84630316,0.0018823554,0.09666409,0.11912508,0.03470609,0.04583375,0.012907396,0.33462986,0.414746,0.18291113,0.112843394,0.5291418,0.999755,0.0020660686,0.0070536374,0.011723501,0.022290943,0.0030079451,0.017923687,0.00036001974,0.53150433,0.008677846,0.043832198,0.0012991142,0.026485836,0.0010870477,0.0035091501,0.32264805,0.2104644,-5.3662233,26.344112,9.413916,5.8394327,-15.956088,2.3674335,-0.29236096,22.049513,-0.51119006,2.6628995,45.62390158172232,37.08260105448155,79.85940246045695,78.20738137082601,63.44463971880493,17.574692442882252,76.60808435852373,63.8664323374341,47.59226713532514,99.27943760984184,95.07908611599298,38.13708260105449,30.861159929701234,62.24956063268893,17.539543057996486,51.31810193321618,44.88576449912127,50.08787346221442,28.927943760984185,28.365553602811953,40.421792618629176,79.5079086115993,54.55184534270651,54.1652021089631,56.80140597539543,68.29525483304043,11.95079086115993,11.388400702987699,42.14411247803164,51.84534270650264,10.22847100175747,1.3005272407732866,10.263620386643234,35.39543057996485,31.880492091388405,23.936731107205627,18.383128295254835,60.07029876977153,13.532513181019333,15.887521968365554,24.18277680140598,43.30404217926187,27.803163444639722,44.9560632688928,32.970123022847105,32.44288224956063,29.701230228471005,44.920913884007035,26.08084358523726,10.22847100175747,89.56063268892795,60.140597539543066
COC(c1cncnc1)C(C)CCC(C)(CO)SCC(S)OO,362.517,2.8101000000000007,8,3,4.0,0.24149825591674734,4,84.70000000000002,0,4,2,0.15182528,0.2924592,0.8270195,0.00054889376,0.03235642,0.08148769,0.018728985,0.09177835,0.012215191,0.3790214,0.36575323,0.15957718,0.12952772,0.35173452,0.9977664,0.003962393,0.012263173,0.010255325,0.02541041,0.0073949946,0.02216788,0.00084840896,0.5471174,0.023920882,0.075064756,0.0014632354,0.03620273,0.002732929,0.0063593956,0.3547225,0.31121868,-5.2897835,64.931046,45.65777,19.082674,-16.174444,2.2915025,0.72370356,38.993046,-1.5238903,6.8707185,56.90685413005273,58.418277680140605,84.51669595782074,78.20738137082601,63.44463971880493,14.411247803163446,81.28295254833041,57.85588752196837,47.59226713532514,99.27943760984184,95.07908611599298,38.34797891036907,18.875219683655537,57.328646748681905,11.31810193321617,33.145869947275926,31.493848857644995,40.28119507908612,45.026362038664324,27.521968365553604,44.147627416520216,77.4340949033392,48.57644991212654,57.750439367311074,46.85413005272408,49.560632688927946,22.35500878734622,24.18277680140598,39.96485061511424,53.602811950790866,27.17047451669596,2.179261862917399,17.188049209138843,35.99297012302285,39.89455184534271,36.44991212653779,20.210896309314588,65.3427065026362,22.03866432337434,23.33919156414763,27.978910369068544,51.247803163444644,31.212653778558877,72.37258347978911,65.72934973637962,56.379613356766264,28.681898066783834,40.28119507908612,41.89806678383129,19.859402460456945,77.11775043936731,81.75746924428823
COC(c1cncnc1)C(C)CCn1nnnc1SCC(S)OO,372.47600000000006,1.7146,10,2,4.0,0.21174392199086306,3,108.07000000000001,0,4,2,0.462789,0.53425455,0.8039241,0.008450123,0.39148322,0.10012905,0.16408809,0.0267439,0.008847243,0.6185033,0.7286346,0.22557712,0.06377526,0.8127333,0.99984056,0.002269246,0.001613951,0.020774273,0.08910586,0.0055291895,0.019323194,0.0015391498,0.78171146,0.025830219,0.18356764,0.0037827496,0.0675966,0.006187313,0.012273125,0.37941104,0.26295185,-5.580306,57.513123,55.962025,-9.518524,-16.993946,2.605185,0.84811574,57.7701,-2.1873407,3.793042,59.191564147627425,40.35149384885765,90.45694200351495,61.37082601054482,63.44463971880493,12.267135325131811,76.60808435852373,72.75922671353251,47.59226713532514,99.27943760984184,95.07908611599298,75.81722319859404,35.32513181019333,51.77504393673111,28.998242530755714,80.52724077328648,37.3286467486819,72.89982425307558,21.15992970123023,23.760984182776802,69.59578207381371,89.17398945518454,64.71001757469244,38.31282952548331,73.56766256590511,70.82601054481547,13.356766256590511,1.3005272407732866,49.595782073813716,73.56766256590511,20.38664323374341,1.4762741652021092,24.21792618629174,50.19332161687171,40.21089630931459,59.613356766256594,34.09490333919157,77.99648506151144,30.931458699472763,33.391915641476274,31.247803163444644,47.697715289982426,22.1792618629174,68.89279437609842,72.82952548330405,8.224956063268893,25.65905096660809,60.421792618629176,43.55008787346222,34.09490333919157,67.80316344463972,68.01405975395431
COC(c1cncnc1)C(C)CCC(Cl)=NOCC(S)OO,349.84000000000003,2.8948000000000014,8,2,4.0,0.22195834592400637,3,86.06000000000002,0,5,3,0.42937884,0.57314664,0.8856653,0.022886496,0.2508307,0.14454842,0.08945097,0.08205148,0.030512428,0.53441364,0.70167005,0.21624914,0.14234264,0.6960647,0.99989337,0.0037104562,0.009045278,0.053114332,0.099755846,0.007935121,0.028074909,0.0018234294,0.78631467,0.036847666,0.14020398,0.0062203417,0.07003425,0.007072737,0.014574803,0.37734935,0.35927746,-5.176705,49.08645,36.620747,9.716635,-13.825224,2.7698176,1.0335953,51.18811,-1.6016159,5.3546944,53.53251318101934,59.75395430579965,84.51669595782074,61.37082601054482,63.44463971880493,12.934973637961336,76.60808435852373,58.59402460456943,47.59226713532514,99.89455184534272,98.89279437609842,72.72407732864676,38.4182776801406,73.56766256590511,38.45342706502637,69.94727592267137,54.09490333919157,64.28822495606327,42.21441124780317,41.26537785588753,59.472759226713535,88.36555360281196,62.81195079086117,60.597539543058005,65.5536028119508,73.60281195079087,21.15992970123023,15.992970123022848,63.40949033391916,75.11423550087873,29.138840070298773,5.166959578207382,26.362038664323375,50.68541300527241,42.95254833040422,52.5834797891037,41.968365553602816,78.45342706502637,32.4780316344464,35.85237258347979,31.00175746924429,55.21968365553603,36.90685413005273,63.198594024604574,59.26186291739895,39.40246045694201,42.6713532513181,69.98242530755712,45.799648506151144,29.138840070298773,76.3444639718805,75.85237258347979
CCN(CCC(C)C(OC)c1cncnc1)CC(S)OO,315.439,2.2577000000000003,7,2,4.0,0.29870091579846025,3,67.71000000000001,0,4,2,0.21658215,0.41666967,0.79112035,0.0018801356,0.026094768,0.04468197,0.0076162643,0.18472295,0.07367082,0.20766553,0.24127555,0.24295275,0.0913143,0.18044756,0.9991385,0.0020619319,0.008879338,0.016013136,0.011604151,0.0035931363,0.019938555,7.949332e-05,0.55478656,0.01097798,0.041420322,0.0005594374,0.014344895,0.0016112482,0.002211828,0.5562507,0.50391114,-5.192636,29.183605,16.905422,41.96236,-15.213089,2.806441,-0.3004169,8.594688,-0.603145,10.291163,45.659050966608085,48.295254833040424,79.85940246045695,61.37082601054482,63.44463971880493,19.964850615114237,76.60808435852373,45.13181019332162,47.59226713532514,99.27943760984184,95.07908611599298,49.45518453427066,26.85413005272408,48.89279437609842,17.539543057996486,29.701230228471005,20.77328646748682,27.908611599297014,65.79964850615114,55.289982425307564,27.451669595782075,70.61511423550088,67.34622144112478,48.43585237258348,32.09138840070299,57.469244288224964,11.915641476274166,15.430579964850617,46.36203866432338,42.35500878734622,12.72407732864675,1.5465729349736381,5.166959578207382,36.30931458699473,33.81370826010545,22.601054481546576,9.630931458699473,48.08435852372584,16.590509666080845,10.61511423550088,54.90333919156415,62.98769771528999,36.239015817223205,47.697715289982426,40.94903339191565,76.90685413005274,34.059753954305805,72.26713532513182,25.90509666080844,4.534270650263621,88.50615114235502,90.68541300527241
COC(c1cncnc1)C(C)CCC(N)(CCC(S)OO)C(=O)O,359.448,1.8881999999999999,8,4,4.0,0.2040457655415626,4,127.79,0,4,2,0.17388695,0.17326535,0.819026,0.00011011774,0.003258393,0.06634647,0.0038436912,0.044201996,0.004560642,0.19520365,0.044934697,0.17283921,0.17624661,0.3871989,0.9476849,0.005545161,0.023667926,0.004725131,0.004176448,0.005825271,0.036062844,0.00057386013,0.10531868,0.004600779,0.028501395,0.0022977903,0.007368223,0.0007825453,0.009570815,0.32878476,0.10719758,-5.966958,24.36084,17.204628,-1.3818392,-20.158514,2.3042874,-0.68159294,23.992456,-1.1520555,1.3127398,55.88752196836556,42.81195079086116,84.51669595782074,86.90685413005274,63.44463971880493,11.880492091388401,81.28295254833041,81.05448154657294,47.59226713532514,99.27943760984184,95.07908611599298,41.89806678383129,11.985940246045695,55.04393673110721,7.205623901581723,5.764499121265378,26.92442882249561,19.789103690685415,28.330404217926187,14.270650263620388,26.15114235500879,48.57644991212654,52.30228471001758,66.4323374340949,48.89279437609842,30.68541300527241,30.333919156414765,47.240773286467494,26.39718804920914,27.48681898066784,21.757469244288227,10.22847100175747,13.74340949033392,17.504393673110723,26.362038664323375,15.219683655536029,25.83479789103691,35.008787346221446,11.31810193321617,29.314586994727595,24.81546572934974,32.23198594024605,14.692442882249562,42.882249560632694,41.335676625659055,19.859402460456945,16.766256590509666,41.05448154657294,21.33567662565905,11.353251318101934,81.82776801405976,49.560632688927946
COC(c1cncnc1)C(C)CCC(C)(SCC(S)OO)C(=O)O,376.5,2.9024000000000005,8,3,4.0,0.23447996132867333,4,101.77000000000002,0,4,2,0.043323837,0.12629606,0.8532767,5.0325412e-05,0.007016455,0.122157335,0.010649511,0.016881954,0.001441146,0.23696876,0.036913335,0.16060933,0.12873928,0.6040601,0.9733509,0.0039936216,0.012185939,0.0018103896,0.005629669,0.0053440547,0.022508847,0.0019058781,0.1112115,0.0061312574,0.032398533,0.001571067,0.0099548735,0.00084886514,0.00935034,0.2248176,0.056064464,-5.743862,31.731842,26.243393,-10.6879,-17.707815,2.2509882,-0.5209056,51.72802,-1.8973835,1.3948638,60.105448154657296,59.929701230228474,84.51669595782074,78.20738137082601,63.44463971880493,13.848857644991213,81.28295254833041,69.13884007029877,47.59226713532514,99.27943760984184,95.07908611599298,11.458699472759228,9.420035149384887,64.42882249560633,5.834797891036907,11.493848857644993,46.326889279437616,32.829525483304046,16.133567662565905,4.463971880492092,31.528998242530758,46.50263620386644,48.822495606326896,57.57469244288225,60.66783831282953,34.16520210896309,22.530755711775047,23.936731107205627,13.49736379613357,31.634446397188054,19.894551845342708,2.2144112478031635,27.17047451669596,17.820738137082603,28.787346221441126,17.715289982425308,20.84358523725835,41.37082601054482,11.845342706502636,28.892794376098422,13.637961335676627,25.65905096660809,18.453427065026364,50.08787346221442,50.86115992970124,7.627416520210897,23.057996485061512,37.961335676625666,23.550087873462218,29.595782073813712,72.61862917398946,50.50966608084359
COC(c1cncnc1)C(C)CCCNC(=O)CC(S)OO,329.42199999999997,1.8321999999999998,7,3,4.0,0.1993186368583327,3,93.57000000000002,0,5,2,0.162511,0.47814018,0.82907516,0.0024848008,0.12049786,0.12165777,0.04310205,0.059839945,0.028574187,0.37892574,0.5379257,0.18820277,0.14022467,0.49469814,0.9997746,0.0029213359,0.008584706,0.013606375,0.033860486,0.005001273,0.02139087,0.0006938385,0.57945,0.021341383,0.06135594,0.0019575874,0.034963388,0.0022071283,0.0056358427,0.35468167,0.3288463,-5.3941565,28.96054,15.458511,7.0296593,-15.872625,2.422082,-0.06387959,27.146515,-0.82299215,3.3998828,49.068541300527244,41.89806678383129,79.85940246045695,78.20738137082601,63.44463971880493,11.528998242530756,76.60808435852373,63.8664323374341,47.59226713532514,99.89455184534272,95.07908611599298,39.68365553602812,31.282952548330407,57.785588752196844,19.261862917398947,55.149384885764505,46.0456942003515,53.49736379613357,33.708260105448154,40.63268892794377,44.147627416520216,83.93673110720563,56.098418277680146,60.246045694200355,55.32513181019333,68.75219683655537,17.223198594024606,14.833040421792619,44.42882249560633,57.469244288224964,18.488576449912127,1.9332161687170477,15.289982425307558,37.36379613356767,38.87521968365554,32.12653778558875,23.65553602811951,64.60456942003516,19.507908611599298,21.93321616871705,27.978910369068544,52.61862917398946,26.959578207381373,47.381370826010546,39.71880492091389,34.62214411247803,30.087873462214414,48.471001757469246,29.666080843585238,13.286467486818982,85.76449912126539,65.48330404217927
COC(c1cncnc1)C(C)CCC(=S)N(C)CC(S)OO,345.49,2.585100000000001,7,2,4.0,0.23434343069917732,3,67.71000000000001,0,5,2,0.11603973,0.3842998,0.7535636,0.015476731,0.48465124,0.10157035,0.27984744,0.06534542,0.09036212,0.4559543,0.85009634,0.16482678,0.11691841,0.5288514,0.99986964,0.0033975136,0.0070349155,0.047100045,0.10461198,0.009554811,0.02319541,0.0013257635,0.6830682,0.043451652,0.11459432,0.003620332,0.08124193,0.008531315,0.008715017,0.34003204,0.470486,-5.240099,36.680973,35.6688,8.372029,-15.457341,3.1268396,0.70304996,34.3339,-1.326778,2.8479552,52.79437609841828,54.235500878734626,79.85940246045695,61.37082601054482,63.44463971880493,13.848857644991213,76.60808435852373,45.13181019332162,47.59226713532514,99.89455184534272,95.07908611599298,31.353251318101936,24.21792618629174,41.335676625659055,34.833040421792624,84.42882249560634,37.85588752196837,80.1054481546573,35.39543057996485,58.558875219683664,51.07205623901582,92.9701230228471,50.298769771529,55.11423550087874,56.80140597539543,72.58347978910369,19.68365553602812,11.353251318101934,61.792618629173994,75.92267135325133,34.376098418277685,2.390158172231986,22.460456942003518,42.882249560632694,44.67486818980668,47.838312829525485,33.25131810193322,80.63268892794378,34.516695957820744,27.6274165202109,25.69420035149385,61.05448154657294,33.77855887521969,54.55184534270651,58.66432337434095,36.80140597539543,32.54833040421793,86.36203866432338,41.47627416520211,17.293497363796135,79.7188049209139,61.82776801405976
COC(c1cncnc1)C(C)CCCNCC(S)OO,301.412,1.9154999999999998,7,3,4.0,0.20145552582799026,3,76.50000000000001,0,5,2,0.24095568,0.30603594,0.7971751,0.0041651237,0.037891045,0.035193007,0.010616263,0.1307596,0.056114934,0.16452232,0.4418047,0.25198635,0.0627399,0.27303582,0.9992307,0.0022414175,0.010229731,0.03313629,0.019240644,0.0029194634,0.017155873,5.470326e-05,0.4342184,0.0073176385,0.042670045,0.00070942903,0.016659055,0.0013912374,0.002357532,0.47098535,0.4434991,-5.446541,10.700652,-2.1282158,16.438507,-15.729523,2.771056,-0.7195184,13.482218,-0.6461549,4.137605,40.94903339191565,43.374340949033396,79.85940246045695,78.20738137082601,63.44463971880493,11.70474516695958,76.60808435852373,51.77504393673111,47.59226713532514,99.89455184534272,95.07908611599298,53.21616871704746,19.648506151142357,50.05272407732865,23.233743409490337,35.746924428822496,17.820738137082603,32.75922671353251,56.44991212653779,50.82601054481547,23.057996485061512,80.17574692442884,69.03339191564149,37.68014059753955,41.0896309314587,58.31282952548331,13.11072056239016,18.804920913884008,56.695957820738144,49.595782073813716,9.876977152899824,1.1599297012302285,4.569420035149386,31.247803163444644,30.579964850615116,23.304042179261867,11.56414762741652,51.35325131810194,15.641476274165203,11.458699472759228,43.09314586994728,60.00000000000001,25.20210896309315,26.748681898066785,21.86291739894552,52.09138840070299,30.826010544815468,70.01757469244289,20.878734622144115,5.905096660808437,87.90861159929702,69.98242530755712
COC(c1cncnc1)C(C)CCC#CCC(S)OO,296.39199999999994,2.7194000000000007,6,2,4.0,0.2662056244692023,3,64.47000000000001,0,5,2,0.14855476,0.41451144,0.7971124,0.11113445,0.5408741,0.12149159,0.32467613,0.09522059,0.13029324,0.45936108,0.9072302,0.15596083,0.12249203,0.58988357,0.99968135,0.008515935,0.013349128,0.11367096,0.25013566,0.021157697,0.03332814,0.004482606,0.7990092,0.07160513,0.20422053,0.014805953,0.13977125,0.034928784,0.0263255,0.37655076,0.47726363,-5.1366143,38.073967,18.561512,15.605673,-14.427973,2.695947,1.0225791,51.479195,-1.6087158,5.7391787,39.40246045694201,56.90685413005273,72.46045694200352,61.37082601054482,63.44463971880493,16.906854130052725,76.60808435852373,42.70650263620387,47.59226713532514,99.89455184534272,95.07908611599298,37.50439367311073,26.678383128295255,50.05272407732865,57.328646748681905,86.6432337434095,45.90509666080844,82.21441124780317,45.9402460456942,65.02636203866433,51.31810193321618,94.90333919156416,47.31107205623902,56.344463971880494,59.964850615114244,65.90509666080844,42.7768014059754,26.60808435852373,72.86467486818981,89.66608084358525,55.922671353251324,8.189806678383128,43.514938488576455,51.84534270650264,49.42003514938489,62.00351493848858,59.050966608084366,88.40070298769773,49.912126537785596,47.697715289982426,30.896309314586997,61.47627416520211,39.015817223198596,55.43057996485062,43.09314586994728,50.017574692442885,38.45342706502637,65.65905096660809,45.694200351493855,29.420035149384887,76.16871704745168,77.60984182776802
COC(c1cncnc1)C(C)CCSCSCC(S)OO,350.531,3.3597000000000024,8,2,4.0,0.2085052569305415,3,64.47000000000001,0,5,3,0.25428405,0.39856607,0.81607425,0.040440567,0.34961528,0.10893826,0.1451964,0.10936701,0.09278176,0.46607915,0.82354105,0.19411907,0.12547663,0.5267538,0.99979746,0.0048808744,0.009682423,0.08757567,0.18264446,0.014967671,0.030766705,0.0023358543,0.73543864,0.063961476,0.19880202,0.0073341043,0.13953516,0.019485949,0.01676083,0.44247532,0.49783486,-5.2615733,33.696598,32.07891,20.502848,-15.415558,3.3407505,1.0039532,41.948845,-1.8890272,5.79375,53.602811950790866,66.6432337434095,84.51669595782074,61.37082601054482,63.44463971880493,12.161687170474519,76.60808435852373,42.70650263620387,47.59226713532514,99.89455184534272,98.89279437609842,55.04393673110721,25.58875219683656,54.27065026362039,44.3585237258348,77.75043936731107,40.17574692442883,71.21265377855889,50.08787346221442,59.050966608084366,52.12653778558876,92.05623901581723,57.57469244288225,57.04745166959579,56.660808435852374,69.24428822495607,27.205623901581724,17.363796133567664,69.701230228471,84.81546572934974,46.85413005272408,6.9244288224956065,31.3884007029877,46.57293497363796,48.189806678383135,61.40597539543059,44.88576449912127,88.40070298769773,42.284710017574696,38.48857644991213,39.54305799648507,62.7768014059754,32.72407732864675,51.9859402460457,55.81722319859403,58.66432337434095,32.86467486818981,91.45869947275924,45.4481546572935,21.757469244288227,72.75922671353251,77.75043936731107
COC(c1cncnc1)C(C)CCC=C(C)SCC(S)OO,344.502,3.9629000000000034,7,2,4.0,0.2897999453890345,3,64.47000000000001,0,4,2,0.2335572,0.4273224,0.81093514,0.027012935,0.39500767,0.11069934,0.15998363,0.11673051,0.109210715,0.4746541,0.87112796,0.16439955,0.14142922,0.48188162,0.99980754,0.0045256717,0.011433431,0.059496112,0.17280957,0.01579909,0.029012326,0.0022140057,0.7833517,0.088016845,0.16813165,0.005978256,0.118348315,0.019204866,0.013832507,0.43450388,0.5630137,-5.105512,67.42972,58.852028,11.251104,-13.486028,2.793909,1.9466028,63.81899,-2.5257254,4.887841,52.653778558875224,76.76625659050967,79.85940246045695,61.37082601054482,63.44463971880493,18.840070298769774,76.60808435852373,42.70650263620387,47.59226713532514,99.27943760984184,95.07908611599298,52.09138840070299,27.521968365553604,53.00527240773287,40.17574692442883,80.63268892794378,40.84358523725835,72.51318101933217,52.02108963093146,61.792618629173994,52.89982425307558,93.74340949033393,50.08787346221442,60.421792618629176,54.833040421792624,69.49033391915643,25.69420035149385,21.86291739894552,65.06151142355009,84.00702987697716,48.189806678383135,5.6942003514938495,30.193321616871707,50.333919156414765,51.493848857645,57.53954305799649,41.23022847100176,86.29173989455185,42.24956063268893,35.18453427065027,38.523725834797894,66.0456942003515,40.105448154657296,73.67311072056239,74.20035149384887,42.21441124780317,44.63971880492092,71.49384885764499,61.511423550087876,39.85940246045695,60.98418277680141,73.81370826010546
COC(c1cncnc1)C(C)CCC1NC=C(CC(S)OO)S1,357.501,3.2199000000000013,8,3,4.0,0.2710367258823404,4,76.50000000000001,0,4,2,0.21180375,0.30321208,0.7628525,0.046459734,0.69278204,0.09413161,0.44371477,0.07547997,0.23049918,0.4755265,0.9572649,0.1183069,0.147431,0.6585368,0.9998263,0.0045216493,0.010215861,0.2114013,0.32274783,0.026566675,0.03736731,0.003179164,0.6805304,0.18036146,0.27912337,0.012845332,0.20156085,0.07140143,0.02969336,0.30228207,0.6984149,-5.6079073,14.883789,20.701107,14.672777,-17.411076,3.059978,0.3320832,36.166473,-1.5785763,4.8980646,55.36028119507909,64.63971880492092,84.51669595782074,78.20738137082601,63.44463971880493,17.188049209138843,81.28295254833041,51.77504393673111,47.59226713532514,99.27943760984184,95.07908611599298,48.57644991212654,19.543057996485064,43.12829525483304,46.0456942003515,91.56414762741653,35.430579964850615,87.76801405975397,39.82425307557118,73.32161687170475,53.00527240773287,96.87170474516697,36.44991212653779,61.652021089630935,63.30404217926187,70.22847100175747,25.69420035149385,18.769771528998245,81.82776801405976,93.21616871704747,60.84358523725835,11.072056239015819,37.04745166959579,42.741652021089635,60.456942003514946,69.17398945518454,56.48506151142355,92.02108963093147,59.68365553602813,50.54481546572936,21.61687170474517,71.91564147627417,21.511423550087876,31.212653778558877,45.51845342706503,48.646748681898075,23.97188049209139,84.28822495606327,35.21968365553603,18.277680140597543,76.59050966608085,73.84885764499121
COC(c1cncnc1)C(C)CCC(C)CC(S)OO,300.424,3.3521000000000023,6,2,4.0,0.316774850580657,4,64.47000000000001,0,4,2,0.10017614,0.47461376,0.8632902,0.014290501,0.26365268,0.11156181,0.09679738,0.12392052,0.076143384,0.39750904,0.72531956,0.12460325,0.10812173,0.4350399,0.9999221,0.0020613964,0.009015186,0.034135852,0.11045347,0.009729811,0.023040224,0.0009990113,0.80648154,0.064271085,0.08557475,0.0022830232,0.047112335,0.016332563,0.005247368,0.34627175,0.48429996,-4.946856,64.1878,44.17501,20.810656,-12.103763,2.5744827,1.6405516,51.69079,-1.9557663,6.474018,40.49209138840071,66.50263620386644,72.46045694200352,61.37082601054482,63.44463971880493,22.56590509666081,81.28295254833041,42.70650263620387,47.59226713532514,99.27943760984184,95.07908611599298,27.416520210896312,30.896309314586997,66.74868189806679,33.919156414762746,71.21265377855889,41.0896309314587,65.41300527240774,54.059753954305805,55.782073813708266,45.90509666080844,89.13884007029878,38.242530755711776,52.72407732864675,52.02108963093146,76.09841827768015,11.915641476274166,15.887521968365554,57.012302284710024,76.52021089630932,34.93848857644991,2.3550087873462218,18.769771528998245,52.4780316344464,48.26010544815466,40.21089630931459,25.729349736379614,71.24780316344464,40.31634446397189,20.91388400702988,26.678383128295255,61.89806678383129,49.244288224956065,72.05623901581723,64.60456942003516,59.191564147627425,54.235500878734626,58.277680140597546,55.782073813708266,29.560632688927946,72.02108963093147,80.28119507908612
COC(c1cncnc1)C(C)CCN(CC1CC1)CC(S)OO,341.477,2.6478000000000006,7,2,4.0,0.2791013744016553,3,67.71000000000001,0,4,2,0.15817472,0.48394328,0.64281833,0.0028578164,0.11001786,0.047012012,0.037421208,0.18016337,0.29019475,0.26956463,0.61654294,0.23677921,0.14340548,0.17311437,0.99958193,0.0019057582,0.0076237307,0.01593646,0.029598678,0.004937685,0.020624205,0.00017271143,0.63464606,0.07030453,0.083745144,0.00059237477,0.03234171,0.004304965,0.0030240696,0.5595891,0.7726697,-5.214374,33.688484,23.19082,30.68692,-14.892954,2.8390393,0.22728403,21.975399,-1.099193,7.992429,52.02108963093146,55.50087873462215,79.85940246045695,61.37082601054482,63.44463971880493,17.750439367311074,76.60808435852373,45.13181019332162,47.59226713532514,99.27943760984184,95.07908611599298,39.156414762741655,31.564147627416524,26.29173989455185,20.70298769771529,53.46221441124781,21.61687170474517,50.93145869947276,65.23725834797892,76.73110720562391,34.97363796133568,86.11599297012303,66.32688927943761,60.878734622144115,31.142355008787348,63.198594024604574,11.107205623901583,12.583479789103691,46.25659050966608,55.32513181019333,18.207381370826013,1.7926186291739896,6.9244288224956065,40.17574692442883,49.34973637961336,39.85940246045695,10.052724077328648,63.33919156414763,26.959578207381373,13.989455184534272,55.2548330404218,76.8365553602812,35.114235500878735,51.9859402460457,47.697715289982426,68.8224956063269,35.64147627416521,74.41124780316345,33.77855887521969,10.22847100175747,82.31985940246047,84.88576449912128
COC(c1cncnc1)C(C)CCC(C)(CC(S)OO)SSC,378.585,4.4859000000000036,8,2,4.0,0.1933477957111586,4,64.47000000000001,0,5,3,0.092156745,0.41277567,0.71434295,0.013711451,0.56011194,0.115133,0.39207235,0.09734847,0.11402478,0.5663456,0.89427584,0.14136328,0.12535587,0.4779745,0.99966323,0.0050919075,0.008701185,0.03780117,0.21202807,0.03217734,0.033852994,0.006057539,0.83509123,0.1913913,0.24366026,0.006885434,0.15065852,0.053450447,0.021670686,0.37511748,0.6033642,-5.071109,70.70418,58.412056,25.290655,-14.007231,2.7506683,2.0210376,60.923206,-2.5940223,8.219526,60.456942003514946,83.69068541300528,84.51669595782074,61.37082601054482,63.44463971880493,11.282952548330405,81.28295254833041,42.70650263620387,47.59226713532514,99.89455184534272,98.89279437609842,25.729349736379614,26.502636203866434,35.07908611599297,33.391915641476274,87.41652021089632,42.81195079086116,85.5536028119508,46.748681898066785,62.636203866432346,63.26889279437611,94.62214411247804,43.514938488576455,57.012302284710024,54.58699472759227,65.5536028119508,28.57644991212654,15.008787346221443,58.418277680140605,87.2407732864675,65.48330404217927,8.681898066783832,48.7170474516696,55.57117750439368,61.6871704745167,66.25659050966608,43.690685413005276,89.24428822495607,55.67662565905097,43.7609841827768,30.755711775043938,67.59226713532514,41.335676625659055,75.00878734622145,73.98945518453428,64.4639718804921,41.335676625659055,68.96309314586995,62.84710017574693,36.90685413005273,59.89455184534271,85.51845342706504
COC(c1cncnc1)C(C)CCC(C)(C)CC(S)OO,314.45099999999996,3.7422000000000026,6,2,4.0,0.3144949500197508,3,64.47000000000001,0,4,2,0.066845015,0.43560582,0.8462744,0.0072147176,0.1719973,0.09373398,0.064117596,0.17268121,0.082988046,0.41261178,0.5988072,0.111720994,0.106954396,0.307644,0.9997965,0.0017677477,0.008673398,0.017623603,0.08923405,0.010470945,0.02152489,0.00081778615,0.84246874,0.09332256,0.09093639,0.0011621753,0.038733345,0.021296412,0.0042571025,0.37333113,0.54513633,-4.9315605,73.17363,55.114624,21.601265,-11.993363,2.5586293,1.7944858,55.54845,-2.1931129,7.0502777,45.30755711775044,73.11072056239017,72.46045694200352,61.37082601054482,63.44463971880493,22.144112478031637,76.60808435852373,42.70650263620387,47.59226713532514,99.27943760984184,95.07908611599298,18.277680140597543,28.154657293497365,62.24956063268893,27.697715289982426,62.108963093145874,35.289982425307564,58.98066783831283,64.14762741652022,56.97715289982426,47.557117750439375,85.62390158172232,33.98945518453427,52.5834797891037,43.831282952548335,69.24428822495607,10.404217926186293,14.973637961335678,47.521968365553604,73.60281195079087,36.977152899824254,1.9332161687170477,16.695957820738137,56.62565905096661,52.30228471001758,41.511423550087876,16.871704745166962,67.20562390158173,43.44463971880492,18.523725834797894,30.509666080843587,65.27240773286468,50.298769771529,76.3444639718805,72.30228471001759,60.21089630931459,54.93848857644992,57.08260105448155,58.383128295254835,32.4780316344464,67.69771528998243,82.42530755711776
COC(c1cncnc1)C(C)CCC(C)(Cl)CC(S)OO,334.86899999999997,3.713500000000003,6,2,4.0,0.23681584788415877,4,64.47000000000001,0,5,3,0.104959644,0.49075288,0.84227693,0.023552114,0.37943062,0.114488125,0.1587548,0.09887091,0.08799039,0.44651443,0.7253172,0.112123206,0.106798485,0.45808467,0.99994946,0.002265389,0.008252094,0.028711194,0.15848136,0.011754844,0.025452917,0.0017122391,0.84336865,0.10827378,0.12554932,0.0025670654,0.069061086,0.022558752,0.0076033236,0.34809667,0.45659298,-4.9884577,61.591423,42.04923,24.478743,-12.548474,2.598941,1.5709455,51.608692,-1.8190292,7.550473,50.26362038664324,72.47803163444641,72.46045694200352,61.37082601054482,63.44463971880493,14.059753954305801,81.28295254833041,42.70650263620387,47.59226713532514,99.89455184534272,98.89279437609842,28.611599297012305,32.23198594024605,61.05448154657294,38.76977152899825,79.47275922671353,42.63620386643234,72.37258347978911,47.521968365553604,58.03163444639719,50.22847100175748,89.13884007029878,34.09490333919157,52.5834797891037,53.18101933216169,79.75395430579965,13.286467486818982,13.74340949033392,54.6572934973638,82.70650263620388,39.89455184534271,3.5149384885764503,25.483304042179263,56.73110720562391,53.81370826010545,49.912126537785596,27.94376098418278,78.27768014059755,44.147627416520216,25.83479789103691,26.92442882249561,60.421792618629176,46.432337434094904,70.72056239015818,63.198594024604574,63.44463971880493,50.72056239015818,60.00000000000001,54.692442882249566,29.490333919156416,73.42706502636204,83.93673110720563
COC(c1cncnc1)C(C)CCN1CCN(CC(S)OO)CC1,356.492,1.5534,8,2,4.0,0.30102593986236276,3,70.95000000000002,0,4,2,0.1494916,0.34963405,0.6480292,0.00035038753,0.011686483,0.020894524,0.004129751,0.22515133,0.07006842,0.14372072,0.16301346,0.18026578,0.09968494,0.10366623,0.9856124,0.002018359,0.012755717,0.008179491,0.004774204,0.003855039,0.028959122,2.2814465e-05,0.43056527,0.015920829,0.04105134,0.0003436379,0.0038108188,0.0014243206,0.0013913778,0.54961723,0.66392267,-5.4917197,20.5806,14.821381,20.61257,-17.312275,2.7744758,-0.34110585,9.340124,-0.85855913,5.1544924,55.008787346221446,38.34797891036907,84.51669595782074,61.37082601054482,63.44463971880493,20.175746924428825,76.60808435852373,47.240773286467494,47.59226713532514,99.27943760984184,95.07908611599298,37.750439367311074,22.1792618629174,26.748681898066785,9.560632688927944,17.750439367311074,12.970123022847101,20.597539543057998,70.75571177504395,54.41124780316345,21.01933216168717,64.85061511423551,54.02460456942004,50.72056239015818,19.68365553602812,37.293497363796135,11.70474516695958,25.51845342706503,35.746924428822496,29.420035149384887,13.778558875219685,5.6942003514938495,3.5149384885764503,31.142355008787348,36.836555360281196,22.42530755711775,6.748681898066785,23.163444639718808,15.922671353251319,6.994727592267136,53.919156414762746,70.57996485061513,24.077328646748683,38.242530755711776,39.08611599297013,58.875219683655544,24.253075571177508,70.29876977152901,25.413005272407734,4.850615114235501,85.30755711775045,74.97363796133568
COC(c1cncnc1)C(C)CCc1ccccc1SCC(S)OO,380.535,4.2706000000000035,7,2,4.0,0.21095774471067236,3,64.47000000000001,0,4,2,0.17152646,0.47714525,0.7728543,0.38375995,0.9320496,0.13519475,0.80457056,0.120734215,0.6822532,0.55622864,0.9947678,0.13379726,0.17201263,0.7132958,0.99998426,0.0034419198,0.012023079,0.34968472,0.60118,0.026577238,0.04343519,0.006767874,0.8585556,0.5487279,0.38548377,0.0145819215,0.2715482,0.17009838,0.033862904,0.3265942,0.87885237,-5.1398096,76.755714,61.18813,8.791837,-13.973648,2.626074,2.6987586,84.336365,-3.3459096,5.984792,60.878734622144115,81.12478031634447,79.85940246045695,61.37082601054482,63.44463971880493,12.267135325131811,76.60808435852373,42.70650263620387,47.59226713532514,99.27943760984184,95.07908611599298,41.44112478031635,31.177504393673114,45.27240773286468,76.2390158172232,97.89103690685414,51.247803163444644,96.59050966608085,53.32161687170475,89.701230228471,62.07381370826011,99.15641476274166,41.26537785588753,65.97539543057997,66.6432337434095,88.04920913884008,19.894551845342708,23.58523725834798,88.85764499121267,98.55887521968367,60.84358523725835,15.817223198594027,51.14235500878735,58.558875219683664,79.54305799648508,77.08260105448156,58.734622144112485,94.44639718804922,71.49384885764499,52.61862917398946,24.60456942003515,85.0615114235501,38.73462214411248,78.4182776801406,75.71177504393674,37.750439367311074,41.58172231985941,61.61687170474517,74.44639718804922,60.562390158172235,44.81546572934974,78.66432337434095
