smiles,molecular_weight,logP,hydrogen_bond_acceptors,hydrogen_bond_donors,Lipinski,QED,stereo_centers,tpsa,PAINS_alert,BRENK_alert,NIH_alert,AMES,BBB_Martins,Bioavailability_Ma,CYP1A2_Veith,CYP2C19_Veith,CYP2C9_Substrate_CarbonMangels,CYP2C9_Veith,CYP2D6_Substrate_CarbonMangels,CYP2D6_Veith,CYP3A4_Substrate_CarbonMangels,CYP3A4_Veith,Carcinogens_Lagunin,ClinTox,DILI,HIA_Hou,NR-AR-LBD,NR-AR,NR-AhR,NR-Aromatase,NR-ER-LBD,NR-ER,NR-PPAR-gamma,PAMPA_NCATS,Pgp_Broccatelli,SR-ARE,SR-ATAD5,SR-HSE,SR-MMP,SR-p53,Skin_Reaction,hERG,Caco2_Wang,Clearance_Hepatocyte_AZ,Clearance_Microsome_AZ,Half_Life_Obach,HydrationFreeEnergy_FreeSolv,LD50_Zhu,Lipophilicity_AstraZeneca,PPBR_AZ,Solubility_AqSolDB,VDss_Lombardo,molecular_weight_drugbank_approved_percentile,logP_drugbank_approved_percentile,hydrogen_bond_acceptors_drugbank_approved_percentile,hydrogen_bond_donors_drugbank_approved_percentile,Lipinski_drugbank_approved_percentile,QED_drugbank_approved_percentile,stereo_centers_drugbank_approved_percentile,tpsa_drugbank_approved_percentile,PAINS_alert_drugbank_approved_percentile,BRENK_alert_drugbank_approved_percentile,NIH_alert_drugbank_approved_percentile,AMES_drugbank_approved_percentile,BBB_Martins_drugbank_approved_percentile,Bioavailability_Ma_drugbank_approved_percentile,CYP1A2_Veith_drugbank_approved_percentile,CYP2C19_Veith_drugbank_approved_percentile,CYP2C9_Substrate_CarbonMangels_drugbank_approved_percentile,CYP2C9_Veith_drugbank_approved_percentile,CYP2D6_Substrate_CarbonMangels_drugbank_approved_percentile,CYP2D6_Veith_drugbank_approved_percentile,CYP3A4_Substrate_CarbonMangels_drugbank_approved_percentile,CYP3A4_Veith_drugbank_approved_percentile,Carcinogens_Lagunin_drugbank_approved_percentile,ClinTox_drugbank_approved_percentile,DILI_drugbank_approved_percentile,HIA_Hou_drugbank_approved_percentile,NR-AR-LBD_drugbank_approved_percentile,NR-AR_drugbank_approved_percentile,NR-AhR_drugbank_approved_percentile,NR-Aromatase_drugbank_approved_percentile,NR-ER-LBD_drugbank_approved_percentile,NR-ER_drugbank_approved_percentile,NR-PPAR-gamma_drugbank_approved_percentile,PAMPA_NCATS_drugbank_approved_percentile,Pgp_Broccatelli_drugbank_approved_percentile,SR-ARE_drugbank_approved_percentile,SR-ATAD5_drugbank_approved_percentile,SR-HSE_drugbank_approved_percentile,SR-MMP_drugbank_approved_percentile,SR-p53_drugbank_approved_percentile,Skin_Reaction_drugbank_approved_percentile,hERG_drugbank_approved_percentile,Caco2_Wang_drugbank_approved_percentile,Clearance_Hepatocyte_AZ_drugbank_approved_percentile,Clearance_Microsome_AZ_drugbank_approved_percentile,Half_Life_Obach_drugbank_approved_percentile,HydrationFreeEnergy_FreeSolv_drugbank_approved_percentile,LD50_Zhu_drugbank_approved_percentile,Lipophilicity_AstraZeneca_drugbank_approved_percentile,PPBR_AZ_drugbank_approved_percentile,Solubility_AqSolDB_drugbank_approved_percentile,VDss_Lombardo_drugbank_approved_percentile
CON(CCON1CCN(C(C)C(=O)O)CC1)C1COCOC1,333.385,-0.755,8,1,4,0.5764964912,1,83.94,0,1,0,0.6632703,0.61212987,0.80687344,0.00018609126,0.024799729,0.026142102,0.0018289555,0.041618586,0.0027683072,0.15183292,0.0012314173,0.29313466,0.05631488,0.15294716,0.9419551,0.003734161,0.010209086,0.0006598964,0.00042603965,0.0042652697,0.07680107,0.0002534421,0.2997794,0.0015370194,0.029363234,0.0014038691,0.0009807266,0.00011397435,0.0045438753,0.7971727,0.058566175,-5.4116488,24.414143,-9.392157,-8.047511,-16.028168,1.5702486,-1.6356242,10.4024725,-0.4810819,-2.4297423,49.94727592,16.20386643,84.51669596,36.59050967,63.44463972,57.08260105,55.32513181,57.39894552,47.59226714,66.5202109,37.18804921,89.66608084,41.08963093,52.12653779,8.330404218,28.47100176,14.48154657,12.75922671,27.38137083,8.752196837,21.89806678,19.47275923,76.13356766,34.79789104,28.04920914,30.05272408,21.19507909,18.73462214,7.346221441,5.553602812,15.60632689,43.40949033,8.400702988,26.39718805,17.60984183,15.60632689,19.57820738,8.963093146,3.620386643,19.2970123,84.71001757,26.01054482,26.15114236,43.0228471,15.25483304,9.771528998,29.31458699,6.783831283,11.07205624,4.956063269,90.01757469,13.74340949
COB(CCON1CCN(C(C)C(=O)O)CC1)C1COCOC1,330.19,0.0211,7,1,4,0.6241765246,1,80.7,0,1,1,0.51654476,0.6218432,0.8326701,0.00026532242,0.025087941,0.0380951,0.002132571,0.04953571,0.0052529536,0.17363639,0.0012335107,0.23881376,0.07129147,0.15997759,0.9388628,0.006146672,0.014359122,0.00063008565,0.0008526399,0.0060364916,0.08163752,0.0006447444,0.323399,0.0035595424,0.03471302,0.0017118882,0.0022045246,0.00025038808,0.006455342,0.7370655,0.053713568,-5.33534,25.09473,-4.9406776,-11.3725395,-15.263016,1.6941516,-1.3110119,21.104809,-0.7685697,-2.6555104,49.13884007,22.98769772,79.85940246,36.59050967,63.44463972,63.4797891,55.32513181,55.14938489,47.59226714,66.5202109,83.09314587,80.24604569,41.96836555,58.55887522,8.787346221,28.6115993,18.62917399,14.23550088,29.94727592,16.37961336,23.97188049,19.47275923,66.64323374,40.94903339,29.24428822,29.66608084,33.39191564,29.20913884,7.205623902,9.34973638,22.39015817,46.43233743,14.62214411,27.02987698,24.28822496,18.98066784,22.17926186,15.5711775,5.272407733,23.62038664,77.32864675,25.06151142,29.24428822,43.65553603,19.22671353,6.889279438,33.88400703,10.40421793,14.27065026,9.595782074,86.53778559,11.98594025
COC(CCON1CCN(C(C)C(=O)O)CC1)C1COCOC1,332.397,0.0343,7,1,4,0.6670003705,2,80.7,0,0,0,0.2624839,0.60156745,0.86111087,0.00022426911,0.03440026,0.05131054,0.004812895,0.05583003,0.0056848326,0.184823,0.0023946029,0.18981846,0.060224026,0.19774523,0.9746126,0.004039554,0.014298767,0.00064490724,0.0010826126,0.0049431203,0.06682576,0.0010424597,0.41712046,0.008672761,0.03329137,0.0011724791,0.0019005261,0.00036869972,0.0034501266,0.6388096,0.0713251,-5.345862,21.909697,-11.827046,-8.936451,-15.171068,1.6445612,-1.4803307,16.151302,-0.5255036,-2.293361,49.66608084,23.09314587,79.85940246,36.59050967,63.44463972,69.66608084,69.84182777,55.14938489,47.59226714,25.86994728,37.18804921,56.06326889,40.35149385,66.08084359,8.506151142,33.9543058,22.81195079,22.21441125,32.19683656,17.39894552,25.13181019,23.26889279,56.48506151,36.44991213,33.98945518,34.44639719,22.91739895,29.03339192,7.240773286,11.56414763,18.24253076,36.37961336,19.12126538,30.61511424,31.88049209,18.45342707,16.9771529,13.84885764,6.643233743,15.67662566,66.11599297,27.9086116,28.75219684,40,13.4973638,8.752196837,34.23550088,8.752196837,12.58347979,7.205623902,89.45518453,14.93848858
COC(N)(CCON1CCN(C(C)C(=O)O)CC1)C1COCOC1,347.412,-0.6793,8,2,4,0.5523007343,2,106.72,0,1,1,0.44898915,0.4977551,0.76092297,0.000105873376,0.011208406,0.019952934,0.0012139238,0.069916226,0.003669568,0.12115987,0.001287303,0.16697611,0.05965664,0.07944441,0.87296534,0.0046579945,0.019677062,0.0005586124,0.0003854035,0.0043296656,0.08000921,0.00017914406,0.25113449,0.0020073212,0.02199943,0.0008718581,0.00074154907,0.00011562108,0.0028779735,0.75051117,0.06186654,-5.8248124,12.903117,-17.132935,-2.9412973,-18.074036,1.4648129,-2.226603,0.55802155,-0.33520564,-1.7874763,52.93497364,16.5202109,84.51669596,61.37082601,63.44463972,53.9543058,69.84182777,71.59929701,47.59226714,66.5202109,83.09314587,74.48154657,32.7943761,42.74165202,7.135325132,17.18804921,12.58347979,9.314586995,37.4340949,11.73989455,18.41827768,19.96485062,50.9314587,36.20386643,15.3602812,25.06151142,26.25659051,39.71880492,6.713532513,5.166959578,15.88752197,45.3427065,7.029876977,24.25307557,19.57820738,11.10720562,13.63796134,7.69771529,3.620386643,13.63796134,78.91036907,26.7486819,17.04745167,29.20913884,10.40421793,17.29349736,21.4059754,4.639718805,7.065026362,2.776801406,91.59929701,19.15641476
COP(=S)(CCON1CCN(C(C)C(=O)O)CC1)C1COCOC1,382.419,0.4225,8,1,4,0.6009233166,2,80.7,0,1,1,0.3997519,0.6417934,0.8512561,0.0008564062,0.06027795,0.07454677,0.0104253935,0.06253093,0.011538354,0.25696164,0.006477387,0.23870035,0.08789957,0.29711422,0.9736473,0.0074890503,0.016066626,0.0020101774,0.0022134006,0.008587563,0.085618585,0.0019462768,0.4338015,0.01153261,0.05448424,0.0031833122,0.004264123,0.0007557435,0.011034885,0.62185526,0.09987006,-5.564428,19.800114,6.405751,-11.321352,-15.876973,2.03555,-0.992881,27.750153,-1.0657077,-2.5843506,61.12478032,26.29173989,84.51669596,36.59050967,63.44463972,60.31634446,69.84182777,55.14938489,47.59226714,66.5202109,83.09314587,70.33391916,43.65553603,63.97188049,13.14586995,43.09314587,29.17398946,32.5483304,34.44639719,26.88927944,33.14586995,31.35325132,66.60808436,47.4516696,42.81195079,34.20035149,39.33216169,32.7943761,14.34094903,19.85940246,31.10720562,48.40070299,27.52196837,31.24780316,34.23550088,29.5254833,31.03690685,24.78031634,11.03690685,31.35325132,63.37434095,31.66959578,22.35500879,37.01230228,30.15817223,6.959578207,30.08787346,25.13181019,17.64499121,13.88400703,82.63620387,12.47803163
COC(C)(CCON1CCN(C(C)C(=O)O)CC1)C1COCOC1,346.424,0.4244,7,1,4,0.6774711888,2,80.7,0,0,0,0.19490017,0.5718989,0.84242296,0.00032243237,0.0582067,0.054623347,0.0111978855,0.07341092,0.0074081756,0.22599623,0.00648901,0.17482892,0.06683153,0.18720675,0.9768526,0.0043833596,0.016290931,0.0010799948,0.001440833,0.007079261,0.07313299,0.0015305725,0.50628495,0.014750397,0.0417038,0.0013329678,0.0023785057,0.000751833,0.0035934958,0.6333664,0.10793205,-5.311471,29.282047,-4.7750983,-9.621256,-14.929514,1.5791203,-1.266926,20.468058,-0.77983886,-1.882336,52.82952548,26.32688928,79.85940246,36.59050967,63.44463972,71.35325132,69.84182777,55.14938489,47.59226714,25.86994728,37.18804921,46.0456942,38.41827768,61.08963093,9.34973638,42.49560633,23.7258348,33.67311072,39.05096661,21.1599297,30.228471,31.35325132,52.75922671,39.543058,33.00527241,35.00878735,25.06151142,33.42706503,9.384885764,14.44639719,26.01054482,41.47627417,24.14762742,34.48154657,36.09841828,22.81195079,18.8400703,16.44991213,11.03690685,16.20386643,65.16695958,32.26713533,30.26362039,47.73286467,19.2970123,8.049209139,35.53602812,6.959578207,14.6572935,9.173989455,86.43233743,18.48857645
COC(Cl)(CCON1CCN(C(C)C(=O)O)CC1)C1COCOC1,366.842,0.6008,7,1,4,0.6254782474,2,80.7,0,1,1,0.4222103,0.6727211,0.8650788,0.0005666312,0.07196371,0.06991813,0.010254896,0.064403236,0.007977334,0.2893602,0.009261498,0.24018614,0.0769385,0.25270396,0.9787215,0.0067994073,0.012444766,0.0014640836,0.0028662763,0.009084935,0.07547226,0.0032720696,0.57320666,0.0149717955,0.06793849,0.0028892213,0.006570159,0.001356532,0.011215901,0.68141115,0.11157469,-5.336088,25.631765,-4.3948717,-8.680221,-14.806157,1.715094,-1.1361758,25.799175,-0.8204589,-1.1360815,57.60984183,28.01405975,79.85940246,36.59050967,63.44463972,63.69068541,69.84182777,55.14938489,47.59226714,66.5202109,83.09314587,72.05623902,46.18629174,67.27592267,11.35325132,46.46748682,27.87346221,32.12653779,34.97363796,22.14411248,36.69595782,33.91915641,66.78383128,43.09314587,39.57820738,35.64147627,36.23901582,24.81546573,12.05623902,22.67135325,32.72407733,42.77680141,37.85588752,36.94200351,36.20386643,33.9543058,29.771529,32.82952548,15.32513181,31.59929701,71.03690685,32.72407733,29.24428822,44.21792619,19.543058,9.103690685,36.41476274,11.03690685,16.13356766,12.58347979,85.79964851,24.67486819
CO[Si](C)(CCON1CCN(C(C)C(=O)O)CC1)C1COCOC1,362.499,0.6049,7,1,4,0.6291098218,2,80.7,0,1,1,0.23414223,0.54689515,0.82828605,0.00022930939,0.045809776,0.04476968,0.006947931,0.0667026,0.00629266,0.18354642,0.0035564427,0.18692468,0.058348823,0.14478484,0.95676863,0.0040503917,0.014128265,0.00081858656,0.0009877237,0.0064798906,0.075906515,0.0008056119,0.43084836,0.008165391,0.033477854,0.0009850783,0.001876363,0.0004672409,0.0030790693,0.6753842,0.08740043,-5.2672462,32.84495,-0.545702,-9.635226,-14.53876,1.6415269,-1.0203677,26.33081,-1.0380915,-1.6230767,56.90685413,28.01405975,79.85940246,36.59050967,63.44463972,64.11247803,69.84182777,55.14938489,47.59226714,66.5202109,83.09314587,52.19683656,36.41476274,57.53954306,8.541300527,38.98066784,20.80843585,26.60808436,36.02811951,18.66432337,25.06151142,26.57293497,55.67662566,35.71177504,26.64323374,31.45869947,22.98769772,28.6115993,7.943760984,10.72056239,23.86643234,42.95254833,16.5202109,31.14235501,31.45869947,18.55887522,15.3602812,13.81370826,7.873462214,14.4112478,70.08787346,29.98242531,32.23198594,51.31810193,23.76098418,8.014059754,37.92618629,8.717047452,17.18804921,12.89982425,82.88224956,20.66783831
CC(C(=O)O)N1CCN(OCCC(F)(C(C)N)C2COCOC2)CC1,363.43,0.0748,7,2,4,0.6255419125,3,97.49,0,0,0,0.20944205,0.5049173,0.7160791,0.0005340389,0.034491275,0.03619638,0.007873593,0.10861121,0.013823355,0.1595424,0.007311252,0.19472209,0.06410294,0.07746309,0.8952812,0.006028772,0.021849515,0.0013223363,0.0010799252,0.008252412,0.094203874,0.00075742864,0.39702576,0.01073509,0.038928747,0.0011734206,0.0016255267,0.00062532315,0.0030504512,0.72958696,0.13069597,-5.7761087,-0.50858533,-14.710592,-5.906961,-17.40874,2.1917508,-1.8007303,4.7205534,-0.5972569,-2.5194752,57.04745167,23.44463972,79.85940246,61.37082601,63.44463972,63.69068541,76.60808436,66.08084359,47.59226714,25.86994728,37.18804921,48.33040422,33.28646749,35.25483304,11.28295255,33.98945518,18.06678383,28.26010545,49.771529,29.49033392,22.53075571,32.19683656,57.82073814,38.48857645,15.00878735,26.08084359,32.82952548,43.93673111,11.07205624,11.56414763,30.26362039,53.67311072,15.92267135,30.05272408,33.63796134,21.37082601,17.01230228,12.47803163,9.912126538,14.23550088,76.23901582,35.1142355,17.71528998,14.97363796,11.84534271,12.65377856,23.97188049,34.13005272,9.876977153,3.585237258,88.57644991,13.14586995
CCC(O)(CCON1CCN(C(C)C(=O)O)CC1)C1COCOC1,346.424,0.1604,7,2,4,0.6422100491,2,91.7,0,0,0,0.28617996,0.55005395,0.7839463,0.0003754957,0.03071186,0.04055775,0.006076309,0.078219295,0.010324127,0.16581406,0.0033122706,0.16925773,0.06323064,0.1168432,0.90414345,0.0074203536,0.02225953,0.0011056373,0.0012332362,0.008153634,0.09205131,0.0009600048,0.35255432,0.0109726805,0.038853742,0.0017517267,0.0021382966,0.0005962593,0.0048112245,0.6756081,0.087070204,-5.4305825,20.493387,-9.085722,-4.825945,-16.147831,1.6602023,-1.4646556,13.51398,-0.591781,-1.5578549,52.82952548,24.35852373,79.85940246,61.37082601,63.44463972,65.65905097,69.84182777,62.53075571,47.59226714,25.86994728,37.18804921,58.66432337,36.5202109,47.48681898,9.841827768,32.19683656,19.26186292,24.92091388,40.77328647,25.44815466,23.23374341,25.94024605,51.56414763,37.92618629,21.65202109,26.53778559,39.12126538,44.67486819,9.490333919,12.86467487,29.98242531,52.30228471,18.45342707,28.15465729,33.81370826,21.33567663,22.53075571,15.18453427,9.560632689,19.82425308,70.15817223,29.98242531,25.69420035,38.20738137,15.53602812,14.20035149,28.96309315,9.173989455,12.68892794,5.905096661,88.57644991,21.19507909
CNP(=O)(CCON1CCN(C(C)C(=O)O)CC1)C1COCOC1,365.367,-0.1209,7,2,4,0.5701753649,2,100.57,0,1,1,0.41173372,0.5143656,0.79699355,0.000207688,0.0108613465,0.023699563,0.0013522635,0.05297982,0.0044453912,0.11305137,0.0006934482,0.16462854,0.05133319,0.13055255,0.87208825,0.0059183524,0.022939034,0.000682819,0.00043787123,0.004636554,0.096346274,0.00020599877,0.1925193,0.0021844765,0.020315854,0.001190255,0.00082617,0.00013335698,0.0037796074,0.6666659,0.039890304,-5.940168,11.841067,-3.1186008,-8.931673,-19.139805,1.7504421,-1.6797634,7.2811584,-0.4783423,-2.7818134,57.22319859,21.1599297,79.85940246,61.37082601,63.44463972,56.23901582,69.84182777,68.11950791,47.59226714,66.5202109,83.09314587,71.31810193,33.84885764,49.98242531,8.471001757,16.69595782,13.9543058,10.43936731,31.21265378,13.9543058,17.36379613,15.78207381,50.15817223,32.68892794,23.83128295,24.99121265,32.19683656,45.86994728,7.451669596,5.764499121,17.08260105,55.00878735,7.486818981,21.93321617,20.07029877,10.15817223,17.15289982,8.260105448,3.796133568,16.76625659,69.17398946,21.47627417,15.04393673,27.66256591,21.12478032,8.752196837,18.34797891,11.98594025,10.86115993,4.077328647,90.01757469,11.24780316
CC(C(=O)O)N1CCN(OCCC(O)(C(C)N)C2COCOC2)CC1,361.439,-0.9024,8,3,4,0.50520097,3,117.72,0,0,0,0.30392984,0.39398253,0.64391226,0.00021729323,0.01798499,0.017251514,0.003340949,0.08759699,0.0077035674,0.10109627,0.0029357956,0.1466918,0.039472535,0.0492825,0.733297,0.0059332475,0.0283454,0.0009159871,0.00062008377,0.0064057866,0.0981158,0.00018897226,0.19529791,0.004070302,0.025803372,0.0008158195,0.0007429652,0.00020709727,0.0021540464,0.7421788,0.08297934,-5.9915338,1.7557361,-15.664668,-3.3859649,-20.135136,1.8131443,-2.145388,-4.5140824,-0.24769774,-1.7828268,56.5202109,15.53602812,84.51669596,78.20738137,63.44463972,47.10017575,76.60808436,77.15289982,47.59226714,25.86994728,37.18804921,60.59753954,25.09666081,26.39718805,8.471001757,23.83128295,11.66959578,18.48857645,43.93673111,21.75746924,15.46572935,24.92091388,44.99121265,26.01054482,9.876977153,20.35149385,32.26713533,54.09490334,8.400702988,7.416520211,23.65553603,55.67662566,7.135325132,22.00351494,25.55360281,13.70826011,13.11072056,7.69771529,4.780316344,10.4745167,77.92618629,29.49033392,14.13005272,16.23901582,11.24780316,16.55536028,16.87170475,14.55184534,7.803163445,1.933216169,92.12653779,19.22671353
CC(C(=O)O)N1CCN(OCCC(O)(C(C)S)C2COCOC2)CC1,378.491,0.0687,8,3,4,0.5113015534,3,91.7,0,1,0,0.3401173,0.4707242,0.73285866,0.0002006926,0.026810054,0.036695227,0.004765877,0.04972864,0.009080963,0.16180246,0.0032751958,0.16675591,0.062041678,0.101545475,0.82422054,0.009485062,0.020022536,0.0008388044,0.0011508097,0.009480529,0.08729814,0.0011976232,0.23937127,0.0065936344,0.040922314,0.0020086956,0.0028187153,0.00048062406,0.00611995,0.69280267,0.07626313,-5.6021395,18.812197,-1.697129,-7.198104,-17.576069,1.8717779,-1.2178041,20.593685,-0.94917613,-1.4858729,60.38664323,23.33919156,84.51669596,78.20738137,63.44463972,47.73286467,76.60808436,62.53075571,47.59226714,66.5202109,37.18804921,64.32337434,30.72056239,37.75043937,8.400702988,30.01757469,18.24253076,22.07381371,30.15817223,23.93673111,22.77680141,25.86994728,50.9314587,37.32864675,19.26186292,23.23374341,45.79964851,40.59753954,8.014059754,12.26713533,34.16520211,49.5254833,21.1599297,23.86643234,29.45518453,22.3198594,24.00702988,18.69947276,7.978910369,22.88224956,72.02108963,28.68189807,21.68717047,35.78207381,22.53075571,10.82601054,23.44463972,17.22319859,15.32513181,9.314586995,84.28822496,22.07381371
CC(C(=O)O)N1CCN(OCCC(O)(C(C)C)C2COCOC2)CC1,360.451,0.4064,7,2,4,0.6429767203,2,91.7,0,0,0,0.2524524,0.5142446,0.78841794,0.00031092862,0.04417658,0.039068572,0.008670246,0.07978663,0.011315355,0.19682924,0.005751493,0.15959409,0.058202714,0.12574503,0.9150096,0.006704072,0.01981231,0.0010214398,0.0015570701,0.009193041,0.08430468,0.0012759751,0.3997054,0.0155605525,0.045135938,0.001573384,0.0024084416,0.0008823597,0.0042533916,0.6649941,0.10886421,-5.405323,23.142212,-2.5626175,-7.099758,-15.984311,1.770492,-1.1495904,20.55449,-0.88624966,-1.3974699,56.13356766,26.22144112,79.85940246,61.37082601,63.44463972,65.76449912,69.84182777,62.53075571,47.59226714,25.86994728,37.18804921,54.6572935,33.84885764,48.54130053,9.20913884,38.41827768,18.91036907,29.56063269,41.4059754,26.64323374,26.43233743,30.50966608,48.57644991,35.60632689,22.95254833,27.4516696,35.85237258,40.03514938,8.927943761,15.39543058,33.21616872,47.55711775,22.10896309,30.08787346,36.66080844,24.60456942,20.84358524,16.59050967,11.95079086,18.48857645,68.89279438,32.40773286,26.32688928,41.51142355,21.6168717,10.9314587,29.59578207,12.82952548,15.99297012,9.20913884,85.02636204,22.70650264
CC(C(=O)O)N1CCN(OCCC(O)(C(C)Br)C2COCOC2)CC1,425.32,0.5338,7,2,4,0.5448263812,3,91.7,0,1,1,0.4716417,0.5957588,0.7778553,0.00030584994,0.048120707,0.055043172,0.0073973266,0.045991585,0.011475621,0.2646323,0.0058710915,0.20987436,0.078149304,0.15967177,0.91758215,0.010619326,0.014456702,0.0009396272,0.0022141892,0.010963841,0.079806775,0.0032634798,0.37145978,0.010223983,0.067503504,0.0035359177,0.0057612797,0.0010854997,0.011841895,0.7196846,0.10051658,-5.4892693,13.807574,1.0592029,-7.6854506,-16.492817,2.2447867,-0.8935873,27.175114,-1.0861915,-1.6462322,71.07205624,27.4516696,79.85940246,61.37082601,63.44463972,52.68892794,76.60808436,62.53075571,47.59226714,66.5202109,83.09314587,76.62565905,39.85940246,46.25659051,9.173989455,39.75395431,23.86643234,27.52196837,29.0685413,26.78383128,34.23550088,30.75571178,61.44112478,43.58523726,29.17398946,27.73286467,48.75219684,29.5254833,8.471001757,19.85940246,38.52372583,45.16695958,37.85588752,29.0685413,33.2513181,33.74340949,32.75922671,30.19332162,13.4973638,33.00527241,75.18453427,31.66959578,24.07732865,29.98242531,25.23725835,10.12302285,27.31107206,37.6801406,18.87521968,13.32161687,82.46045694,20.456942
C=C(C)C(O)(CCON1CCN(C(C)C(=O)O)CC1)C1COCOC1,358.435,0.3265,7,2,4,0.5998892597,2,91.7,0,1,0,0.2278856,0.50829875,0.7507154,0.00039032398,0.03759736,0.046483733,0.008150435,0.06167059,0.014692955,0.19833696,0.007220117,0.1539557,0.069147244,0.11706189,0.9021351,0.008734075,0.023317808,0.0011380904,0.0017204501,0.00981203,0.08768711,0.0015776014,0.3114396,0.014385799,0.051649272,0.0017738013,0.003618716,0.000689918,0.0059844083,0.6194202,0.104899004,-5.4446306,18.986267,0.8509983,-12.241185,-16.167961,2.0443769,-1.0317056,23.941217,-0.939676,-2.7669275,55.53602812,25.62390158,79.85940246,61.37082601,63.44463972,60.14059754,69.84182777,62.53075571,47.59226714,66.5202109,37.18804921,51.24780316,33.4973638,40.84358524,9.912126538,35.53602812,21.37082601,28.92794376,34.20035149,30.36906854,26.60808436,32.02108963,46.81898067,40.14059754,21.65202109,26.32688928,43.33919156,46.53778559,9.630931459,16.66080844,35.07908612,49.771529,24.39367311,26.78383128,36.02811951,28.15465729,22.5659051,22.03866432,10.4745167,22.67135325,63.09314587,32.12653779,25.23725835,36.02811951,25.06151142,5.869947276,28.71704745,25.55360281,17.15289982,11.31810193,84.28822496,11.28295255
CC(C(=O)O)N1CCN(OCCC(O)(C(C)Cl)C2COCOC2)CC1,380.869,0.3777,7,2,4,0.5837884235,3,91.7,0,1,1,0.4106365,0.5956375,0.7917512,0.00032651916,0.040659785,0.05017867,0.006516012,0.055372793,0.011480612,0.23804708,0.0052923216,0.19611302,0.07087871,0.14476553,0.928175,0.008422071,0.01604313,0.0010650387,0.002036836,0.009445455,0.081282794,0.0020755567,0.38135004,0.011503831,0.056203812,0.002478587,0.004413779,0.0010326258,0.008234996,0.70052415,0.10403416,-5.4833,14.995481,-4.244713,-6.020829,-16.522585,2.0595284,-1.1478342,20.861704,-0.79490244,-1.4113171,60.94903339,25.97539543,79.85940246,61.37082601,63.44463972,58.10193322,76.60808436,62.53075571,47.59226714,66.5202109,83.09314587,71.17750439,39.85940246,49.0685413,9.34973638,36.94200351,22.63620387,25.65905097,32.12653779,26.78383128,31.56414763,29.771529,58.06678383,40.80843585,26.64323374,28.50615114,42.28471002,32.75922671,9.244288225,18.80492091,34.09490334,46.18629174,28.6115993,29.31458699,34.16520211,30.29876977,27.02987698,25.44815466,13.04042179,26.64323374,73.07557118,32.0913884,24.14762742,31.35325132,19.71880492,12.51318102,27.24077329,26.25659051,15.99297012,9.490333919,86.22144112,22.5659051
CC(C(=O)O)N1CCN(OCCC2(C3COCOC3)OC2C)CC1,344.408,0.1768,7,1,4,0.6548681396,3,84,0,1,0,0.46550107,0.6356013,0.8202626,0.00016778531,0.036347006,0.0478175,0.00456639,0.051869236,0.009416775,0.2504968,0.0045114076,0.19649173,0.09225626,0.18976007,0.9569979,0.007597716,0.01719681,0.00065362104,0.0019485734,0.0074273623,0.073205635,0.0018456267,0.39887184,0.013187927,0.054960646,0.0025249398,0.0038928532,0.00062857673,0.009340785,0.68569565,0.09845405,-5.3853316,16.379633,-8.284144,-8.635477,-15.629435,1.8739567,-1.2293565,21.776043,-0.8043957,-1.9582169,52.44288225,24.4288225,79.85940246,36.59050967,63.44463972,67.83831283,76.60808436,57.4340949,47.59226714,66.5202109,37.18804921,76.09841828,43.12829525,55.3602812,8.119507909,34.83304042,21.82776801,21.44112478,30.89630931,24.32337434,32.44288225,28.22495606,58.1370826,48.64674868,33.14586995,31.45869947,39.64850615,35.3602812,7.275922671,18.17223199,27.27592267,41.51142355,26.57293497,30.08787346,35.46572935,29.70123023,27.4516696,23.62038664,9.912126538,28.85764499,71.35325132,31.45869947,27.27592267,32.86467487,16.16871705,9.13884007,31.3884007,17.50439367,15.14938489,9.947275923,86.08084359,17.82073814
CN=S(=O)(CCON1CCN(C(C)C(=O)O)CC1)C1COCOC1,365.452,-0.5206,8,1,4,0.6431426886,2,100.9,0,0,0,0.52110994,0.6104612,0.80455625,0.00023578599,0.025072187,0.040707994,0.0034215387,0.05673506,0.0072705755,0.17729989,0.001788412,0.26102307,0.069337815,0.14898884,0.9109522,0.0068925745,0.013874869,0.0007885607,0.00090655143,0.0071735294,0.088821396,0.00070845307,0.31043333,0.005659086,0.04273175,0.002039148,0.0025045883,0.0002871242,0.0076064058,0.74496603,0.06395193,-5.6005926,23.37441,0.8201477,-9.68239,-17.276905,1.5973489,-1.4910196,18.529673,-0.75678015,-2.6663322,57.29349736,17.75043937,84.51669596,36.59050967,63.44463972,65.76449912,69.84182777,68.48857645,47.59226714,25.86994728,37.18804921,80.52724077,40.94903339,51.88049209,8.576449912,28.6115993,19.2970123,18.62917399,32.72407733,20.94903339,24.35852373,21.79261863,70.9314587,40.17574692,27.55711775,27.24077329,36.55536028,27.97891037,7.873462214,9.947275923,26.36203866,50.33391916,15.39543058,26.71353251,28.11950791,23.30404218,24.21792619,17.08260105,5.729349736,25.83479789,78.31282953,27.06502636,21.72231986,41.93321617,25.02636204,7.978910369,24.4288225,7.521968366,12.47803163,8.224956063,86.71353251,11.88049209
CCP(=O)(CCON1CCN(C(C)C(=O)O)CC1)C1COCOC1,364.379,0.7646,7,1,4,0.6319255075,2,88.54,0,1,0,0.45499116,0.55533916,0.80696857,0.00028133986,0.015866285,0.043934036,0.0027752097,0.06526542,0.0065139756,0.17696467,0.0017920237,0.15780458,0.078608714,0.15588725,0.9068489,0.009352729,0.025450433,0.0009453461,0.001048984,0.0071418816,0.099422,0.0007997906,0.31629762,0.0073374165,0.03873717,0.0024356153,0.0020740689,0.0003324001,0.008000069,0.68039733,0.059704453,-5.4731207,23.206594,-9.178423,-4.77934,-16.797503,1.455897,-1.8086138,2.5873795,-0.13034916,-1.9476402,57.11775044,29.66608084,79.85940246,36.59050967,63.44463972,64.39367311,69.84182777,60.17574692,47.59226714,66.5202109,37.18804921,75.07908612,37.08260105,52.12653779,9.033391916,22.35500879,20.52724077,16.55536028,35.3602812,19.2970123,24.35852373,21.79261863,48.11950791,43.7258348,28.57644991,26.7486819,45.3427065,49.73637961,8.576449912,11.31810193,26.18629174,56.5202109,16.34446397,26.85413005,30.72056239,21.30052724,26.81898067,15.00878735,6.151142355,26.29173989,70.9314587,26.22144112,24.53427065,41.75746924,15.46572935,14.30579965,26.32688928,4.46397188,9.841827768,2.95254833,92.75922671,17.89103691
CSC(F)(CCON1CCN(C(C)C(=O)O)CC1)C1COCOC1,366.455,1.0481,7,1,4,0.683503059,2,71.47,0,0,0,0.15959288,0.5961989,0.8382184,0.0006377295,0.09161888,0.073518634,0.017030992,0.07613737,0.011665619,0.26168185,0.010892691,0.21918324,0.06910564,0.2121393,0.9768909,0.006446642,0.0155947255,0.0014945539,0.0028097401,0.0108128935,0.07826166,0.002609423,0.554316,0.019741032,0.061541043,0.0018607952,0.0047432524,0.0012918918,0.006676705,0.6270188,0.11840545,-5.2956038,24.888615,0.33434716,-12.912542,-14.064791,1.910963,-0.7127232,34.105316,-1.2447605,-1.9542433,57.50439367,32.16168717,79.85940246,36.59050967,63.44463972,72.47803163,69.84182777,47.55711775,47.59226714,25.86994728,37.18804921,39.26186292,39.96485062,59.96485062,11.88049209,50.43936731,28.96309315,38.94551845,40.07029877,27.02987698,33.77855888,35.18453427,63.40949033,40.14059754,35.8172232,35.04393673,35.00878735,31.73989455,12.26713533,22.42530756,37.99648506,44.21792619,33.70826011,36.2741652,38.31282953,32.19683656,23.26889279,26.99472759,14.6572935,24.07732865,64.21792619,33.42706503,30.9314587,43.44463972,24.71001757,5.342706503,40.87873462,19.47275923,20.91388401,17.22319859,81.01933216,17.85588752
CCC(F)(CCON1CCN(C(C)C(=O)O)CC1)C1COCOC1,348.415,1.1376,6,1,4,0.7050898478,2,71.47,0,0,0,0.16612549,0.6568028,0.8199627,0.0015009253,0.097372316,0.07993637,0.022774154,0.11199039,0.021149183,0.27410656,0.013547361,0.22129829,0.085351884,0.18737452,0.9785389,0.006891807,0.01874409,0.0020473744,0.0032771528,0.01256072,0.092854455,0.0036548085,0.6359972,0.035674058,0.07229686,0.0021882746,0.004628543,0.0022441626,0.0066092955,0.65224516,0.17968328,-5.210767,26.731586,-3.1741886,-10.644008,-13.475721,1.8581902,-0.68350947,32.85725,-1.2306474,-1.7296369,53.07557118,33.35676626,72.46045694,36.59050967,63.44463972,76.02811951,69.84182777,47.55711775,47.59226714,25.86994728,37.18804921,40.52724077,44.6397188,55.21968366,16.37961336,51.3884007,30.86115993,43.30404218,50.79086116,35.92267135,35.46572935,37.25834798,63.7258348,46.53778559,33.00527241,35.60632689,36.55536028,38.03163445,14.58699473,24.53427065,42.10896309,52.75922671,40.21089631,40.17574692,42.81195079,35.43057996,25.20210896,26.32688928,19.64850615,23.93673111,67.34622144,40.38664323,35.21968366,45.27240773,20.91388401,7.62741652,44.67486819,16.5202109,21.33567663,16.59050967,81.19507909,19.47275923
COC(O)(CCON1CCN(C(C)C(=O)O)CC1)C1COCOC1,348.396,-0.6457,8,2,4,0.554379907,2,100.93,0,1,1,0.22210447,0.520063,0.828657,0.0001037539,0.03289491,0.033747144,0.0044113705,0.042450655,0.0059603476,0.15439303,0.0018697216,0.13749716,0.047127374,0.15785782,0.934142,0.004201943,0.017904729,0.00044651786,0.00090034923,0.004763929,0.06836764,0.0005378688,0.2783205,0.007905468,0.02614896,0.00078880816,0.0011345212,0.00026982385,0.0025646617,0.56904536,0.053663153,-5.5430593,24.6051,-8.192574,-6.284998,-17.291904,1.3825397,-1.6071427,13.855581,-0.5271403,-1.2268007,53.00527241,16.76625659,84.51669596,61.37082601,63.44463972,54.37609842,69.84182777,68.75219684,47.59226714,66.5202109,83.09314587,50.40421793,34.20035149,57.64499121,7.135325132,33.35676626,17.15289982,21.19507909,27.55711775,18.06678383,22.07381371,22.10896309,42.49560633,30.96660808,28.85764499,29.10369069,24.04217926,36.5202109,6.291739895,9.806678383,17.50439367,37.85588752,13.18101933,25.51845343,31.21265378,14.02460457,12.51318102,10.12302285,5.588752197,12.37258348,56.2741652,25.06151142,22.81195079,43.30404218,16.20386643,12.05623902,24.32337434,3.620386643,11.35325132,6.010544815,89.45518453,24.21792619
CC(C(=O)O)N1CCN(OCCC(O)(C2COCOC2)C(C)(C)C)CC1,374.478,0.7965,7,2,4,0.6760471394,2,91.7,0,0,0,0.24800675,0.46164894,0.77334034,0.00025956525,0.07396387,0.037614144,0.014979718,0.08193131,0.0105904825,0.24411981,0.011000486,0.15922216,0.06955119,0.1293942,0.8867912,0.0072333156,0.01771107,0.0011221112,0.0027933223,0.015337972,0.09413825,0.0028717788,0.48892158,0.022883505,0.06968416,0.0023459378,0.0035232,0.0021249265,0.0066666133,0.67916834,0.1417813,-5.355943,29.800518,7.8428,-9.330969,-15.532001,1.8587841,-0.7776344,29.68639,-1.3632534,-1.2223889,59.57820738,29.80667838,79.85940246,61.37082601,63.44463972,71.07205624,69.84182777,62.53075571,47.59226714,25.86994728,37.18804921,54.13005272,30.19332162,45.3427065,8.717047452,46.78383128,18.55887522,37.36379613,42.21441125,25.83479789,31.95079086,35.25483304,48.47100176,40.31634446,23.69068541,25.83479789,38.1370826,36.23901582,9.630931459,22.42530756,47.31107206,53.67311072,35.64147627,33.70826011,39.33216169,34.48154657,26.08084359,21.65202109,19.15641476,24.07732865,70.65026362,36.44991213,28.26010545,48.15465729,31.56414763,8.330404218,31.95079086,16.5202109,20.10544815,14.62214411,79.15641476,24.32337434
CC(C(=O)O)N1CCN(OCCC(O)(C2COCOC2)C(C)(F)F)CC1,382.404,0.4056,7,2,4,0.6236781248,2,91.7,0,0,0,0.29806462,0.55739135,0.8112272,0.0002450139,0.046780534,0.052963782,0.010917414,0.050560035,0.009294258,0.25808853,0.009491239,0.14819261,0.07482055,0.18828246,0.9295519,0.0082667675,0.019740447,0.0010182686,0.0023590177,0.009085765,0.06936306,0.0032803896,0.4289445,0.019904217,0.06487726,0.0023212784,0.0041159736,0.0013071776,0.008449758,0.59811926,0.103628814,-5.5520253,-7.409959,0.67977446,-7.0538,-16.36486,3.0388799,-0.6768287,24.42117,-1.1199881,-3.1342425,61.12478032,26.22144112,79.85940246,61.37082601,63.44463972,63.44463972,69.84182777,62.53075571,47.59226714,25.86994728,37.18804921,59.85940246,37.18804921,53.04042179,8.611599297,39.36731107,23.26889279,33.04042179,30.43936731,24.1827768,33.39191564,34.09490334,45.3427065,42.3198594,33.04042179,28.68189807,41.8629174,39.85940246,8.927943761,20.28119508,32.72407733,38.62917399,37.85588752,31.14235501,38.3831283,32.93497364,25.97539543,24.35852373,14.69244288,27.02987698,60.42179262,32.05623902,22.63620387,10.40421793,24.95606327,11.00175747,27.73286467,83.4797891,21.33567663,11.70474517,82.14411248,9.173989455
CC(C(=O)O)N1CCN(OCCC2(C3COCOC3)OC2(C)O)CC1,360.407,-0.5032,8,2,4,0.5812749464,3,104.23,0,1,1,0.47694483,0.541583,0.7822599,5.21E-05,0.027309328,0.033721734,0.0030049433,0.03001431,0.0067796274,0.21046197,0.002498011,0.14765553,0.08202452,0.18242565,0.9080843,0.00846808,0.022204664,0.00035291875,0.0015319006,0.006962226,0.07353239,0.0017401036,0.24117832,0.009088093,0.048668187,0.0023218368,0.003231755,0.00040473332,0.010218454,0.6554776,0.06426183,-5.5604258,16.703278,-4.557352,-6.290469,-17.026493,1.7663285,-1.2307717,20.692438,-0.8326601,-1.2660373,56.09841828,17.85588752,84.51669596,61.37082601,63.44463972,57.85588752,76.60808436,70.26362039,47.59226714,66.5202109,83.09314587,77.11775044,35.88752197,47.2056239,5.940246046,30.43936731,17.15289982,17.53954306,22.60105448,19.85940246,27.66256591,23.69068541,45.30755712,45.20210896,32.26713533,26.85413005,42.53075571,44.56942004,5.588752197,15.18453427,25.51845343,41.79261863,25.83479789,23.97188049,32.23198594,26.57293497,25.97539543,20.66783831,7.170474517,29.94727592,67.80316344,27.06502636,22.42530756,33.21616872,19.40246046,12.05623902,25.62390158,12.65377856,15.07908612,9.384885764,85.65905097,23.86643234
CC(C(=O)O)N1CCN(OCCC(F)(C(C)O)C2COCOC2)CC1,364.414,0.1084,7,2,4,0.6270594002,3,91.7,0,0,0,0.21069296,0.53634685,0.80371344,0.00034110967,0.042364083,0.05304994,0.00981901,0.06132082,0.009952894,0.20820718,0.006310048,0.18387143,0.07059659,0.1547828,0.9392897,0.007475053,0.020686662,0.0011053369,0.0017370476,0.0088370945,0.079593405,0.0025225377,0.3913954,0.013768886,0.051010717,0.0018747402,0.003229584,0.0010077632,0.0060165375,0.63267887,0.098669186,-5.486643,15.2182865,-9.232281,-7.5718675,-16.295458,1.8592932,-1.3162705,16.957668,-0.7852403,-1.978297,57.11775044,23.97188049,79.85940246,61.37082601,63.44463972,63.93673111,76.60808436,62.53075571,47.59226714,25.86994728,37.18804921,48.47100176,35.43057996,51.6344464,9.455184534,37.85588752,23.26889279,31.52899824,34.05975395,24.92091388,27.52196837,31.17750439,54.76274165,40.7029877,28.3655536,29.66608084,39.26186292,41.79261863,9.490333919,16.90685413,31.77504394,44.95606327,33.00527241,29.80667838,35.64147627,27.76801406,23.26889279,20.66783831,12.89982425,22.77680141,64.99121265,31.49384886,24.11247803,31.56414763,15.32513181,10.19332162,28.11950791,16.55536028,14.23550088,7.521968366,86.43233743,17.50439367
CB(O)C(CCON1CCN(C(C)C(=O)O)CC1)C1COCOC1,344.217,0.0031,7,2,4,0.5949787027,2,91.7,0,1,1,0.38036972,0.52929294,0.7469208,0.00019441998,0.020131117,0.03178101,0.0033589215,0.05265682,0.009620039,0.13719368,0.0015019545,0.21706553,0.06327517,0.08525495,0.82329655,0.0071482277,0.018463772,0.0007947393,0.00082122796,0.007903682,0.087226875,0.0009824261,0.2143127,0.00424577,0.037062906,0.0017094165,0.0024602816,0.00037296716,0.0054662256,0.73877037,0.0702096,-5.5312734,14.823509,-11.273305,-9.043895,-16.752956,1.7576475,-1.4969398,14.736822,-0.69478667,-2.807764,52.40773286,22.88224956,79.85940246,61.37082601,63.44463972,59.2970123,69.84182777,62.53075571,47.59226714,66.5202109,83.09314587,68.57644991,34.90333919,40.49209139,8.365553603,25.48330404,16.41476274,18.48857645,31.10720562,24.56942004,20.31634446,20.80843585,63.0228471,37.96133568,16.55536028,23.19859402,37.75043937,37.4340949,7.873462214,9.173989455,29.10369069,49.45518453,18.52372583,22.84710018,25.72934974,20.456942,22.17926186,16.83655536,6.818980668,21.51142355,77.64499121,27.73286467,23.12829525,31.17750439,13.84885764,8.541300527,26.43233743,12.33743409,12.47803163,6.362038664,87.48681898,11.10720562
CC(C(=O)O)N1CCN(OCCC(C2COCOC2)N(C)O)CC1,347.412,-0.2911,8,2,4,0.5742717324,2,94.94,0,1,0,0.4059573,0.45577246,0.7191576,8.71E-05,0.012657361,0.015553551,0.0014532962,0.0532299,0.003947134,0.09136615,0.00083718693,0.21205911,0.03251203,0.062973954,0.77845335,0.0038728018,0.016296819,0.0005214909,0.000299452,0.004598485,0.082742386,0.00015721508,0.16251583,0.0020707315,0.0206289,0.0006342602,0.0008261466,0.000110989065,0.0022197224,0.7706171,0.062036574,-5.559047,15.653913,-14.063379,-5.623734,-17.109203,1.6472563,-1.7857125,6.3505583,-0.57387394,-2.615143,52.93497364,19.33216169,84.51669596,61.37082601,63.44463972,56.90685413,69.84182777,64.81546573,47.59226714,66.5202109,37.18804921,70.75571178,29.771529,35.92267135,6.783831283,19.2970123,10.96660808,11.14235501,31.3884007,12.72407733,14.34094903,17.11775044,62.07381371,21.23022847,12.12653779,21.93321617,21.89806678,33.46221441,6.572934974,4.253075571,16.90685413,46.95957821,6.537785589,20.63268893,19.78910369,10.29876977,10.50966608,8.260105448,3.620386643,10.75571178,81.82776801,26.7486819,22.46045694,32.02108963,12.26713533,12.89982425,25.13181019,8.787346221,9.947275923,3.866432337,88.78734622,12.23198594
CC(O)C(CCON1CCN(C(C)C(=O)O)CC1)C1COCOC1,346.424,0.0163,7,2,4,0.6353789072,3,91.7,0,0,0,0.20279625,0.54047424,0.79969573,0.00030547843,0.03252783,0.047107596,0.006788281,0.061987676,0.011068305,0.16195066,0.0037526314,0.20822048,0.057123132,0.12591346,0.9368224,0.005113219,0.016867671,0.00095713756,0.0010928771,0.006377016,0.076239906,0.0011178709,0.3389241,0.009822846,0.034820307,0.00108298,0.0023068574,0.00056127354,0.0033023984,0.6636728,0.09767417,-5.472794,15.888888,-16.789707,-6.183011,-16.612514,1.6181685,-1.6472275,9.967458,-0.48076096,-2.08417,52.82952548,22.91739895,79.85940246,61.37082601,63.44463972,64.60456942,76.60808436,62.53075571,47.59226714,25.86994728,37.18804921,47.34622144,35.78207381,50.54481547,9.173989455,33.18101933,21.6168717,26.36203866,34.27065026,26.39718805,22.81195079,27.17047452,61.12478032,34.97363796,22.98769772,29.42003515,28.68189807,34.93848858,8.576449912,11.73989455,23.51493849,43.09314587,20,27.66256591,32.89982425,19.05096661,16.20386643,16.13356766,8.963093146,15.28998243,68.75219684,31.28295255,24.53427065,32.26713533,10.65026362,12.16168717,26.85413005,8.224956063,11.00175747,4.885764499,90.01757469,16.66080844
CC(O)=C(CCON1CCN(C(C)C(=O)O)CC1)C1COCOC1,344.408,0.8513,7,2,4,0.6569985154,1,91.7,0,1,0,0.24417992,0.4918565,0.7185856,0.00033580247,0.032128535,0.036871485,0.005239884,0.042643767,0.014704272,0.12663947,0.0014452351,0.22604251,0.0630792,0.088918686,0.7231225,0.009156648,0.022469718,0.00089237746,0.0010533996,0.0114094615,0.09977846,0.0011654028,0.15856965,0.0039540255,0.04092639,0.0017745029,0.00246871,0.00038440985,0.0057722162,0.6843027,0.06232848,-5.51722,20.036047,-2.1078515,-21.854563,-16.969433,1.8464572,-1.4149647,21.200485,-0.802508,-4.5596414,52.44288225,30.29876977,79.85940246,61.37082601,63.44463972,68.04920914,55.32513181,62.53075571,47.59226714,66.5202109,37.18804921,53.74340949,32.30228471,35.64147627,9.384885764,33.00527241,18.31282953,22.98769772,27.69771529,30.40421793,19.01581722,20.63268893,64.78031634,37.82073814,17.22319859,20.21089631,44.78031634,45.02636204,8.330404218,11.35325132,39.47275923,56.76625659,20.84358524,20.28119508,25.37785589,22.3198594,22.5659051,16.87170475,6.994727592,22.21441125,71.28295255,26.81898067,23.44463972,37.46924429,21.8629174,1.65202109,25.76449912,15.99297012,12.93497364,9.630931459,86.18629174,4.112478032
CC(C(=O)O)N1CCN(OCCC(F)(C2COCOC2)[S+](C)[O-])CC1,382.454,0.0636,7,1,4,0.5893442349,3,94.53,0,1,0,0.26974168,0.5551425,0.816679,0.00013761783,0.03940346,0.049527504,0.00557253,0.049798872,0.00638194,0.1994348,0.0038947887,0.21165457,0.04063785,0.1581976,0.9334008,0.0061884057,0.013452461,0.0005677034,0.0012639302,0.0072126104,0.07386572,0.0009767946,0.36426347,0.007708743,0.04213337,0.0010676205,0.0027648243,0.00045065815,0.004969134,0.6765526,0.07094499,-5.5559206,14.808283,-3.3466115,-10.855337,-16.11169,1.9633878,-1.3445187,15.427078,-0.6671708,-3.183087,61.12478032,23.30404218,79.85940246,36.59050967,63.44463972,58.69947276,76.60808436,64.25307557,47.59226714,66.5202109,37.18804921,57.11775044,37.04745167,54.44639719,7.662565905,36.55536028,22.49560633,23.7258348,30.15817223,18.8400703,26.64323374,27.52196837,62.00351494,26.67838313,28.89279438,29.03339192,33.60281195,26.81898067,6.854130053,13.04042179,26.43233743,42.07381371,18.52372583,28.71704745,31.10720562,23.09314587,16.02811951,18.48857645,7.732864675,20.10544815,70.26362039,27.87346221,22.5659051,31.14235501,20.80843585,7.451669596,29.0685413,21.68717047,13.84885764,6.713532513,87.76801406,8.998242531
C=C(C)C(F)(CCON1CCN(C(C)C(=O)O)CC1)C1COCOC1,360.426,1.3037,6,1,4,0.6543918853,2,71.47,0,1,0,0.18642262,0.5955775,0.77852905,0.0007561616,0.09671185,0.07313143,0.022982817,0.07723312,0.02255131,0.30424923,0.028998813,0.20194729,0.09211396,0.174865,0.95814764,0.009908107,0.019161288,0.001646146,0.0040891035,0.013525851,0.083073065,0.0041107154,0.5273994,0.04267997,0.0918824,0.0025641348,0.0071653426,0.0018600032,0.009377071,0.61452466,0.18625835,-5.208371,25.830288,4.3729224,-15.032804,-13.623087,2.118317,-0.37410268,40.245968,-1.4467885,-2.5251071,56.09841828,35.21968366,72.46045694,36.59050967,63.44463972,67.73286467,69.84182777,47.55711775,47.59226714,66.5202109,37.18804921,44.67486819,39.82425308,46.36203866,12.47803163,51.31810193,28.78734622,43.44463972,40.42179262,36.94200351,37.96133568,43.93673111,59.75395431,48.64674868,31.28295255,31.70474517,47.2056239,38.76977153,13.11072056,27.06502636,44.32337434,47.10017575,41.96836555,35.21968366,44.49912127,41.75746924,27.94376098,34.4112478,18.06678383,28.89279438,62.67135325,41.05448155,35.32513181,44.49912127,28.40070299,3.971880492,44.00702988,29.66608084,25.13181019,20.94903339,78.06678383,13.07557118
CC(C(=O)O)N1CCN(OCCC(F)(C(C)C)C2COCOC2)CC1,362.442,1.3836,6,1,4,0.6993948762,2,71.47,0,0,0,0.14768502,0.6237072,0.81193554,0.0009209391,0.118398465,0.072433695,0.027983656,0.11155164,0.023719944,0.31715423,0.027955834,0.21317406,0.07687762,0.1773189,0.9766035,0.0062760697,0.015837388,0.0017253954,0.0041479752,0.014221141,0.08562702,0.004766068,0.6756322,0.05450853,0.0871955,0.0021390647,0.0057598692,0.003826977,0.00676715,0.64890444,0.22769491,-5.17936,31.586706,5.481584,-12.042936,-13.138089,1.9736264,-0.26935172,41.791473,-1.6081473,-1.2449884,56.80140598,36.37961336,72.46045694,36.59050967,63.44463972,75.1142355,69.84182777,47.55711775,47.59226714,25.86994728,37.18804921,37.32864675,42.10896309,53.2513181,13.56766257,54.83304042,28.6115993,46.85413005,50.65026362,37.85588752,39.01581722,43.65553603,62.35500879,43.05799649,31.66959578,34.86818981,34.16520211,32.33743409,13.35676626,27.34622144,45.5887522,48.40070299,44.6397188,42.49560633,46.78383128,40.456942,24.78031634,30.19332162,25.86994728,24.21792619,67.10017575,44.92091388,36.87170475,49.98242531,29.38488576,6.0456942,47.2056239,22.35500879,26.39718805,21.6168717,76.16871705,24.07732865
CC(C(=O)O)N1CCN(OCCP(=O)(C2COCOC2)N(C)C)CC1,379.394,0.2213,7,1,4,0.5947557713,2,91.78,0,1,1,0.41952357,0.5146551,0.81657743,0.00018816299,0.010180475,0.025989478,0.001584746,0.062177755,0.00421522,0.13162777,0.00094796513,0.15445018,0.05979811,0.14448594,0.8902842,0.004357324,0.018409539,0.0007164974,0.00037256585,0.0041561294,0.085824385,0.00021910851,0.25641543,0.002821131,0.01930197,0.0009882792,0.0007750314,0.00015196366,0.003261657,0.67457706,0.057273667,-5.6875577,17.260561,-0.82297707,-10.234602,-17.534542,1.7700802,-1.6497116,7.1812463,-0.37498143,-2.9484239,60.52724077,24.85061511,79.85940246,36.59050967,63.44463972,59.2970123,69.84182777,62.63620387,47.59226714,66.5202109,83.09314587,71.81019332,33.84885764,54.4112478,8.330404218,15.85237258,14.48154657,11.73989455,34.30579965,13.32161687,19.64850615,17.57469244,46.88927944,36.2741652,26.57293497,25.86994728,24.95606327,37.36379613,7.592267135,5.061511424,15.00878735,48.50615114,7.662565905,24.56942004,22.46045694,9.595782074,15.3602812,7.873462214,4.112478032,15.14938489,70.01757469,25.83479789,19.78910369,33.77855888,23.40949033,7.76801406,23.62038664,12.82952548,11.00175747,4.042179262,91.24780316,10.19332162
CC(C(=O)O)N1CCN(OCCC(F)(C2COCOC2)C(C)(C)O)CC1,378.441,0.4985,7,2,4,0.6309393698,2,91.7,0,0,0,0.21005714,0.5151559,0.7880963,0.00032645854,0.06404605,0.05242917,0.016649252,0.06535988,0.010659097,0.23732023,0.012230426,0.17489417,0.067602366,0.15072899,0.9169804,0.008021956,0.01856013,0.0011391414,0.0023228321,0.011830946,0.08023891,0.004379851,0.4558789,0.020930747,0.065480046,0.0024212715,0.0042215544,0.0018125087,0.007181394,0.6483616,0.12482818,-5.4411206,15.681833,-4.0018253,-7.5083327,-15.784268,2.0246072,-1.0868375,21.095562,-1.0497669,-2.06599,60.38664323,27.10017575,79.85940246,61.37082601,63.44463972,64.28822496,69.84182777,62.53075571,47.59226714,25.86994728,37.18804921,48.47100176,33.84885764,48.43585237,9.34973638,44.35852373,23.05799649,38.69947276,35.39543058,25.83479789,31.56414763,36.09841828,52.75922671,39.75395431,27.73286467,27.62741652,41.1599297,37.50439367,9.666080844,20.17574692,40,45.48330404,43.19859402,32.19683656,38.69947276,33.14586995,26.67838313,24.78031634,17.71528998,25.20210896,67.02987698,34.27065026,25.41300527,32.0913884,20,10.29876977,30.50966608,24.74516696,16.5202109,9.595782074,82.77680141,16.9771529
COP(=O)(CCON1CCN(C(C)C(=O)O)CC1)C1COCOC1,366.351,0.3061,8,1,4,0.6085178476,2,97.77,0,1,0,0.44177684,0.5576092,0.8265335,0.000119629105,0.016802832,0.041046064,0.0027701017,0.042221095,0.0060088425,0.17930314,0.0016135745,0.16957414,0.0807895,0.21340123,0.9270789,0.006672508,0.02132893,0.0006214994,0.0011056832,0.006200728,0.08705129,0.0009126559,0.25223026,0.0068040392,0.03942862,0.0018790246,0.0019709268,0.00028482632,0.0076560876,0.61442554,0.054646015,-5.5735817,22.777872,-5.349293,-7.565561,-16.98553,1.4677576,-1.6384081,11.497236,-0.35427016,-1.8412597,57.46924429,25.44815466,84.51669596,36.59050967,63.44463972,61.26537786,69.84182777,66.32688928,47.59226714,66.5202109,37.18804921,73.60281195,37.22319859,57.22319859,7.416520211,22.91739895,19.43760984,16.55536028,27.52196837,18.31282953,24.56942004,21.1599297,51.66959578,44.67486819,35.99297012,28.3655536,35.85237258,43.09314587,7.170474517,11.84534271,23.0228471,49.31458699,17.89103691,24.28822496,29.80667838,21.51142355,23.30404218,14.27065026,5.729349736,25.94024605,62.67135325,25.20210896,22.3198594,41.05448155,18.80492091,10.19332162,25.65905097,4.639718805,11.03690685,5.307557118,91.52899824,18.80492091
COC(F)(CCON1CCN(C(C)C(=O)O)CC1)C1COCOC1,350.387,0.3315,7,1,4,0.6709051532,2,80.7,0,0,0,0.23429365,0.60593116,0.8683659,0.00023373197,0.038388453,0.05897669,0.006116256,0.055762015,0.005371038,0.21306875,0.0032282926,0.1799786,0.06519043,0.23118038,0.97714645,0.004636805,0.015673483,0.00077181624,0.0013908066,0.005943465,0.06875256,0.0017220164,0.47180027,0.012190316,0.041359644,0.0013721082,0.0022828083,0.00054802676,0.0047613536,0.6156417,0.07395172,-5.3152027,22.810577,-4.574195,-11.13862,-14.448847,1.7892681,-1.104353,25.050236,-0.94141686,-2.2914515,53.53251318,25.65905097,79.85940246,36.59050967,63.44463972,70.19332162,69.84182777,55.14938489,47.59226714,25.86994728,37.18804921,52.23198594,40.63268893,68.11950791,8.576449912,35.99297012,24.8857645,24.95606327,32.19683656,16.62565905,28.04920914,25.79964851,53.9543058,39.01581722,37.53954306,35.1142355,26.18629174,31.88049209,7.803163445,14.13005272,22.07381371,38.1370826,25.62390158,32.86467487,34.83304042,22.5659051,19.19156415,15.95782074,8.787346221,19.78910369,62.74165202,28.29525483,30.08787346,41.05448155,19.33216169,7.170474517,38.3831283,13.67311072,16.41476274,11.98594025,84.28822496,14.93848858
CC(C(=O)O)N1CCN(OCCC(O)(C(C)O)C2COCOC2)CC1,362.423,-0.8688,8,3,4,0.5071874942,3,111.93,0,0,0,0.28886452,0.42648345,0.7360383,0.0001558947,0.02364275,0.026941115,0.0043719686,0.046086207,0.0072453753,0.13284335,0.0017676323,0.12741904,0.05159948,0.109457776,0.7921897,0.007832209,0.02604564,0.00079369696,0.0009616247,0.007465879,0.08972256,0.0007501277,0.17637561,0.005893851,0.03208814,0.0014953723,0.0015291885,0.00036413682,0.0042871833,0.6457601,0.056233294,-5.7279916,16.667732,-10.715882,-4.0891333,-19.243677,1.4851415,-1.680467,8.777377,-0.50130427,-1.1540589,56.80140598,15.67662566,84.51669596,78.20738137,63.44463972,47.27592267,76.60808436,74.6572935,47.59226714,25.86994728,37.18804921,59.12126538,27.41652021,38.41827768,7.943760984,27.83831283,14.69244288,21.1599297,29.10369069,20.94903339,19.68365554,21.79261863,39.19156415,32.82952548,20.56239016,22.17926186,40.59753954,50.57996485,7.873462214,10.40421793,27.38137083,50.86115993,15.85237258,21.12478032,28.3655536,17.32864675,20.456942,12.02108963,6.502636204,18.5940246,66.85413005,25.76449912,18.8400703,33.14586995,14.34094903,15.67662566,18.24253076,5.026362039,10.86115993,4.639718805,89.66608084,24.6397188
CC(C(=O)O)N1CCN(OCCC(F)(C2COCOC2)C(C)(F)Br)CC1,445.301,1.8082,6,1,4,0.5718619886,3,71.47,0,1,0,0.22487295,0.65913063,0.78437364,0.0010820731,0.2030056,0.0951287,0.05015132,0.06157496,0.028148627,0.46143118,0.075943895,0.22756067,0.085457705,0.27785125,0.97519714,0.01199131,0.014363678,0.0019173693,0.010768153,0.019531498,0.07373268,0.017235948,0.70668995,0.07725723,0.17057061,0.0047717253,0.016103195,0.008380523,0.023525128,0.6050776,0.23452163,-5.2386994,24.412407,3.6749778,-9.920763,-13.16376,2.0075111,-0.06327691,49.28113,-1.9105778,-0.40271443,74.83304042,41.75746924,72.46045694,36.59050967,63.44463972,56.59050967,76.60808436,47.55711775,47.59226714,66.5202109,37.18804921,50.89630931,44.85061511,47.52196837,14.37609842,65.3427065,35.71177504,55.39543058,34.16520211,40.456942,51.49384886,54.34094903,64.99121265,46.53778559,41.37082601,34.58699473,52.12653779,29.20913884,14.05975395,41.30052724,53.91915641,41.96836555,65.94024605,44.4288225,50.12302285,57.6801406,37.64499121,50.65026362,34.30579965,45.13181019,61.6168717,45.37785589,33.77855888,43.0228471,27.94376098,7.873462214,46.95957821,23.97188049,29.66608084,27.52196837,72.5483304,31.88049209
CC(C(=O)O)N1CCN(OCCC(F)(C2COCOC2)C2(C)CC2)CC1,374.453,1.5277,6,1,4,0.6907244481,2,71.47,0,0,0,0.19070768,0.65203995,0.7231511,0.0007264124,0.14585114,0.0673882,0.050007988,0.10117408,0.039300513,0.41248018,0.10367958,0.16836558,0.1296337,0.1688554,0.97452354,0.01144232,0.020536881,0.0021408033,0.008479022,0.022662187,0.08890978,0.008809597,0.66604906,0.1399312,0.1529645,0.0035073534,0.011941483,0.008068678,0.014667894,0.6112564,0.34966213,-5.222791,31.265087,4.9496274,-14.191895,-13.46871,1.9011412,-0.20736262,45.687183,-1.8751625,-2.0116103,59.543058,37.96133568,72.46045694,36.59050967,63.44463972,73.39191564,69.84182777,47.55711775,47.59226714,25.86994728,37.18804921,45.3427065,44.35852373,36.41476274,12.44288225,59.15641476,27.31107206,55.39543058,47.83831283,45.51845343,47.52196837,58.76977153,51.28295255,57.75043937,30.50966608,34.44639719,50.75571178,41.4059754,14.97363796,37.53954306,57.71528998,50.4745167,56.13356766,41.8629174,56.9771529,55.04393673,32.51318102,44.46397188,33.67311072,35.99297012,62.49560633,54.58699473,34.55184534,49.73637961,28.89279438,4.393673111,44.71001757,19.05096661,27.24077329,24.85061511,72.89982425,17.22319859
CC(C(=O)O)N1CCN(OCCC(F)(C2COCOC2)C(C)(F)F)CC1,384.395,1.3828,6,1,4,0.6779752989,2,71.47,0,0,0,0.14983857,0.6505683,0.8197306,0.0006306347,0.14181162,0.08454733,0.036597483,0.072400965,0.022461519,0.39240545,0.05109083,0.17593619,0.07955736,0.24170199,0.97927266,0.007875079,0.016954025,0.0016107255,0.00630604,0.013978767,0.06965323,0.007946233,0.6862257,0.07559425,0.11657782,0.002506594,0.008089262,0.004855147,0.011288394,0.5560107,0.21800539,-5.2678475,17.91865,-1.5953327,-12.078346,-13.312906,2.0453365,-0.42696095,39.062073,-1.6340587,-1.888408,61.65202109,36.37961336,72.46045694,36.59050967,63.44463972,71.49384886,69.84182777,47.55711775,47.59226714,25.86994728,37.18804921,37.82073814,44.25307557,55.1142355,11.84534271,58.5940246,32.05623902,50.61511424,38.48857645,36.83655536,45.37785589,50.01757469,53.07557118,43.97188049,38.5940246,35.74692443,40.84358524,35.00878735,12.89982425,33.18101933,45.27240773,39.05096661,53.9543058,43.12829525,49.87697715,48.29525483,27.13532513,36.73110721,28.47100176,31.88049209,54.86818981,43.86643234,32.19683656,34.58699473,22.70650264,6.0456942,45.69420035,25.5887522,24.56942004,19.89455185,75.8172232,18.34797891
CC(C(=O)O)N1CCN(OCCC(F)(C2COCOC2)C(C)(F)Cl)CC1,400.85,1.6521,6,1,4,0.621013743,3,71.47,0,1,0,0.20720649,0.67480767,0.81147516,0.0011774586,0.17256922,0.09478284,0.042748075,0.07290085,0.027252043,0.43655986,0.061078526,0.2239281,0.088557206,0.254524,0.9794159,0.009821017,0.015054619,0.0020307847,0.009104636,0.017463526,0.07649366,0.013020717,0.71368694,0.07610932,0.14584771,0.0036842104,0.012491909,0.0076968223,0.017783359,0.5982675,0.2366722,-5.259452,23.695042,1.7608395,-9.823326,-13.403738,2.0025156,-0.31026036,42.915436,-1.6670792,-0.61485803,65.5887522,39.68365554,72.46045694,36.59050967,63.44463972,62.98769772,76.60808436,47.55711775,47.59226714,66.5202109,37.18804921,48.01405975,46.29173989,53.14586995,14.79789104,62.21441125,35.5711775,53.39191564,38.91036907,40,49.10369069,52.0913884,64.28822496,47.69771529,39.68365554,35.85237258,46.99472759,30.89630931,14.55184534,38.5940246,50.75571178,43.19859402,62.21441125,44.74516696,49.91212654,53.63796134,33.4973638,45.37785589,33.21616872,39.50790861,60.456942,45.51845343,32.86467487,42.42530756,26.01054482,7.978910369,45.30755712,23.65553603,25.72934974,22.60105448,75.32513181,29.5254833
CC(C(=O)O)N1CCN(OCCC(F)(C2COCOC2)C(C)(C)C)CC1,376.469,1.7737,6,1,4,0.7260227563,2,71.47,0,0,0,0.12957692,0.5666822,0.7841264,0.0006730333,0.16952899,0.060394812,0.043143854,0.12998565,0.029894983,0.3795163,0.06385608,0.19479874,0.07285685,0.1604297,0.95777667,0.0059980634,0.013040924,0.0016526382,0.00715463,0.024588492,0.09793978,0.007469347,0.7500553,0.09835612,0.12730412,0.0024426489,0.007487423,0.009729644,0.008452195,0.6754368,0.3238879,-5.1583405,35.80146,16.49437,-12.322219,-12.857859,2.1781495,0.13033874,50.37354,-2.0788314,-1.112181,60.07029877,41.08963093,72.46045694,36.59050967,63.44463972,78.55887522,69.84182777,47.55711775,47.59226714,25.86994728,37.18804921,33.91915641,38.03163445,47.48681898,12.0913884,62.00351494,25.27240773,53.53251318,56.2741652,41.05448155,44.25307557,52.51318102,57.82073814,41.47627417,29.42003515,31.49384886,32.72407733,26.15114236,13.11072056,35.07908612,59.19156415,55.53602812,52.89982425,47.73286467,52.72407733,50.29876977,26.85413005,35.18453427,35.5711775,27.06502636,70.08787346,52.16168717,37.6801406,53.53251318,40.63268893,5.764499121,48.71704745,33.21616872,32.7943761,28.47100176,69.87697715,24.74516696
CC(C(=O)O)N1CCN(OCCC2(C3COCOC3)OCCC2(C)O)CC1,388.461,-0.0706,8,2,4,0.6204919246,3,100.93,0,0,0,0.38860148,0.50336576,0.7864989,9.10E-05,0.046865262,0.03784774,0.0076915896,0.038287535,0.007393822,0.24943987,0.008138804,0.12187382,0.0848087,0.22778888,0.9271582,0.009459665,0.025031915,0.0007120637,0.0024645552,0.008089235,0.07277672,0.0021583582,0.3090517,0.022255097,0.06569477,0.0029137277,0.0036130392,0.0008048859,0.010734875,0.57550526,0.09410141,-5.5528955,18.76109,-2.2316098,-7.393205,-17.561884,1.782794,-1.2126526,20.774036,-1.068541,-1.6461121,62.67135325,21.47627417,84.51669596,61.37082601,63.44463972,62.98769772,76.60808436,68.75219684,47.59226714,25.86994728,37.18804921,69.24428822,33.18101933,48.04920914,6.783831283,39.40246046,18.55887522,27.94376098,25.86994728,21.1599297,32.37258348,33.11072056,37.53954306,46.32688928,37.25834798,28.3655536,45.72934974,49.27943761,7.592267135,21.12478032,29.70123023,41.23022847,29.49033392,26.64323374,39.26186292,33.21616872,29.91212654,21.96836555,11.49384886,30.72056239,56.9771529,30.89630931,22.60105448,35.67662566,21.75746924,10.43936731,23.58523726,13.32161687,15.39543058,9.420035149,82.60105448,20.456942
CC(C(=O)O)N1CCN(OCCC2(C3COCOC3)NC2C)CC1,343.424,-0.2502,7,2,4,0.6114484977,3,93.41,0,1,1,0.5492874,0.43880367,0.5522436,0.0003051081,0.030253315,0.012139695,0.0033063956,0.08806696,0.0110790655,0.10150622,0.006580633,0.23376334,0.046563987,0.04019349,0.683641,0.005931358,0.021230992,0.0023772994,0.0008016562,0.0069266185,0.099033974,0.00010713405,0.18890229,0.0025757689,0.030488491,0.0013538142,0.00085731654,0.00028515043,0.0032668114,0.785559,0.17945728,-5.68358,6.9801955,-9.876905,-7.672849,-16.979404,1.9740992,-1.5150411,14.287069,-0.81297624,-2.9050555,52.26713533,19.61335677,79.85940246,61.37082601,63.44463972,61.47627417,76.60808436,63.83128295,47.59226714,66.5202109,83.09314587,82.81195079,28.26010545,19.75395431,9.173989455,31.98594025,10.08787346,18.41827768,44.07732865,26.39718805,15.53602812,31.3884007,66.08084359,30.68541301,7.873462214,19.15641476,32.26713533,42.84710018,16.30931459,8.963093146,25.44815466,56.34446397,5.659050967,21.68717047,21.47627417,16.41476274,19.01581722,8.400702988,5.729349736,15.18453427,83.62038664,40.35149385,19.85940246,22.03866432,14.90333919,10.12302285,25.69420035,22.39015817,12.26713533,6.25659051,85.90509666,10.4745167
CC(C(=O)O)N1CCN(OCCC(Cl)(C(C)O)C2COCOC2)CC1,380.869,0.3777,7,2,4,0.5837884235,3,91.7,0,1,1,0.32869238,0.59436125,0.8028532,0.00040576296,0.06670134,0.06119786,0.013015216,0.05552591,0.011598891,0.2485021,0.0088527,0.24218202,0.07313685,0.16896167,0.9424263,0.009116038,0.015370993,0.0009785485,0.0024503346,0.011014387,0.079859704,0.004472652,0.44846463,0.0143644335,0.07140769,0.00315679,0.0063153617,0.0012839861,0.009978733,0.6940222,0.10828477,-5.494798,20.345873,-7.851812,-7.107295,-16.410822,1.7382962,-1.3345869,19.077274,-0.76759416,-1.2067846,60.94903339,25.97539543,79.85940246,61.37082601,63.44463972,58.10193322,76.60808436,62.53075571,47.59226714,66.5202109,83.09314587,63.16344464,39.82425308,51.35325132,10.12302285,45.06151142,25.44815466,35.64147627,32.16168717,26.92442882,32.19683656,33.63796134,67.2056239,41.58172232,30.50966608,30.12302285,44.67486819,31.28295255,8.717047452,21.08963093,38.66432337,45.23725835,43.51493849,32.05623902,36.02811951,35.07908612,30.96660808,31.95079086,14.58699473,29.63093146,72.37258348,32.30228471,24.04217926,37.92618629,16.41476274,10.9314587,27.62741652,11.3884007,13.91915641,8.506151142,86.53778559,24.39367311
CC(C(=O)O)N1CCN(OCCC(C)(C(C)O)C2COCOC2)CC1,360.451,0.4064,7,2,4,0.6429767203,3,91.7,0,0,0,0.23422208,0.5144542,0.74654305,0.00044119786,0.05758383,0.04513292,0.015345332,0.08621447,0.014234791,0.20097569,0.009410417,0.20114756,0.07081713,0.11180612,0.9081666,0.0073500387,0.018814635,0.0014829239,0.001697241,0.011286924,0.09487131,0.0019822025,0.42655167,0.016244913,0.052648783,0.0018201772,0.0030395498,0.0011482782,0.004854453,0.7099827,0.14532588,-5.4072723,26.120306,-6.8686323,-8.150527,-16.154718,1.547829,-1.3288218,18.017567,-0.8843031,-1.7662274,56.13356766,26.22144112,79.85940246,61.37082601,63.44463972,65.76449912,76.60808436,62.53075571,47.59226714,25.86994728,37.18804921,52.23198594,33.84885764,40.456942,10.50966608,42.21441125,20.98418278,37.57469244,43.69068541,29.94727592,26.71353251,34.05975395,59.57820738,40.77328647,20.77328647,26.85413005,38.80492091,38.10193322,12.19683656,16.5202109,39.19156415,54.02460457,27.73286467,31.00175747,37.04745167,28.68189807,22.95254833,19.92970123,13.98945518,19.89455185,74.05975395,36.76625659,26.22144112,44.74516696,17.22319859,9.736379613,28.92794376,6.18629174,13.98945518,8.014059754,85.02636204,19.2970123
CC(C(=O)O)N1CCN(OCCC(C2COCOC2)C(C)(C)O)CC1,360.451,0.4064,7,2,4,0.6429767203,2,91.7,0,0,0,0.20089205,0.51827466,0.7944094,0.00031761796,0.042736873,0.045818917,0.0099001955,0.071755156,0.011605542,0.1820539,0.005142275,0.19962552,0.061717786,0.10954549,0.9176672,0.005349136,0.01605341,0.0009666616,0.0013388688,0.008541034,0.08238728,0.0019188173,0.41427797,0.012695896,0.043230183,0.0013903559,0.00278921,0.0009400812,0.0038159501,0.6968872,0.11799451,-5.4095354,18.54984,-12.207071,-6.8970423,-15.982312,1.6741536,-1.4462895,12.844881,-0.6994096,-2.153816,56.13356766,26.22144112,79.85940246,61.37082601,63.44463972,65.76449912,69.84182777,62.53075571,47.59226714,25.86994728,37.18804921,47.13532513,34.02460457,49.56063269,9.244288225,37.89103691,21.19507909,31.6344464,38.17223199,26.92442882,24.8857645,29.42003515,58.98066784,37.18804921,20.56239016,27.76801406,29.49033392,32.7943761,8.576449912,13.74340949,31.00175747,46.7486819,27.27592267,30.50966608,35.07908612,23.58523726,19.40246046,18.62917399,12.37258348,16.83655536,72.72407733,33.39191564,26.18629174,35.43057996,13.28646749,11.17750439,29.59578207,9.490333919,12.7943761,5.623901582,87.38137083,16.02811951
CC(=O)C(O)(CCON1CCN(C(C)C(=O)O)CC1)C1COCOC1,360.407,-0.6606,8,2,4,0.5828483639,2,108.77,0,0,0,0.3091481,0.54492694,0.7755768,0.0001922058,0.024778988,0.042232584,0.004802,0.04181488,0.009974154,0.17371751,0.0025452606,0.16539398,0.06862316,0.14855234,0.8831749,0.007889223,0.022170536,0.0007155469,0.0010185507,0.006608294,0.085122675,0.0009800167,0.2366687,0.0076372027,0.03771891,0.001508693,0.0022980364,0.0003097219,0.0060589183,0.6351532,0.06418045,-5.5449085,22.578453,-1.7595532,-11.797354,-17.547134,1.6943213,-1.466028,16.437601,-0.73127764,-2.858434,56.09841828,16.62565905,84.51669596,61.37082601,63.44463972,57.96133568,69.84182777,73.21616872,47.59226714,25.86994728,37.18804921,61.30052724,36.2741652,45.97539543,8.330404218,28.47100176,19.75395431,22.14411248,27.41652021,24.95606327,23.97188049,23.79613357,50.65026362,40.07029877,27.55711775,25.65905097,40.87873462,44.56942004,7.592267135,10.96660808,24.28822496,48.04920914,18.52372583,23.86643234,31.07205624,20.77328647,20.49209139,16.02811951,6.0456942,22.81195079,65.55360281,27.06502636,22.77680141,40.87873462,22.42530756,6.326889279,23.58523726,10.40421793,12.68892794,7.205623902,87.02987698,10.75571178
CC(=N)N(CCON1CCN(C(C)C(=O)O)CC1)C1COCOC1,344.412,-0.31923,7,2,4,0.4789616644,1,98.56,0,2,0,0.40502676,0.41405973,0.60308456,0.0001850373,0.024827858,0.013214593,0.0026858472,0.04873822,0.00885036,0.08480648,0.0012333993,0.23228678,0.031955995,0.04577358,0.5281716,0.0066741123,0.02187049,0.00072852446,0.000674986,0.008891318,0.10106559,0.00023664537,0.11901851,0.0016087638,0.034252364,0.0009635969,0.0009112506,0.00015340582,0.0040495945,0.77275604,0.059345055,-6.1178055,10.619716,-9.568502,-14.14469,-21.521652,1.5637192,-2.2617137,-4.4125032,-0.22075553,-3.1555426,52.51318102,18.94551845,79.85940246,61.37082601,63.44463972,43.33919156,55.32513181,66.85413005,47.59226714,87.92618629,37.18804921,70.72056239,26.60808436,22.91739895,8.330404218,28.47100176,10.36906854,16.20386643,29.66608084,23.76098418,13.70826011,19.47275923,65.86994728,20.66783831,8.998242531,16.06326889,35.85237258,43.93673111,7.662565905,7.732864675,32.16168717,57.36379613,7.978910369,18.24253076,17.85588752,18.8400703,15.21968366,8.717047452,4.112478032,17.46924429,82.07381371,26.15114236,12.33743409,26.71353251,15.14938489,4.428822496,13.9543058,6.748681898,6.713532513,1.933216169,92.19683656,9.13884007
CC(C(=O)O)N1CCN(OCCC(C2COCOC2)N(C)N)CC1,346.428,-0.8066,8,2,4,0.4316540183,2,100.73,0,2,2,0.36791766,0.38751993,0.6129819,0.00015042034,0.0110696815,0.0082124425,0.0010951534,0.100982405,0.0044251494,0.062107243,0.0015354168,0.18990663,0.0199274,0.025722781,0.62595814,0.003063568,0.020769686,0.0007488674,0.0001860891,0.003575477,0.08679485,3.15E-05,0.15146306,0.0012686062,0.013907048,0.00031542635,0.00025169365,5.95E-05,0.0009248367,0.81329596,0.0983007,-5.8232045,1.8729343,-17.87845,-5.4412093,-18.442478,1.995279,-2.242568,-7.157129,-0.44715986,-3.849326,52.82952548,15.95782074,84.51669596,61.37082601,63.44463972,37.25834798,69.84182777,68.29525483,47.59226714,87.92618629,95.07908612,67.02987698,24.4288225,23.62038664,7.908611599,16.87170475,9.068541301,8.435852373,47.83831283,13.88400703,10.26362039,20.98418278,56.48506151,12.7943761,5.869947276,17.64499121,18.1370826,41.96836555,7.732864675,3.198594025,12.58347979,49.24428822,3.831282953,19.75395431,16.16871705,5.553602812,6.11599297,4.710017575,2.565905097,5.166959578,86.22144112,31.45869947,17.08260105,16.34446397,9.806678383,13.14586995,20.456942,23.30404218,6.854130053,1.687170475,90.26362039,6.18629174
CC(N)C(CCON1CCN(C(C)C(=O)O)CC1)C1COCOC1,345.44,-0.0173,7,2,4,0.6335588609,3,97.49,0,0,0,0.19401233,0.5045013,0.7121045,0.00046089137,0.029655552,0.029933255,0.005466392,0.11004629,0.013854401,0.11969948,0.005259414,0.21797249,0.043420546,0.059264332,0.88547534,0.0041467696,0.019027798,0.001119292,0.0006827915,0.0054676095,0.08362709,0.00027795084,0.34496292,0.006983022,0.026274523,0.00059943245,0.0009890199,0.00031342992,0.0016089879,0.7402909,0.12887605,-5.794435,1.0667617,-22.515865,-3.599546,-18.039131,1.9222059,-2.2380242,-3.5630417,-0.37738976,-2.6247475,52.7943761,21.89806678,79.85940246,61.37082601,63.44463972,64.49912127,76.60808436,66.08084359,47.59226714,25.86994728,37.18804921,45.76449912,33.2513181,34.90333919,10.65026362,31.81019332,15.74692443,23.37434095,50.26362039,29.5254833,18.24253076,29.66608084,63.12829525,28.43585237,11.49384886,25.69420035,23.76098418,38.41827768,9.630931459,7.803163445,20.24604569,47.34622144,8.963093146,27.9086116,30.12302285,14.13005272,10.15817223,9.033391916,6.080843585,8.224956063,77.6801406,34.90333919,17.53954306,15.67662566,6.502636204,16.37961336,21.54657293,19.96485062,6.924428822,2.108963093,91.21265378,12.16168717
CC(S)=C(CCON1CCN(C(C)C(=O)O)CC1)C1COCOC1,360.476,1.2231,7,2,4,0.6616543202,1,71.47,0,1,0,0.37403488,0.5629257,0.72107935,0.0006783103,0.06789906,0.05517506,0.010650938,0.064615004,0.02408404,0.2129045,0.005709925,0.29916662,0.08532265,0.1013032,0.82101715,0.015303517,0.017848488,0.0012772691,0.0023922636,0.018374506,0.10545528,0.0030014229,0.3063875,0.008531863,0.07848333,0.0041764313,0.0073492313,0.00086900854,0.012770395,0.75778645,0.11620556,-5.3833075,20.610748,4.7952194,-17.09013,-15.641072,2.2304122,-0.61403406,36.798462,-1.5161363,-3.1323304,56.16871705,34.37609842,79.85940246,61.37082601,63.44463972,68.82249561,55.32513181,47.55711775,47.59226714,66.5202109,37.18804921,67.76801406,37.71528998,36.09841828,12.0913884,45.41300527,23.86643234,32.86467487,35.1142355,38.1370826,28.04920914,30.36906854,76.87170475,46.53778559,19.19156415,23.16344464,59.47275923,36.37961336,10.72056239,20.59753954,52.5483304,59.50790861,36.20386643,26.53778559,31.81019332,37.96133568,35.67662566,35.00878735,11.95079086,34.02460457,79.68365554,33.2513181,27.27592267,38.24253076,28.89279438,2.741652021,31.31810193,36.80140598,22.39015817,18.5940246,77.15289982,9.173989455
CC(C(=O)O)N1CCN(OCCC(O)(C2COCOC2)C(C)(C)O)CC1,376.45,-0.4787,8,3,4,0.517024556,2,111.93,0,0,0,0.32836324,0.41011077,0.74146324,0.00017167545,0.031142768,0.029728279,0.006940443,0.049515966,0.008038349,0.15938336,0.0029895739,0.12574115,0.0583135,0.10698755,0.7967789,0.008545943,0.024646794,0.0008085726,0.0012452,0.0094558345,0.09054284,0.0014475229,0.23500296,0.00815929,0.042251043,0.0020506545,0.0020332546,0.00058358547,0.005398047,0.6657978,0.06509428,-5.6532393,16.868973,-4.816031,-4.9890337,-18.358652,1.7047609,-1.3579996,13.93247,-0.8290043,-1.3813386,59.89455185,18.06678383,84.51669596,78.20738137,63.44463972,48.57644991,69.84182777,74.6572935,47.59226714,25.86994728,37.18804921,63.09314587,26.43233743,39.47275923,8.224956063,32.40773286,15.60632689,26.60808436,29.94727592,22.49560633,22.49560633,25.06151142,38.66432337,35.67662566,20.28119508,22.46045694,42.77680141,48.82249561,7.908611599,12.97012302,34.09490334,51.24780316,23.44463972,23.79613357,31.45869947,23.12829525,24.28822496,14.72759227,9.384885764,21.26537786,68.99824253,27.24077329,20.38664323,33.39191564,19.26186292,13.9543058,20.63268893,10.72056239,13.84885764,6.0456942,85.72934974,22.81195079
CNC(CCON1CCN(C(C)C(=O)O)CC1)C1COCOC1,331.413,-0.3927,7,2,4,0.6220506152,2,83.5,0,0,0,0.25105396,0.4603649,0.7443106,0.00025507945,0.017978257,0.023221895,0.0023638203,0.077015035,0.0067142295,0.09560714,0.0018851034,0.21042731,0.03532082,0.08239463,0.87341803,0.0034150288,0.017606324,0.0009572125,0.00039870775,0.0042366507,0.07787675,0.00014504432,0.22059982,0.00290681,0.018883357,0.00056971645,0.00083047355,0.0001591019,0.0018075745,0.69434935,0.092634425,-5.7758017,6.9809585,-22.682774,-1.4887455,-18.063128,1.6301975,-2.3430152,-0.6066834,-0.43858314,-2.0414958,49.49033392,18.41827768,79.85940246,61.37082601,63.44463972,63.16344464,69.84182777,56.66080844,47.59226714,25.86994728,37.18804921,54.4112478,30.08787346,40.03514938,8.681898067,23.83128295,13.81370826,14.90333919,40.21089631,19.75395431,14.76274165,22.17926186,61.65202109,23.26889279,15.95782074,25.06151142,19.78910369,36.02811951,8.576449912,5.272407733,15.5711775,44.00702988,6.397188049,23.09314587,22.60105448,9.244288225,9.876977153,8.295254833,4.182776801,9.20913884,72.40773286,30.68541301,17.75043937,22.03866432,6.467486819,19.78910369,21.44112478,8.506151142,6.291739895,2.495606327,90.4745167,17.15289982
CNN(CCON1CCN(C(C)C(=O)O)CC1)C1COCOC1,332.401,-1.182,8,2,4,0.53326708,1,86.74,0,1,2,0.76852477,0.43402672,0.6081781,0.00056743785,0.041474722,0.00855363,0.003296905,0.068429254,0.004165273,0.07920825,0.0039388854,0.34597036,0.030552616,0.07811306,0.67254806,0.005333214,0.01658848,0.004785425,0.0004707442,0.006079565,0.104960464,4.64E-05,0.14327863,0.0011329979,0.030529255,0.0017191939,0.0005767393,0.0001749651,0.0046319496,0.81961215,0.12974921,-5.7865057,12.609204,-15.486435,-5.0261517,-18.264645,1.573617,-2.202836,0.5838852,-0.53964186,-2.6928813,49.66608084,13.46221441,84.51669596,61.37082601,63.44463972,50.89630931,55.32513181,59.26186292,47.59226714,66.5202109,95.07908612,94.05975395,28.08435852,23.19859402,11.3884007,37.39894552,9.103690685,18.34797891,36.83655536,13.21616872,13.04042179,27.59226714,82.46045694,19.47275923,15.14938489,18.98066784,29.34973638,34.05975395,26.64323374,6.080843585,22.53075571,59.22671353,4.393673111,19.47275923,15.28998243,16.41476274,22.21441125,6.748681898,4.217926186,19.543058,86.7486819,34.93848858,17.57469244,28.75219684,11.42355009,13.9543058,20.84358524,6.783831283,7.275922671,2.776801406,89.31458699,11.66959578
CNC(CCON1CCN(C(C)C(=O)O)CC1)C1COCOC1,331.413,-0.3927,7,2,4,0.6220506152,2,83.5,0,0,0,0.2510539,0.4603649,0.7443106,0.00025507942,0.017978247,0.023221893,0.0023638196,0.07701505,0.00671423,0.09560713,0.0018851031,0.21042731,0.035320826,0.08239464,0.87341803,0.0034150265,0.017606327,0.000957213,0.00039870763,0.00423665,0.07787673,0.0001450443,0.2205998,0.0029068093,0.018883351,0.0005697164,0.0008304734,0.00015910194,0.0018075753,0.69434947,0.09263444,-5.7758017,6.980958,-22.682775,-1.4887501,-18.063128,1.6301978,-2.3430152,-0.6066818,-0.43858296,-2.0414958,49.49033392,18.41827768,79.85940246,61.37082601,63.44463972,63.16344464,69.84182777,56.66080844,47.59226714,25.86994728,37.18804921,54.4112478,30.08787346,40.03514938,8.681898067,23.83128295,13.81370826,14.90333919,40.21089631,19.75395431,14.76274165,22.17926186,61.65202109,23.26889279,15.95782074,25.06151142,19.78910369,36.02811951,8.576449912,5.272407733,15.5711775,44.00702988,6.397188049,23.09314587,22.60105448,9.244288225,9.876977153,8.295254833,4.182776801,9.20913884,72.40773286,30.68541301,17.75043937,22.03866432,6.467486819,19.78910369,21.44112478,8.506151142,6.291739895,2.495606327,90.4745167,17.15289982
CC(C(=O)O)N1CCN(OCCC(N)(C(C)O)C2COCOC2)CC1,361.439,-0.9024,8,3,4,0.50520097,3,117.72,0,0,0,0.48812604,0.3753327,0.5999998,0.00011547688,0.013015469,0.016518766,0.0023385133,0.075611785,0.0047589466,0.10298375,0.0023692972,0.13893,0.050064318,0.04783432,0.6707337,0.007052145,0.028715556,0.000970804,0.00039511398,0.006226733,0.10389779,0.00022695141,0.14059745,0.0017588895,0.02326156,0.0011041908,0.0008356933,0.00016059789,0.0030270917,0.77984583,0.08240527,-5.9559608,11.6128645,-14.670256,-2.4506285,-19.542461,1.5008641,-2.0775266,1.1412888,-0.4759358,-1.3324974,56.5202109,15.53602812,84.51669596,78.20738137,63.44463972,47.10017575,76.60808436,77.15289982,47.59226714,25.86994728,37.18804921,77.96133568,23.79613357,22.5659051,7.275922671,19.57820738,11.28295255,14.86818981,39.85940246,15.00878735,15.95782074,23.16344464,42.77680141,32.26713533,9.455184534,18.94551845,37.29349736,54.62214411,8.611599297,5.272407733,23.0228471,58.8400703,7.76801406,19.36731107,18.52372583,12.12653779,16.20386643,8.330404218,4.182776801,14.02460457,82.91739895,29.45518453,14.86818981,27.4516696,11.88049209,18.10193322,17.64499121,5.307557118,7.943760984,2.847100176,90.05272408,23.37434095
CC(C(=O)O)N1CCN(OCCC(C2COCOC2)[Si](C)(O)O)CC1,378.498,-0.5539,8,3,4,0.4787816303,2,111.93,0,1,1,0.16392729,0.3181026,0.6332972,0.00014522711,0.022526221,0.016249726,0.004577688,0.030925507,0.0074623376,0.07499903,0.0012271599,0.16854225,0.038845222,0.065998904,0.5181229,0.005221561,0.022168843,0.0008218239,0.0008823094,0.010015616,0.099815905,0.0005839505,0.08785836,0.003516543,0.026696894,0.0011688569,0.0015175468,0.00043980606,0.002727188,0.6421716,0.051891528,-5.7501874,19.66584,-11.04537,-6.8626456,-19.230225,1.373971,-1.655694,9.790428,-0.5846801,-1.1211593,60.38664323,17.46924429,84.51669596,78.20738137,63.44463972,43.33919156,69.84182777,74.6572935,47.59226714,66.5202109,83.09314587,39.89455185,20.31634446,25.48330404,7.76801406,27.2056239,11.10720562,21.47627417,23.19859402,21.30052724,12.30228471,19.43760984,51.31810193,25.72934974,12.58347979,15.78207381,29.10369069,44.56942004,7.978910369,9.666080844,35.71177504,56.76625659,13.91915641,16.73110721,24.28822496,14.44639719,16.94200351,12.02108963,7.662565905,13.07557118,66.60808436,24.78031634,18.34797891,36.73110721,14.05975395,11.17750439,18.24253076,3.444639719,11.00175747,4.885764499,88.64674868,24.74516696
CC(C(=O)O)N1CCN(OCCC(C2COCOC2)[S+](C)(=N)[O-])CC1,379.479,0.06447,8,2,4,0.568684235,3,118.38,0,1,0,0.44329566,0.44298887,0.66917014,7.43E-05,0.013259527,0.017194692,0.0016570011,0.042415936,0.0029331301,0.10223228,0.0010317082,0.26396984,0.022958694,0.055276193,0.6770052,0.007614542,0.013654041,0.0003414042,0.00054320216,0.0078098574,0.07707079,0.00041994377,0.18271555,0.001234347,0.03669488,0.0011891556,0.0015924949,0.00018206927,0.004058233,0.7947831,0.042383656,-6.1678305,3.1212554,-4.6314726,-4.8394723,-20.810703,1.8196716,-1.627182,3.7763717,-0.27168998,-2.5245876,60.56239016,23.30404218,84.51669596,61.37082601,63.44463972,56.13356766,76.60808436,77.99648506,47.59226714,66.5202109,37.18804921,73.67311072,28.43585237,29.0685413,6.502636204,19.71880492,11.59929701,11.98594025,27.52196837,9.068541301,15.74692443,18.24253076,71.59929701,14.34094903,10.68541301,19.05096661,39.68365554,27.52196837,5.518453427,6.818980668,28.68189807,43.4797891,11.31810193,21.54657293,15.92267135,20.28119508,17.15289982,12.23198594,4.428822496,17.57469244,84.56942004,22.39015817,11.49384886,17.39894552,19.33216169,14.13005272,15.04393673,14.72759227,11.17750439,3.304042179,91.88049209,13.07557118
CC(C(=O)O)N1CCN(OCCC(C)(C(C)N)C2COCOC2)CC1,359.467,0.3728,7,2,4,0.6416320891,3,97.49,0,0,0,0.22038415,0.48858237,0.61726606,0.0005745424,0.04592377,0.025963133,0.0122883655,0.15217973,0.02268229,0.13501766,0.010810028,0.2245945,0.057914525,0.046909403,0.81262493,0.0045715747,0.019319423,0.0014655528,0.0011076516,0.009150847,0.105687484,0.0004143915,0.41816553,0.012324986,0.040956996,0.0008641506,0.0011794836,0.00065402314,0.002005718,0.8002782,0.21261282,-5.7138567,4.9826875,-16.896275,-4.593116,-17.396873,1.9271902,-1.95869,2.0196533,-0.630236,-2.5968463,55.92267135,25.94024605,79.85940246,61.37082601,63.44463972,65.5887522,76.60808436,66.08084359,47.59226714,25.86994728,37.18804921,50.12302285,32.05623902,24.11247803,11.49384886,39.01581722,14.48154657,34.90333919,60.84358524,37.08260105,19.96485062,35.07908612,64.53427065,35.39543058,9.27943761,22.95254833,25.79964851,39.19156415,12.0913884,11.91564148,32.97012302,59.61335677,11.24780316,30.65026362,34.90333919,22.35500879,13.4973638,10.33391916,10.05272408,10.01757469,85.02636204,43.4797891,19.15641476,19.57820738,10.57996485,14.62214411,23.97188049,20.24604569,8.892794376,2.882249561,88.04920914,12.40773286
CC(C(=O)O)N1CCN(OCCC(N)(C(C)F)C2COCOC2)CC1,363.43,0.0748,7,2,4,0.6255419125,3,97.49,0,0,0,0.4655179,0.516467,0.6918307,0.00017916753,0.016792515,0.024233988,0.0025400077,0.09168349,0.00702081,0.14382632,0.0036650419,0.17982428,0.06456103,0.05745266,0.8596233,0.006201079,0.021168828,0.0009528538,0.0005258457,0.0061549554,0.092211,0.00031837288,0.2964604,0.0038035163,0.028998297,0.0011954505,0.0011940856,0.00026880496,0.003238578,0.7842263,0.10844828,-5.7424383,4.4750757,-9.975775,-7.4619827,-16.926876,2.1545506,-1.6158085,11.621974,-0.8647008,-3.128165,57.04745167,23.44463972,79.85940246,61.37082601,63.44463972,63.69068541,76.60808436,66.08084359,47.59226714,25.86994728,37.18804921,76.09841828,33.84885764,32.23198594,8.330404218,22.91739895,14.05975395,15.5711775,44.99121265,20.456942,21.05448155,26.92442882,53.91915641,38.76977153,11.03690685,24.4288225,33.67311072,42.81195079,8.576449912,6.748681898,22.91739895,52.33743409,9.595782074,26.25659051,25.09666081,15.50087873,17.22319859,10.36906854,5.588752197,15.00878735,83.51493849,32.30228471,18.52372583,19.12126538,14.76274165,10.36906854,25.79964851,31.91564148,11.24780316,5.342706503,85.27240773,9.244288225
CC(=O)C(F)(CCON1CCN(C(C)C(=O)O)CC1)C1COCOC1,362.398,0.3166,7,1,4,0.6603362489,2,88.54,0,0,0,0.22884639,0.6109878,0.8228695,0.0003970585,0.04927464,0.06745706,0.00950721,0.053630807,0.01160101,0.24088044,0.006705737,0.20853749,0.07926959,0.20013383,0.9519679,0.007889775,0.018304119,0.0009915085,0.0017032158,0.0076217637,0.07410475,0.0021024519,0.42111045,0.014165762,0.053952813,0.0017419513,0.0034224007,0.0006703114,0.007278937,0.6225104,0.09545759,-5.3972473,15.423956,-0.16823578,-13.537639,-15.742412,2.1997032,-1.0938635,24.484535,-1.0866053,-3.7990336,56.76625659,25.51845343,79.85940246,36.59050967,63.44463972,68.6115993,69.84182777,60.17574692,47.59226714,25.86994728,37.18804921,51.3884007,40.94903339,56.09841828,9.982425308,40,27.31107206,30.82601054,31.56414763,26.92442882,31.77504394,31.45869947,61.23022847,43.90158172,34.27065026,31.07205624,40.87873462,37.18804921,8.822495606,16.59050967,27.83831283,42.21441125,28.92794376,30.89630931,35.8172232,29.34973638,22.42530756,21.30052724,10.12302285,25.27240773,63.4797891,31.14235501,26.88927944,31.6344464,24.32337434,4.815465729,30.75571178,34.86818981,16.44991213,11.70474517,82.46045694,6.362038664
CC=C(CCON1CCN(C(C)C(=O)O)CC1)C1COCOC1,328.409,0.9656,6,1,4,0.6981364639,1,71.47,0,1,0,0.30132177,0.64467126,0.80360395,0.0011644757,0.06302532,0.06088565,0.00949323,0.098064035,0.026779896,0.21746394,0.0063907043,0.26636392,0.084858775,0.12041746,0.9461565,0.008752256,0.018098166,0.0016290421,0.002140305,0.010488672,0.093727626,0.0016964152,0.45036182,0.012285521,0.056252092,0.0022938598,0.004267476,0.0010279466,0.0070138746,0.71755373,0.13830554,-5.302203,19.849031,0.33579332,-15.8310795,-14.575203,2.1562903,-0.6600853,34.28714,-1.2101469,-3.2424462,48.75219684,31.59929701,72.46045694,36.59050967,63.44463972,74.97363796,55.32513181,47.55711775,47.59226714,66.5202109,37.18804921,60.42179262,43.86643234,51.59929701,14.79789104,44.00702988,25.41300527,30.79086116,47.27592267,39.78910369,28.85764499,31.24780316,72.16168717,46.32688928,22.14411248,30.57996485,43.44463972,36.90685413,12.97012302,19.40246046,36.9771529,53.4973638,25.30755712,32.05623902,34.86818981,30.29876977,25.83479789,24.81546573,13.00527241,24.8857645,74.72759227,36.06326889,30.65026362,37.11775044,24.71001757,3.409490334,37.71528998,32.05623902,21.47627417,17.29349736,81.33567663,8.611599297
CN=C(CCON1CCN(C(C)C(=O)O)CC1)C1COCOC1,329.397,0.0901,7,1,4,0.6627485666,1,83.83,0,1,0,0.3607838,0.5781482,0.8050953,0.00039348347,0.029089663,0.04069788,0.0035486377,0.07552599,0.011830833,0.15600827,0.0018069979,0.25399694,0.07046032,0.111596346,0.91572917,0.0061795143,0.016534632,0.0009964285,0.00087715813,0.0069193067,0.08571108,0.0005370803,0.31272793,0.0040541617,0.033607386,0.0014132911,0.0018360283,0.00031125994,0.004383132,0.7234256,0.076239906,-5.5249786,17.699238,-8.447545,-12.039864,-16.49055,1.6936665,-1.5405422,17.703835,-0.73566496,-3.2576988,49.0685413,23.65553603,79.85940246,36.59050967,63.44463972,69.10369069,55.32513181,57.39894552,47.59226714,66.5202109,37.18804921,66.60808436,38.8400703,51.95079086,9.947275923,31.52899824,19.2970123,19.08611599,39.85940246,27.06502636,22.21441125,21.96836555,69.56063269,40.59753954,20.77328647,27.52196837,33.60281195,33.88400703,8.822495606,9.630931459,25.44815466,48.43585237,13.18101933,26.78383128,25.48330404,18.62917399,19.64850615,13.67311072,6.080843585,18.76977153,75.50087873,28.68189807,23.26889279,34.37609842,16.02811951,6.0456942,27.31107206,10.36906854,11.98594025,7.83831283,87.02987698,8.541300527
CC[S+](CCON1CCN(C(C)C(=O)O)CC1)C1COCOC1,349.473,0.0198,6,1,4,0.6195234737,2,71.47,0,1,1,0.47975332,0.51472324,0.6427728,0.0005788893,0.05514633,0.028286153,0.008015329,0.08015488,0.012903598,0.11995504,0.0023119163,0.37698933,0.043783538,0.07917851,0.6724571,0.009832973,0.014785541,0.0018869604,0.001216086,0.013654159,0.109313324,0.0007867167,0.24999125,0.0036629378,0.06553095,0.00399099,0.0027995314,0.0006441501,0.010077634,0.82235205,0.09123962,-5.5088534,31.349503,-5.2297277,2.265426,-16.833021,1.3912256,-1.926727,0.71318513,-0.32055897,0.7675072,53.42706503,22.98769772,72.46045694,36.59050967,63.44463972,62.84710018,69.84182777,47.55711775,47.59226714,66.5202109,83.09314587,77.36379613,33.84885764,26.29173989,11.59929701,41.47627417,15.00878735,28.6115993,41.6168717,28.33040422,18.24253076,23.0228471,85.65905097,28.78734622,15.28998243,18.94551845,47.06502636,29.98242531,13.9543058,12.86467487,44.60456942,61.12478032,16.23901582,24.21792619,24.53427065,33.18101933,34.97363796,18.66432337,9.982425308,29.771529,87.06502636,30.40421793,23.58523726,49.80667838,18.91036907,26.01054482,26.29173989,3.690685413,9.103690685,2.811950791,91.66959578,43.44463972
CCC(CCON1CCN(C(C)C(=O)O)CC1)C1COCOC1,330.425,1.0455,6,1,4,0.7129164195,2,71.47,0,0,0,0.17011808,0.6654947,0.8171549,0.0015562027,0.087539755,0.07816224,0.020692512,0.11411836,0.027554825,0.23618932,0.011789197,0.24536595,0.07639933,0.17466322,0.9797641,0.0052905953,0.016207308,0.0021870644,0.0025448073,0.0094638225,0.088116884,0.002072491,0.6023709,0.03280425,0.05616051,0.0015686104,0.0037277886,0.0015824221,0.004279718,0.66011834,0.18866616,-5.220687,31.044724,-1.3510361,-11.31265,-13.40083,1.790122,-0.68289363,33.66216,-1.2222886,-1.5200393,49.20913884,32.16168717,72.46045694,36.59050967,63.44463972,76.94200351,69.84182777,47.55711775,47.59226714,25.86994728,37.18804921,41.26537786,45.41300527,54.51669596,16.55536028,49.63093146,30.33391916,41.79261863,51.3884007,40.14059754,31.42355009,35.78207381,67.83831283,42.84710018,31.28295255,35.88752197,29.27943761,33.04042179,15.50087873,21.37082601,34.09490334,50.05272408,28.57644991,38.27768014,41.93321617,30.29876977,20.80843585,22.63620387,16.41476274,18.5940246,68.29525483,41.1599297,34.69244288,49.56063269,23.05799649,6.959578207,45.30755712,13.67311072,21.33567663,17.11775044,81.23022847,21.72231986
CCP(CCON1CCN(C(C)C(=O)O)CC1)C1COCOC1,348.38,0.8834,6,1,4,0.6531263528,2,71.47,0,1,1,0.3087079,0.61051816,0.8056281,0.001020136,0.035385966,0.046731707,0.0060492437,0.10800195,0.015379295,0.15386963,0.0022808004,0.22381315,0.07823642,0.1268169,0.9304635,0.0065131597,0.02032081,0.0019062262,0.0009712873,0.00740623,0.101664044,0.00056731695,0.40063447,0.008437149,0.032286163,0.0017844286,0.0013637843,0.0004710752,0.0040825806,0.7039005,0.09450612,-5.4387827,22.707275,-3.589032,-3.266007,-16.042648,1.8613415,-1.3368994,11.030963,-0.6410254,-1.4515083,52.97012302,30.75571178,72.46045694,36.59050967,63.44463972,67.4516696,69.84182777,47.55711775,47.59226714,66.5202109,83.09314587,61.19507909,40.94903339,51.98594025,14.05975395,34.37609842,21.58172232,24.85061511,49.56063269,31.00175747,22.03866432,22.98769772,64.25307557,43.65553603,23.16344464,28.71704745,35.28998243,41.1599297,13.9543058,10.57996485,27.24077329,57.6801406,13.60281195,30.08787346,31.77504394,17.4340949,22.67135325,11.28295255,7.873462214,17.6801406,73.46221441,30.9314587,25.51845343,40.98418278,20.52724077,16.76625659,29.27943761,16.69595782,13.88400703,5.237258348,87.97891037,22.3198594
CCC(CCON1CCN(C(C)C(=O)O)CC1)C1COCOC1,330.425,1.0455,6,1,4,0.7129164195,2,71.47,0,0,0,0.17011808,0.6654947,0.8171549,0.0015562027,0.087539755,0.07816224,0.020692512,0.11411836,0.027554825,0.23618932,0.011789197,0.24536595,0.07639933,0.17466322,0.9797641,0.0052905953,0.016207308,0.0021870644,0.0025448073,0.0094638225,0.088116884,0.002072491,0.6023709,0.03280425,0.05616051,0.0015686104,0.0037277886,0.0015824221,0.004279718,0.66011834,0.18866616,-5.220687,31.044724,-1.3510361,-11.31265,-13.40083,1.790122,-0.68289363,33.66216,-1.2222886,-1.5200393,49.20913884,32.16168717,72.46045694,36.59050967,63.44463972,76.94200351,69.84182777,47.55711775,47.59226714,25.86994728,37.18804921,41.26537786,45.41300527,54.51669596,16.55536028,49.63093146,30.33391916,41.79261863,51.3884007,40.14059754,31.42355009,35.78207381,67.83831283,42.84710018,31.28295255,35.88752197,29.27943761,33.04042179,15.50087873,21.37082601,34.09490334,50.05272408,28.57644991,38.27768014,41.93321617,30.29876977,20.80843585,22.63620387,16.41476274,18.5940246,68.29525483,41.1599297,34.69244288,49.56063269,23.05799649,6.959578207,45.30755712,13.67311072,21.33567663,17.11775044,81.23022847,21.72231986
CSC(CCON1CCN(C(C)C(=O)O)CC1)C1COCOC1,348.465,0.7509,7,1,4,0.6890466166,2,71.47,0,0,0,0.22417314,0.5922486,0.83489597,0.0006879633,0.07435366,0.06816017,0.013645964,0.08087292,0.01105662,0.22437017,0.00936684,0.23743622,0.06520496,0.18577015,0.9730425,0.0060768225,0.014964302,0.0018122839,0.0020809632,0.009087723,0.078537226,0.0017680263,0.49974698,0.015205661,0.051448442,0.0019006385,0.004146544,0.0009775527,0.0053615686,0.6576055,0.11930034,-5.3189826,27.895529,-2.158022,-12.639406,-14.682739,1.7960745,-0.9998304,27.594814,-1.0479788,-2.3219008,53.14586995,29.56063269,79.85940246,36.59050967,63.44463972,73.21616872,69.84182777,47.55711775,47.59226714,25.86994728,37.18804921,50.68541301,39.543058,59.33216169,12.12653779,46.88927944,27.4516696,36.13356766,41.75746924,26.32688928,29.91212654,34.05975395,66.36203866,39.01581722,32.86467487,34.13005272,33.00527241,30.4745167,13.53251318,19.01581722,32.72407733,44.4288225,26.01054482,34.16520211,36.37961336,28.01405975,23.44463972,24.53427065,12.61862917,21.1599297,68.01405975,33.46221441,30.01757469,46.46748682,21.82776801,5.623901582,37.11775044,13.81370826,17.57469244,13.81370826,82.81195079,14.72759227
CSN(CCON1CCN(C(C)C(=O)O)CC1)C1COCOC1,349.453,-0.0384,8,1,4,0.6076467505,1,74.71,0,1,1,0.3831995,0.5221051,0.78138936,0.00038084196,0.06885803,0.03795913,0.00954598,0.06250627,0.0059558908,0.15246291,0.0064529674,0.2867552,0.041847136,0.13310696,0.9299701,0.0052681016,0.012868999,0.0013476571,0.0009991582,0.007938303,0.08644031,0.0004148094,0.3374141,0.00613832,0.042119063,0.0012607755,0.0021357965,0.00025610655,0.0041874363,0.7249276,0.08537452,-5.401494,26.671463,-0.6464695,-12.877788,-15.530156,1.7996638,-1.2321765,22.073074,-0.9241061,-2.6799352,53.39191564,21.8629174,84.51669596,36.59050967,63.44463972,61.19507909,55.32513181,50.43936731,47.59226714,66.5202109,83.09314587,68.82249561,34.34094903,47.10017575,9.841827768,45.72934974,18.5940246,31.00175747,34.4112478,18.06678383,21.89806678,31.31810193,75.1142355,27.48681898,24.39367311,28.68189807,29.24428822,25.94024605,11.24780316,10.79086116,29.17398946,48.92794376,11.24780316,27.59226714,28.78734622,23.09314587,18.10193322,15.14938489,5.377855888,18.1370826,75.71177504,29.80667838,26.53778559,45.16695958,23.69068541,5.342706503,31.95079086,13.98945518,15.07908612,10.228471,84.56942004,11.77504394
CCC(CCON1CCN(C(C)C(=O)O)CC1)C1COCOC1,330.425,1.0455,6,1,4,0.7129164195,2,71.47,0,0,0,0.17011808,0.6654947,0.8171549,0.0015562027,0.087539755,0.07816224,0.020692512,0.11411836,0.027554825,0.23618932,0.011789197,0.24536595,0.07639933,0.17466322,0.9797641,0.0052905953,0.016207308,0.0021870644,0.0025448073,0.0094638225,0.088116884,0.002072491,0.6023709,0.03280425,0.05616051,0.0015686104,0.0037277886,0.0015824221,0.004279718,0.66011834,0.18866616,-5.220687,31.044724,-1.3510361,-11.31265,-13.40083,1.790122,-0.68289363,33.66216,-1.2222886,-1.5200393,49.20913884,32.16168717,72.46045694,36.59050967,63.44463972,76.94200351,69.84182777,47.55711775,47.59226714,25.86994728,37.18804921,41.26537786,45.41300527,54.51669596,16.55536028,49.63093146,30.33391916,41.79261863,51.3884007,40.14059754,31.42355009,35.78207381,67.83831283,42.84710018,31.28295255,35.88752197,29.27943761,33.04042179,15.50087873,21.37082601,34.09490334,50.05272408,28.57644991,38.27768014,41.93321617,30.29876977,20.80843585,22.63620387,16.41476274,18.5940246,68.29525483,41.1599297,34.69244288,49.56063269,23.05799649,6.959578207,45.30755712,13.67311072,21.33567663,17.11775044,81.23022847,21.72231986
CCC(CCON1CCN(C(C)C(=O)O)CC1)C1COCOC1,330.425,1.0455,6,1,4,0.7129164195,2,71.47,0,0,0,0.17011808,0.6654947,0.8171549,0.0015562027,0.087539755,0.07816224,0.020692512,0.11411836,0.027554825,0.23618932,0.011789197,0.24536595,0.07639933,0.17466322,0.9797641,0.0052905953,0.016207308,0.0021870644,0.0025448073,0.0094638225,0.088116884,0.002072491,0.6023709,0.03280425,0.05616051,0.0015686104,0.0037277886,0.0015824221,0.004279718,0.66011834,0.18866616,-5.220687,31.044724,-1.3510361,-11.31265,-13.40083,1.790122,-0.68289363,33.66216,-1.2222886,-1.5200393,49.20913884,32.16168717,72.46045694,36.59050967,63.44463972,76.94200351,69.84182777,47.55711775,47.59226714,25.86994728,37.18804921,41.26537786,45.41300527,54.51669596,16.55536028,49.63093146,30.33391916,41.79261863,51.3884007,40.14059754,31.42355009,35.78207381,67.83831283,42.84710018,31.28295255,35.88752197,29.27943761,33.04042179,15.50087873,21.37082601,34.09490334,50.05272408,28.57644991,38.27768014,41.93321617,30.29876977,20.80843585,22.63620387,16.41476274,18.5940246,68.29525483,41.1599297,34.69244288,49.56063269,23.05799649,6.959578207,45.30755712,13.67311072,21.33567663,17.11775044,81.23022847,21.72231986
CS[As](CCON1CCN(C(C)C(=O)O)CC1)C1COCOC1,410.368,0.7377,7,1,4,0.587958555,2,71.47,0,1,1,0.39745313,0.57874215,0.782508,0.0004768027,0.060773052,0.051634293,0.009081257,0.07158597,0.009237696,0.21591718,0.008811459,0.24156937,0.06898616,0.14607196,0.93663406,0.0107321115,0.018711967,0.0016621726,0.001780491,0.011755832,0.0897034,0.0010767988,0.3839346,0.0095054,0.05611991,0.0028855007,0.0038817346,0.0005674475,0.0075067766,0.71226186,0.09623786,-5.345689,26.301876,1.499049,-12.458178,-14.882502,1.9397262,-0.9423591,29.046854,-1.1039081,-2.315309,67.66256591,29.5254833,79.85940246,36.59050967,63.44463972,58.66432337,69.84182777,47.55711775,47.59226714,66.5202109,83.09314587,70.05272408,38.87521968,47.24077329,10.79086116,43.26889279,22.88224956,30.05272408,38.17223199,24.07732865,28.50615114,33.60281195,67.17047452,40.14059754,26.92442882,29.42003515,49.03339192,37.99648506,13.14586995,17.18804921,39.89455185,50.86115993,19.36731107,29.45518453,32.51318102,30.29876977,29.771529,23.55008787,9.173989455,25.65905097,74.23550088,31.14235501,28.78734622,44.92091388,25.72934974,5.694200351,35.71177504,20.73813708,18.34797891,14.27065026,82.3198594,14.79789104
CCN(CCON1CCN(C(C)C(=O)O)CC1)C1COCOC1,331.413,-0.2965,7,1,4,0.6499980098,1,74.71,0,0,0,0.42259923,0.5569144,0.6943192,0.0005993418,0.040350217,0.024303822,0.0057471916,0.09754104,0.012977119,0.10382918,0.002193931,0.32148314,0.05517573,0.07163945,0.8415273,0.004680199,0.016144462,0.0014877599,0.00050041144,0.006537291,0.10508673,0.00018430028,0.29475445,0.0037201035,0.031066662,0.0013368817,0.0007849306,0.00022987134,0.0030156765,0.80090773,0.12333386,-5.4544363,23.104176,-7.2994566,-0.45659924,-16.272806,1.7099514,-1.6185474,7.2935915,-0.59947526,-0.9218435,49.49033392,19.26186292,79.85940246,36.59050967,63.44463972,66.78383128,55.32513181,50.43936731,47.59226714,25.86994728,37.18804921,72.0913884,37.11775044,32.58347979,11.70474517,36.87170475,14.05975395,24.1827768,46.95957821,28.50615114,15.99297012,22.74165202,79.75395431,34.23550088,13.81370826,23.90158172,26.25659051,32.97012302,12.26713533,6.362038664,24.11247803,59.2970123,7.029876977,26.22144112,24.81546573,16.80140598,18.87521968,8.014059754,5.061511424,13.9543058,85.02636204,33.9543058,24.95606327,41.4059754,16.83655536,21.26537786,28.18980668,10.86115993,11.24780316,4.077328647,88.54130053,26.29173989
CC(F)C(CCON1CCN(C(C)C(=O)O)CC1)C1COCOC1,348.415,0.9935,6,1,4,0.7013448807,3,71.47,0,0,0,0.19502863,0.67344576,0.83220255,0.0008190329,0.07778518,0.07527947,0.015932558,0.095669046,0.025118012,0.27275008,0.014553602,0.23021653,0.078085735,0.17382085,0.980896,0.0050709313,0.0141201615,0.0015410378,0.0025238867,0.008262778,0.073081754,0.0024878313,0.61359584,0.03347788,0.05838015,0.001429416,0.0043876125,0.0016793456,0.004895734,0.65645313,0.18876785,-5.247876,19.29181,-8.427187,-10.668776,-13.987366,1.9593118,-0.87815344,27.550816,-1.0813403,-2.5033746,53.07557118,31.81019332,72.46045694,36.59050967,63.44463972,75.43057996,76.60808436,47.55711775,47.59226714,25.86994728,37.18804921,46.08084359,46.25659051,58.52372583,12.89982425,47.55711775,29.38488576,37.89103691,46.08084359,38.62917399,35.25483304,37.85588752,65.30755712,43.55008787,31.21265378,36.30931459,28.29525483,28.6115993,12.61862917,21.33567663,30.29876977,41.4059754,32.75922671,38.87521968,42.17926186,30.9314587,19.78910369,25.30755712,16.9771529,19.92970123,67.9086116,41.1599297,33.4973638,36.55536028,16.02811951,7.62741652,41.44112478,21.33567663,19.05096661,13.74340949,82.46045694,13.21616872
CC(=O)N(CCON1CCN(C(C)C(=O)O)CC1)C1COCOC1,345.396,-0.7699,7,1,4,0.6431587572,1,91.78,0,0,0,0.41370565,0.58210236,0.787356,0.0001397259,0.021481767,0.035509426,0.0023203602,0.033487763,0.005217639,0.13605867,0.0009800537,0.25105095,0.047995657,0.14062199,0.888739,0.0052663567,0.013743806,0.00039580156,0.00039877518,0.0044338936,0.08044157,0.0003775009,0.2102783,0.0024104181,0.02913422,0.0009816384,0.0011419192,8.11E-05,0.004532402,0.7437194,0.04203529,-5.3796716,32.13512,-3.5953822,-15.630223,-16.626926,1.3669326,-1.7587665,10.83761,-0.38481125,-3.9770572,52.68892794,16.16871705,79.85940246,36.59050967,63.44463972,65.76449912,55.32513181,62.63620387,47.59226714,25.86994728,37.18804921,71.56414763,39.12126538,48.18980668,7.662565905,26.43233743,17.99648506,14.79789104,24.35852373,16.30931459,20.10544815,17.78558875,68.82249561,31.35325132,25.83479789,25.86994728,29.24428822,27.66256591,5.940246046,5.272407733,16.20386643,45.72934974,10.65026362,22.60105448,20.94903339,15.50087873,15.3602812,10.15817223,2.847100176,19.26186292,78.06678383,22.21441125,27.34622144,50.61511424,20.52724077,3.479789104,26.85413005,3.374340949,10.228471,5.131810193,91.07205624,5.834797891
CC(F)=C(CCON1CCN(C(C)C(=O)O)CC1)C1COCOC1,346.399,1.2628,6,1,4,0.7440262094,1,71.47,0,0,0,0.32414302,0.6461768,0.80674183,0.0008770297,0.06564949,0.062443446,0.009844713,0.088151656,0.025305424,0.2500258,0.008186658,0.24721785,0.09317379,0.13720717,0.9361952,0.010393103,0.018768974,0.0014915928,0.0026363835,0.012306521,0.0947337,0.0021367525,0.47896138,0.017125359,0.066886246,0.0025376403,0.0052214623,0.0011238077,0.009350732,0.71031404,0.14582077,-5.2477083,12.625471,-1.1243508,-14.602071,-14.4867325,2.4083571,-0.61433524,33.3169,-1.3578917,-4.043935,52.82952548,34.76274165,72.46045694,36.59050967,63.44463972,81.37082601,55.32513181,47.55711775,47.59226714,25.86994728,37.18804921,62.67135325,43.93673111,52.12653779,13.2513181,44.71001757,25.79964851,31.56414763,44.07732865,38.98066784,32.40773286,33.11072056,67.9086116,48.82249561,25.23725835,29.34973638,48.43585237,38.06678383,12.26713533,21.6168717,41.44112478,53.91915641,29.27943761,33.14586995,37.25834798,33.53251318,27.59226714,28.96309315,13.81370826,28.89279438,74.05975395,36.76625659,33.53251318,28.75219684,23.23374341,4.217926186,38.17223199,47.55711775,22.35500879,16.83655536,79.2970123,5.729349736
CC(=O)C(CCON1CCN(C(C)C(=O)O)CC1)C1COCOC1,344.408,0.2245,7,1,4,0.6691482452,2,88.54,0,0,0,0.2576281,0.6269845,0.81049824,0.00034136718,0.029829834,0.057371993,0.0051226793,0.053850114,0.011033462,0.19225273,0.0027904026,0.22658062,0.070715584,0.14369212,0.9415277,0.006441978,0.01677322,0.0007586622,0.0010010632,0.005897824,0.0764612,0.0012745789,0.3595201,0.008729619,0.040626694,0.0013409725,0.0026165727,0.00036307445,0.0051547373,0.68561095,0.08336032,-5.386781,15.496411,-10.436388,-12.308538,-16.044365,1.8374393,-1.5040104,16.010284,-0.63467485,-3.9601402,52.44288225,24.85061511,79.85940246,36.59050967,63.44463972,69.87697715,69.84182777,60.17574692,47.59226714,25.86994728,37.18804921,55.46572935,42.35500879,52.97012302,9.455184534,31.88049209,24.60456942,22.81195079,31.59929701,26.29173989,25.86994728,24.49912127,64.8857645,40.73813708,26.36203866,29.91212654,35.00878735,34.58699473,7.76801406,10.82601054,21.93321617,43.16344464,22.10896309,28.40070299,31.98594025,22.28471002,18.91036907,17.64499121,6.502636204,20.63268893,71.35325132,29.5254833,27.17047452,31.70474517,14.44639719,5.764499121,29.27943761,15.5711775,12.37258348,7.100175747,88.01405975,5.834797891
CCC(S)(CCON1CCN(C(C)C(=O)O)CC1)C1COCOC1,362.492,1.0979,7,2,4,0.6266001732,2,71.47,0,1,0,0.32317907,0.5875137,0.7562208,0.00072659046,0.07263152,0.05630941,0.016864533,0.07992868,0.015557828,0.21254158,0.01040745,0.2674023,0.07727809,0.11914861,0.9059102,0.011932823,0.01782953,0.001424148,0.0027831844,0.016132636,0.10561468,0.0025319129,0.4685665,0.01580472,0.07144014,0.003464351,0.0067492365,0.0012817137,0.01005712,0.74560535,0.12784609,-5.308264,33.10624,4.5888686,-11.407938,-14.294932,1.7912514,-0.6403024,35.176826,-1.4011326,-1.1956952,56.90685413,32.97012302,79.85940246,61.37082601,63.44463972,63.90158172,69.84182777,47.55711775,47.59226714,66.5202109,37.18804921,62.5659051,39.26186292,41.79261863,12.44288225,46.53778559,24.32337434,38.87521968,41.54657293,31.24780316,28.04920914,34.86818981,72.23198594,43.19859402,22.03866432,26.67838313,51.98594025,36.34446397,11.84534271,22.39015817,48.68189807,59.543058,33.07557118,32.75922671,36.80140598,35.07908612,32.26713533,33.32161687,14.58699473,29.771529,78.3831283,34.79789104,30.43936731,51.49384886,28.54130053,6.818980668,39.22671353,13.70826011,21.89806678,17.82073814,78.69947276,24.4288225
CCC(N)(CCON1CCN(C(C)C(=O)O)CC1)C1COCOC1,345.44,0.1268,7,2,4,0.6404894109,2,97.49,0,0,0,0.3691929,0.47708917,0.6429661,0.00036587517,0.020056758,0.021868868,0.003503821,0.11748221,0.008982511,0.109792635,0.0028900034,0.18017955,0.051044524,0.0498692,0.7911259,0.006062624,0.02499844,0.0011386306,0.0005331884,0.0066082827,0.10974918,0.00018795593,0.2745293,0.0040046633,0.027098482,0.0010368727,0.00076431956,0.0002283487,0.002326694,0.7892893,0.10645238,-5.711378,8.822752,-16.956757,-2.9065957,-17.027075,1.8185856,-2.0358808,1.794336,-0.49745813,-2.2879896,52.7943761,24.04217926,79.85940246,61.37082601,63.44463972,65.41300527,69.84182777,66.08084359,47.59226714,25.86994728,37.18804921,67.27592267,31.17750439,26.29173989,9.771528998,25.44815466,13.53251318,18.91036907,52.23198594,23.86643234,16.69595782,24.85061511,53.98945518,32.61862917,9.947275923,22.14411248,32.93497364,49.13884007,9.630931459,6.783831283,24.28822496,61.51142355,7.135325132,25.27240773,25.48330404,14.76274165,15.8172232,7.76801406,4.991212654,11.35325132,84.04217926,32.19683656,19.26186292,24.21792619,10.50966608,17.29349736,25.62390158,14.6572935,8.365553603,2.847100176,89.66608084,14.93848858
CNP(=S)(CCON1CCN(C(C)C(=O)O)CC1)C1COCOC1,381.435,-0.0045,7,2,4,0.5643995183,2,83.5,0,1,2,0.41352683,0.5504966,0.7933432,0.00039553922,0.03628192,0.041120417,0.005463835,0.06042076,0.007942098,0.16396667,0.0041962215,0.24128744,0.055952113,0.16008358,0.9168577,0.008932407,0.019453062,0.0014380888,0.0011208912,0.008636877,0.09162472,0.0007180931,0.28741845,0.00462965,0.03847327,0.002166149,0.0029513766,0.00037700677,0.00762733,0.68370235,0.07648276,-5.90577,9.399201,3.684262,-11.919305,-17.985409,2.1456258,-1.3381526,18.996334,-0.9601576,-3.2426765,61.01933216,22.00351494,79.85940246,61.37082601,63.44463972,55.5711775,69.84182777,56.66080844,47.59226714,66.5202109,95.07908612,71.56414763,36.62565905,49.34973638,9.947275923,34.79789104,19.43760984,23.37434095,33.81370826,22.14411248,23.0228471,27.9086116,67.10017575,34.62214411,29.27943761,27.62741652,44.00702988,39.43760984,11.91564148,12.05623902,31.35325132,52.0913884,15.50087873,25.79964851,26.36203866,21.19507909,24.92091388,19.50790861,6.889279438,25.90509666,71.28295255,28.71704745,15.85237258,25.13181019,27.94376098,6.18629174,21.65202109,31.07205624,13.88400703,8.471001757,84.11247803,8.611599297
CNC(C)(CCON1CCN(C(C)C(=O)O)CC1)C1COCOC1,345.44,-0.0026,7,2,4,0.6359380817,2,83.5,0,0,0,0.24432328,0.46498746,0.7155767,0.0003601546,0.02893957,0.026041696,0.005547476,0.110757336,0.011004584,0.110420845,0.003490563,0.20306945,0.03870956,0.06295933,0.8419067,0.0032934498,0.017885294,0.0009923427,0.00047467486,0.0056567965,0.09380887,0.00018673798,0.32245356,0.004678843,0.022242192,0.0005297617,0.0007627456,0.00026676114,0.0015627804,0.7342141,0.12466526,-5.7019053,8.693173,-19.598276,-1.190931,-17.565823,1.6666483,-2.2015667,-1.0139679,-0.46371683,-1.7732166,52.7943761,22.00351494,79.85940246,61.37082601,63.44463972,64.71001757,69.84182777,56.66080844,47.59226714,25.86994728,37.18804921,53.77855888,30.36906854,35.21968366,9.666080844,31.31810193,14.48154657,23.62038664,50.4745167,26.25659051,16.76625659,26.5026362,60.14059754,25.65905097,12.12653779,23.90158172,19.15641476,36.48506151,8.822495606,6.11599297,20.80843585,53.56766257,7.100175747,26.95957821,26.43233743,11.42355009,9.173989455,7.76801406,5.553602812,7.908611599,76.90685413,34.27065026,19.47275923,24.04217926,8.506151142,20.10544815,23.55008787,9.314586995,7.275922671,2.460456942,90.12302285,19.26186292
CN[N+](C)(CCON1CCN(C(C)C(=O)O)CC1)C1COCOC1,347.436,-1.0374,7,2,4,0.4257074682,2,83.5,0,2,1,0.59898037,0.040026523,0.042928576,0.0016419304,0.026126679,9.15E-06,0.00043670187,0.05147581,0.00087725295,0.0021226371,0.00088902825,0.16598408,3.27E-05,0.0007323801,0.00024459924,0.005127729,0.038688026,0.0039305575,0.00061937096,0.0053265365,0.13343422,8.21E-08,0.0069703395,4.11E-05,0.022636736,0.00028502475,9.74E-06,5.09E-05,0.00025764314,0.8538335,0.048544236,-5.8881464,18.675629,-12.011325,-0.2316742,-19.77398,1.2955954,-2.5917263,-14.520877,-0.24722676,-1.0623341,52.93497364,14.58699473,79.85940246,61.37082601,63.44463972,36.44991213,69.84182777,56.66080844,47.59226714,87.92618629,83.09314587,85.83479789,4.499121265,3.128295255,16.76625659,29.70123023,1.722319859,4.499121265,30.65026362,2.355008787,0.913884007,17.36379613,50.75571178,1.019332162,1.300527241,1.862917399,28.71704745,68.01405975,23.76098418,7.416520211,19.85940246,70.29876977,0.9841827768,7.065026362,1.230228471,11.73989455,5.659050967,1.265377856,2.319859402,2.108963093,90.228471,23.86643234,16.16871705,35.53602812,13.42706503,21.65202109,17.39894552,2.355008787,5.237258348,1.300527241,92.12653779,25.06151142
CC(C(=O)O)N1CCN(OCCC2(C3COCOC3)CCNC2C)CC1,371.478,0.3875,7,2,4,0.6649477596,3,83.5,0,0,0,0.16241851,0.49589086,0.63211143,0.0002183723,0.01994504,0.013510643,0.0025310083,0.11513094,0.014837387,0.091288775,0.003929605,0.14790365,0.03850484,0.030978214,0.8876999,0.0031610366,0.021881644,0.00048934564,0.00036823476,0.004124328,0.085631885,7.28E-05,0.30650946,0.0059290384,0.017956644,0.00039416383,0.00032544212,0.00014438842,0.0009260718,0.7629849,0.14560686,-5.824234,-0.5187729,-20.50926,-3.0140793,-18.426407,1.9395733,-2.2052197,-2.626924,-0.5705484,-2.6863527,59.01581722,26.01054482,79.85940246,61.37082601,63.44463972,69.27943761,76.60808436,56.66080844,47.59226714,25.86994728,37.18804921,39.68365554,32.5483304,25.37785589,8.471001757,25.37785589,10.4745167,15.53602812,51.6344464,30.54481547,14.34094903,27.59226714,45.30755712,25.41300527,6.502636204,25.83479789,18.62917399,43.97188049,6.362038664,4.991212654,14.93848858,48.40070299,5.061511424,26.53778559,28.43585237,8.330404218,7.486818981,5.272407733,4.007029877,5.166959578,80.73813708,36.76625659,17.04745167,14.97363796,7.943760984,17.18804921,20.49209139,20.73813708,7.275922671,2.179261863,88.82249561,11.73989455
CC(C(=O)O)N1CCN(OCCC2(C3COCOC3)OCOC2C)CC1,374.434,0.1509,8,1,4,0.668654316,3,89.93,0,0,0,0.43984026,0.64524657,0.8517389,0.00015108855,0.044797122,0.04779546,0.0047087735,0.043815263,0.0054052398,0.24923849,0.0060663586,0.1905592,0.078716554,0.26152676,0.96688557,0.0046670684,0.013655844,0.00052669185,0.0016703658,0.0045161135,0.058035355,0.001153399,0.41765937,0.010344955,0.050510325,0.0016765551,0.0025135858,0.00041545773,0.0067160623,0.6297811,0.0845393,-5.471509,21.357946,-2.7825723,-9.147893,-16.429092,1.7625344,-1.2356081,22.501577,-0.89462173,-1.5740969,59.50790861,24.1827768,84.51669596,36.59050967,63.44463972,69.87697715,76.60808436,61.12478032,47.59226714,25.86994728,37.18804921,73.53251318,43.86643234,64.07732865,7.908611599,38.73462214,21.82776801,21.89806678,28.15465729,16.66080844,32.37258348,30.9314587,56.62565905,43.76098418,40.31634446,33.21616872,26.25659051,27.52196837,6.608084359,16.2741652,16.5202109,28.68189807,20.73813708,30.65026362,33.39191564,27.55711775,21.75746924,17.22319859,7.311072056,24.11247803,64.6397188,29.66608084,24.56942004,39.19156415,21.47627417,8.400702988,27.59226714,12.51318102,15.04393673,10.40421793,84.8857645,21.08963093
CC(C(=O)O)N1CCN(OCCC(S)(C(C)N)C2COCOC2)CC1,377.507,0.0351,8,3,4,0.510146447,3,97.49,0,1,0,0.3747371,0.44149905,0.6108047,0.00021271058,0.039266724,0.02030177,0.008008217,0.08352314,0.008140357,0.12095542,0.009950509,0.234816,0.045107268,0.04778153,0.7049642,0.008938723,0.021568462,0.0010053256,0.00085900427,0.010478293,0.09821384,0.00032140876,0.26459002,0.0066184914,0.041406263,0.0014314858,0.0018429805,0.0002807136,0.0038855083,0.80285203,0.108655274,-5.8596926,5.563737,-12.913298,-5.892595,-18.514261,1.9412235,-1.9243937,4.236702,-0.5973249,-2.1032975,60.14059754,23.09314587,84.51669596,78.20738137,63.44463972,47.48681898,76.60808436,66.08084359,47.59226714,66.5202109,37.18804921,67.80316344,28.3655536,23.40949033,8.471001757,36.34446397,12.68892794,28.54130053,42.67135325,22.53075571,18.34797891,34.51669596,66.18629174,29.66608084,9.455184534,19.85940246,44.00702988,43.4797891,8.822495606,9.384885764,36.9771529,55.74692443,9.666080844,24.92091388,29.5254833,22.60105448,19.82425308,13.74340949,5.729349736,17.04745167,85.23725835,32.30228471,16.48506151,20.35149385,12.89982425,12.65377856,20.28119508,20.73813708,9.13884007,3.444639719,88.57644991,16.5202109
CC(C(=O)O)N1CCN(OCCC2(C3COCOC3)CC2(C)F)CC1,360.426,1.1376,6,1,4,0.7298371463,3,71.47,0,0,0,0.28844494,0.66650015,0.7698118,0.0004099194,0.06215434,0.05874195,0.015267859,0.09869411,0.025562037,0.33177447,0.03156131,0.17235634,0.12135887,0.14748268,0.9683839,0.010109861,0.020658594,0.0015697677,0.0032370102,0.012314349,0.07800684,0.002911815,0.58760935,0.054630257,0.0802481,0.0026534456,0.005733815,0.002105017,0.009782918,0.6600443,0.23433408,-5.3102565,18.162561,-1.9193687,-11.394383,-14.538153,2.1348336,-0.685537,31.72229,-1.3912066,-2.7580884,56.09841828,33.35676626,72.46045694,36.59050967,63.44463972,79.05096661,76.60808436,47.55711775,47.59226714,25.86994728,37.18804921,59.05096661,45.51845343,44.67486819,10.19332162,43.69068541,24.85061511,37.50439367,47.41652021,39.12126538,40.21089631,44.8857645,52.23198594,55.99297012,27.2056239,33.53251318,47.73286467,41.75746924,12.65377856,24.1827768,41.44112478,44.04217926,35.71177504,37.6801406,46.78383128,38.66432337,28.64674868,30.12302285,18.94551845,29.5254833,68.29525483,45.37785589,30.29876977,34.86818981,22.21441125,6.854130053,37.92618629,30.33391916,21.26537786,15.67662566,78.80492091,11.35325132
CC(=O)C(C)(CCON1CCN(C(C)C(=O)O)CC1)C1COCOC1,358.435,0.6146,7,1,4,0.6753343949,2,88.54,0,0,0,0.21509698,0.57357776,0.79733753,0.00033852848,0.061587524,0.058390815,0.014179712,0.064573064,0.011380324,0.25781292,0.0133755,0.19822916,0.08019906,0.1679362,0.9495643,0.00888503,0.018998662,0.0011158106,0.0018261373,0.009412685,0.07519843,0.0020416745,0.4651156,0.019474708,0.056750216,0.0018614791,0.0037481666,0.0008436519,0.0061459513,0.6378357,0.12662226,-5.315264,26.315296,-1.4691223,-14.6580305,-15.721674,1.7551117,-1.2868128,21.365826,-0.86656606,-3.596075,55.53602812,28.11950791,79.85940246,36.59050967,63.44463972,71.00175747,69.84182777,60.17574692,47.59226714,25.86994728,37.18804921,49.24428822,38.45342707,50.08787346,9.420035149,43.51493849,24.81546573,36.73110721,35.1142355,26.67838313,33.32161687,37.04745167,58.3831283,44.4288225,30.36906854,30.86115993,43.79613357,38.41827768,9.595782074,17.50439367,33.9543058,42.60105448,28.3655536,32.58347979,38.24253076,30.4745167,23.26889279,22.74165202,11.81019332,22.98769772,66.0456942,34.58699473,30.08787346,44.92091388,22.95254833,4.217926186,30.82601054,12.30228471,14.51669596,9.701230228,85.27240773,6.818980668
CC(C(=O)O)N1CCN(OCCC(C2COCOC2)C2(C)CO2)CC1,358.435,0.4244,7,1,4,0.6253958624,3,84,0,1,1,0.42576542,0.6199351,0.7931224,0.0001335965,0.030584788,0.04732766,0.0044389125,0.0592048,0.007879493,0.26097637,0.006633991,0.19014466,0.09874011,0.13801384,0.96571624,0.0081453975,0.01745959,0.00059855846,0.0015908238,0.0075479755,0.06740341,0.002391383,0.43492985,0.012917298,0.061492004,0.0026394262,0.0038548957,0.00064996094,0.0088502765,0.70129585,0.11804769,-5.343946,18.707645,-5.2186475,-10.633558,-15.218699,1.9941552,-1.0537896,24.389679,-0.94250834,-2.4959378,55.53602812,26.32688928,79.85940246,36.59050967,63.44463972,63.69068541,76.60808436,57.4340949,47.59226714,66.5202109,83.09314587,72.44288225,41.82776801,49.31458699,7.62741652,32.12653779,21.68717047,21.26537786,33.63796134,22.03866432,33.74340949,31.42355009,56.48506151,50.36906854,25.37785589,32.97012302,41.44112478,35.67662566,7.135325132,15.71177504,27.59226714,36.9771529,32.0913884,31.28295255,35.32513181,32.19683656,28.50615114,23.33919156,9.982425308,27.94376098,73.18101933,33.39191564,28.85764499,35.5711775,18.94551845,7.62741652,33.98945518,23.30404218,16.83655536,11.66959578,84.28822496,13.28646749
CC(C(=O)O)N1CCN(OCCC2(C3COCOC3)COC2C)CC1,358.435,0.4244,7,1,4,0.70156474,3,80.7,0,0,0,0.51294327,0.64691883,0.8166815,0.0001263704,0.015572218,0.040799487,0.0022075041,0.07264266,0.0067574456,0.22665949,0.0034841641,0.16211815,0.106650606,0.120327756,0.9589097,0.008139346,0.019457368,0.0005371058,0.00095403334,0.006231315,0.07327993,0.001158474,0.4394451,0.009552682,0.043908674,0.0021584353,0.003010469,0.00041483698,0.008670151,0.723748,0.10428834,-5.391326,20.223959,-6.7097144,-9.432974,-15.637072,1.8116703,-1.1982319,22.229145,-0.91192883,-2.1005795,55.53602812,26.32688928,79.85940246,36.59050967,63.44463972,75.43057996,76.60808436,55.14938489,47.59226714,25.86994728,37.18804921,80.07029877,44.00702988,54.44639719,7.55711775,22.10896309,19.2970123,14.48154657,38.62917399,19.82425308,30.26362039,26.5026362,49.31458699,52.58347979,22.14411248,31.84534271,41.44112478,39.43760984,6.678383128,10.33391916,23.0228471,41.58172232,20.84358524,31.49384886,32.65377856,23.93673111,24.8857645,19.78910369,7.275922671,27.52196837,75.53602812,32.0913884,27.02987698,37.75043937,17.36379613,8.295254833,31.31810193,14.48154657,15.5711775,10.26362039,84.6397188,16.5202109
CC(=O)C(Br)(CCON1CCN(C(C)C(=O)O)CC1)C1COCOC1,423.304,0.742,7,1,4,0.5725111085,2,88.54,0,1,1,0.42101866,0.6157519,0.7734199,0.0004686673,0.10821561,0.0761984,0.016354445,0.04102719,0.013478473,0.34872213,0.013334639,0.2771709,0.07341332,0.24104777,0.93224204,0.014773147,0.012783319,0.0009829156,0.0038564107,0.015387699,0.074764885,0.007020466,0.44295368,0.012699431,0.11853075,0.0059957677,0.01191553,0.0015451009,0.024393082,0.7181417,0.10372704,-5.404592,22.561214,3.6521897,-13.981211,-15.837885,2.0247,-0.99957925,30.165283,-1.21285,-2.7706215,70.68541301,29.5254833,79.85940246,36.59050967,63.44463972,56.69595782,69.84182777,60.17574692,47.59226714,66.5202109,83.09314587,71.98594025,41.4059754,45.37785589,10.72056239,53.07557118,29.63093146,38.34797891,27.06502636,29.03339192,41.58172232,37.01230228,73.70826011,41.82776801,38.5940246,28.89279438,58.3831283,25.62390158,8.752196837,26.39718805,47.41652021,42.35500879,51.77504394,31.66959578,35.07908612,48.6115993,41.33567663,44.46397188,16.2741652,45.83479789,74.90333919,32.05623902,26.46748682,40.87873462,27.87346221,4.569420035,30.228471,24.74516696,17.60984183,14.97363796,81.30052724,11.24780316
CC(C(=O)O)N1CCN(OCCC(C)(C(C)F)C2COCOC2)CC1,362.442,1.3836,6,1,4,0.6993948762,3,71.47,0,0,0,0.20666122,0.64528334,0.7760471,0.0007454711,0.118702576,0.06216816,0.029594067,0.1256526,0.034376085,0.30065194,0.028818453,0.22188696,0.079772174,0.1327692,0.9642091,0.0063314205,0.014289362,0.001669625,0.0032507598,0.014069316,0.09149202,0.0029362421,0.6734037,0.053127486,0.07847283,0.0018314531,0.0048272396,0.0028002313,0.005489381,0.71341646,0.26277542,-5.21903,26.029028,1.3043495,-11.347732,-13.788486,2.0306332,-0.46786848,36.56377,-1.5583738,-2.231997,56.80140598,36.37961336,72.46045694,36.59050967,63.44463972,75.1142355,76.60808436,47.55711775,47.59226714,25.86994728,37.18804921,47.9086116,43.86643234,46.08084359,12.47803163,54.86818981,25.76449912,47.87346221,54.51669596,43.23374341,37.60984183,43.93673111,63.90158172,44.00702988,24.35852373,32.68892794,34.34094903,29.03339192,13.14586995,24.32337434,45.37785589,51.88049209,35.78207381,42.3198594,46.46748682,37.96133568,23.05799649,27.38137083,22.24956063,21.54657293,74.4112478,47.69771529,34.86818981,44.53427065,25.55360281,6.959578207,42.81195079,24.92091388,24.07732865,18.52372583,76.83655536,15.21968366
CSS(C)(CCON1CCN(C(C)C(=O)O)CC1)C1COCOC1,382.548,1.094,7,1,4,0.6258619442,2,71.47,0,1,0,0.15735088,0.5109197,0.7410629,0.0007487034,0.12680572,0.0625435,0.028279621,0.084970154,0.018601203,0.24230513,0.018211234,0.2535207,0.06733458,0.13743794,0.93792355,0.008820938,0.01441586,0.0017402858,0.0032027632,0.019726872,0.09613162,0.003239879,0.49464646,0.01757149,0.0820054,0.0027552065,0.0064737364,0.001794315,0.006744773,0.6968351,0.15915501,-5.361311,40.527206,18.063305,-14.200938,-14.928091,1.9040121,-0.36604223,42.78949,-1.8328222,-1.4179245,61.30052724,32.82952548,79.85940246,36.59050967,63.44463972,63.76098418,69.84182777,47.55711775,47.59226714,66.5202109,37.18804921,39.15641476,33.56766257,39.43760984,12.47803163,56.20386643,25.83479789,47.06502636,43.16344464,33.9543058,31.84534271,39.68365554,69.27943761,39.64850615,25.23725835,29.59578207,43.58523726,29.42003515,13.46221441,23.93673111,54.16520211,54.76274165,37.6801406,33.91915641,37.39894552,39.22671353,29.0685413,32.40773286,17.60984183,24.14762742,72.72407733,38.31282953,27.97891037,57.36379613,42.60105448,4.393673111,35.5711775,19.19156415,25.20210896,22.5659051,73.2513181,22.49560633
CSC(C)(CCON1CCN(C(C)C(=O)O)CC1)C1COCOC1,362.492,1.141,7,1,4,0.6892770689,2,71.47,0,0,0,0.16406634,0.54938734,0.79190224,0.000720936,0.1233503,0.0649474,0.030719275,0.08794359,0.016726965,0.2685244,0.019162472,0.220727,0.07345609,0.16568291,0.96414053,0.0072135366,0.01646514,0.0017835004,0.003385345,0.0153865535,0.09111713,0.0029615886,0.5502621,0.027632277,0.07312125,0.002141608,0.0060562068,0.0018292774,0.006304285,0.65660125,0.16003,-5.286672,32.032482,4.5409136,-12.558616,-14.27962,1.8368864,-0.70533216,33.58266,-1.3613284,-1.8067166,56.90685413,33.35676626,79.85940246,36.59050967,63.44463972,73.2513181,69.84182777,47.55711775,47.59226714,25.86994728,37.18804921,39.92970123,36.48506151,49.10369069,12.40773286,55.64147627,26.39718805,48.40070299,44.00702988,32.30228471,34.86818981,39.89455185,63.65553603,41.82776801,30.15817223,32.68892794,38.03163445,33.74340949,13.46221441,24.85061511,47.41652021,51.56414763,35.95782074,36.16871705,40.77328647,35.67662566,24.85061511,31.21265378,17.89103691,23.30404218,67.97891037,38.34797891,31.35325132,50.40421793,28.50615114,5.659050967,39.36731107,15.53602812,21.01933216,17.01230228,79.22671353,19.01581722
CC[N+](C)(CCON1CCN(C(C)C(=O)O)CC1)C1COCOC1,346.448,-0.1519,6,1,4,0.6128798043,2,71.47,0,1,0,0.40796962,0.068116404,0.06877948,0.00087580795,0.03544419,4.83E-05,0.0015354784,0.07973955,0.003940951,0.0043423236,0.0011474799,0.17292984,0.00015074312,0.0013279987,0.0006029441,0.0040904833,0.032329213,0.0015657361,0.0009296358,0.008597432,0.14224213,8.52E-07,0.02169017,0.00018662076,0.02832209,0.00034513447,5.57E-05,0.000176768,0.0003060545,0.8636465,0.080643155,-5.639249,30.033518,-8.990009,10.8490715,-18.932236,1.1539856,-2.7743149,-24.706112,0.16089407,2.2896595,52.82952548,20.87873462,72.46045694,36.59050967,63.44463972,61.65202109,69.84182777,47.55711775,47.59226714,66.5202109,37.18804921,70.9314587,6.0456942,3.936731107,13.2513181,34.37609842,2.601054482,11.56414763,41.33567663,12.72407733,1.44112478,18.87521968,52.33743409,1.546572935,1.58172232,2.355008787,23.4797891,59.64850615,12.61862917,10.15817223,31.17750439,72.5483304,1.405975395,10.15817223,4.217926186,15.18453427,6.748681898,2.179261863,4.253075571,2.390158172,91.3884007,29.24428822,20.7029877,48.54130053,15.60632689,41.8629174,18.8400703,1.159929701,4.182776801,0.9841827768,94.83304042,57.64499121
C=C(C)C(CCON1CCN(C(C)C(=O)O)CC1)C1COCOC1,342.436,1.2116,6,1,4,0.6648888686,2,71.47,0,1,0,0.19580574,0.6193693,0.7682304,0.0007696104,0.071311474,0.0674564,0.014375208,0.08023965,0.025951168,0.24498329,0.011599755,0.23710513,0.07709932,0.1332822,0.9508079,0.0074567357,0.015730368,0.001223969,0.002684613,0.010457193,0.08505907,0.0025755116,0.4711334,0.027074214,0.072946325,0.0017593291,0.005504971,0.0010083143,0.006298393,0.6850463,0.16754219,-5.2269187,25.528181,3.4106545,-16.252907,-13.700972,2.0972064,-0.43374863,38.46568,-1.4000839,-2.9201035,52.16168717,34.30579965,72.46045694,36.59050967,63.44463972,69.24428822,69.84182777,47.55711775,47.59226714,66.5202109,37.18804921,46.25659051,41.72231986,44.32337434,12.58347979,46.32688928,27.31107206,36.90685413,41.65202109,39.50790861,31.98594025,35.60632689,66.36203866,43.16344464,24.4288225,31.03690685,39.15641476,32.05623902,10.29876977,22.07381371,36.9771529,48.01405975,33.46221441,32.7943761,40.59753954,35.64147627,22.53075571,29.63093146,12.89982425,23.30404218,71.35325132,39.01581722,34.30579965,44.14762742,27.66256591,3.233743409,43.40949033,28.22495606,24.46397188,19.47275923,78.73462214,10.40421793
C=C(C)N(CCON1CCN(C(C)C(=O)O)CC1)C1COCOC1,343.424,0.2172,7,1,4,0.6707626549,1,74.71,0,0,0,0.28858903,0.52795756,0.727451,0.0004018559,0.06496033,0.0435671,0.009546697,0.05822607,0.015272086,0.16185811,0.005614874,0.25279623,0.04816758,0.104649045,0.89118844,0.0072084144,0.016615493,0.0010924448,0.0013170145,0.0097167,0.094244026,0.00080942333,0.28170747,0.009451089,0.05424086,0.0015019682,0.002954981,0.00030591438,0.0055342317,0.7196021,0.10438351,-5.3779836,27.876501,-0.9576458,-15.046781,-15.856936,1.7210687,-1.3313482,19.08281,-0.6497397,-3.2960954,52.26713533,24.85061511,79.85940246,36.59050967,63.44463972,70.19332162,55.32513181,50.43936731,47.59226714,25.86994728,37.18804921,59.08611599,34.86818981,37.25834798,10.08787346,44.49912127,20.24604569,31.00175747,33.32161687,30.9314587,22.77680141,30.228471,69.13884007,31.42355009,19.78910369,25.94024605,38.03163445,34.05975395,9.490333919,13.4973638,34.90333919,53.74340949,16.59050967,25.62390158,32.47803163,29.45518453,20.456942,19.543058,6.0456942,21.68717047,75.14938489,32.12653779,27.4516696,46.39718805,23.33919156,3.936731107,30.12302285,11.14235501,13.9543058,8.506151142,87.83831283,8.330404218
CC(=S)N(CCON1CCN(C(C)C(=O)O)CC1)C1COCOC1,361.464,0.0309,7,1,4,0.6322249159,1,74.71,0,1,0,0.39429474,0.5555085,0.7450391,0.00028803718,0.070411064,0.055652797,0.011294951,0.03911879,0.01245212,0.20722452,0.006938701,0.29053846,0.057774264,0.16204835,0.8862529,0.010303687,0.015015094,0.001075824,0.0016255932,0.011008052,0.085941575,0.001702702,0.26127756,0.0075791543,0.067802094,0.0026352333,0.005576332,0.00038946682,0.0117900595,0.7182344,0.088298544,-5.452366,24.46761,3.0481067,-16.305712,-16.25492,1.9238087,-1.1707584,23.564934,-0.96524066,-3.6530926,56.5202109,23.09314587,79.85940246,36.59050967,63.44463972,64.4288225,55.32513181,50.43936731,47.59226714,66.5202109,37.18804921,69.771529,37.08260105,40.17574692,9.068541301,46.0456942,24.04217926,33.81370826,26.0456942,27.66256591,27.41652021,31.77504394,75.5711775,35.3602812,29.59578207,25.79964851,48.26010545,30.75571178,9.384885764,15.85237258,38.66432337,48.50615114,25.41300527,24.78031634,31.00175747,33.88400703,28.47100176,29.63093146,7.029876977,32.82952548,74.90333919,30.01757469,24.95606327,43.12829525,27.24077329,3.233743409,28.26010545,20.07029877,15.78207381,11.10720562,84.00702988,6.748681898
CC[N+]([O-])(CCON1CCN(C(C)C(=O)O)CC1)C1COCOC1,347.412,-0.2839,7,1,4,0.4730550549,2,94.53,0,2,0,0.58090365,0.15910469,0.16096678,0.000590737,0.03599664,0.00017031224,0.001003506,0.034478597,0.0033708687,0.012016589,0.0018269513,0.19847474,0.0004541825,0.006124283,0.008157299,0.007997093,0.028640201,0.0012433856,0.0014579351,0.009594226,0.13104202,5.04E-06,0.040526707,0.00029501482,0.039422266,0.0011135484,0.00015515744,0.0002179908,0.0010046709,0.8710456,0.044465154,-5.5944095,25.89867,-7.9945054,-1.0403154,-17.488668,1.3483433,-2.024054,-2.4495742,-0.22021541,-0.39504594,52.93497364,19.36731107,79.85940246,36.59050967,63.44463972,42.88224956,69.84182777,64.25307557,47.59226714,87.92618629,37.18804921,85.06151142,11.14235501,6.432337434,11.66959578,34.72759227,3.550087873,7.943760984,24.6397188,10.61511424,2.811950791,22.00351494,58.52372583,2.003514938,3.198594025,4.288224956,41.12478032,54.4112478,10.4745167,14.51669596,34.44639719,69.771529,2.319859402,12.72407733,5.764499121,21.51142355,16.20386643,3.760984183,4.920913884,5.377855888,92.33743409,22.95254833,21.82776801,44.49912127,16.34446397,20.35149385,23.76098418,2.95254833,8.576449912,2.179261863,92.19683656,32.02108963
CC[Si](C)(CCON1CCN(C(C)C(=O)O)CC1)C1COCOC1,360.527,1.4817,6,1,4,0.65746711,2,71.47,0,1,0,0.24279575,0.60886323,0.73128676,0.0010170441,0.08424709,0.0409216,0.016366545,0.15372013,0.033227105,0.19071372,0.009994398,0.26213568,0.07393317,0.07512074,0.9208708,0.005646172,0.015521648,0.0016752665,0.0018636214,0.0135175465,0.115049794,0.00096707046,0.56519496,0.019847145,0.057097625,0.0014527146,0.0026370583,0.0013529742,0.0042341435,0.7808563,0.22364359,-5.112405,45.385647,16.137564,-9.829775,-12.510623,1.9077164,0.15089877,51.74119,-2.1031113,-0.25642428,56.20386643,37.39894552,72.46045694,36.59050967,63.44463972,68.15465729,69.84182777,47.55711775,47.59226714,66.5202109,37.18804921,53.53251318,40.84358524,37.57469244,14.05975395,48.89279438,19.2970123,38.34797891,61.23022847,42.70650264,25.72934974,34.51669596,71.14235501,42.10896309,14.44639719,27.94376098,30.86115993,31.6344464,13.18101933,17.78558875,44.28822496,63.86643234,18.48857645,36.69595782,38.34797891,30.61511424,20,17.75043937,15.32513181,18.3831283,83.09314587,44.60456942,39.78910369,60.63268893,40.456942,7.978910369,50.89630931,19.33216169,33.04042179,29.63093146,69.42003515,32.97012302
CC[Si](F)(CCON1CCN(C(C)C(=O)O)CC1)C1COCOC1,364.49,1.3181,6,1,4,0.5143348406,2,71.47,0,2,2,0.19795796,0.63871455,0.81129295,0.00097540265,0.07526306,0.06211288,0.012923161,0.107042134,0.017684689,0.22840938,0.006590776,0.22861452,0.07779569,0.14156643,0.96696407,0.006264991,0.016593207,0.0015130964,0.002124432,0.0113663655,0.09460244,0.0018531509,0.5688178,0.017796084,0.056931604,0.0018113961,0.0032755113,0.0012825164,0.005437396,0.6969536,0.14789245,-5.159379,30.84721,1.0807911,-10.732426,-12.990477,1.8945608,-0.38238686,40.215195,-1.531646,-1.2890476,57.18804921,35.46572935,72.46045694,36.59050967,63.44463972,48.22495606,69.84182777,47.55711775,47.59226714,87.92618629,95.07908612,46.60808436,43.37434095,53.04042179,13.81370826,47.17047452,25.76449912,35.5711775,49.27943761,33.2513181,30.61511424,31.3884007,65.06151142,43.4797891,25.90509666,33.21616872,34.05975395,34.05975395,12.51318102,19.26186292,39.36731107,53.81370826,26.60808436,36.76625659,37.46924429,30.4745167,22.95254833,20.77328647,14.58699473,21.44112478,72.72407733,37.29349736,37.60984183,49.45518453,25.27240773,7.521968366,48.08435852,18.69947276,25.06151142,20.87873462,77.08260105,23.7258348
CC(C(=O)O)N1CCN(OCCN(C2COCOC2)[S+](C)[O-])CC1,365.452,-1.0229,8,1,4,0.5418643431,2,97.77,0,1,0,0.4954957,0.49369568,0.74037045,0.00014229892,0.05073172,0.026782935,0.005339223,0.038311362,0.0039982824,0.13056462,0.0035084686,0.33807677,0.025669152,0.11710636,0.8676736,0.004368265,0.009223697,0.00061574666,0.00057128305,0.006110481,0.07741366,0.00031335917,0.22436342,0.0026413773,0.03796003,0.0009190521,0.0016219902,0.00014126097,0.004291813,0.78640926,0.064431384,-5.4927254,27.167948,-6.29776,-11.87385,-16.217087,1.3690926,-1.6902235,9.508438,-0.41427946,-3.0470216,57.29349736,14.69244288,84.51669596,36.59050967,63.44463972,52.30228471,69.84182777,66.32688928,47.59226714,66.5202109,37.18804921,78.66432337,32.44288225,39.2970123,7.732864675,40.38664323,14.6572935,23.05799649,25.86994728,12.7943761,19.543058,26.5026362,82.00351494,16.37961336,21.65202109,24.67486819,24.99121265,16.41476274,7.170474517,7.135325132,22.67135325,43.83128295,9.525483304,23.33919156,21.8629174,20.94903339,14.30579965,12.47803163,3.936731107,18.5940246,83.62038664,27.06502636,24.07732865,45.65905097,17.82073814,6.291739895,28.47100176,3.409490334,10.79086116,4.850615114,90.75571178,9.525483304
CC(C(=O)O)N1CCN(OCCC2(C3COCOC3)CN2C)CC1,343.424,-0.2965,7,1,4,0.6320136209,3,74.48,0,1,1,0.29547942,0.52359146,0.67042696,0.00022643499,0.014611343,0.019171093,0.0025404093,0.091799244,0.012974566,0.10400989,0.0019899271,0.17982265,0.05974417,0.045283593,0.8226403,0.0038563968,0.020656811,0.00068268756,0.00032352094,0.0041579725,0.08968094,0.00015245327,0.25869232,0.0030161452,0.019064201,0.0006364373,0.0004675597,0.00017929453,0.0016097797,0.7696458,0.11531599,-5.444407,18.212795,-10.41584,-10.118794,-15.76463,1.7107973,-1.5603703,12.667473,-0.6194871,-3.162335,52.26713533,19.26186292,79.85940246,36.59050967,63.44463972,64.39367311,76.60808436,49.42003515,47.59226714,66.5202109,83.09314587,59.64850615,34.51669596,29.17398946,8.506151142,21.12478032,12.33743409,15.5711775,45.02636204,28.50615114,15.99297012,22.46045694,53.91915641,36.2741652,8.963093146,23.19859402,21.82776801,41.72231986,7.451669596,4.53427065,15.00878735,50.86115993,6.467486819,24.67486819,23.09314587,9.384885764,10.54481547,6.010544815,4.358523726,8.260105448,81.58172232,33.2513181,25.27240773,34.90333919,14.44639719,7.83831283,30.61511424,10.9314587,11.77504394,5.623901582,88.29525483,9.068541301
CC(C(=O)O)N1CCN(OCCP(C(C)C)C2COCOC2)CC1,362.407,1.2719,6,1,4,0.652180622,2,71.47,0,1,1,0.2684269,0.59237754,0.81164074,0.00081970403,0.05115559,0.046759497,0.008252876,0.11428988,0.020560594,0.18226139,0.0040718066,0.22535953,0.07741989,0.13181773,0.9410372,0.0059530595,0.018410198,0.001656228,0.0012709822,0.008748638,0.09806738,0.00074847805,0.4662775,0.01200436,0.038222533,0.0015855221,0.0017217717,0.00075348356,0.003955496,0.70439065,0.13393363,-5.412499,23.048208,-4.100913,-5.8008046,-15.845204,1.805764,-1.301007,13.276303,-0.7282657,-1.8866713,56.80140598,34.83304042,72.46045694,36.59050967,63.44463972,67.2056239,69.84182777,47.55711775,47.59226714,66.5202109,83.09314587,56.94200351,39.57820738,53.2513181,12.89982425,40.456942,21.58172232,29.10369069,51.42355009,35.3602812,24.92091388,27.80316344,64.6397188,43.19859402,24.07732865,29.91212654,32.44288225,37.36379613,13.14586995,13.14586995,31.59929701,55.64147627,15.85237258,32.65377856,34.62214411,20.98418278,20.94903339,13.04042179,11.03690685,17.22319859,73.4973638,35.50087873,26.15114236,41.33567663,19.92970123,12.68892794,30.15817223,14.20035149,14.4112478,5.729349736,87.02987698,18.41827768
CN=[S+]([O-])(CCON1CCN(C(C)C(=O)O)CC1)C1COCOC1,365.452,-0.5206,8,1,4,0.6007468369,2,106.89,0,1,0,0.70904654,0.6189233,0.7682058,0.00020774586,0.030986601,0.02678507,0.002574832,0.03993244,0.0039812583,0.17258282,0.00089633046,0.37068388,0.044916254,0.1362525,0.79892707,0.006530871,0.007534006,0.00061180274,0.000901966,0.007817746,0.07895716,0.00080913526,0.2728435,0.0015628267,0.06366871,0.003491262,0.0029775621,0.00037884264,0.015109574,0.8410994,0.04004848,-5.7880006,23.17001,-1.0838509,-7.8140182,-18.259773,1.40123,-1.5937531,13.872282,-0.50613034,-1.9624863,57.29349736,17.75043937,84.51669596,36.59050967,63.44463972,60.31634446,69.84182777,71.73989455,47.59226714,66.5202109,37.18804921,91.45869947,41.68717047,44.32337434,8.471001757,32.30228471,14.6572935,15.85237258,26.60808436,12.75922671,23.83128295,17.36379613,85.09666081,29.49033392,25.02636204,22.60105448,35.32513181,12.33743409,7.170474517,9.806678383,28.68189807,44.60456942,16.59050967,25.27240773,17.78558875,32.75922671,32.47803163,19.57820738,6.924428822,36.59050967,88.75219684,21.51142355,17.53954306,41.6168717,23.30404218,10.08787346,20.84358524,3.901581722,11.45869947,6.0456942,89.56063269,17.75043937
CC(C(=O)O)N1CCN(OCCN(C(C)C)C2COCOC2)CC1,345.44,0.092,7,1,4,0.663560121,1,74.71,0,0,0,0.38853133,0.525346,0.695158,0.0005522651,0.06952413,0.025544062,0.010211686,0.10154226,0.017250117,0.1171176,0.0042557926,0.33163422,0.052394725,0.079900146,0.85627353,0.00406592,0.014521031,0.001519268,0.0006997533,0.0078120097,0.107823215,0.0002504583,0.33987072,0.0062714196,0.036237024,0.0011508104,0.00096552336,0.00035182826,0.0027312099,0.7986839,0.15902667,-5.4598436,23.171577,-8.339697,-2.9960294,-16.275745,1.6406066,-1.6141526,8.03168,-0.66834325,-1.439532,52.7943761,23.7258348,79.85940246,36.59050967,63.44463972,69.17398946,55.32513181,50.43936731,47.59226714,25.86994728,37.18804921,69.24428822,34.55184534,32.68892794,11.35325132,45.90509666,14.4112478,31.98594025,47.9086116,32.97012302,17.78558875,27.97891037,81.1599297,33.18101933,15.46572935,24.32337434,23.09314587,29.70123023,12.51318102,7.943760984,28.68189807,60.56239016,8.365553603,27.66256591,29.03339192,19.92970123,16.76625659,8.892794376,6.397188049,13.11072056,84.8857645,38.31282953,24.85061511,41.6168717,16.16871705,17.18804921,28.18980668,8.717047452,11.28295255,4.358523726,87.76801406,22.35500879
CC(C(=O)O)N1CCN(OCCN(C2COCOC2)N(C)C)CC1,346.428,-0.8398,8,1,4,0.5660759013,1,77.95,0,1,2,0.6002654,0.43354028,0.6546328,0.0002804413,0.031339433,0.010194353,0.0027061384,0.07585437,0.004212184,0.07806575,0.0022520816,0.29758492,0.031056866,0.055247437,0.6474404,0.003230647,0.01441815,0.0012770008,0.00023079826,0.0045367843,0.102624476,4.24E-05,0.18953612,0.0013052516,0.02122303,0.00067085633,0.00032971188,9.26E-05,0.0023583914,0.824018,0.11516678,-5.536386,21.31679,-11.694605,-6.838745,-16.925632,1.4978683,-2.035232,0.6226715,-0.45661846,-2.9139512,52.82952548,15.78207381,84.51669596,36.59050967,63.44463972,55.74692443,55.32513181,52.68892794,47.59226714,66.5202109,95.07908612,85.86994728,28.08435852,27.4516696,8.998242531,32.61862917,9.666080844,16.37961336,40.07029877,13.28646749,12.89982425,22.81195079,76.69595782,20.10544815,10.65026362,18.24253076,18.94551845,29.42003515,10.68541301,3.550087873,16.66080844,58.20738137,4.253075571,21.72231986,16.37961336,10.57996485,11.17750439,5.307557118,3.0228471,11.49384886,87.31107206,33.21616872,22.98769772,39.08611599,13.53251318,11.24780316,25.79964851,5.272407733,8.365553603,2.776801406,90.19332162,10.43936731
CB(C)C(CCON1CCN(C(C)C(=O)O)CC1)C1COCOC1,342.245,1.1439,6,1,4,0.6634997428,2,71.47,0,1,1,0.24172732,0.57980895,0.7899557,0.00044083354,0.035325356,0.04522004,0.0059325523,0.10081212,0.017734442,0.1845488,0.0034295532,0.21741533,0.067625634,0.09151547,0.9121769,0.0051677944,0.014842871,0.0009532493,0.0011579711,0.008541499,0.0919145,0.0013876397,0.4375329,0.009616989,0.04362761,0.0012503286,0.0025393392,0.0008118503,0.0042216615,0.7374814,0.1281994,-5.288704,28.680292,1.430376,-14.957636,-14.271011,1.8787495,-0.74803287,33.35649,-1.3650384,-2.7428699,52.05623902,33.35676626,72.46045694,36.59050967,63.44463972,69.17398946,69.84182777,47.55711775,47.59226714,66.5202109,83.09314587,53.39191564,39.08611599,48.85764499,10.50966608,34.30579965,21.01933216,24.49912127,47.83831283,33.35676626,25.13181019,26.36203866,63.0228471,39.75395431,17.78558875,27.31107206,28.92794376,30.01757469,8.576449912,12.33743409,31.00175747,52.19683656,23.05799649,31.3884007,32.72407733,23.86643234,17.92618629,17.39894552,11.52899824,18.34797891,77.36379613,34.83304042,31.24780316,47.24077329,25.69420035,4.007029877,39.43760984,17.75043937,20.59753954,16.83655536,79.15641476,11.3884007
CC(Cl)C(CCON1CCN(C(C)C(=O)O)CC1)C1COCOC1,364.87,1.2628,6,1,4,0.6499707116,3,71.47,0,1,1,0.2987629,0.6969587,0.8281878,0.00095345674,0.08752177,0.0828592,0.015512072,0.09119957,0.026768655,0.31013393,0.016670162,0.28144184,0.090078525,0.17795078,0.9787238,0.0068822214,0.0129871415,0.0016697871,0.0032451153,0.009935895,0.078401975,0.0035930835,0.63065773,0.029774021,0.073071934,0.002269297,0.006311387,0.0019481315,0.007845901,0.70585454,0.19803205,-5.230732,25.71864,-4.736974,-7.3122597,-13.831012,1.9114078,-0.5962976,35.70716,-1.1619158,-0.08713021,57.22319859,34.76274165,72.46045694,36.59050967,63.44463972,66.71353251,76.60808436,47.55711775,47.59226714,66.5202109,83.09314587,59.96485062,47.87346221,57.53954306,13.67311072,49.63093146,31.81019332,37.71528998,44.78031634,39.78910369,38.45342707,38.73462214,74.37609842,48.11950791,31.73989455,35.64147627,36.5202109,26.11599297,13.14586995,24.28822496,35.3602812,44.35852373,39.89455185,39.92970123,41.54657293,35.67662566,25.5887522,31.95079086,18.27768014,26.0456942,73.67311072,42.07381371,34.13005272,44.32337434,19.2970123,10.68541301,42.63620387,19.47275923,22.77680141,18.03163445,81.82776801,34.4112478
CC(C(=O)O)N1CCN(OCCC(C2COCOC2)N(C)C)CC1,345.44,-0.0505,7,1,4,0.6563384086,2,74.71,0,0,0,0.17456126,0.44693488,0.75796497,0.00012879659,0.013118637,0.019189626,0.0015807536,0.099773414,0.0072983503,0.09222667,0.0011282675,0.17340644,0.032662693,0.04806515,0.8496007,0.002183123,0.015367317,0.00041843043,0.00023852973,0.0038583088,0.08306369,0.00011618433,0.28721365,0.0031093908,0.014771149,0.0003148403,0.0004709918,0.00014213253,0.0009224542,0.74719846,0.09761558,-5.567758,12.343431,-18.03949,-6.249895,-16.870274,1.7040508,-2.091704,0.97043455,-0.47590995,-2.8953362,52.7943761,21.65202109,79.85940246,36.59050967,63.44463972,67.97891037,69.84182777,50.43936731,47.59226714,25.86994728,37.18804921,42.07381371,28.92794376,42.21441125,7.592267135,19.64850615,12.33743409,11.73989455,47.59226714,20.98418278,14.48154657,18.73462214,52.44288225,21.33567663,9.490333919,24.25307557,12.82952548,31.28295255,6.11599297,3.585237258,13.77855888,47.10017575,5.905096661,25.79964851,23.37434095,6.151142355,6.11599297,6.010544815,3.971880492,5.166959578,78.5940246,31.24780316,22.3198594,28.22495606,9.701230228,12.0913884,26.18629174,10.68541301,7.873462214,2.847100176,90.05272408,10.57996485
CC(C)=C(CCON1CCN(C(C)C(=O)O)CC1)C1COCOC1,342.436,1.3557,6,1,4,0.7004179687,1,71.47,0,1,0,0.29532886,0.60911465,0.78713226,0.0011350944,0.08258764,0.05319819,0.0122847,0.11181937,0.030870134,0.24180909,0.010064823,0.2556615,0.0860471,0.111065105,0.91770667,0.009625314,0.018014582,0.0016480207,0.0028765965,0.01545939,0.107139185,0.002011347,0.5038339,0.017871488,0.07133224,0.0025421055,0.0051785004,0.0015196915,0.0082095545,0.7410482,0.17597978,-5.229628,30.151249,11.012026,-19.753582,-14.12826,2.1417317,-0.31451416,42.79488,-1.6174304,-3.3236797,52.16168717,36.13356766,72.46045694,36.59050967,63.44463972,75.25483304,55.32513181,47.55711775,47.59226714,66.5202109,37.18804921,59.64850615,40.84358524,48.15465729,14.79789104,48.54130053,23.26889279,34.90333919,50.79086116,41.37082601,31.81019332,34.51669596,69.84182777,46.81898067,20.77328647,27.76801406,46.32688928,36.76625659,13.11072056,22.67135325,47.52196837,60.14059754,27.97891037,34.44639719,37.50439367,35.07908612,27.66256591,28.75219684,16.20386643,26.60808436,77.82073814,39.82425308,34.16520211,48.75219684,34.83304042,2.179261863,40.52724077,30.86115993,25.72934974,22.5659051,76.06326889,8.224956063
CC(Cl)=C(CCON1CCN(C(C)C(=O)O)CC1)C1COCOC1,362.854,1.5321,6,1,4,0.7359553288,1,71.47,0,0,0,0.43371314,0.6713364,0.79977435,0.0009677544,0.0763816,0.06927657,0.0105411,0.07969073,0.026881829,0.28839085,0.010084266,0.298898,0.10320942,0.14471222,0.93189734,0.01420366,0.017485606,0.0015176133,0.0034003102,0.014899042,0.095064476,0.0033697237,0.48413962,0.014732827,0.08615235,0.0041207983,0.007953569,0.0013145881,0.015361992,0.74637306,0.15036897,-5.2055807,19.155195,1.0642993,-11.698687,-14.557297,2.3379896,-0.36448464,41.766575,-1.4872328,-1.9752887,56.90685413,37.99648506,72.46045694,36.59050967,63.44463972,80.24604569,55.32513181,47.55711775,47.59226714,25.86994728,37.18804921,73.07557118,46.11599297,50.54481547,13.81370826,47.27592267,27.76801406,32.68892794,41.33567663,39.82425308,36.69595782,34.51669596,76.83655536,51.59929701,26.64323374,28.85764499,57.39894552,35.74692443,12.51318102,24.92091388,46.81898067,54.13005272,38.5940246,33.4973638,36.09841828,40.35149385,35.53602812,36.48506151,14.72759227,37.01230228,78.48857645,37.53954306,35.53602812,36.23901582,25.23725835,6.432337434,37.75043937,43.12829525,25.23725835,21.6168717,77.57469244,17.53954306
CC(C(=O)O)N1CCN(OCCC2(C3COCOC3)CC2C)CC1,342.436,1.0455,6,1,4,0.7411888972,3,71.47,0,0,0,0.28168818,0.6617121,0.75895756,0.00064520986,0.05281351,0.058903992,0.01266177,0.11230813,0.02829286,0.28890428,0.01822709,0.19144464,0.120879136,0.1207149,0.96742857,0.00984057,0.021434577,0.0016422265,0.0026472113,0.011759272,0.087298214,0.0023784072,0.5558226,0.04442335,0.071648166,0.0025204658,0.004666418,0.0017009334,0.008013631,0.6884806,0.22793107,-5.272195,27.794378,-1.1457069,-12.067477,-14.133328,1.8162094,-0.60111344,36.036484,-1.4275507,-1.9214344,52.16168717,32.16168717,72.46045694,36.59050967,63.44463972,81.08963093,76.60808436,47.55711775,47.59226714,25.86994728,37.18804921,58.24253076,45.06151142,42.42530756,11.88049209,40.80843585,24.8857645,35.32513181,50.9314587,40.49209139,36.69595782,39.68365554,56.73110721,55.88752197,22.17926186,33.28646749,47.10017575,43.30404218,13.04042179,21.75746924,39.89455185,49.5254833,31.95079086,36.37961336,44.81546573,35.1142355,27.31107206,26.67838313,17.08260105,26.32688928,71.59929701,44.99121265,31.91564148,46.29173989,23.19859402,6.0456942,40.49209139,14.58699473,22.70650264,18.17223199,78.41827768,18.03163445
CC(C)C(CCON1CCN(C(C)C(=O)O)CC1)C1COCOC1,344.452,1.2915,6,1,4,0.711256439,2,71.47,0,0,0,0.16090992,0.6400023,0.8225872,0.0009703911,0.10190053,0.067941554,0.02284133,0.1195462,0.029287254,0.26455835,0.018318502,0.23542747,0.06953382,0.1555728,0.9768569,0.004573193,0.013869546,0.0015921372,0.0027838931,0.01028728,0.08332521,0.002250926,0.65849245,0.041433997,0.060781438,0.0013297971,0.004092845,0.0022130623,0.0040279054,0.67968976,0.22026451,-5.1737676,35.377953,5.047039,-12.086153,-12.978702,1.8498201,-0.35082808,40.270504,-1.5146415,-1.0856291,52.51318102,35.00878735,72.46045694,36.59050967,63.44463972,76.83655536,69.84182777,47.55711775,47.59226714,25.86994728,37.18804921,39.47275923,43.40949033,56.09841828,13.81370826,52.12653779,27.38137083,43.33919156,52.97012302,40.91388401,34.23550088,39.75395431,66.25659051,40.31634446,28.54130053,35.00878735,25.83479789,27.97891037,12.86467487,22.39015817,36.62565905,47.24077329,30.50966608,41.58172232,44.28822496,31.81019332,18.80492091,24.28822496,19.543058,17.39894552,70.79086116,44.1827768,37.01230228,53.32161687,28.92794376,6.0456942,48.15465729,16.13356766,25.37785589,20.94903339,77.18804921,24.92091388
CC(Br)C(CCON1CCN(C(C)C(=O)O)CC1)C1COCOC1,409.321,1.4189,6,1,4,0.6083289534,3,71.47,0,1,1,0.35216922,0.69150066,0.81280804,0.0007517017,0.08827781,0.083593085,0.014947054,0.077194825,0.023150403,0.3270803,0.01647975,0.28475076,0.09395746,0.18594727,0.9712968,0.0088798925,0.012775116,0.0014309712,0.003282906,0.011078859,0.07671021,0.0048498027,0.605503,0.025914837,0.0810916,0.0032101409,0.007570413,0.0018007511,0.0104162935,0.72205156,0.18207005,-5.230125,26.411484,-2.0360794,-8.720375,-13.843173,1.9455582,-0.39414033,40.875744,-1.4037784,-0.14851785,67.55711775,36.9771529,72.46045694,36.59050967,63.44463972,61.23022847,76.60808436,47.55711775,47.59226714,66.5202109,83.09314587,65.69420035,47.4516696,53.32161687,12.47803163,49.771529,31.95079086,37.36379613,40.35149385,37.4340949,39.92970123,38.73462214,74.90333919,49.0685413,32.97012302,33.88400703,43.76098418,25.5887522,11.88049209,24.53427065,38.73462214,43.37434095,45.02636204,38.5940246,40.21089631,38.87521968,31.03690685,35.3602812,17.6801406,30.26362039,75.3602812,40.59753954,34.16520211,45.02636204,22.00351494,9.033391916,42.5659051,20.87873462,24.95606327,21.12478032,78.62917399,33.88400703
CCC(C)(CCON1CCN(C(C)C(=O)O)CC1)C1COCOC1,344.452,1.4356,6,1,4,0.7141142853,2,71.47,0,0,0,0.1835812,0.6346204,0.75696796,0.0016381409,0.11052847,0.060742356,0.027701695,0.1571677,0.038482755,0.24957864,0.020245604,0.24553807,0.08432486,0.11688063,0.95783406,0.0063677095,0.016701248,0.0022568672,0.0030410348,0.015419433,0.11173471,0.0023356627,0.6583816,0.041921288,0.07494604,0.0019350055,0.0039622555,0.002530997,0.005143409,0.73363656,0.2649283,-5.1591635,40.897144,9.693595,-10.234576,-13.066713,1.7889073,-0.27398092,41.986874,-1.6508014,-0.71912307,52.51318102,37.08260105,72.46045694,36.59050967,63.44463972,77.04745167,69.84182777,47.55711775,47.59226714,25.86994728,37.18804921,44.00702988,43.09314587,41.96836555,16.76625659,53.46221441,25.41300527,46.67838313,61.89806678,45.13181019,32.37258348,40.21089631,67.87346221,46.22144112,21.65202109,31.49384886,34.55184534,34.30579965,15.67662566,23.51493849,47.4516696,62.21441125,31.3884007,41.54657293,44.32337434,36.34446397,23.55008787,23.93673111,21.01933216,20.52724077,76.80140598,47.87346221,37.60984183,57.57469244,33.2513181,7.76801406,47.59226714,13.63796134,26.39718805,21.79261863,75.53602812,28.11950791
CCC(Cl)(CCON1CCN(C(C)C(=O)O)CC1)C1COCOC1,364.87,1.4069,6,1,4,0.6526586305,2,71.47,0,1,1,0.26826954,0.69710624,0.814126,0.0020367005,0.15373227,0.09517845,0.034769654,0.10052216,0.030415226,0.3398312,0.03212575,0.29585642,0.09467657,0.21318296,0.97667825,0.009877271,0.015454831,0.0025067194,0.0068973205,0.017559433,0.0998852,0.009547952,0.6897658,0.054121602,0.11528681,0.004706069,0.011878064,0.0047071716,0.014984779,0.7008624,0.22266173,-5.188014,33.083534,1.7274177,-8.008158,-13.264372,1.845087,-0.42334318,40.276833,-1.3415453,0.018338298,57.22319859,36.76625659,72.46045694,36.59050967,63.44463972,67.38137083,69.84182777,47.55711775,47.59226714,66.5202109,83.09314587,56.94200351,47.9086116,53.77855888,18.10193322,60,35.74692443,50.12302285,47.76801406,41.26537786,41.01933216,44.95606327,76.37961336,49.20913884,35.95782074,34.86818981,47.2056239,31.3884007,17.04745167,34.51669596,50.89630931,56.76625659,57.29349736,43.30404218,46.67838313,47.97891037,37.57469244,44.39367311,28.04920914,36.44991213,73.11072056,44.49912127,36.44991213,51.45869947,26.01054482,9.841827768,46.18629174,15.92267135,24.60456942,20.94903339,79.47275923,35.14938489
CC(C(=O)O)N1CCN(OCCC(C2COCOC2)[S+](C)[O-])CC1,364.464,-0.2336,7,1,4,0.5902481484,3,94.53,0,1,0,0.29796168,0.5129093,0.7737101,9.83E-05,0.021214548,0.0348292,0.0026528367,0.049060903,0.0047830776,0.13879395,0.0017815859,0.24053827,0.032380454,0.09619248,0.8697087,0.0062343017,0.013184816,0.00040659023,0.00068828213,0.0065687164,0.071414016,0.00068169314,0.2622874,0.0032023836,0.03701004,0.00094040605,0.0020635775,0.00022217329,0.0040696887,0.7348879,0.05979284,-5.5377827,16.89104,-13.87118,-8.253305,-16.669598,1.5677086,-1.8775107,4.6984954,-0.28828335,-2.8658547,57.18804921,19.96485062,79.85940246,36.59050967,63.44463972,58.80492091,76.60808436,64.25307557,47.59226714,66.5202109,37.18804921,59.85940246,33.67311072,45.41300527,7.065026362,26.22144112,17.6801406,16.13356766,29.73637961,15.07908612,20.56239016,21.79261863,66.81898067,21.01933216,18.41827768,24.74516696,33.88400703,26.32688928,6.010544815,7.83831283,24.21792619,40.14059754,15.14938489,24.8857645,23.58523726,20.456942,14.76274165,14.97363796,4.956063269,17.60984183,77.01230228,26.22144112,22.98769772,33.39191564,12.33743409,9.490333919,26.64323374,6.783831283,9.455184534,3.585237258,91.81019332,10.72056239
CC(Br)=C(CCON1CCN(C(C)C(=O)O)CC1)C1COCOC1,407.305,1.6882,6,1,4,0.6888199749,1,71.47,0,0,0,0.5007301,0.67854035,0.7827374,0.0007316499,0.07898886,0.06926558,0.010282806,0.06992979,0.025088158,0.31658006,0.010931532,0.30870208,0.1053256,0.1501048,0.92497873,0.017262679,0.01620651,0.0012988762,0.0036069807,0.016609004,0.09054184,0.004346426,0.48039848,0.013943237,0.09852543,0.005453928,0.010049671,0.001332748,0.02002589,0.7670649,0.14868768,-5.226264,17.141895,5.1870217,-11.554921,-14.596103,2.5021758,-0.08579405,48.38093,-1.8468164,-1.9072657,67.13532513,40.10544815,72.46045694,36.59050967,63.44463972,73.21616872,55.32513181,47.55711775,47.59226714,25.86994728,37.18804921,79.08611599,46.53778559,47.31107206,12.44288225,47.83831283,27.76801406,32.16168717,37.46924429,38.62917399,39.01581722,35.25483304,78.20738137,52.02108963,27.73286467,28.11950791,62.3198594,33.04042179,10.86115993,25.69420035,49.42003515,51.24780316,43.12829525,33.2513181,35.71177504,43.86643234,39.71880492,41.54657293,15.07908612,42.17926186,81.30052724,37.36379613,34.37609842,33.67311072,28.96309315,6.572934974,37.50439367,53.9543058,29.20913884,26.78383128,73.18101933,18.24253076
CC(C(=O)O)N1CCN(OCCC2(C3COCOC3)CCOC2C)CC1,372.462,0.8145,7,1,4,0.7034078177,3,80.7,0,0,0,0.26299793,0.6378518,0.82128966,0.00030507083,0.02289905,0.04761012,0.0043624127,0.090267,0.01246919,0.21838398,0.00565402,0.15067656,0.09888708,0.13392024,0.96852857,0.0061043273,0.021954317,0.0007669794,0.0010539897,0.0057847886,0.07180889,0.001003369,0.494521,0.019032514,0.041564777,0.0014212736,0.0018420804,0.000548662,0.0045161955,0.6510594,0.12901309,-5.423133,20.006124,-5.869935,-8.761777,-15.756439,1.8313125,-1.1253774,23.283688,-1.0102583,-1.8816795,59.19156415,29.91212654,79.85940246,36.59050967,63.44463972,75.71177504,76.60808436,55.14938489,47.59226714,25.86994728,37.18804921,56.20386643,43.30404218,55.60632689,9.173989455,27.34622144,21.79261863,21.1599297,44.53427065,27.66256591,28.89279438,30.26362039,45.90509666,50.36906854,24.49912127,33.53251318,33.18101933,44.11247803,7.803163445,11.35325132,21.54657293,40.42179262,18.80492091,33.91915641,38.03163445,22.67135325,19.68365554,13.74340949,8.787346221,19.22671353,67.27592267,34.90333919,25.83479789,37.4340949,18.24253076,8.963093146,30.61511424,15.39543058,16.2741652,10.82601054,83.26889279,18.48857645
CC(C(=O)O)N1CCN(OCCC2(C3COCOC3)COCC2C)CC1,372.462,0.672,7,1,4,0.698569083,3,80.7,0,0,0,0.41482502,0.6249439,0.80746555,0.0001486065,0.020554619,0.04516592,0.0043271245,0.08156986,0.009975746,0.24759665,0.012302001,0.15553692,0.118108414,0.12523228,0.96085656,0.008734647,0.023140313,0.00087034545,0.0014718733,0.0065811486,0.06984806,0.0012467942,0.47027832,0.021021256,0.05186515,0.002058903,0.0032202466,0.00065092585,0.007665747,0.66109455,0.1452096,-5.364522,22.736622,-5.1800756,-10.613148,-15.36088,1.8179245,-1.0448401,24.85175,-0.93346775,-2.0303404,59.19156415,28.78734622,79.85940246,36.59050967,63.44463972,75.04393673,76.60808436,55.14938489,47.59226714,25.86994728,37.18804921,71.6344464,42.14411248,52.30228471,7.873462214,25.76449912,20.98418278,21.08963093,41.96836555,24.95606327,32.16168717,36.20386643,47.13532513,55.43057996,22.88224956,32.33743409,43.33919156,46.22144112,8.189806678,14.62214411,24.21792619,39.12126538,21.75746924,32.7943761,38.8400703,28.26010545,24.28822496,20.59753954,10.01757469,25.94024605,68.47100176,36.76625659,27.87346221,41.05448155,18.98066784,7.62741652,33.32161687,14.6572935,16.94200351,11.81019332,84.4288225,17.18804921
CC(C(=O)O)N1CCN(OCCC2(C3COCOC3)COCN2C)CC1,373.45,-0.3224,8,1,4,0.645189242,2,83.94,0,0,0,0.48262143,0.5160955,0.71803683,7.68E-05,0.008802811,0.016753871,0.0010925743,0.06967097,0.0061347466,0.11152284,0.0011856064,0.17608497,0.06898852,0.06321905,0.8527424,0.0039235014,0.017435472,0.00042354484,0.00026040492,0.0033259247,0.07642373,0.00012275958,0.2292814,0.0020119562,0.020800907,0.0007622945,0.00049736083,9.89E-05,0.002442891,0.77008283,0.090514705,-5.5066133,21.959011,-8.076789,-9.606473,-16.318455,1.5851638,-1.6062272,12.4716015,-0.5918718,-2.4526877,59.43760984,18.91036907,84.51669596,36.59050967,63.44463972,66.11599297,69.84182777,57.39894552,47.59226714,25.86994728,37.18804921,77.50439367,33.84885764,35.53602812,6.537785589,14.05975395,11.3884007,8.400702988,37.29349736,18.48857645,17.08260105,19.15641476,53.11072056,40.14059754,12.16168717,24.28822496,22.10896309,35.67662566,6.151142355,3.760984183,11.3884007,43.12829525,6.11599297,23.4797891,19.57820738,10.33391916,12.26713533,6.18629174,3.198594025,11.98594025,81.68717047,30.26362039,23.62038664,40.03514938,16.23901582,8.084358524,27.94376098,7.170474517,11.35325132,5.518453427,88.57644991,13.63796134
CC(C(=O)O)N1CCN(OCCC(Br)(C(C)Br)C2COCOC2)CC1,488.217,1.9364,6,1,4,0.5242508241,3,71.47,0,1,2,0.39034215,0.64793974,0.7393602,0.0017228654,0.21733865,0.09743317,0.044487454,0.04999827,0.025052285,0.4853058,0.06455993,0.2873125,0.07590994,0.27264875,0.9639599,0.01822941,0.010833262,0.0016760177,0.01134658,0.024581287,0.07096799,0.027562294,0.64845914,0.039241116,0.20972057,0.011780387,0.028467854,0.008128396,0.04210522,0.70986235,0.19428037,-5.2171807,34.591,11.317625,-7.872832,-13.27363,2.067529,0.26836973,57.54616,-2.0821042,1.0819693,81.01933216,43.76098418,72.46045694,36.59050967,63.44463972,49.70123023,76.60808436,47.55711775,47.59226714,66.5202109,95.07908612,69.34973638,44.11247803,39.15641476,16.83655536,66.99472759,36.37961336,53.91915641,30.228471,38.62917399,53.98945518,52.7943761,75.18453427,42.70650264,41.05448155,32.61862917,63.79613357,20.21089631,13.18101933,42.03866432,59.19156415,39.82425308,72.5483304,41.08963093,43.51493849,62.70650264,54.86818981,61.08963093,33.77855888,57.08260105,74.02460457,41.75746924,34.97363796,52.68892794,35.21968366,10.01757469,46.08084359,26.60808436,34.16520211,33.91915641,69.80667838,46.64323374
CC(C(=O)O)N1CCN(OCCC(C)(C(C)Br)C2COCOC2)CC1,423.348,1.809,6,1,4,0.597423087,3,71.47,0,1,1,0.33416417,0.6590021,0.7527571,0.0009104506,0.14789629,0.078058586,0.033164456,0.08874711,0.02989901,0.38079143,0.041811563,0.2650463,0.09491287,0.16543487,0.95796907,0.011175543,0.012801851,0.0018613761,0.0050975727,0.019121226,0.090415694,0.0075809183,0.6570528,0.04662613,0.115654126,0.004439815,0.010758706,0.00370141,0.013276627,0.7364266,0.24699692,-5.195604,34.751534,10.227396,-9.854742,-13.543222,2.0358386,0.07173228,50.955444,-1.9836223,-0.26299372,70.68541301,41.79261863,72.46045694,36.59050967,63.44463972,59.68365554,76.60808436,47.55711775,47.59226714,66.5202109,83.09314587,63.69068541,44.85061511,41.19507909,13.56766257,59.2970123,30.26362039,49.27943761,44.14762742,41.05448155,44.39367311,47.55711775,71.88049209,49.24428822,30.12302285,31.59929701,50.228471,25.65905097,13.91915641,30.33391916,53.53251318,51.17750439,53.18101933,41.4059754,45.16695958,48.04920914,36.87170475,42.60105448,25.37785589,34.79789104,77.25834798,46.11599297,36.06326889,52.86467487,33.81370826,7.978910369,44.39367311,25.13181019,32.02108963,28.92794376,71.3884007,32.89982425
CC(C(=O)O)N1CCN(OCCC(C2COCOC2)[N+](C)(C)C)CC1,360.475,0.0941,6,1,4,0.6154351742,2,71.47,0,1,0,0.20190385,0.08034003,0.18335387,7.12E-05,0.0056144325,0.000216282,0.00024142966,0.07587826,0.0012140529,0.0072630704,0.00018958512,0.13075186,0.0003887305,0.0017010594,0.0066276146,0.0012218141,0.018777244,0.00020446305,0.00015259096,0.0048817853,0.09563924,1.58E-06,0.036518164,7.11E-05,0.008891298,9.99E-05,4.30E-05,5.61E-05,8.58E-05,0.84732187,0.025898803,-5.8578615,17.641035,-19.970047,-1.0885217,-20.222315,1.1197721,-3.1774294,-25.046236,-0.08169846,-1.288863,56.16871705,23.79613357,72.46045694,36.59050967,63.44463972,62.17926186,69.84182777,47.55711775,47.59226714,66.5202109,37.18804921,47.24077329,6.748681898,6.889279438,6.502636204,9.630931459,3.725834798,2.987697715,40.07029877,3.233743409,1.862917399,7.381370826,40.38664323,1.933216169,1.827768014,4.077328647,7.029876977,38.06678383,4.499121265,2.776801406,17.92618629,54.4112478,1.687170475,12.30228471,1.933216169,3.16344464,2.108963093,1.968365554,2.390158172,1.300527241,89.42003515,15.95782074,16.48506151,34.20035149,8.189806678,20.21089631,16.55536028,0.9490333919,2.917398946,0.9841827768,93.11072056,23.7258348
CC(C(=O)O)N1CCN(OCCC(C2COCOC2)C(C)(C)Cl)CC1,378.897,1.6529,6,1,4,0.6437103251,2,71.47,0,1,1,0.2404437,0.65059537,0.80471295,0.00078220386,0.13211043,0.07813598,0.025638953,0.0966434,0.029935712,0.37338242,0.029801581,0.27020055,0.08929955,0.16467182,0.97382545,0.007022673,0.012301777,0.0014637017,0.0057581994,0.017392606,0.093704484,0.008206868,0.7090549,0.053542893,0.11062475,0.0028176894,0.009948486,0.00481677,0.010712992,0.7138908,0.26126176,-5.1790833,30.409815,2.1695867,-8.611723,-13.26738,1.977451,-0.29659322,42.223892,-1.4942681,-0.31620908,60.456942,39.68365554,72.46045694,36.59050967,63.44463972,65.83479789,69.84182777,47.55711775,47.59226714,66.5202109,83.09314587,53.18101933,44.28822496,51.91564148,12.72407733,56.9771529,30.33391916,45.3427065,46.43233743,41.05448155,43.51493849,44.14762742,72.68892794,47.97891037,30.05272408,34.34094903,37.04745167,24.35852373,12.05623902,31.73989455,50.61511424,53.4973638,54.44639719,44.46397188,46.53778559,47.02987698,29.38488576,41.33567663,28.43585237,30.72056239,74.4112478,47.55711775,36.90685413,49.0685413,26.43233743,9.13884007,46.18629174,22.60105448,25.97539543,22.07381371,77.46924429,32.61862917
CC(C(=O)O)N1CCN(OCCC(C2COCOC2)C2(C)CC2)CC1,356.463,1.4356,6,1,4,0.7053734777,2,71.47,0,0,0,0.18318604,0.6527999,0.7104442,0.0009842871,0.120615974,0.06617324,0.042247977,0.1261284,0.060361356,0.3426805,0.0554258,0.20368548,0.13240066,0.12958466,0.9705022,0.0078093335,0.016553346,0.0020851889,0.0057088537,0.018087467,0.0989006,0.0044809156,0.6410928,0.11204523,0.11160407,0.0021538236,0.0082919225,0.0049430868,0.008084545,0.6787566,0.37508637,-5.2304435,29.555359,3.7374635,-13.494629,-13.528203,1.9813,-0.21027878,44.338757,-1.8729311,-2.1791296,55.00878735,37.08260105,72.46045694,36.59050967,63.44463972,76.06326889,69.84182777,47.55711775,47.59226714,25.86994728,37.18804921,43.93673111,44.35852373,34.6572935,13.88400703,55.21968366,26.85413005,53.28646749,54.6572935,52.23198594,41.30052724,51.00175747,60.24604569,58.66432337,23.7258348,33.74340949,40.59753954,34.02460457,14.83304042,31.70474517,51.84534271,56.23901582,43.51493849,40.56239016,54.23550088,47.10017575,24.8857645,37.4340949,28.6115993,26.46748682,70.61511424,56.09841828,34.16520211,47.97891037,27.97891037,4.815465729,44.4288225,22.91739895,27.17047452,23.86643234,72.89982425,15.85237258
C=C(C)[Si](C)(CCON1CCN(C(C)C(=O)O)CC1)C1COCOC1,372.538,1.5771,6,1,4,0.648637145,2,71.47,0,1,0,0.1858776,0.5666014,0.7207746,0.0005464835,0.10026407,0.051535226,0.019481355,0.094511285,0.027498905,0.25659007,0.024104502,0.2099889,0.07808373,0.0948381,0.92717963,0.0078108152,0.015098256,0.0012452372,0.002588646,0.014143208,0.089793205,0.0020773562,0.507138,0.027165597,0.07289918,0.0018245386,0.0049542286,0.0014055633,0.005476205,0.70450175,0.21936032,-5.111406,41.842266,17.413921,-17.201073,-12.764273,2.0216603,0.20599449,53.04406,-2.09689,-2.015495,59.26186292,38.91036907,72.46045694,36.59050967,63.44463972,66.57293497,69.84182777,47.55711775,47.59226714,66.5202109,37.18804921,44.49912127,38.03163445,36.09841828,11.31810193,51.95079086,22.84710018,40.94903339,45.62390158,40.14059754,33.14586995,42.03866432,61.44112478,43.55008787,18.20738137,28.3655536,40.59753954,30.96660808,10.4745167,21.47627417,45.44815466,50.86115993,28.64674868,34.55184534,40.63268893,35.64147627,22.98769772,27.83831283,15.78207381,21.51142355,73.4973638,44.07732865,39.85940246,58.45342707,41.68717047,2.706502636,49.13884007,24.60456942,33.56766257,30.68541301,69.56063269,17.22319859
CC(C(=O)O)N1CCN(OCCC(C)(C(C)C)C2COCOC2)CC1,358.479,1.6816,6,1,4,0.7076730838,2,71.47,0,0,0,0.15611592,0.61518145,0.75699437,0.0009571381,0.13200371,0.05502569,0.037647527,0.16410668,0.04149585,0.28052074,0.03277282,0.23310311,0.07282026,0.11216295,0.9574226,0.0051457705,0.013411748,0.0017325819,0.0031016576,0.015749833,0.10074522,0.0025674733,0.70717335,0.0589046,0.07759147,0.0015159186,0.004038992,0.0032919024,0.004279052,0.7413042,0.3046133,-5.1290717,43.48787,15.351166,-11.350332,-12.717295,1.87675,0.068127416,48.59968,-1.9700401,-0.5506574,55.64147627,40,72.46045694,36.59050967,63.44463972,76.34446397,69.84182777,47.55711775,47.59226714,25.86994728,37.18804921,38.94551845,41.37082601,41.96836555,13.70826011,56.9771529,23.86643234,51.14235501,62.98769772,46.39718805,36.02811951,45.06151142,65.94024605,41.44112478,20.80843585,31.49384886,28.78734622,26.78383128,13.42706503,23.65553603,48.08435852,57.15289982,33.46221441,44.4288225,47.59226714,37.64499121,20.52724077,24.21792619,23.83128295,18.5940246,77.82073814,50.61511424,39.2970123,59.43760984,39.68365554,6.959578207,49.56063269,17.57469244,32.02108963,27.02987698,71.77504394,30.15817223
C=C(C)C(C)(CCON1CCN(C(C)C(=O)O)CC1)C1COCOC1,356.463,1.6017,6,1,4,0.6624510667,2,71.47,0,1,0,0.17219743,0.5820177,0.73204476,0.00069978065,0.116085626,0.061235644,0.030818766,0.09863458,0.029424896,0.31233627,0.049891986,0.20016582,0.08939579,0.12704673,0.949234,0.009218626,0.01691683,0.0016579302,0.0038781888,0.016079102,0.08730054,0.0034273486,0.57526696,0.053150862,0.09237274,0.0023374045,0.006902197,0.002267136,0.0070742043,0.6609617,0.25357124,-5.16579,37.76966,13.530406,-18.060455,-13.335047,1.9849039,-0.09638174,46.527122,-1.7922547,-2.4629607,55.00878735,39.15641476,72.46045694,36.59050967,63.44463972,69.0685413,69.84182777,47.55711775,47.59226714,66.5202109,37.18804921,41.58172232,39.12126538,37.71528998,12.23198594,54.58699473,25.44815466,48.43585237,47.41652021,40.94903339,38.69947276,49.5254833,59.19156415,47.97891037,23.23374341,30.82601054,44.95606327,34.93848858,13.14586995,26.5026362,48.57644991,49.5254833,38.8400703,37.04745167,46.46748682,41.93321617,26.0456942,33.70826011,19.75395431,25.09666081,68.47100176,46.7486819,37.29349736,55.14938489,37.75043937,2.530755712,45.5887522,23.0228471,29.0685413,25.44815466,74.05975395,13.56766257
CC(C(=O)O)N1CCN(OCCC(C2COCOC2)C(C)(F)F)CC1,366.405,1.2907,6,1,4,0.6940171438,2,71.47,0,0,0,0.14479844,0.6571379,0.8306984,0.0008340975,0.09936276,0.08296621,0.023801224,0.08566032,0.023758708,0.32346433,0.019688804,0.20748487,0.082164206,0.20361829,0.9825587,0.0053397478,0.014448491,0.0015020241,0.0036041767,0.010295019,0.071803845,0.0048724907,0.6567291,0.045947284,0.07528991,0.0016765315,0.0054206117,0.0029386445,0.006281455,0.6105555,0.20418802,-5.238678,15.73013,-10.718931,-9.949732,-13.706235,1.9167032,-0.7791745,29.68335,-1.1651149,-2.3584409,57.46924429,35.00878735,72.46045694,36.59050967,63.44463972,74.20035149,69.84182777,47.55711775,47.59226714,25.86994728,37.18804921,36.80140598,44.71001757,58.17223199,13.07557118,51.73989455,31.81019332,44.14762742,43.55008787,37.89103691,39.543058,40.07029877,60.94903339,45.23725835,34.90333919,36.66080844,29.42003515,29.49033392,12.37258348,25.69420035,36.62565905,40.42179262,45.06151142,41.23022847,44.95606327,36.5202109,21.75746924,29.5254833,22.5659051,23.30404218,62.42530756,42.84710018,33.77855888,32.0913884,14.34094903,7.873462214,43.30404218,19.68365554,20.03514938,14.62214411,81.82776801,14.58699473
CC(C(=O)O)N1CCN(OCCC(C2COCOC2)C(C)(Cl)Cl)CC1,399.315,1.8293,6,1,4,0.6247237553,2,71.47,0,1,0,0.33692414,0.7070261,0.833024,0.00097402575,0.12113669,0.09656431,0.022149652,0.069667615,0.02067009,0.41613096,0.032068137,0.3069316,0.093695894,0.24302533,0.9814676,0.009524873,0.0112903565,0.0014155144,0.005082695,0.012334667,0.07442947,0.008217787,0.7016648,0.034991607,0.10394001,0.0035307452,0.009657839,0.003148151,0.01513237,0.70316374,0.20294544,-5.183213,27.042007,-4.0379014,-0.96336746,-13.683325,1.9197285,-0.29984337,43.99926,-1.3540518,2.2543375,65.3427065,41.89806678,72.46045694,36.59050967,63.44463972,63.62038664,69.84182777,47.55711775,47.59226714,66.5202109,37.18804921,64.04217926,48.89279438,58.69947276,13.81370826,55.3602812,36.09841828,42.91739895,37.29349736,35.50087873,47.80316344,44.95606327,77.92618629,48.92794376,38.69947276,36.44991213,45.94024605,21.47627417,11.73989455,30.33391916,41.47627417,42.35500879,54.44639719,44.1827768,42.63620387,45.09666081,32.75922671,40.59753954,23.33919156,36.62565905,73.35676626,42.53075571,36.69595782,45.44815466,20,20.42179262,43.51493849,19.75395431,25.94024605,23.55008787,79.33216169,57.36379613
CC(C(=O)O)N1CCN(OCCC(C)(C2COCOC2)[S+](C)[O-])CC1,378.491,0.1565,7,1,4,0.5969595561,3,94.53,0,1,0,0.24938521,0.51497614,0.76209366,0.00015463853,0.062503256,0.043045595,0.011546199,0.0644066,0.008035075,0.2060451,0.008383159,0.21313238,0.044728555,0.12744065,0.9280113,0.0071718106,0.0140252095,0.00075369276,0.0015516389,0.01048297,0.0836254,0.0013154687,0.3814074,0.011975749,0.051968645,0.0014296623,0.0035537288,0.00059575465,0.0045421165,0.701548,0.10262109,-5.4934535,19.903316,-11.35501,-7.43954,-16.488323,1.5386549,-1.7876594,5.176753,-0.29339474,-2.5967724,60.38664323,24.32337434,79.85940246,36.59050967,63.44463972,59.543058,76.60808436,64.25307557,47.59226714,66.5202109,37.18804921,54.23550088,33.84885764,42.98769772,7.943760984,43.76098418,20.10544815,34.05975395,34.97363796,22.49560633,27.31107206,33.2513181,62.35500879,29.42003515,23.30404218,28.50615114,37.78558875,28.3655536,7.76801406,15.32513181,36.9771529,47.34622144,22.46045694,29.31458699,34.55184534,28.33040422,19.78910369,21.72231986,9.560632689,19.2970123,73.18101933,31.84534271,24.07732865,37.22319859,13.81370826,10.36906854,27.31107206,6.0456942,9.947275923,3.690685413,91.81019332,12.40773286
CC(C(=O)O)N1CCN(OCCC(Cl)(C(C)Br)C2COCOC2)CC1,443.766,1.7803,6,1,4,0.5733741874,3,71.47,0,1,2,0.3703758,0.69359314,0.7891396,0.0013412567,0.16967113,0.09791786,0.03152251,0.061838824,0.022921553,0.44503203,0.046607137,0.28129092,0.086454704,0.24995843,0.9729456,0.013459304,0.011641902,0.0016422644,0.008178538,0.01878927,0.07422348,0.017222317,0.6760512,0.041827857,0.15262374,0.00712263,0.018105926,0.00550569,0.026483953,0.7074763,0.19822243,-5.233261,31.126287,7.4772224,-7.2721467,-13.558736,2.07621,0.012408376,50.90221,-1.745628,0.9714896,74.51669596,41.23022847,72.46045694,36.59050967,63.44463972,56.76625659,76.60808436,47.55711775,47.59226714,66.5202109,95.07908612,67.34622144,47.55711775,48.6115993,15.25483304,62.00351494,36.69595782,48.71704745,34.23550088,37.25834798,50.01757469,48.85764499,74.37609842,46.95957821,39.26186292,34.13005272,55.28998243,22.46045694,13.04042179,37.04745167,53.18101933,42.24956063,65.94024605,42.53075571,44.32337434,55.00878735,44.25307557,52.82952548,29.80667838,47.83831283,73.88400703,42.07381371,34.05975395,49.70123023,31.35325132,10.79086116,44.32337434,27.17047452,30.75571178,28.92794376,74.55184534,45.23725835
CC(C(=O)O)N1CCN(OCCC(C2COCOC2)C(C)(C)C)CC1,358.479,1.6816,6,1,4,0.7422594495,2,71.47,0,0,0,0.12358179,0.572886,0.8041264,0.00083837763,0.112536766,0.056574147,0.024862524,0.14316098,0.031365648,0.28896886,0.017852914,0.2124017,0.07153313,0.11935375,0.95780075,0.003850272,0.012038979,0.0013145307,0.0037139407,0.017143935,0.10154351,0.0038218715,0.7235805,0.047338225,0.07879716,0.001435959,0.0042360444,0.0044853985,0.0045043305,0.71986085,0.27986732,-5.1173506,41.10868,15.159006,-12.627592,-12.558515,1.9849131,0.028032016,48.22316,-1.9245121,-0.9316295,55.64147627,40,72.46045694,36.59050967,63.44463972,81.19507909,69.84182777,47.55711775,47.59226714,25.86994728,37.18804921,32.72407733,38.41827768,51.88049209,13.07557118,53.81370826,24.46397188,44.85061511,59.15641476,41.68717047,36.69595782,39.47275923,62.14411248,41.05448155,22.03866432,31.49384886,21.82776801,23.65553603,11.03690685,25.94024605,50.228471,57.57469244,40.56239016,45.5887522,45.37785589,38.17223199,19.82425308,24.78031634,27.66256591,19.22671353,75.21968366,49.03339192,39.68365554,57.75043937,39.33216169,5.623901582,50.68541301,23.0228471,31.17750439,26.64323374,72.47803163,26.18629174
CC(C(=O)O)N1CCN(OCCC2(C3COCOC3)CC2(C)C)CC1,356.463,1.4356,6,1,4,0.7398474539,2,71.47,0,0,0,0.26578164,0.64796245,0.7396375,0.00047205915,0.06747888,0.048823155,0.014274262,0.12959345,0.030972218,0.30245447,0.02918825,0.19047298,0.11875522,0.101676024,0.9645665,0.007854313,0.016498078,0.0012948955,0.002897428,0.014625246,0.089598075,0.0027253977,0.63789356,0.053678215,0.075365305,0.0022246805,0.0041322717,0.0028926828,0.0071036913,0.7359212,0.29653203,-5.237993,33.173275,6.367228,-13.395681,-13.864336,1.8480108,-0.42210716,38.85915,-1.5935025,-1.9220546,55.00878735,37.08260105,72.46045694,36.59050967,63.44463972,80.91388401,69.84182777,47.55711775,47.59226714,25.86994728,37.18804921,56.59050967,44.11247803,39.22671353,10.72056239,45.23725835,22.24956063,36.87170475,56.02811951,41.47627417,37.89103691,43.97188049,56.59050967,55.50087873,19.26186292,32.86467487,40.80843585,33.74340949,10.79086116,22.77680141,46.32688928,50.82601054,34.6572935,40.31634446,46.57293497,36.59050967,25.30755712,24.46397188,22.42530756,25.16695958,77.25834798,50.19332162,33.77855888,51.49384886,30.15817223,4.850615114,42.42530756,16.09841828,24.60456942,19.71880492,76.44991213,18.03163445
CC(C(=O)O)N1CCN(OCCN(C2COCOC2)C2(C)CC2)CC1,357.451,0.2361,7,1,4,0.6620522025,1,74.71,0,0,0,0.1960502,0.5494205,0.6172991,0.00044576623,0.09315209,0.03270281,0.022315007,0.08742063,0.033648375,0.13511896,0.009910265,0.26316345,0.06525906,0.07323291,0.895399,0.0034697014,0.014120211,0.0010550728,0.0008852411,0.0072092763,0.10400464,0.00041164533,0.36210382,0.016631309,0.04083336,0.0007119879,0.001098653,0.0004512291,0.0018469974,0.75668555,0.22440569,-5.456618,27.225155,-3.7021027,-8.9425535,-16.169004,1.6305163,-1.3651295,16.792686,-0.9443058,-2.3185227,55.32513181,24.85061511,79.85940246,36.59050967,63.44463972,68.89279438,55.32513181,50.43936731,47.59226714,25.86994728,37.18804921,46.32688928,36.48506151,24.11247803,10.57996485,50.61511424,16.69595782,42.98769772,43.90158172,42.98769772,19.96485062,34.51669596,71.31810193,39.01581722,14.09490334,26.08084359,20.14059754,28.6115993,9.068541301,9.701230228,26.43233743,58.8400703,11.24780316,28.54130053,37.08260105,22.3198594,11.56414763,9.806678383,7.732864675,9.420035149,79.61335677,44.6397188,24.92091388,45.65905097,20.42179262,8.717047452,28.71704745,8.506151142,13.63796134,7.486818981,84.28822496,14.72759227
CC(C(=O)O)N1CCN(OCCC(C)(C(C)Cl)C2COCOC2)CC1,378.897,1.6529,6,1,4,0.6437103251,3,71.47,0,1,1,0.2954495,0.6593251,0.77264863,0.0009984164,0.14268708,0.07395324,0.03251023,0.108296536,0.032765053,0.3520328,0.036790393,0.2622191,0.09174712,0.15155348,0.96311903,0.008701185,0.013294148,0.00203382,0.0048568686,0.017572807,0.09503003,0.005002903,0.67935807,0.049139522,0.10312346,0.0030356962,0.008379359,0.0037320047,0.009527055,0.7327468,0.26310855,-5.1875005,34.37614,6.4499116,-8.680933,-13.556272,1.9543104,-0.17601082,44.892574,-1.6561289,0.00816598,60.456942,39.68365554,72.46045694,36.59050967,63.44463972,65.83479789,76.60808436,47.55711775,47.59226714,66.5202109,83.09314587,59.64850615,44.8857645,45.23725835,13.91915641,58.69947276,29.03339192,49.0685413,49.59578207,42.24956063,41.68717047,46.43233743,71.17750439,48.54130053,27.83831283,32.47803163,43.26889279,26.46748682,14.55184534,29.70123023,50.96660808,54.13005272,45.48330404,42.63620387,45.69420035,44.99121265,30.33391916,37.64499121,25.41300527,29.20913884,76.76625659,47.69771529,36.55536028,52.44288225,30.19332162,9.103690685,44.32337434,21.12478032,27.62741652,24.25307557,75.46572935,35.07908612
CC(C(=O)O)N1CCN(OCCC(Cl)(C(C)Cl)C2COCOC2)CC1,399.315,1.6242,6,1,4,0.6223218054,3,71.47,0,1,2,0.3323905,0.7110726,0.8175823,0.0014003238,0.1593395,0.0993676,0.029925872,0.074325606,0.02332731,0.42609674,0.042430393,0.28123748,0.09319808,0.23970255,0.97845376,0.011118053,0.01260856,0.001868913,0.0077152876,0.01713455,0.078527525,0.0126270475,0.7035279,0.0461554,0.1326625,0.0053232475,0.014634237,0.0051979884,0.01991291,0.6923844,0.21021564,-5.2322197,30.630703,3.5502162,-6.2272086,-13.674029,1.9990151,-0.2414588,45.07432,-1.4389668,1.2790238,65.3427065,39.47275923,72.46045694,36.59050967,63.44463972,63.26889279,76.60808436,47.55711775,47.59226714,66.5202109,95.07908612,63.65553603,49.42003515,54.6572935,15.67662566,60.59753954,37.04745167,48.01405975,39.36731107,37.57469244,48.43585237,47.76801406,74.37609842,48.82249561,38.55887522,35.60632689,50.15817223,25.27240773,13.91915641,36.16871705,50.228471,44.4288225,61.79261863,44.32337434,45.06151142,51.35325132,39.50790861,48.3655536,29.10369069,42.07381371,71.98594025,43.30404218,34.05975395,49.20913884,27.80316344,12.12653779,43.51493849,23.44463972,26.78383128,24.53427065,78.20738137,49.17398946
CC(C(=O)O)N1CCN(OCCC(Br)(C(C)Cl)C2COCOC2)CC1,443.766,1.7803,6,1,4,0.5733741874,3,71.47,0,1,2,0.34928507,0.66056263,0.77869236,0.0014273508,0.19272907,0.10122347,0.03780178,0.05832063,0.022536585,0.45988446,0.049567617,0.29083526,0.08345215,0.26779658,0.97056186,0.014896174,0.011812934,0.0017386666,0.010024917,0.021779964,0.07539512,0.019160623,0.66881293,0.039358385,0.17516227,0.007724372,0.021426558,0.0064436756,0.030586148,0.69497216,0.19300322,-5.22404,33.318275,7.510794,-6.879564,-13.525848,2.0086238,0.0044061183,51.380592,-1.7658405,1.3797309,74.51669596,41.23022847,72.46045694,36.59050967,63.44463972,56.76625659,76.60808436,47.55711775,47.59226714,66.5202109,95.07908612,65.41300527,44.95606327,46.39718805,15.78207381,64.39367311,37.60984183,51.17750439,33.32161687,36.94200351,51.35325132,49.42003515,75.60632689,45.76449912,40.94903339,33.77855888,58.80492091,22.74165202,13.46221441,40.38664323,56.66080844,42.74165202,67.34622144,42.03866432,43.58523726,58.27768014,45.65905097,56.5202109,31.31810193,51.07205624,72.58347979,41.68717047,34.37609842,51.66959578,31.35325132,11.17750439,44.49912127,24.00702988,30.65026362,29.31458699,74.34094903,50.50966608
CC(C(=O)O)N1CCN(OCCC2(C3COCOC3)C(C)C2C)CC1,356.463,1.2915,6,1,4,0.7368866249,3,71.47,0,0,0,0.2886541,0.65163237,0.7339743,0.000333959,0.06383072,0.05019896,0.015742498,0.094674446,0.031234872,0.34830216,0.0370925,0.19456238,0.10059986,0.108654216,0.96557474,0.008562933,0.015223563,0.0010805291,0.002720793,0.012440657,0.07456645,0.0029353024,0.5848036,0.063099265,0.08242987,0.0021081902,0.006065856,0.002662581,0.00788942,0.7031205,0.28234008,-5.262493,25.787613,1.8787568,-11.06992,-14.354401,1.9871016,-0.42378744,38.291054,-1.6174138,-1.7730484,55.00878735,35.00878735,72.46045694,36.59050967,63.44463972,80.42179262,76.60808436,47.55711775,47.59226714,25.86994728,37.18804921,59.08611599,44.32337434,38.1370826,9.384885764,44.28822496,22.63620387,37.85588752,45.72934974,41.58172232,41.58172232,46.53778559,57.75043937,50.9314587,20.49209139,32.97012302,42.84710018,31.10720562,9.420035149,22.17926186,41.75746924,42.35500879,35.78207381,37.60984183,48.11950791,39.2970123,24.6397188,31.24780316,21.51142355,26.11599297,73.35676626,49.24428822,32.72407733,44.39367311,26.11599297,7.205623902,38.98066784,23.12829525,24.60456942,19.36731107,76.06326889,19.2970123
CC(C(=O)O)N1CCN(OCCC2(C3COCOC3)CCN2C)CC1,357.451,0.0936,7,1,4,0.6873955732,2,74.71,0,0,0,0.18463378,0.5563456,0.6563485,0.0002835572,0.02011596,0.020022953,0.003397631,0.10106771,0.026080672,0.11045252,0.0019312616,0.16606243,0.061224442,0.04318587,0.8634287,0.002784879,0.017815977,0.00056089787,0.00039417733,0.0046468256,0.09736465,0.00016573751,0.30058357,0.006348476,0.021370996,0.00045300781,0.00044085068,0.00026162175,0.0011853916,0.7576677,0.16045293,-5.508687,17.61822,-11.996908,-8.222471,-16.359486,1.6695049,-1.7298672,9.3449135,-0.61715114,-2.8468044,55.32513181,23.79613357,79.85940246,36.59050967,63.44463972,72.89982425,69.84182777,50.43936731,47.59226714,25.86994728,37.18804921,44.21792619,37.11775044,27.73286467,9.068541301,25.48330404,12.61862917,18.5940246,47.83831283,39.543058,16.80140598,22.35500879,50.75571178,36.90685413,8.435852373,24.56942004,16.2741652,36.34446397,6.783831283,5.272407733,17.15289982,55.3602812,6.713532513,26.39718805,29.20913884,10.72056239,8.224956063,5.940246046,5.483304042,6.080843585,79.64850615,38.34797891,23.58523726,34.13005272,13.42706503,9.525483304,27.76801406,9.34973638,10.54481547,4.850615114,88.33040422,10.82601054
CC(C(=O)O)N1CCN(OCCC2(C3COCOC3)CCC2C)CC1,356.463,1.4356,6,1,4,0.7398474539,3,71.47,0,0,0,0.21592793,0.6660589,0.74046797,0.0011599398,0.07752171,0.06482901,0.02352089,0.13380739,0.04842539,0.31197768,0.029958501,0.18926701,0.13583426,0.12950344,0.9720651,0.009040958,0.022440676,0.0022171014,0.0040216907,0.014561474,0.09895984,0.0032700964,0.6086274,0.07899711,0.09173774,0.0024979527,0.005586744,0.003334351,0.008181734,0.66396874,0.30525562,-5.2705407,31.333508,3.8303478,-12.351716,-13.858991,1.8607318,-0.2697102,43.292015,-1.7910831,-1.5895845,55.00878735,37.08260105,72.46045694,36.59050967,63.44463972,80.91388401,76.60808436,47.55711775,47.59226714,25.86994728,37.18804921,49.27943761,45.48330404,39.36731107,14.79789104,47.4516696,26.39718805,43.93673111,57.29349736,48.78734622,38.66432337,44.1827768,56.2741652,59.50790861,23.69068541,33.9543058,44.4288225,44.95606327,15.5711775,26.85413005,46.18629174,56.30931459,37.85588752,38.73462214,50.33391916,41.68717047,27.06502636,29.63093146,23.93673111,26.57293497,68.82249561,50.75571178,31.98594025,49.771529,28.11950791,5.764499121,42.49560633,16.66080844,26.39718805,22.91739895,74.05975395,20.91388401
CC(C(=O)O)N1CCN(OCC[N+](C)(C(C)C)C2COCOC2)CC1,360.475,0.2366,6,1,4,0.621712589,2,71.47,0,1,0,0.35489577,0.057749283,0.059154004,0.0010057573,0.05825455,5.28E-05,0.003022885,0.086665116,0.005415492,0.0042168326,0.0018395489,0.19618526,0.00015206743,0.0012743488,0.00048326538,0.0034758367,0.029765982,0.0017521515,0.0011096796,0.0107619455,0.14622347,1.30E-06,0.024194341,0.00030269884,0.03373416,0.00039317465,7.26E-05,0.00028484967,0.00030277384,0.8569239,0.11143315,-5.6749306,28.966751,-9.260836,5.9491515,-19.00108,1.1478329,-2.6469433,-19.281384,-0.082961604,0.8004074,56.16871705,24.8857645,72.46045694,36.59050967,63.44463972,63.16344464,69.84182777,47.55711775,47.59226714,66.5202109,37.18804921,65.97539543,5.307557118,3.655536028,14.02460457,42.60105448,2.636203866,17.57469244,43.79613357,16.66080844,1.44112478,22.00351494,58.06678383,1.546572935,1.58172232,2.073813708,20.14059754,56.13356766,13.46221441,11.91564148,37.85588752,73.32161687,1.51142355,10.75571178,5.834797891,18.66432337,7.486818981,2.495606327,5.729349736,2.355008787,90.65026362,32.68892794,20,47.38137083,15.28998243,32.68892794,18.66432337,1.124780316,4.885764499,1.195079086,93.07557118,43.79613357
CC(C(=O)O)N1CCN(OCCN(C2COCOC2)C(C)(C)C)CC1,359.467,0.4821,7,1,4,0.7036753826,1,74.71,0,0,0,0.27277383,0.4770853,0.69517076,0.000523141,0.080543846,0.022114625,0.014282185,0.12091237,0.020311063,0.13081188,0.006312461,0.28777847,0.057819445,0.06783259,0.8353373,0.0035792873,0.014700143,0.001330548,0.000951631,0.010351831,0.11802995,0.00031605925,0.42683268,0.008727054,0.039899603,0.0011788079,0.00090067537,0.0005262211,0.0024303156,0.7981502,0.19239703,-5.380837,29.085745,-2.3857522,-5.2911906,-15.819799,1.6290472,-1.4431458,11.483689,-0.8617697,-1.8055761,55.92267135,26.95957821,79.85940246,36.59050967,63.44463972,75.71177504,55.32513181,50.43936731,47.59226714,25.86994728,37.18804921,57.4340949,31.17750439,32.68892794,11.14235501,48.22495606,13.53251318,36.87170475,53.39191564,35.18453427,19.57820738,31.17750439,75.21968366,35.3602812,12.97012302,23.7258348,20.66783831,29.87697715,11.21265378,10.33391916,36.80140598,65.44815466,9.560632689,31.00175747,31.98594025,21.72231986,17.04745167,8.646748682,8.541300527,11.88049209,84.74516696,41.6168717,27.27592267,47.59226714,21.65202109,13.53251318,30.36906854,8.506151142,12.7943761,5.307557118,85.27240773,19.01581722
CC(C(=O)O)N1CCN(OCCC(Cl)(C2COCOC2)C(C)(F)F)CC1,400.85,1.6521,6,1,4,0.621013743,2,71.47,0,1,1,0.2219168,0.683233,0.8142532,0.0013905275,0.20539698,0.099121235,0.05326448,0.069160536,0.023811296,0.4459218,0.08561234,0.2143048,0.07814206,0.2730242,0.9763096,0.009432452,0.013947675,0.0022354678,0.010071902,0.017733848,0.07160826,0.015459309,0.72295606,0.08100485,0.150142,0.004097945,0.014891254,0.008722234,0.018304728,0.6060093,0.2250338,-5.265023,20.495539,-0.71426314,-9.713846,-13.41292,2.058288,-0.35461047,40.98343,-1.5326594,-0.95669997,65.5887522,39.68365554,72.46045694,36.59050967,63.44463972,62.98769772,69.84182777,47.55711775,47.59226714,66.5202109,83.09314587,50.40421793,46.88927944,53.81370826,15.53602812,65.76449912,37.01230228,56.02811951,37.04745167,37.92618629,50.19332162,56.02811951,62.53075571,43.58523726,41.08963093,34.79789104,45.62390158,28.15465729,15.67662566,40.456942,51.24780316,40.28119508,64.4288225,45.51845343,50.65026362,54.58699473,35.39543058,48.68189807,34.6572935,39.92970123,61.79261863,44.74516696,32.40773286,38.20738137,23.62038664,7.978910369,45.20210896,26.25659051,25.37785589,21.23022847,77.08260105,26.0456942
CC(C(=O)O)N1CCN(OCC[N+]2(C3COCOC3)CCCC2C)CC1,372.486,0.3807,6,1,4,0.6480019783,3,71.47,0,1,0,0.28332502,0.024781963,0.013898907,0.00079966104,0.052151285,1.38E-06,0.0008579098,0.0709043,0.00852723,0.000840823,0.0021742517,0.15741363,1.82E-06,0.00011519275,2.14E-05,0.0037396767,0.03870165,0.001645691,0.0032204203,0.005900273,0.13234003,6.27E-08,0.0061349617,0.00016163841,0.036485393,0.00010496793,7.07E-06,0.00018481299,4.75E-05,0.8933489,0.16574346,-5.7998595,21.619267,-9.346464,0.55814993,-19.02387,1.411658,-2.2676268,-5.1876936,-0.32230985,0.12079263,59.19156415,25.97539543,72.46045694,36.59050967,63.44463972,66.53778559,76.60808436,47.55711775,47.59226714,66.5202109,37.18804921,58.27768014,3.585237258,1.687170475,12.75922671,40.59753954,1.124780316,7.029876977,37.89103691,23.19859402,0.5975395431,22.74165202,47.87346221,0.5975395431,0.6326889279,1.159929701,21.19507909,68.01405975,13.11072056,24.04217926,21.93321617,69.98242531,0.9841827768,6.783831283,3.796133568,20.07029877,2.284710018,1.124780316,4.46397188,0.8084358524,94.58699473,38.8400703,17.50439367,39.61335677,15.25483304,23.30404218,18.62917399,4.007029877,6.713532513,1.862917399,91.66959578,36.23901582
CC(C(=O)O)N1CCN(OCCC2(C3COCOC3)CCCC2C)CC1,370.49,1.8257,6,1,4,0.7328698056,3,71.47,0,0,0,0.1851664,0.67785656,0.7296618,0.0016763993,0.08861484,0.06980774,0.030583825,0.1586682,0.072301246,0.34546018,0.0475021,0.1889008,0.15056019,0.13516863,0.9772872,0.008042539,0.0208946,0.002590064,0.005632353,0.01685456,0.10121246,0.0039678495,0.66782236,0.12083355,0.108789906,0.0022531408,0.006489088,0.0060488214,0.008231537,0.65295446,0.39614886,-5.259992,36.077065,9.825964,-14.287778,-13.502322,1.8875637,0.0620384,50.395424,-2.0713112,-1.456417,58.62917399,41.89806678,72.46045694,36.59050967,63.44463972,79.68365554,76.60808436,47.55711775,47.59226714,25.86994728,37.18804921,44.35852373,46.43233743,37.4340949,16.76625659,49.771529,27.87346221,48.3655536,62.14411248,54.90333919,41.44112478,48.92794376,56.20386643,62.07381371,24.81546573,35.21968366,41.1599297,42.21441125,17.25834798,31.6344464,49.84182777,57.39894552,41.44112478,42.03866432,55.14938489,46.32688928,25.41300527,32.44288225,30.54481547,26.64323374,67.41652021,57.39894552,32.86467487,53.81370826,33.35676626,4.393673111,44.60456942,18.34797891,31.81019332,28.50615114,70.08787346,22.28471002
CC(C(=O)O)N1CCN(OCCC2(C3COCOC3)C(C)C2(Cl)Cl)CC1,411.326,1.8293,6,1,4,0.6412668186,3,71.47,0,1,0,0.36322516,0.6545729,0.7096999,0.0009385532,0.211362,0.078693435,0.06178407,0.05912888,0.04787169,0.5684347,0.19821928,0.21586816,0.112660006,0.25695726,0.97353756,0.02194818,0.014991125,0.002797566,0.01627269,0.026513796,0.06590338,0.019752916,0.6794456,0.10736273,0.23287892,0.009528813,0.032207143,0.012395555,0.04377463,0.63019264,0.31269723,-5.218438,24.456007,8.661558,-2.4434848,-14.434797,2.4109771,0.18253815,53.13338,-2.0752413,1.7724148,67.97891037,41.89806678,72.46045694,36.59050967,63.44463972,65.51845343,76.60808436,47.55711775,47.59226714,66.5202109,37.18804921,66.7486819,44.4288225,34.58699473,13.63796134,66.46748682,30.4745167,58.3831283,33.60281195,48.3655536,63.58523726,67.48681898,62.74165202,54.09490334,39.82425308,34.20035149,68.50615114,30.57996485,18.27768014,47.2056239,60.80843585,35.60632689,67.76801406,42.67135325,53.70826011,65.41300527,50.15817223,63.23374341,37.60984183,57.85588752,64.71001757,51.3884007,34.90333919,43.09314587,32.33743409,18.1370826,38.41827768,47.9086116,33.39191564,30.72056239,70.01757469,53.42706503
CC(C(=O)O)N1CCN(OCCC2(C3COCOC3)C(C)C2(F)F)CC1,378.416,1.2907,6,1,4,0.7157671874,3,71.47,0,0,0,0.28347498,0.6640738,0.75917053,0.00030748578,0.08487775,0.057857744,0.02255904,0.0705864,0.035835914,0.40748182,0.060898203,0.16278416,0.11374472,0.16836019,0.9676876,0.012730435,0.020199638,0.0014642181,0.005588026,0.014343433,0.06597699,0.0052238167,0.5849498,0.08943047,0.11649454,0.003093033,0.009443152,0.003796688,0.014991671,0.601848,0.2564297,-5.2979097,11.496227,-0.4369442,-8.472204,-14.190527,2.3996687,-0.2999381,38.843338,-1.703487,-1.7263658,60.28119508,35.00878735,72.46045694,36.59050967,63.44463972,77.15289982,76.60808436,47.55711775,47.59226714,25.86994728,37.18804921,58.27768014,45.30755712,42.42530756,9.173989455,49.10369069,24.67486819,43.16344464,37.82073814,44.04217926,46.95957821,52.0913884,49.49033392,54.27065026,30.40421793,33.32161687,53.88400703,40.94903339,12.05623902,31.49384886,45.79964851,35.8172232,46.22144112,37.60984183,51.6344464,48.22495606,30.57996485,40.07029877,25.72934974,36.44991213,61.12478032,47.10017575,30.86115993,27.41652021,23.86643234,9.314586995,40.21089631,47.13532513,25.94024605,19.68365554,74.90333919,19.50790861
CC(C(=O)O)N1CCN(OCCC(Br)(C2COCOC2)C(C)(C)C)CC1,437.375,2.1991,6,1,4,0.6126722822,2,71.47,0,1,1,0.24376802,0.5621002,0.74334955,0.0011812926,0.27709788,0.07792063,0.0747906,0.08039354,0.02671054,0.48582834,0.102567695,0.24481031,0.073217854,0.22753456,0.94548047,0.012996776,0.011119145,0.0019107806,0.014517221,0.03992151,0.096881166,0.023885401,0.738561,0.08532665,0.2199816,0.008134201,0.025185326,0.016213523,0.027410422,0.6894728,0.27950102,-5.1091795,47.34078,27.223562,-10.559076,-12.298193,2.1467206,0.70724815,64.02892,-2.6006553,0.42085066,73.4973638,47.52196837,72.46045694,36.59050967,63.44463972,61.58172232,69.84182777,47.55711775,47.59226714,66.5202109,83.09314587,53.63796134,37.64499121,39.92970123,14.79789104,72.37258348,30.26362039,61.51142355,41.72231986,39.78910369,54.13005272,58.62917399,67.76801406,41.65202109,37.22319859,30.4745167,54.23550088,20.98418278,13.98945518,45.69420035,70.4745167,55.1142355,70.57996485,46.71353251,51.14235501,64.04217926,46.53778559,59.12126538,40.17574692,48.47100176,71.6344464,48.96309315,39.96485062,61.75746924,51.59929701,7.62741652,52.5483304,31.21265378,41.54657293,40.10544815,59.78910369,39.19156415
CC(C(=O)O)N1CCN(OCCC2(C3COCOC3)C(C)C2(C)C)CC1,370.49,1.6816,6,1,4,0.7309521937,3,71.47,0,0,0,0.277702,0.64717174,0.7042759,0.0002974025,0.077248864,0.040748216,0.018245386,0.11179372,0.034992926,0.3656519,0.042272948,0.19618964,0.096745975,0.07968019,0.95755655,0.0073334565,0.011516695,0.0008386381,0.003201424,0.017441448,0.08044697,0.004069014,0.64228386,0.07580259,0.094644666,0.0022049719,0.0052588703,0.0056795413,0.007872198,0.7595254,0.34944266,-5.2170773,29.08932,10.139785,-12.277829,-13.847148,2.1374671,-0.15373242,43.140736,-1.8705959,-1.6906548,58.62917399,40,72.46045694,36.59050967,63.44463972,79.19156415,76.60808436,47.55711775,47.59226714,25.86994728,37.18804921,57.82073814,44.04217926,33.91915641,9.13884007,47.4516696,19.2970123,40,50.75571178,43.79613357,42.84710018,47.73286467,58.06678383,49.771529,15.39543058,31.49384886,38.73462214,22.21441125,8.014059754,23.93673111,50.68541301,45.72934974,41.79261863,40.7029877,49.87697715,42.63620387,25.20210896,29.20913884,30.05272408,26.08084359,80.07029877,54.55184534,34.97363796,47.59226714,33.70826011,5.799648506,42.53075571,30.50966608,27.97891037,22.77680141,72.93497364,20.03514938
CC(C(=O)O)N1CCN(OCCC2(C3COCOC3)C(C)C2(Br)Br)CC1,500.228,2.1415,6,1,3,0.5377939202,3,71.47,0,1,0,0.3658832,0.62791175,0.61765003,0.0013458862,0.3913721,0.076221675,0.1432769,0.040548313,0.055718146,0.6486318,0.31439152,0.21825933,0.083682224,0.29969662,0.9802704,0.024149906,0.010225549,0.0032159176,0.02675319,0.034563135,0.05582772,0.034465514,0.70824635,0.11845027,0.32760125,0.015190581,0.056451906,0.023418758,0.06666635,0.627838,0.32764024,-5.2790422,21.03491,17.013668,0.96730804,-14.346136,2.7243626,0.8136921,68.09575,-2.795201,2.2871006,82.3198594,46.7486819,72.46045694,36.59050967,20,51.45869947,76.60808436,47.55711775,47.59226714,66.5202109,37.18804921,66.92442882,42.39015817,24.11247803,15.28998243,80.52724077,29.66608084,71.14235501,26.85413005,50.72056239,73.60281195,74.97363796,63.16344464,45.90509666,43.0228471,35.99297012,70.9314587,18.76977153,20.59753954,54.23550088,66.78383128,26.36203866,75.14938489,44.46397188,54.76274165,72.65377856,59.50790861,74.79789104,44.56942004,65.09666081,64.39367311,52.51318102,31.6344464,38.76977153,41.12478032,24.11247803,38.98066784,67.76801406,43.09314587,43.86643234,56.23901582,57.60984183
CC(C(=O)O)N1CCN(OCCC2(C3COCOC3)CCCN2C)CC1,371.478,0.4837,7,1,4,0.6928849612,2,74.71,0,0,0,0.13904494,0.55905426,0.65616155,0.00021742846,0.017064214,0.01988745,0.003102977,0.115349054,0.03543161,0.11069262,0.002402935,0.15533644,0.058066625,0.03694064,0.86809045,0.0021398675,0.01667055,0.0004073154,0.00040760107,0.003962665,0.087899506,0.00012336267,0.3371667,0.007874685,0.019240847,0.00026887938,0.00036476308,0.00027912192,0.00082646933,0.74422145,0.19078311,-5.538329,15.698497,-13.230227,-8.029115,-16.466208,1.6861473,-1.7804426,8.1458,-0.6320933,-2.9322498,59.01581722,26.95957821,79.85940246,36.59050967,63.44463972,73.98945518,69.84182777,50.43936731,47.59226714,25.86994728,37.18804921,35.99297012,37.32864675,27.66256591,8.471001757,23.12829525,12.58347979,17.89103691,51.66959578,43.86643234,16.87170475,23.33919156,47.10017575,35.46572935,7.62741652,24.71001757,12.33743409,34.27065026,6.010544815,5.307557118,14.13005272,49.98242531,6.151142355,27.59226714,31.21265378,9.595782074,5.342706503,5.518453427,5.729349736,4.850615114,78.17223199,41.47627417,22.98769772,32.0913884,12.65377856,9.806678383,27.38137083,9.982425308,9.947275923,4.393673111,88.01405975,10.26362039
CC(C(=O)O)N1CCN(OCCC(C)(C2COCOC2)C(C)(F)F)CC1,380.432,1.6808,6,1,4,0.686914797,2,71.47,0,0,0,0.16721842,0.6406589,0.7750792,0.000578442,0.14624181,0.06684465,0.042285472,0.102385916,0.03410995,0.37466288,0.06759812,0.1866773,0.07953461,0.16360551,0.9672203,0.0074233427,0.015043989,0.001692619,0.0051748063,0.01713709,0.08134406,0.005344185,0.70920384,0.0905622,0.10613205,0.0021910723,0.0073436126,0.0048168674,0.007663944,0.643946,0.2819304,-5.2394004,19.353909,-0.32021445,-10.160349,-13.5989485,2.1396682,-0.30763656,39.898815,-1.7190336,-2.0771508,60.77328647,40,72.46045694,36.59050967,63.44463972,72.89982425,69.84182777,47.55711775,47.59226714,25.86994728,37.18804921,40.7029877,43.4797891,45.76449912,11.56414763,59.19156415,27.13532513,53.32161687,48.11950791,43.19859402,43.65553603,53.2513181,55.60632689,43.97188049,29.87697715,33.2513181,39.12126538,30.79086116,13.28646749,30.54481547,50.228471,46.18629174,46.57293497,44.46397188,51.73989455,45.55360281,25.20210896,34.97363796,28.43585237,25.94024605,66.67838313,49.17398946,33.77855888,36.59050967,23.93673111,7.83831283,44.1827768,30.65026362,25.76449912,20.38664323,74.79789104,16.83655536
CC1=CCCC1(CCON1CCN(C(C)C(=O)O)CC1)C1COCOC1,368.474,1.7458,6,1,4,0.6864928171,2,71.47,0,1,0,0.2344065,0.654496,0.7488283,0.0015093695,0.09237945,0.07449995,0.026417663,0.122635126,0.06565932,0.36170128,0.04312695,0.1917488,0.1538147,0.15218997,0.966629,0.011461688,0.022674385,0.0025479072,0.006247095,0.01740827,0.09962598,0.0053331377,0.5880047,0.087587446,0.11403308,0.0034451894,0.007990124,0.004764092,0.012232049,0.6360601,0.34046066,-5.291271,30.874287,11.322524,-18.489033,-13.952283,2.079847,0.006650567,49.98638,-2.00631,-2.6525836,57.99648506,40.63268893,72.46045694,36.59050967,63.44463972,72.82952548,69.84182777,47.55711775,47.59226714,66.5202109,37.18804921,52.23198594,44.4288225,40.66783831,16.48506151,50.50966608,29.13884007,45.97539543,53.70826011,53.46221441,42.5659051,47.97891037,56.87170475,62.74165202,27.94376098,33.14586995,50.82601054,45.44815466,17.11775044,33.11072056,50.61511424,56.69595782,46.5026362,37.71528998,51.42355009,47.69771529,32.26713533,36.55536028,28.22495606,33.32161687,65.69420035,53.84885764,31.17750439,49.45518453,35.21968366,2.425307557,41.8629174,27.38137083,30.68541301,28.04920914,70.96660808,12.02108963
CC(C(=O)O)N1CCN(OCCC2(C3COCOC3)C(C)C2(C)C)CC1,370.49,1.6816,6,1,4,0.7309521937,3,71.47,0,0,0,0.277702,0.64717174,0.7042759,0.00029740253,0.07724887,0.040748212,0.018245386,0.11179371,0.034992926,0.36565194,0.042272955,0.19618966,0.096745975,0.07968021,0.95755655,0.0073334603,0.011516701,0.0008386377,0.0032014232,0.017441452,0.08044698,0.0040690145,0.6422838,0.0758026,0.09464467,0.002204974,0.0052588703,0.0056795427,0.007872199,0.7595255,0.34944266,-5.2170773,29.089321,10.139786,-12.27783,-13.847148,2.1374674,-0.1537327,43.140728,-1.8705959,-1.6906548,58.62917399,40,72.46045694,36.59050967,63.44463972,79.19156415,76.60808436,47.55711775,47.59226714,25.86994728,37.18804921,57.82073814,44.04217926,33.91915641,9.13884007,47.4516696,19.2970123,40,50.75571178,43.79613357,42.84710018,47.73286467,58.06678383,49.771529,15.39543058,31.49384886,38.73462214,22.21441125,8.014059754,23.93673111,50.68541301,45.72934974,41.79261863,40.7029877,49.87697715,42.63620387,25.20210896,29.20913884,30.05272408,26.08084359,80.07029877,54.55184534,34.97363796,47.59226714,33.70826011,5.799648506,42.53075571,30.50966608,27.97891037,22.77680141,72.93497364,20.03514938
CC(C(=O)O)N1CCN(OCCC2(C3COCOC3)CCCC2(C)C)CC1,384.517,2.2158,6,1,4,0.7214713405,2,71.47,0,0,0,0.16252548,0.6722656,0.7137659,0.00088738685,0.10502175,0.055063736,0.028289353,0.1658917,0.07363364,0.35224727,0.057344623,0.19075502,0.13866769,0.109739885,0.97530234,0.006336566,0.015798647,0.0015656312,0.0057296664,0.020613605,0.10072191,0.003828033,0.72813714,0.12588382,0.108154975,0.0018501455,0.0056111976,0.008249784,0.0068162745,0.7067846,0.46164814,-5.212863,42.255474,17.804539,-16.052134,-13.173401,1.9155662,0.2569263,53.64507,-2.2851648,-1.6801752,61.8629174,47.80316344,72.46045694,36.59050967,63.44463972,78.06678383,69.84182777,47.55711775,47.59226714,25.86994728,37.18804921,39.68365554,46.15114236,35.04393673,13.35676626,52.61862917,23.86643234,47.06502636,63.33919156,55.28998243,41.72231986,51.56414763,56.62565905,60,20.56239016,34.62214411,34.34094903,32.30228471,12.61862917,31.73989455,55.1142355,57.11775044,40.59753954,45.86994728,55.67662566,46.18629174,23.16344464,29.70123023,34.23550088,24.25307557,73.88400703,60.52724077,35.14938489,58.8400703,42.03866432,3.374340949,46.88927944,19.61335677,34.05975395,31.03690685,65.83479789,20.24604569
CC(C(=O)O)N1CCN(OCCC2(C3COCOC3)C3CCC2(C)CC3)CC1,396.528,2.2158,6,1,4,0.7073604962,2,71.47,0,0,0,0.18378177,0.69416964,0.63781786,0.0017392434,0.15410455,0.0687335,0.081992745,0.15571246,0.12226708,0.4664485,0.18956055,0.16462602,0.19718179,0.1405352,0.98099375,0.013029421,0.024241257,0.004251259,0.015168498,0.033409983,0.112647116,0.009614693,0.7029989,0.30088663,0.21962018,0.004006882,0.017409822,0.02145296,0.018248891,0.5968634,0.5834072,-5.251641,34.97727,15.304594,-15.216606,-13.567401,2.083383,0.53316486,59.984264,-2.6347194,-2.0044208,64.74516696,47.80316344,72.46045694,36.59050967,63.44463972,76.30931459,69.84182777,47.55711775,47.59226714,25.86994728,37.18804921,44.07732865,47.59226714,25.83479789,16.87170475,60.07029877,27.66256591,62.91739895,61.54657293,63.65553603,52.23198594,66.85413005,50.15817223,69.45518453,25.83479789,36.30931459,54.34094903,48.33040422,24.67486819,46.39718805,65.90509666,62.67135325,57.32864675,44.28822496,68.75219684,63.97188049,35.00878735,52.12653779,43.58523726,39.78910369,60.10544815,66.95957821,33.39191564,53.00527241,39.64850615,3.901581722,44.32337434,27.52196837,39.08611599,36.20386643,59.12126538,17.25834798
COC(C(N)CON1CCN(C(C)C(=O)O)CC1)C1COCOC1,347.412,-1.0285,8,2,4,0.5698455996,3,106.72,0,0,0,0.3268074,0.34614888,0.74658287,9.33E-05,0.018879954,0.018203985,0.0021529098,0.041296877,0.002540194,0.11380406,0.0025111218,0.13703455,0.040432326,0.11916649,0.8778273,0.0046479953,0.021187527,0.00062190293,0.0006313127,0.0048263418,0.0748741,0.00021474405,0.17056641,0.0027269744,0.021964049,0.0010451018,0.00076407596,0.00012924554,0.0026053903,0.64041096,0.054788716,-5.7122803,16.50111,-14.238713,-7.780417,-17.653538,1.5538126,-1.8555977,7.9426126,-0.4331909,-1.9787195,52.93497364,14.6572935,84.51669596,61.37082601,63.44463972,56.23901582,76.60808436,71.59929701,47.59226714,25.86994728,37.18804921,62.98769772,21.96836555,40.456942,6.818980668,24.53427065,11.95079086,14.27065026,27.31107206,7.908611599,17.4340949,23.7258348,42.35500879,26.43233743,22.03866432,25.44815466,26.22144112,42.81195079,7.205623902,7.416520211,17.71528998,42.42530756,7.592267135,20.84358524,22.10896309,11.10720562,15.88752197,7.76801406,3.796133568,12.65377856,66.29173989,25.20210896,19.19156415,33.00527241,12.0913884,10.12302285,23.26889279,6.467486819,9.630931459,4.288224956,90.54481547,17.50439367
COC(CNON1CCN(C(C)C(=O)O)CC1)C1COCOC1,333.385,-0.8512,8,2,4,0.5509138917,2,92.73,0,1,0,0.54366565,0.5472189,0.8290132,0.000182102,0.020521155,0.02431044,0.0016321074,0.045084614,0.0019046764,0.11955297,0.0014455048,0.23394343,0.041749634,0.12805328,0.9212872,0.0038913216,0.01061989,0.00056482974,0.00036784908,0.0031129387,0.06198151,0.00027173452,0.27804855,0.0011855846,0.023247812,0.0010413679,0.0008793847,8.01E-05,0.004121286,0.7338003,0.044082087,-5.509425,8.211597,-12.670417,-9.586567,-15.796788,2.014977,-1.5766336,14.428151,-0.53103054,-3.2323432,49.94727592,15.78207381,84.51669596,61.37082601,63.44463972,53.77855888,69.84182777,63.26889279,47.59226714,66.5202109,37.18804921,82.3198594,36.41476274,57.78558875,8.330404218,25.72934974,14.05975395,11.91564148,28.6115993,6.291739895,18.24253076,20.63268893,66.08084359,27.41652021,23.40949033,27.97891037,21.96836555,19.68365554,6.818980668,4.956063269,10.4745167,32.51318102,8.822495606,25.51845343,15.64147627,12.12653779,15.85237258,8.506151142,2.847100176,17.89103691,76.80140598,22.67135325,23.58523726,23.58523726,13.07557118,8.119507909,30.50966608,24.25307557,11.59929701,6.362038664,89.42003515,8.646748682
COC(C=CON1CCN(C(C)C(=O)O)CC1)C1COCOC1,330.381,0.1579,7,1,4,0.6612830294,2,80.7,0,1,0,0.24579668,0.57705873,0.84186804,0.0005917084,0.058782082,0.07124418,0.010346847,0.040570438,0.008374026,0.18479812,0.0025064438,0.20796332,0.06091556,0.24613404,0.9290148,0.006183551,0.014770001,0.0014005953,0.0017524069,0.0076365783,0.07366103,0.0026598226,0.29770562,0.0052119,0.04303387,0.002208017,0.0036118072,0.0008046507,0.006606137,0.5783907,0.053290386,-5.423814,6.904645,-11.187802,-14.258227,-15.491694,2.1425357,-1.2665913,23.002825,-0.7119404,-3.8163326,49.17398946,24.35852373,79.85940246,36.59050967,63.44463972,68.75219684,69.84182777,55.14938489,47.59226714,66.5202109,37.18804921,53.9543058,38.80492091,60.87873462,11.66959578,42.70650264,28.26010545,32.33743409,26.85413005,22.98769772,25.13181019,23.7258348,60.98418278,36.80140598,38.91036907,28.57644991,33.60281195,29.98242531,11.66959578,16.94200351,27.83831283,41.89806678,33.9543058,26.32688928,27.34622144,23.44463972,25.20210896,21.89806678,11.49384886,23.93673111,57.57469244,24.95606327,25.79964851,21.96836555,13.91915641,4.393673111,32.23198594,30.9314587,14.6572935,10.61511424,87.24077329,6.326889279
COC(C#CON1CCN(C(C)C(=O)O)CC1)C1COCOC1,328.365,-0.3949,7,1,4,0.6833724155,2,80.7,0,1,0,0.32476157,0.5762993,0.79340655,0.00500721,0.23002641,0.12811728,0.06720926,0.050010074,0.02717692,0.30063865,0.014219398,0.31308645,0.08111821,0.38137373,0.8998829,0.016133059,0.014487227,0.0064751715,0.010572744,0.02707139,0.09961426,0.016010962,0.37635493,0.01703519,0.14635384,0.011450055,0.022134136,0.0060384693,0.035491686,0.5865952,0.09763537,-5.358121,11.543856,-7.3481293,-12.064435,-15.389036,2.049362,-1.0390832,36.83055,-1.0296048,-2.3302855,48.75219684,18.41827768,79.85940246,36.59050967,63.44463972,72.47803163,69.84182777,55.14938489,47.59226714,66.5202109,37.18804921,62.74165202,38.73462214,49.34973638,24.6397188,68.11950791,48.96309315,59.82425308,30.228471,40,37.60984183,37.71528998,78.87521968,44.8857645,48.68189807,26.22144112,60.66783831,29.66608084,31.35325132,41.05448155,61.33567663,56.66080844,64.8857645,29.17398946,37.18804921,53.77855888,54.30579965,57.04745167,30.50966608,53.60281195,58.48857645,31.28295255,28.11950791,27.41652021,16.76625659,6.0456942,32.97012302,25.86994728,17.01230228,18.62917399,83.0228471,14.6572935
CON(CCON1CCN(C(C)C(=O)O)CC1)C1COCOC1,333.385,-0.755,8,1,4,0.5764964912,1,83.94,0,1,0,0.6632703,0.61212987,0.80687344,0.00018609126,0.024799729,0.026142102,0.0018289555,0.041618586,0.0027683072,0.15183292,0.0012314173,0.29313466,0.05631488,0.15294716,0.9419551,0.003734161,0.010209086,0.0006598964,0.00042603965,0.0042652697,0.07680107,0.0002534421,0.2997794,0.0015370194,0.029363234,0.0014038691,0.0009807266,0.00011397435,0.0045438753,0.7971727,0.058566175,-5.4116488,24.414143,-9.392157,-8.047511,-16.028168,1.5702486,-1.6356242,10.4024725,-0.4810819,-2.4297423,49.94727592,16.20386643,84.51669596,36.59050967,63.44463972,57.08260105,55.32513181,57.39894552,47.59226714,66.5202109,37.18804921,89.66608084,41.08963093,52.12653779,8.330404218,28.47100176,14.48154657,12.75922671,27.38137083,8.752196837,21.89806678,19.47275923,76.13356766,34.79789104,28.04920914,30.05272408,21.19507909,18.73462214,7.346221441,5.553602812,15.60632689,43.40949033,8.400702988,26.39718805,17.60984183,15.60632689,19.57820738,8.963093146,3.620386643,19.2970123,84.71001757,26.01054482,26.15114236,43.0228471,15.25483304,9.771528998,29.31458699,6.783831283,11.07205624,4.956063269,90.01757469,13.74340949
CON(N=NON1CCN(C(C)C(=O)O)CC1)C1COCOC1,333.345,-0.4728,9,1,4,0.488132739,1,108.66,1,2,1,0.94455063,0.8751006,0.9228748,0.001793183,0.020049635,0.052085917,0.001607342,0.023934172,0.0016177092,0.34422222,0.0005659013,0.37227497,0.05461322,0.6469854,0.97526884,0.003577678,0.00393761,0.0019229682,0.00060617656,0.0031958662,0.06534542,0.0007181284,0.42512313,0.0004418401,0.051000666,0.0037838374,0.002097596,0.0003886802,0.01868013,0.833763,0.029423466,-5.515932,7.3769007,5.9951987,-19.978184,-15.44375,2.5230014,-0.87453175,35.254395,-1.3310764,-3.901139,49.91212654,18.06678383,88.08435852,36.59050967,63.44463972,44.60456942,55.32513181,73.11072056,97.39894552,87.92618629,83.09314587,98.34797891,65.06151142,87.17047452,17.08260105,25.44815466,22.98769772,11.84534271,19.75395431,5.026362039,41.33567663,14.83304042,85.30755712,34.05975395,62.84710018,34.58699473,20.66783831,3.760984183,14.05975395,7.381370826,10.79086116,35.1142355,15.50087873,31.00175747,8.681898067,27.76801406,34.09490334,15.1142355,7.029876977,40.24604569,88.04920914,17.89103691,23.44463972,22.42530756,29.91212654,2.179261863,32.61862917,55.25483304,19.08611599,17.85588752,79.68365554,6.010544815
COC(CCON1CCN(C(C)C(=O)O)CC1)C1COCOC1,332.397,0.0343,7,1,4,0.6670003705,2,80.7,0,0,0,0.2624839,0.60156757,0.86111087,0.00022426937,0.034400262,0.05131053,0.0048128953,0.055830043,0.005684831,0.184823,0.0023946036,0.18981847,0.06022402,0.19774523,0.9746126,0.004039553,0.014298767,0.0006449073,0.0010826136,0.0049431184,0.06682577,0.0010424595,0.41712046,0.008672758,0.03329137,0.001172479,0.0019005248,0.0003686997,0.003450128,0.6388097,0.07132511,-5.345862,21.909698,-11.82705,-8.93645,-15.171068,1.6445612,-1.4803305,16.1513,-0.52550346,-2.2933612,49.66608084,23.09314587,79.85940246,36.59050967,63.44463972,69.66608084,69.84182777,55.14938489,47.59226714,25.86994728,37.18804921,56.06326889,40.35149385,66.08084359,8.506151142,33.9543058,22.81195079,22.21441125,32.19683656,17.39894552,25.13181019,23.26889279,56.48506151,36.44991213,33.98945518,34.44639719,22.91739895,29.03339192,7.240773286,11.56414763,18.24253076,36.37961336,19.12126538,30.61511424,31.88049209,18.45342707,16.9771529,13.84885764,6.643233743,15.67662566,66.11599297,27.9086116,28.75219684,40,13.4973638,8.752196837,34.23550088,8.752196837,12.58347979,7.205623902,89.45518453,14.93848858
CON(C=CON1CCN(C(C)C(=O)O)CC1)C1COCOC1,331.369,-0.2838,8,1,4,0.4998006454,1,83.94,0,2,0,0.5382495,0.66423523,0.8584598,0.0008514951,0.04364931,0.055352397,0.004841917,0.034924522,0.0052549266,0.18480785,0.0013055854,0.25894508,0.06213356,0.30009526,0.92386055,0.00606862,0.011092903,0.0014760296,0.0010848278,0.006185756,0.07364914,0.0011224216,0.2748358,0.0016680217,0.038361393,0.0028975948,0.003032763,0.00045238333,0.010027675,0.6834276,0.041876636,-5.4107046,16.095829,-5.3623366,-16.537842,-15.650963,1.923311,-1.2464496,25.224478,-0.8390902,-3.4759011,49.49033392,19.36731107,84.51669596,36.59050967,63.44463972,46.36203866,55.32513181,57.39894552,47.59226714,87.92618629,37.18804921,81.8629174,45.30755712,65.41300527,13.11072056,38.27768014,23.86643234,22.24956063,24.71001757,16.37961336,25.13181019,20.03514938,70.33391916,37.36379613,43.05799649,28.08435852,32.93497364,20.91388401,12.16168717,11.56414763,22.95254833,41.89806678,20.03514938,25.30755712,18.1370826,21.1599297,29.80667838,19.89455185,7.732864675,29.66608084,71.14235501,22.17926186,26.15114236,32.58347979,18.80492091,3.128295255,31.17750439,20.07029877,14.93848858,12.16168717,85.5887522,7.55711775
CCC(O)(CCON1CCN(C(C)C(=O)O)CC1)C1COCOC1,346.424,0.1604,7,2,4,0.6422100491,2,91.7,0,0,0,0.28617996,0.55005395,0.7839463,0.0003754957,0.03071186,0.04055775,0.006076309,0.078219295,0.010324127,0.16581406,0.0033122706,0.16925773,0.06323064,0.1168432,0.90414345,0.0074203536,0.02225953,0.0011056373,0.0012332362,0.008153634,0.09205131,0.0009600048,0.35255432,0.0109726805,0.038853742,0.0017517267,0.0021382966,0.0005962593,0.0048112245,0.6756081,0.087070204,-5.4305825,20.493387,-9.085722,-4.825945,-16.147831,1.6602023,-1.4646556,13.51398,-0.591781,-1.5578549,52.82952548,24.35852373,79.85940246,61.37082601,63.44463972,65.65905097,69.84182777,62.53075571,47.59226714,25.86994728,37.18804921,58.66432337,36.5202109,47.48681898,9.841827768,32.19683656,19.26186292,24.92091388,40.77328647,25.44815466,23.23374341,25.94024605,51.56414763,37.92618629,21.65202109,26.53778559,39.12126538,44.67486819,9.490333919,12.86467487,29.98242531,52.30228471,18.45342707,28.15465729,33.81370826,21.33567663,22.53075571,15.18453427,9.560632689,19.82425308,70.15817223,29.98242531,25.69420035,38.20738137,15.53602812,14.20035149,28.96309315,9.173989455,12.68892794,5.905096661,88.57644991,21.19507909
CC(N)C(OCON1CCN(C(C)C(=O)O)CC1)C1COCOC1,347.412,-0.6809,8,2,4,0.5522137968,3,106.72,0,1,1,0.28748944,0.37840778,0.7632365,0.0001515861,0.031396143,0.024753597,0.004043563,0.048043698,0.0040825647,0.11721468,0.003335414,0.16738403,0.033311307,0.1271759,0.87123376,0.0047201957,0.01951697,0.00066150224,0.0009063757,0.0057458254,0.07837677,0.0004228899,0.22144346,0.0037653125,0.028072545,0.0010781985,0.0010411297,0.00020874347,0.0026560116,0.65117747,0.057072528,-5.8426523,6.3667517,-15.120473,-6.8629837,-18.452063,1.8649657,-2.0574355,-0.22945252,-0.3722195,-2.8276224,52.93497364,16.5202109,84.51669596,61.37082601,63.44463972,53.9543058,76.60808436,71.59929701,47.59226714,66.5202109,83.09314587,58.94551845,23.93673111,43.30404218,7.908611599,32.61862917,14.16520211,20.49209139,29.49033392,13.00527241,17.82073814,26.01054482,51.03690685,21.89806678,23.26889279,24.95606327,26.53778559,39.47275923,7.346221441,9.947275923,21.33567663,44.32337434,11.31810193,23.19859402,25.02636204,15.14938489,16.13356766,9.455184534,4.780316344,12.82952548,67.27592267,25.83479789,16.69595782,21.4059754,11.66959578,11.17750439,20.456942,16.83655536,8.224956063,2.565905097,91.24780316,10.96660808
CC(C(=O)O)N1CCN(OCCC(O)(C(C)C)C2COCOC2)CC1,360.451,0.4064,7,2,4,0.6429767203,2,91.7,0,0,0,0.2524524,0.5142446,0.78841794,0.00031092862,0.04417658,0.039068572,0.008670246,0.07978663,0.011315355,0.19682924,0.005751493,0.15959409,0.058202714,0.12574503,0.9150096,0.006704072,0.01981231,0.0010214398,0.0015570701,0.009193041,0.08430468,0.0012759751,0.3997054,0.0155605525,0.045135938,0.001573384,0.0024084416,0.0008823597,0.0042533916,0.6649941,0.10886421,-5.405323,23.142212,-2.5626175,-7.099758,-15.984311,1.770492,-1.1495904,20.55449,-0.88624966,-1.3974699,56.13356766,26.22144112,79.85940246,61.37082601,63.44463972,65.76449912,69.84182777,62.53075571,47.59226714,25.86994728,37.18804921,54.6572935,33.84885764,48.54130053,9.20913884,38.41827768,18.91036907,29.56063269,41.4059754,26.64323374,26.43233743,30.50966608,48.57644991,35.60632689,22.95254833,27.4516696,35.85237258,40.03514938,8.927943761,15.39543058,33.21616872,47.55711775,22.10896309,30.08787346,36.66080844,24.60456942,20.84358524,16.59050967,11.95079086,18.48857645,68.89279438,32.40773286,26.32688928,41.51142355,21.6168717,10.9314587,29.59578207,12.82952548,15.99297012,9.20913884,85.02636204,22.70650264
CC(C(=O)O)N1CCN(OCCC2(C3COCOC3)OC2C)CC1,344.408,0.1768,7,1,4,0.6548681396,3,84,0,1,0,0.46550107,0.6356013,0.8202626,0.00016778531,0.036347006,0.0478175,0.00456639,0.051869236,0.009416775,0.2504968,0.0045114076,0.19649173,0.09225626,0.18976007,0.9569979,0.007597716,0.01719681,0.00065362104,0.0019485734,0.0074273623,0.073205635,0.0018456267,0.39887184,0.013187927,0.054960646,0.0025249398,0.0038928532,0.00062857673,0.009340785,0.68569565,0.09845405,-5.3853316,16.379633,-8.284144,-8.635477,-15.629435,1.8739567,-1.2293565,21.776043,-0.8043957,-1.9582169,52.44288225,24.4288225,79.85940246,36.59050967,63.44463972,67.83831283,76.60808436,57.4340949,47.59226714,66.5202109,37.18804921,76.09841828,43.12829525,55.3602812,8.119507909,34.83304042,21.82776801,21.44112478,30.89630931,24.32337434,32.44288225,28.22495606,58.1370826,48.64674868,33.14586995,31.45869947,39.64850615,35.3602812,7.275922671,18.17223199,27.27592267,41.51142355,26.57293497,30.08787346,35.46572935,29.70123023,27.4516696,23.62038664,9.912126538,28.85764499,71.35325132,31.45869947,27.27592267,32.86467487,16.16871705,9.13884007,31.3884007,17.50439367,15.14938489,9.947275923,86.08084359,17.82073814
CC(C(=O)O)N1CCN(OCCC(O)(C2COCOC2)C(C)(C)C)CC1,374.478,0.7965,7,2,4,0.6760471394,2,91.7,0,0,0,0.24800679,0.46164894,0.77334034,0.00025956548,0.07396388,0.037614137,0.01497972,0.0819313,0.010590487,0.24411981,0.011000484,0.15922217,0.06955119,0.1293942,0.8867912,0.007233317,0.01771107,0.0011221102,0.0027933219,0.015337976,0.09413825,0.0028717776,0.48892158,0.022883505,0.06968416,0.0023459378,0.0035232014,0.002124927,0.0066666133,0.67916834,0.1417813,-5.355943,29.800516,7.842801,-9.330967,-15.532001,1.8587841,-0.7776344,29.68639,-1.3632534,-1.2223873,59.57820738,29.80667838,79.85940246,61.37082601,63.44463972,71.07205624,69.84182777,62.53075571,47.59226714,25.86994728,37.18804921,54.13005272,30.19332162,45.3427065,8.717047452,46.78383128,18.55887522,37.36379613,42.21441125,25.83479789,31.95079086,35.25483304,48.47100176,40.31634446,23.69068541,25.83479789,38.1370826,36.23901582,9.630931459,22.42530756,47.31107206,53.67311072,35.64147627,33.70826011,39.33216169,34.48154657,26.08084359,21.65202109,19.15641476,24.07732865,70.65026362,36.44991213,28.26010545,48.15465729,31.56414763,8.330404218,31.95079086,16.5202109,20.10544815,14.62214411,79.15641476,24.32337434
CC(C(=O)O)N1CCN(OC#CC(O)(C2COCOC2)C(C)(F)F)CC1,378.372,-0.0236,7,2,4,0.645165979,2,91.7,0,1,0,0.21863791,0.49616456,0.7805823,0.0032185786,0.26599473,0.12675962,0.09716336,0.039122857,0.027247418,0.35089046,0.023587164,0.22417803,0.06829308,0.406886,0.9059545,0.01743568,0.015671287,0.004519184,0.013118034,0.030418616,0.09424703,0.0202596,0.4385542,0.026079183,0.16256332,0.008811901,0.019997725,0.00941496,0.033683456,0.5221604,0.08911483,-5.476046,1.9030259,0.62109184,-12.297394,-15.58048,2.4845288,-0.5683079,46.29316,-1.4900216,-2.8081841,60.24604569,21.8629174,79.85940246,61.37082601,63.44463972,66.11599297,69.84182777,62.53075571,47.59226714,66.5202109,37.18804921,49.84182777,32.65377856,46.99472759,21.37082601,71.45869947,48.40070299,65.44815466,26.0456942,40,41.68717047,41.75746924,64.35852373,39.96485062,50.15817223,26.67838313,62.5659051,31.88049209,25.69420035,44.21792619,63.86643234,53.74340949,68.18980668,31.49384886,40.24604569,56.55536028,48.08435852,55.14938489,35.28998243,52.61862917,50.12302285,30.05272408,24.4288225,16.34446397,24.8857645,5.764499121,31.56414763,52.93497364,23.0228471,25.23725835,77.57469244,11.10720562
COC(NC(=O)ON1CCN(C(C)C(=O)O)CC1)C1COCOC1,347.368,-0.6887,8,2,4,0.6033546851,2,109.8,0,1,1,0.22406025,0.48092538,0.8489351,0.0002706367,0.06282987,0.077186905,0.00927725,0.010906257,0.0029735367,0.13467535,0.00095843954,0.22509594,0.034938898,0.49060258,0.8812397,0.0033174665,0.010849042,0.0005740363,0.00079744234,0.004396512,0.07061551,0.0012009621,0.1485152,0.002824704,0.031071275,0.0014670402,0.0015683373,0.00019100013,0.0058884257,0.49625063,0.018460352,-5.6318207,4.2200727,-2.9507568,-16.23141,-16.557592,2.2461495,-1.2046372,26.665903,-0.8154996,-3.2335172,52.89982425,16.5202109,84.51669596,61.37082601,63.44463972,60.63268893,69.84182777,73.4973638,47.59226714,66.5202109,83.09314587,50.68541301,31.3884007,63.12829525,8.822495606,43.93673111,30.08787346,30.40421793,13.46221441,9.20913884,19.96485062,17.60984183,64.56942004,23.12829525,55.14938489,25.62390158,19.26186292,20.24604569,6.924428822,8.857644991,16.02811951,39.64850615,21.23022847,19.64850615,22.49560633,16.80140598,20.24604569,12.12653779,4.53427065,22.39015817,45.86994728,11.88049209,20.84358524,18.8400703,21.33567663,3.268892794,27.13532513,37.75043937,15.43057996,13.07557118,85.83479789,8.646748682
CC(C(=O)O)N1CCN(OC2OC(C3COCOC3)C(C)N(C)C2=O)CC1,387.433,-0.799,8,1,4,0.649648487,4,101.01,0,0,0,0.1744718,0.44619718,0.90389097,0.00014129777,0.05029925,0.047364272,0.004981169,0.009488432,0.0009278211,0.13197713,0.00067899993,0.17463443,0.020922612,0.59322166,0.90472174,0.0015672041,0.010734976,0.00022456357,0.00059729937,0.0027859919,0.05327148,0.0014927874,0.22059047,0.0032700947,0.030268872,0.0011343956,0.0007028055,0.00014670909,0.0040052403,0.4382004,0.013427031,-5.661252,14.714798,-5.542893,-14.315763,-17.90559,1.710487,-1.6175483,12.145083,-0.5089785,-3.4925354,62.46045694,15.99297012,84.51669596,36.59050967,63.44463972,66.67838313,81.28295255,68.75219684,47.59226714,25.86994728,37.18804921,42.07381371,28.78734622,80.35149385,7.732864675,40.24604569,21.68717047,22.46045694,12.5483304,2.495606327,19.68365554,15.53602812,52.75922671,13.21616872,60.21089631,26.57293497,9.20913884,19.89455185,4.569420035,7.275922671,9.384885764,24.11247803,23.7258348,23.09314587,23.69068541,16.20386643,16.30931459,7.521968366,4.042179262,17.39894552,38.98066784,8.154657293,20.31634446,31.10720562,18.5940246,4.393673111,22.07381371,10.89630931,11.24780316,5.413005272,89.56063269,7.486818981
CC(O)C(CCON1CCN(C(C)C(=O)O)CC1)C1COCOC1,346.424,0.0163,7,2,4,0.6353789072,3,91.7,0,0,0,0.20279625,0.54047424,0.79969573,0.00030547843,0.03252783,0.047107596,0.006788281,0.061987676,0.011068305,0.16195066,0.0037526314,0.20822048,0.057123132,0.12591346,0.9368224,0.005113219,0.016867671,0.00095713756,0.0010928771,0.006377016,0.076239906,0.0011178709,0.3389241,0.009822846,0.034820307,0.00108298,0.0023068574,0.00056127354,0.0033023984,0.6636728,0.09767417,-5.472794,15.888888,-16.789707,-6.183011,-16.612514,1.6181685,-1.6472275,9.967458,-0.48076096,-2.08417,52.82952548,22.91739895,79.85940246,61.37082601,63.44463972,64.60456942,76.60808436,62.53075571,47.59226714,25.86994728,37.18804921,47.34622144,35.78207381,50.54481547,9.173989455,33.18101933,21.6168717,26.36203866,34.27065026,26.39718805,22.81195079,27.17047452,61.12478032,34.97363796,22.98769772,29.42003515,28.68189807,34.93848858,8.576449912,11.73989455,23.51493849,43.09314587,20,27.66256591,32.89982425,19.05096661,16.20386643,16.13356766,8.963093146,15.28998243,68.75219684,31.28295255,24.53427065,32.26713533,10.65026362,12.16168717,26.85413005,8.224956063,11.00175747,4.885764499,90.01757469,16.66080844
CC(O)=C(CCON1CCN(C(C)C(=O)O)CC1)C1COCOC1,344.408,0.8513,7,2,4,0.6569985154,1,91.7,0,1,0,0.24417987,0.4918564,0.7185856,0.0003358025,0.03212855,0.03687147,0.0052398853,0.042643778,0.0147042675,0.12663943,0.0014452356,0.22604251,0.06307919,0.08891867,0.7231225,0.009156646,0.022469716,0.00089237746,0.0010533995,0.011409461,0.09977847,0.0011654028,0.15856966,0.003954026,0.04092639,0.0017745032,0.0024687094,0.00038440968,0.0057722167,0.6843027,0.062328458,-5.51722,20.036045,-2.1078563,-21.854559,-16.969433,1.8464572,-1.4149647,21.200478,-0.80250823,-4.55964,52.44288225,30.29876977,79.85940246,61.37082601,63.44463972,68.04920914,55.32513181,62.53075571,47.59226714,66.5202109,37.18804921,53.74340949,32.30228471,35.64147627,9.384885764,33.00527241,18.31282953,22.98769772,27.69771529,30.40421793,19.01581722,20.63268893,64.78031634,37.82073814,17.22319859,20.21089631,44.78031634,45.02636204,8.330404218,11.35325132,39.47275923,56.76625659,20.84358524,20.28119508,25.37785589,22.3198594,22.5659051,16.87170475,6.994727592,22.21441125,71.28295255,26.81898067,23.44463972,37.46924429,21.8629174,1.65202109,25.76449912,15.99297012,12.93497364,9.630931459,86.18629174,4.112478032
CC(O)C(=CCON1CCN(C(C)C(=O)O)CC1)C1COCOC1,344.408,-0.0636,7,2,4,0.6206824263,2,91.7,0,1,0,0.3809364,0.50584954,0.7431135,0.00028953742,0.036339518,0.040207446,0.005512625,0.046967525,0.014239086,0.16603489,0.0037094192,0.23473749,0.07055646,0.105399705,0.8116602,0.010756124,0.019325264,0.0008593293,0.0014454724,0.010581579,0.08868386,0.0018541509,0.21681276,0.004840261,0.04970131,0.0027767795,0.0037857208,0.00058029464,0.0084498385,0.716276,0.07590786,-5.579526,-4.709691,-10.133332,-10.202232,-17.578085,2.478723,-1.220207,17.01083,-0.77478284,-4.4980526,52.44288225,21.6168717,79.85940246,61.37082601,63.44463972,62.98769772,69.84182777,62.53075571,47.59226714,66.5202109,37.18804921,68.68189807,33.35676626,39.89455185,9.13884007,34.79789104,19.12126538,23.58523726,29.27943761,29.94727592,23.23374341,27.06502636,66.18629174,40.7029877,20,22.91739895,49.10369069,39.22671353,8.119507909,14.44639719,37.36379613,50.26362039,26.60808436,22.88224956,26.7486819,26.88927944,29.13884007,22.95254833,9.314586995,27.02987698,74.58699473,28.64674868,22.17926186,11.81019332,14.76274165,7.803163445,23.44463972,52.65377856,15.21968366,7.521968366,86.53778559,4.217926186
CC(O)=C(SCON1CCN(C(C)C(=O)O)CC1)C1COCOC1,362.448,1.1094,8,2,4,0.5102190782,1,91.7,0,2,1,0.4418614,0.47521725,0.6807298,0.0006071354,0.054792404,0.043154012,0.008915973,0.029839043,0.013030132,0.13870332,0.0020611356,0.32442564,0.05032776,0.13587971,0.56524134,0.016640358,0.015911406,0.0011670412,0.0018103963,0.019918114,0.09158988,0.003158457,0.13745502,0.002865742,0.08073141,0.005535445,0.007485655,0.0006401013,0.01685721,0.74072254,0.049911987,-5.6563673,13.207245,7.73423,-24.135015,-17.23929,2.2770205,-1.1360338,36.94468,-1.3530464,-4.0023355,56.80140598,33.07557118,84.51669596,61.37082601,63.44463972,47.55711775,55.32513181,62.53075571,47.59226714,87.92618629,83.09314587,73.60281195,30.96660808,30.79086116,11.70474517,41.33567663,20.10544815,29.91212654,22.53075571,28.6115993,20.52724077,22.5659051,80.24604569,32.44288225,24.8857645,16.62565905,61.54657293,32.47803163,9.806678383,17.29349736,54.30579965,52.02108963,36.94200351,19.19156415,22.49560633,38.76977153,39.96485062,35.14938489,9.982425308,38.5940246,77.82073814,24.14762742,20.35149385,29.45518453,31.56414763,1.300527241,24.49912127,39.47275923,16.13356766,18.69947276,79.36731107,5.799648506
CC(O)=C(C=NON1CCN(C(C)C(=O)O)CC1)C1COCOC1,343.38,0.447,8,2,4,0.4068605419,1,104.06,0,3,0,0.5235629,0.54744995,0.70576686,0.0011545814,0.05036174,0.044450037,0.008126696,0.023903212,0.011794117,0.1372356,0.0013289752,0.26686478,0.07767737,0.18135078,0.5690502,0.015598714,0.01585585,0.001980552,0.0014469634,0.01545461,0.08633368,0.0031856545,0.107901,0.0012930138,0.06626795,0.009154023,0.004861629,0.0008479414,0.021593278,0.71016645,0.0323716,-5.758793,-1.7740204,-2.108546,-22.28431,-17.85284,2.3692,-1.3327372,32.208923,-1.2685084,-4.596719,52.26713533,26.60808436,84.51669596,61.37082601,63.44463972,33.84885764,55.32513181,70.14059754,47.59226714,96.62565905,37.18804921,80.66783831,36.41476274,34.13005272,14.79789104,40.31634446,20.7029877,28.82249561,19.75395431,27.06502636,20.31634446,20.14059754,72.16168717,43.33919156,32.12653779,16.73110721,60.03514938,32.37258348,14.27065026,14.44639719,47.52196837,48.82249561,37.11775044,17.6801406,16.2741652,33.42706503,49.38488576,27.59226714,11.84534271,43.62038664,74.05975395,19.22671353,18.17223199,14.13005272,21.8629174,1.58172232,22.28471002,44.95606327,13.91915641,16.13356766,80.73813708,4.042179262
CC(O)C(CSON1CCN(C(C)C(=O)O)CC1)C1COCOC1,364.464,0.2744,8,2,4,0.5890247758,3,91.7,0,1,1,0.40679613,0.59593475,0.81461984,0.00026164384,0.044925995,0.05311852,0.006487501,0.054735072,0.0071551367,0.19798014,0.0031687494,0.26483953,0.055948935,0.15090077,0.918676,0.007308745,0.011300484,0.00095770496,0.0013580036,0.008204093,0.07194896,0.0018912094,0.37364644,0.0063400716,0.048355587,0.0020388016,0.0043612802,0.00065564667,0.0073490934,0.7280788,0.07570038,-5.5334406,18.121735,-4.406265,-11.945869,-16.566278,1.8313366,-1.1288998,28.967718,-1.1234261,-2.095344,57.18804921,25.23725835,84.51669596,61.37082601,63.44463972,58.66432337,76.60808436,62.53075571,47.59226714,66.5202109,83.09314587,70.82601054,39.92970123,53.91915641,8.717047452,38.76977153,23.26889279,25.65905097,31.77504394,20.80843585,26.60808436,25.65905097,71.84534271,34.62214411,27.76801406,27.87346221,38.62917399,21.47627417,8.576449912,13.84885764,30.08787346,40.52724077,26.99472759,29.10369069,29.20913884,26.46748682,24.21792619,25.20210896,10.05272408,25.41300527,76.16871705,28.57644991,23.09314587,34.76274165,19.543058,6.18629174,27.10017575,15.39543058,16.2741652,14.23550088,82.10896309,16.55536028
CC(C(=O)O)N1CCN(OCC2CCC(C)(C)C2(O)C2COCOC2)CC1,386.489,0.7965,7,2,4,0.6925777776,3,91.7,0,0,0,0.24993137,0.46816525,0.7568716,0.00026946122,0.06793099,0.04038636,0.015413029,0.065969974,0.018381786,0.30037135,0.01887754,0.1244122,0.08134236,0.16091633,0.933375,0.008044275,0.02161629,0.001202129,0.0048310794,0.01411506,0.08546608,0.002995233,0.43099672,0.050652564,0.081903785,0.0022231555,0.0047075627,0.0037777002,0.008631497,0.56849515,0.19910005,-5.433995,17.921154,1.2238891,-11.632269,-16.041256,2.0419335,-0.7988501,28.385345,-1.2818997,-2.576026,62.17926186,29.80667838,79.85940246,61.37082601,63.44463972,73.77855888,76.60808436,62.53075571,47.59226714,25.86994728,37.18804921,54.27065026,30.50966608,41.96836555,8.822495606,45.41300527,19.15641476,37.60984183,35.64147627,33.77855888,37.60984183,39.82425308,38.24253076,44.95606327,29.45518453,28.99824253,41.1599297,43.4797891,10.19332162,29.66608084,45.44815466,48.26010545,36.20386643,31.14235501,46.01054482,39.15641476,25.30755712,26.88927944,25.62390158,27.48681898,56.13356766,42.21441125,25.62390158,34.58699473,25.44815466,6.537785589,29.27943761,25.37785589,19.89455185,14.02460457,80.56239016,12.58347979
COC(=NOON1CCN(C(C)C(=O)O)CC1)C1COCOC1,333.341,-0.4793,9,1,4,0.2986925851,1,102.29,0,4,1,0.5956384,0.7914975,0.89607465,0.002317345,0.041795585,0.08952771,0.00825385,0.046407886,0.0047200695,0.21512036,0.0012599343,0.3273473,0.05982141,0.3711416,0.96601504,0.003851181,0.008214069,0.002789224,0.0009690565,0.004353269,0.06768734,0.0018901564,0.42993203,0.0015771181,0.040726103,0.0030196917,0.002431142,0.00065606635,0.009209917,0.66879433,0.042837616,-5.4261885,19.863989,5.963449,-20.603558,-14.854437,2.0920987,-0.91883737,40.126106,-1.1453781,-3.3114307,49.87697715,18.06678383,88.08435852,36.59050967,63.44463972,19.96485062,55.32513181,69.5254833,47.59226714,99.27943761,83.09314587,85.62390158,56.41476274,77.4340949,18.98066784,37.50439367,34.02460457,29.10369069,29.13884007,14.90333919,28.22495606,19.75395431,80.52724077,36.2741652,47.97891037,33.00527241,21.82776801,13.67311072,18.27768014,10.50966608,15.95782074,37.08260105,26.99472759,31.14235501,17.78558875,22.3198594,30.26362039,16.62565905,10.05272408,28.64674868,69.31458699,22.46045694,25.76449912,37.11775044,29.91212654,1.862917399,35.78207381,27.97891037,18.66432337,20.77328647,81.8629174,8.330404218
COC(COON1CCN(C(C)C(=O)O)CC1)C1COCOC1,334.369,-0.4242,8,1,4,0.4691400091,2,89.93,0,2,1,0.5602792,0.64678,0.89933455,0.00014568942,0.016667616,0.049520046,0.0018095465,0.037523232,0.0015509697,0.18640873,0.0010589648,0.19230929,0.055310268,0.26625067,0.9624711,0.0042262124,0.011269025,0.00051883404,0.0007877266,0.0032197605,0.054987837,0.0010966517,0.39229608,0.0024322805,0.02983037,0.0013715124,0.0023101624,0.00027349804,0.0063233348,0.6578033,0.037266716,-5.34422,21.019718,-9.815857,-11.094103,-14.949689,1.7222859,-1.3920511,19.480389,-0.46481615,-2.399138,50.15817223,18.34797891,84.51669596,36.59050967,63.44463972,42.3198594,69.84182777,61.12478032,47.59226714,87.92618629,83.09314587,83.7258348,44.00702988,78.55887522,7.76801406,22.84710018,22.49560633,12.68892794,25.5887522,4.815465729,25.30755712,18.34797891,57.08260105,34.37609842,40.73813708,32.40773286,24.14762742,21.37082601,6.537785589,8.822495606,10.86115993,25.79964851,19.64850615,29.84182777,21.01933216,15.85237258,19.15641476,16.13356766,5.694200351,23.30404218,68.04920914,20.66783831,28.85764499,38.73462214,14.97363796,7.205623902,35.50087873,11.14235501,13.21616872,8.646748682,90.12302285,14.02460457
CC1NC(=O)N(ON2CCN(C(C)C(=O)O)CC2)C=C1C1COCOC1,370.406,-0.1582,7,2,4,0.68821709,2,103.81,0,0,0,0.69308263,0.6114159,0.8351165,0.00037474587,0.0235642,0.039587505,0.0036733963,0.015026954,0.0029254141,0.17341217,0.001054505,0.24517961,0.06262101,0.4371478,0.84958667,0.0067215427,0.011207829,0.00096442085,0.00082955306,0.004799205,0.07066675,0.0011839687,0.18110928,0.001526315,0.045985363,0.00470136,0.0030786449,0.00038206246,0.020205434,0.7232395,0.025916943,-5.680771,-8.314067,-7.2882133,-12.05834,-17.451777,2.4081504,-1.1919781,28.404108,-1.111488,-3.694055,58.48857645,20.80843585,79.85940246,61.37082601,63.44463972,73.07557118,69.84182777,70.05272408,47.59226714,25.86994728,37.18804921,90.96660808,41.01933216,59.36731107,9.841827768,27.83831283,18.94551845,19.33216169,15.25483304,9.068541301,23.90158172,18.34797891,67.80316344,37.64499121,52.02108963,24.25307557,35.92267135,21.23022847,8.576449912,9.20913884,17.57469244,39.64850615,20.94903339,21.44112478,17.57469244,25.13181019,37.57469244,20.10544815,6.959578207,42.35500879,75.50087873,15.95782074,19.92970123,9.736379613,16.83655536,6.0456942,23.83128295,47.55711775,15.60632689,14.02460457,82.21441125,6.643233743
CC(O)C(=NOON1CCN(C(C)C(=O)O)CC1)C1COCOC1,347.368,-0.7024,9,2,4,0.3503785437,2,113.29,0,3,1,0.6939288,0.65788454,0.8344385,0.00047183875,0.03002443,0.047220517,0.0034883455,0.031449903,0.0035897307,0.1795867,0.0014404627,0.2940461,0.049435128,0.23616824,0.87672615,0.0057430323,0.009398746,0.0010923755,0.00089670066,0.005094973,0.0627906,0.0014497989,0.2710824,0.0012775147,0.040518723,0.002479802,0.002694172,0.00037107247,0.010172128,0.7174453,0.038298674,-5.6544213,8.303132,-2.3923416,-13.730143,-17.009094,2.0796328,-1.0728976,31.14075,-0.9965962,-2.7943866,52.89982425,16.48506151,88.08435852,61.37082601,63.44463972,26.81898067,69.84182777,75.60632689,47.59226714,96.62565905,83.09314587,91.03690685,44.74516696,59.26186292,10.72056239,31.98594025,21.6168717,18.91036907,23.44463972,11.56414763,24.60456942,20.63268893,76.23901582,31.88049209,38.10193322,25.3427065,31.28295255,16.87170475,9.490333919,9.771528998,19.12126538,33.32161687,23.44463972,25.23725835,16.16871705,22.21441125,27.02987698,17.96133568,6.713532513,29.91212654,74.72759227,21.05448155,20.35149385,23.69068541,21.65202109,4.74516696,25.65905097,27.38137083,16.62565905,15.46572935,83.4797891,11.17750439
CC(C(=O)O)N1CCN(OC(C)(C)CC(O)(C2COCOC2)C(C)(F)F)CC1,410.458,1.1842,7,2,4,0.6166088145,2,91.7,0,0,0,0.1979506,0.5109013,0.73236835,0.00029378635,0.22149825,0.06520512,0.06468601,0.051347453,0.023911485,0.38551262,0.050243866,0.206574,0.0745184,0.19572191,0.9341217,0.007124719,0.010493303,0.0010714771,0.010601228,0.02184587,0.08155772,0.02486045,0.5760642,0.07171745,0.15677732,0.0032314933,0.014215234,0.014543591,0.016592868,0.6113767,0.22937551,-5.5612397,-11.989904,6.3871193,-9.079427,-16.233059,3.391423,-0.322388,29.388102,-1.32353,-3.8597767,67.80316344,34.02460457,79.85940246,61.37082601,63.44463972,62.28471002,69.84182777,62.53075571,47.59226714,25.86994728,37.18804921,46.57293497,33.56766257,37.75043937,9.13884007,67.38137083,26.46748682,59.26186292,30.57996485,38.03163445,44.67486819,49.70123023,60.73813708,42.24956063,33.63796134,29.10369069,37.60984183,19.47275923,9.34973638,41.08963093,56.69595782,46.32688928,70.89630931,37.08260105,49.45518453,55.60632689,31.17750439,47.9086116,39.33216169,38.27768014,62.49560633,45.02636204,22.42530756,8.049209139,30.15817223,8.506151142,28.43585237,92.65377856,25.69420035,14.48154657,79.78910369,6.151142355
CON(C(=O)NON1CCN(C(C)C(=O)O)CC1)C1COCOC1,348.356,-1.1304,8,2,4,0.5756361559,1,113.04,0,1,0,0.9569607,0.82140744,0.87292147,0.00054217764,0.014168583,0.031501155,0.0012156093,0.010626943,0.0013737632,0.23282926,0.0003462195,0.34525973,0.047353923,0.5974318,0.88098156,0.004725429,0.0056090606,0.00068385724,0.0004016676,0.0036300519,0.06746775,0.00083734404,0.23980376,0.00031532688,0.055035572,0.00373817,0.001682,0.00018116839,0.024444167,0.8756019,0.014226094,-5.5114427,11.584143,-4.0296187,-16.458164,-16.491213,1.8829396,-1.4236791,26.832104,-0.7634441,-3.0100021,52.97012302,13.77855888,84.51669596,61.37082601,63.44463972,57.01230228,55.32513181,75.53602812,47.59226714,66.5202109,37.18804921,98.69947276,59.64850615,69.38488576,11.28295255,20.73813708,16.37961336,9.384885764,13.2513181,4.147627417,31.17750439,11.17750439,82.42530756,31.07205624,60.42179262,25.5887522,26.60808436,7.275922671,7.451669596,5.272407733,12.82952548,36.9771529,16.9771529,23.86643234,6.25659051,29.73637961,33.91915641,12.86467487,4.393673111,45.86994728,92.82952548,8.646748682,23.58523726,27.4516696,20,3.16344464,27.31107206,17.99648506,12.93497364,13.07557118,86.60808436,9.701230228
COC(C(=O)NON1CCN(C(C)C(=O)O)CC1)C1COCOC1,347.368,-1.3246,8,2,4,0.5415926793,2,109.8,0,1,0,0.74282646,0.657303,0.8503431,0.00016228479,0.0135732265,0.031234493,0.0014800275,0.011687278,0.0010498295,0.13700025,0.00044298358,0.22727363,0.032120954,0.36154902,0.83357364,0.0039310744,0.008770676,0.00034884148,0.0003502253,0.0030633328,0.059407733,0.001093985,0.17829753,0.0004717727,0.033923585,0.0026235103,0.0012129471,0.00010674158,0.010140394,0.76609385,0.011559784,-5.556239,6.7242737,-8.206057,-13.205477,-16.554808,1.9796807,-1.4942234,22.481863,-0.64526826,-2.9091358,52.89982425,12.7943761,84.51669596,61.37082601,63.44463972,52.23198594,69.84182777,73.4973638,47.59226714,66.5202109,37.18804921,92.97012302,44.71001757,63.40949033,8.014059754,20.14059754,16.13356766,11.14235501,13.91915641,2.847100176,20.31634446,13.11072056,64.99121265,20.7029877,47.48681898,23.65553603,22.14411248,15.21968366,5.553602812,4.850615114,10.29876977,30.29876977,19.61335677,21.30052724,9.033391916,18.73462214,28.33040422,10.43936731,3.479789104,29.91212654,81.23022847,7.029876977,22.5659051,21.82776801,16.20386643,5.061511424,27.17047452,22.74165202,12.47803163,10.40421793,87.9086116,10.4745167
CC1CC(N)C(ON2CCN(C(C)C(=O)O)CC2)OC1C1COCOC1,373.45,-0.2924,8,2,4,0.6719478663,5,106.72,0,0,0,0.21977039,0.34001976,0.8221327,8.01E-05,0.050736357,0.019957203,0.005115869,0.020365229,0.003172002,0.12710689,0.0028563985,0.12063052,0.034015924,0.26522946,0.8726759,0.0033980224,0.01600112,0.00036890802,0.0011957695,0.0048241024,0.05705887,0.0008470348,0.21871369,0.005188106,0.03442046,0.0013135362,0.0009451858,0.00032394248,0.004670932,0.4566585,0.04703651,-5.769701,15.009267,-6.375258,-13.783888,-17.646097,1.7756145,-1.4383452,16.694996,-0.8556217,-3.2616348,59.43760984,19.33216169,84.51669596,61.37082601,63.44463972,70.40421793,85.04393673,71.59929701,47.59226714,25.86994728,37.18804921,50.01757469,21.54657293,55.8172232,6.537785589,40.38664323,12.58347979,22.81195079,17.96133568,9.701230228,19.01581722,24.85061511,37.32864675,22.24956063,40.73813708,25.06151142,19.68365554,32.58347979,5.729349736,12.68892794,17.71528998,27.66256591,17.18804921,22.95254833,27.31107206,18.87521968,18.48857645,8.857644991,6.080843585,19.68365554,41.33567663,23.51493849,17.92618629,31.35325132,17.6801406,4.710017575,23.30404218,12.97012302,12.86467487,7.451669596,85.30755712,8.471001757
CCC(C(O)CON1CCN(C(C)C(=O)O)CC1)C1COCOC1,346.424,0.0163,7,2,4,0.6353789072,3,91.7,0,0,0,0.1805204,0.5206377,0.82237685,0.00027822144,0.034156363,0.044367604,0.0063955905,0.05167492,0.008391459,0.1626776,0.0034826219,0.16825739,0.049168438,0.15870962,0.9473036,0.0044403747,0.01825861,0.000999999,0.0010772843,0.005510536,0.07117385,0.0007365481,0.31578717,0.009307364,0.028399989,0.00093736046,0.0016849928,0.0004720133,0.0027618117,0.58915544,0.08404811,-5.389948,24.821049,-6.8360877,-12.082304,-15.720326,1.6671234,-1.178118,20.60513,-0.71463764,-2.4280677,52.82952548,22.91739895,79.85940246,61.37082601,63.44463972,64.60456942,76.60808436,62.53075571,47.59226714,25.86994728,37.18804921,43.23374341,34.23550088,55.99297012,8.998242531,33.88400703,20.7029877,25.51845343,30.79086116,22.98769772,22.84710018,26.5026362,51.28295255,31.70474517,28.89279438,30.65026362,25.48330404,37.08260105,8.822495606,11.56414763,20.35149385,39.92970123,15.78207381,26.81898067,32.40773286,15.21968366,14.69244288,12.86467487,7.908611599,13.21616872,58.80492091,29.63093146,27.02987698,43.40949033,17.25834798,6.0456942,30.82601054,9.314586995,15.71177504,9.314586995,87.24077329,13.77855888
CC(C(=O)O)N1CCN(OC2=NOC(C(C)O)(C3COCOC3)C2)CC1,373.406,-0.5174,9,2,4,0.6571473377,3,113.29,0,0,0,0.40269962,0.57340527,0.80915993,0.00024220624,0.04607002,0.05693649,0.0062917816,0.027995935,0.01292062,0.24246642,0.0029953052,0.20322642,0.090900905,0.24830994,0.89670146,0.0077569513,0.015784848,0.00074841816,0.0022033935,0.007605867,0.07142629,0.0025055495,0.24447322,0.007590206,0.0547417,0.0022716548,0.0045257104,0.0007352947,0.011812845,0.60783905,0.06851402,-5.7924395,0.62624055,-1.8887341,-11.919607,-18.57405,2.199592,-1.1161216,29.713764,-1.1548827,-2.5656624,59.40246046,17.75043937,88.08435852,61.37082601,63.44463972,68.04920914,76.60808436,75.60632689,47.59226714,25.86994728,37.18804921,70.54481547,38.45342707,52.65377856,8.576449912,39.05096661,24.46397188,25.16695958,21.89806678,28.40070299,31.84534271,25.09666081,60.14059754,48.3655536,39.08611599,26.11599297,40.38664323,32.23198594,7.732864675,19.78910369,27.83831283,40.17574692,32.89982425,24.07732865,31.00175747,29.63093146,25.5887522,26.01054482,10.79086116,32.89982425,62.10896309,27.66256591,17.53954306,15.53602812,22.28471002,6.18629174,20.10544815,34.86818981,16.34446397,14.62214411,81.82776801,12.65377856
CC1=C(C2COCOC2)C(C)NC(=O)N1ON1CCN(C(C)C(=O)O)CC1,384.433,0.2319,7,2,4,0.6944307411,2,103.81,0,0,0,0.714032,0.5916508,0.82088166,0.0003698565,0.03670049,0.048594765,0.0058949688,0.018028866,0.005149111,0.21706645,0.0024292516,0.26679844,0.080037445,0.42481908,0.8469847,0.0075693564,0.011490373,0.0011879558,0.0016134608,0.006794923,0.0714594,0.002184517,0.20355716,0.0025714326,0.062756345,0.0052908016,0.0047341594,0.00071061414,0.026570994,0.71817684,0.04139306,-5.5808496,-2.3472664,-1.1233028,-14.668634,-16.873886,2.3813317,-0.958535,35.584038,-1.3930583,-3.3571954,61.68717047,24.85061511,79.85940246,61.37082601,63.44463972,74.27065026,69.84182777,70.05272408,47.59226714,25.86994728,37.18804921,91.59929701,39.543058,55.5711775,9.806678383,35.07908612,22.17926186,24.46397188,16.83655536,16.16871705,28.71704745,23.4797891,72.16168717,44.32337434,51.31810193,24.04217926,39.57820738,22.10896309,10.08787346,15.78207381,24.8857645,40.21089631,29.91212654,22.3198594,21.47627417,32.37258348,39.43760984,26.92442882,10.61511424,47.9086116,74.90333919,22.03866432,22.17926186,13.46221441,23.23374341,4.217926186,26.11599297,45.72934974,18.20738137,17.99648506,78.76977153,8.049209139
CC(O)C(CN(C)ON1CCN(C(C)C(=O)O)CC1)C1COCOC1,361.439,-0.527,8,2,4,0.5534163491,3,94.94,0,1,0,0.32066283,0.49844962,0.7388808,8.18E-05,0.01796433,0.029960131,0.0027979543,0.050167598,0.0067206235,0.119492315,0.0011255522,0.24006863,0.057681542,0.052431952,0.8114263,0.004354399,0.010814907,0.0002716996,0.00038663181,0.0048725544,0.06848113,0.0010728157,0.257996,0.0019824982,0.029017672,0.0010309031,0.00118427,0.00023970434,0.003195823,0.7917682,0.05766316,-5.5611854,7.380194,-16.22348,-6.849888,-16.969244,1.8818268,-1.7184445,7.761592,-0.31520277,-2.617531,56.5202109,17.75043937,84.51669596,61.37082601,63.44463972,54.20035149,76.60808436,64.81546573,47.59226714,66.5202109,37.18804921,62.3198594,32.86467487,39.01581722,6.572934974,23.79613357,15.74692443,16.73110721,30.29876977,19.75395431,18.24253076,18.69947276,66.78383128,35.3602812,10.228471,22.91739895,24.95606327,20.14059754,5.061511424,5.202108963,17.82073814,37.92618629,19.33216169,24.6397188,19.40246046,15.50087873,15.78207381,10.33391916,5.131810193,14.83304042,84.21792619,25.86994728,22.42530756,22.42530756,10.9314587,11.21265378,25.76449912,17.89103691,10.57996485,4.217926186,91.66959578,12.23198594
CC(C(=O)O)N1CCN(OCCC(C2COCOC2)C(C)(C)O)CC1,360.451,0.4064,7,2,4,0.6429767203,2,91.7,0,0,0,0.20089205,0.51827466,0.7944094,0.00031761796,0.042736873,0.045818917,0.0099001955,0.071755156,0.011605542,0.1820539,0.005142275,0.19962552,0.061717786,0.10954549,0.9176672,0.005349136,0.01605341,0.0009666616,0.0013388688,0.008541034,0.08238728,0.0019188173,0.41427797,0.012695896,0.043230183,0.0013903559,0.00278921,0.0009400812,0.0038159501,0.6968872,0.11799451,-5.4095354,18.54984,-12.207071,-6.8970423,-15.982312,1.6741536,-1.4462895,12.844881,-0.6994096,-2.153816,56.13356766,26.22144112,79.85940246,61.37082601,63.44463972,65.76449912,69.84182777,62.53075571,47.59226714,25.86994728,37.18804921,47.13532513,34.02460457,49.56063269,9.244288225,37.89103691,21.19507909,31.6344464,38.17223199,26.92442882,24.8857645,29.42003515,58.98066784,37.18804921,20.56239016,27.76801406,29.49033392,32.7943761,8.576449912,13.74340949,31.00175747,46.7486819,27.27592267,30.50966608,35.07908612,23.58523726,19.40246046,18.62917399,12.37258348,16.83655536,72.72407733,33.39191564,26.18629174,35.43057996,13.28646749,11.17750439,29.59578207,9.490333919,12.7943761,5.623901582,87.38137083,16.02811951
CC(CC(C(C)O)C1COCOC1)ON1CCN(C(C)C(=O)O)CC1,360.451,0.4048,7,2,4,0.6429132898,4,91.7,0,0,0,0.15818809,0.5176029,0.779185,0.0002775041,0.061300028,0.058732472,0.014725233,0.05348394,0.015381321,0.20247498,0.0070845946,0.24535875,0.06630186,0.13953389,0.9408099,0.0042538154,0.011702055,0.0009429379,0.0018067779,0.00849496,0.07653875,0.0035655207,0.38726395,0.013612909,0.05129409,0.0012900747,0.003671073,0.001348343,0.0042851986,0.6577909,0.123978354,-5.465051,12.999417,-15.887996,-6.71241,-16.440792,1.7565124,-1.5071484,11.442515,-0.50231105,-2.2596695,56.13356766,26.22144112,79.85940246,61.37082601,63.44463972,65.76449912,81.28295255,62.53075571,47.59226714,25.86994728,37.18804921,39.15641476,33.98945518,46.53778559,8.998242531,43.4797891,24.85061511,37.15289982,31.52899824,31.00175747,26.78383128,31.88049209,67.83831283,39.43760984,25.51845343,29.87697715,24.49912127,22.63620387,8.506151142,17.29349736,30.9314587,43.26889279,39.68365554,29.56063269,35.5711775,27.94376098,18.31282953,22.17926186,15.25483304,18.5940246,68.01405975,34.13005272,24.71001757,29.31458699,11.10720562,11.3884007,27.55711775,12.33743409,12.33743409,5.307557118,89.59578207,15.00878735
CCC(OCON1CCN(C(C)C(=O)O)CC1)C1COCOC1,332.397,0.3819,7,1,4,0.6392113444,2,80.7,0,1,1,0.2814044,0.624331,0.8667709,0.00044307095,0.07845278,0.06304876,0.012132087,0.055306155,0.0067758276,0.22332378,0.0057053613,0.21317387,0.0549613,0.2766904,0.97494376,0.0045359097,0.012990283,0.0009908201,0.0023067393,0.0064710327,0.068378136,0.0017994108,0.48349085,0.016129388,0.051402938,0.0017957181,0.0035339787,0.00078691804,0.005384537,0.5974715,0.08984175,-5.310351,29.705439,0.45597076,-14.175507,-14.5114,1.7783792,-0.91419256,27.743948,-0.96108186,-2.6421916,49.66608084,25.97539543,79.85940246,36.59050967,63.44463972,65.13181019,69.84182777,55.14938489,47.59226714,66.5202109,83.09314587,58.20738137,42.10896309,67.62741652,10.54481547,47.69771529,26.01054482,34.83304042,32.0913884,19.85940246,29.84182777,30.36906854,62.35500879,34.13005272,41.26537786,34.55184534,25.69420035,26.11599297,8.822495606,20.17574692,23.83128295,37.85588752,26.15114236,33.46221441,36.90685413,28.01405975,22.84710018,21.68717047,11.31810193,21.23022847,60.24604569,30.15817223,30.29876977,48.08435852,24.74516696,4.393673111,38.10193322,13.07557118,18.69947276,13.84885764,84.07732865,12.0913884
CC(C(=O)O)N1CCN(OCCC(O)(C(C)O)C2COCOC2)CC1,362.423,-0.8688,8,3,4,0.5071874942,3,111.93,0,0,0,0.28886452,0.42648345,0.7360383,0.0001558947,0.02364275,0.026941115,0.0043719686,0.046086207,0.0072453753,0.13284335,0.0017676323,0.12741904,0.05159948,0.109457776,0.7921897,0.007832209,0.02604564,0.00079369696,0.0009616247,0.007465879,0.08972256,0.0007501277,0.17637561,0.005893851,0.03208814,0.0014953723,0.0015291885,0.00036413682,0.0042871833,0.6457601,0.056233294,-5.7279916,16.667732,-10.715882,-4.0891333,-19.243677,1.4851415,-1.680467,8.777377,-0.50130427,-1.1540589,56.80140598,15.67662566,84.51669596,78.20738137,63.44463972,47.27592267,76.60808436,74.6572935,47.59226714,25.86994728,37.18804921,59.12126538,27.41652021,38.41827768,7.943760984,27.83831283,14.69244288,21.1599297,29.10369069,20.94903339,19.68365554,21.79261863,39.19156415,32.82952548,20.56239016,22.17926186,40.59753954,50.57996485,7.873462214,10.40421793,27.38137083,50.86115993,15.85237258,21.12478032,28.3655536,17.32864675,20.456942,12.02108963,6.502636204,18.5940246,66.85413005,25.76449912,18.8400703,33.14586995,14.34094903,15.67662566,18.24253076,5.026362039,10.86115993,4.639718805,89.66608084,24.6397188
CC(O)C(NCON1CCN(C(C)C(=O)O)CC1)C1COCOC1,347.412,-1.0743,8,3,4,0.4733151164,3,103.73,0,1,1,0.2921052,0.2874479,0.5979522,0.00013059529,0.018349728,0.011024377,0.0025880379,0.035635307,0.0036893818,0.0655006,0.0013746796,0.22696468,0.023042021,0.066853896,0.5752929,0.0040465253,0.019699719,0.00062983145,0.00032866755,0.0049831704,0.081060275,0.00012091113,0.07615751,0.00085422315,0.020676186,0.00057345047,0.00054485985,8.81E-05,0.0019867145,0.6883407,0.056266814,-5.9025297,8.699576,-11.1621,-6.5472574,-19.292828,1.7210109,-1.747482,8.988687,-0.69704294,-2.5855992,52.93497364,14.4112478,84.51669596,78.20738137,63.44463972,42.91739895,76.60808436,69.94727592,47.59226714,66.5202109,83.09314587,59.47275923,18.31282953,22.46045694,7.62741652,24.11247803,9.841827768,15.88752197,24.92091388,11.88049209,10.82601054,20.31634446,64.92091388,14.44639719,12.65377856,16.76625659,22.98769772,39.75395431,7.205623902,4.60456942,18.45342707,46.01054482,6.080843585,15.88752197,13.42706503,10.29876977,9.912126538,6.572934974,2.95254833,9.982425308,71.52899824,25.76449912,15.85237258,24.04217926,13.91915641,11.66959578,18.1370826,11.14235501,10.33391916,4.710017575,87.4516696,12.44288225
CC(N)C(OC(=O)ON1CCN(C(C)C(=O)O)CC1)C1COCOC1,361.395,-0.5184,9,2,4,0.5972588112,3,123.79,0,0,0,0.27279842,0.5123289,0.77604955,0.00070988404,0.07688862,0.055391062,0.01285052,0.034697354,0.015841627,0.16990475,0.004445485,0.25095505,0.054668725,0.22426935,0.8622154,0.006871985,0.015466313,0.0012710661,0.0017492523,0.008652242,0.08474527,0.0013610136,0.23460574,0.0072016297,0.04350961,0.0018329188,0.002896625,0.000503971,0.0069248118,0.61100274,0.06435343,-5.7354374,1.6810722,-8.061371,-16.282145,-17.404354,2.330462,-1.7545611,11.378534,-0.35235697,-3.9529552,56.44991213,17.75043937,88.08435852,61.37082601,63.44463972,59.68365554,76.60808436,80.07029877,47.59226714,25.86994728,37.18804921,57.4340949,33.63796134,46.08084359,12.23198594,47.34622144,23.86643234,35.50087873,24.67486819,31.56414763,23.51493849,28.15465729,68.82249561,34.05975395,36.94200351,24.46397188,36.5202109,31.42355009,10.57996485,16.94200351,31.35325132,47.83831283,22.77680141,23.79613357,30.36906854,23.83128295,23.05799649,19.12126538,8.189806678,24.56942004,62.49560633,27.06502636,18.69947276,16.16871705,16.2741652,3.233743409,23.97188049,42.77680141,10.228471,5.307557118,91.56414763,5.869947276
CC(O)C(C1COCOC1)C1OC1ON1CCN(C(C)C(=O)O)CC1,360.407,-0.6489,8,2,4,0.5732055469,5,104.23,0,1,1,0.4278337,0.46364284,0.8164242,5.10E-05,0.032093182,0.033219002,0.0027580988,0.018253542,0.0022980839,0.18153577,0.001384787,0.16886207,0.04370973,0.20930398,0.8495957,0.0059813135,0.012394654,0.00023079016,0.0011159373,0.0054294565,0.0577762,0.001801077,0.23352599,0.0034830712,0.04209288,0.0016935434,0.002438922,0.0003160392,0.008092486,0.6298357,0.035702296,-5.6408362,5.394999,-12.344637,-8.119128,-18.11254,1.9505497,-1.4477657,13.164579,-0.6161414,-3.2299142,56.09841828,16.73110721,84.51669596,61.37082601,63.44463972,56.73110721,85.04393673,70.26362039,47.59226714,66.5202109,83.09314587,72.61862917,30.29876977,54.37609842,5.905096661,32.97012302,16.87170475,16.5202109,16.94200351,7.311072056,24.81546573,20.35149385,51.42355009,28.68189807,35.43057996,24.25307557,32.58347979,24.60456942,4.74516696,11.98594025,20.21089631,28.3655536,26.15114236,23.76098418,24.21792619,23.05799649,22.00351494,16.66080844,6.080843585,26.46748682,64.6397188,20.07029877,20.63268893,19.96485062,13.28646749,9.736379613,21.30052724,21.01933216,12.7943761,5.729349736,88.33040422,8.646748682
CC(O)C(OC(=O)ON1CCN(C(C)C(=O)O)CC1)C1COCOC1,362.379,-0.4848,9,2,4,0.5995320757,3,118,0,0,0,0.24086456,0.5328126,0.78108865,0.00035158332,0.07987358,0.07844845,0.01363053,0.016463777,0.015300026,0.16657117,0.002096605,0.27778286,0.06265033,0.3193658,0.80021465,0.0077162636,0.014003498,0.0007037111,0.002266076,0.010228807,0.09050302,0.003710948,0.14517513,0.009282469,0.058111347,0.002601216,0.0047267266,0.0006189326,0.010615734,0.58442366,0.03836714,-5.4878054,16.57803,-0.7301334,-19.246218,-16.362963,2.005381,-1.3263481,26.647406,-0.6138129,-2.9233654,56.73110721,18.03163445,88.08435852,61.37082601,63.44463972,60.07029877,76.60808436,77.29349736,47.59226714,25.86994728,37.18804921,53.18101933,35.21968366,47.02987698,9.560632689,47.97891037,30.43936731,36.09841828,15.8172232,30.9314587,23.26889279,22.5659051,73.81370826,37.6801406,44.53427065,22.60105448,40.14059754,28.22495606,7.486818981,20.07029877,36.5202109,51.24780316,40.38664323,19.50790861,32.40773286,30.79086116,28.26010545,26.92442882,9.841827768,30.57996485,58.20738137,21.05448155,24.11247803,33.14586995,23.55008787,2.284710018,27.73286467,23.83128295,14.05975395,13.07557118,88.3655536,10.33391916
Cc1[nH]c(=O)n(CON2CCN(C(C)C(=O)O)CC2)c1C1COCOC1,370.406,-0.44748,7,2,4,0.6932208565,1,109.26,0,0,0,0.37965348,0.5338571,0.81711245,0.0003149272,0.02844431,0.05431348,0.0059391954,0.02506597,0.014375716,0.19358747,0.0034368988,0.2620225,0.09912948,0.33544445,0.8964923,0.0065924292,0.015722785,0.0010390087,0.0012322114,0.006066746,0.076101184,0.0010615673,0.17517549,0.0045573725,0.047961995,0.0025144878,0.00221754,0.00034371734,0.011758139,0.5878485,0.07318459,-5.707643,10.881116,-0.54225695,-19.801863,-18.720755,1.966438,-1.304827,30.813848,-1.432818,-3.9083068,58.48857645,18.24253076,79.85940246,61.37082601,63.44463972,74.02460457,55.32513181,73.2513181,47.59226714,25.86994728,37.18804921,68.50615114,35.28998243,54.51669596,9.20913884,31.03690685,23.7258348,24.56942004,20.49209139,30.12302285,25.97539543,26.39718805,71.10720562,50.4745167,45.65905097,26.11599297,35.46572935,32.05623902,8.998242531,12.86467487,22.49560633,43.0228471,19.22671353,21.08963093,26.22144112,26.08084359,27.24077329,15.5711775,6.25659051,32.82952548,58.55887522,28.26010545,19.36731107,26.92442882,23.76098418,2.179261863,19.68365554,22.00351494,14.27065026,15.28998243,78.34797891,6.010544815
CON(C(=O)CON1CCN(C(C)C(=O)O)CC1)C1COCOC1,347.368,-1.2284,8,1,4,0.5673758616,1,101.01,0,1,0,0.8366455,0.7285263,0.8745443,0.00026338847,0.01661915,0.038225807,0.0014050498,0.014154795,0.0015618416,0.19258134,0.00044057658,0.29008573,0.044803876,0.49238572,0.9334316,0.003791954,0.0073016547,0.00042519532,0.0003865103,0.003112038,0.06294477,0.0006133895,0.2273972,0.00059207046,0.035700668,0.0020148584,0.0014500695,0.00010360465,0.011305494,0.7927239,0.018138684,-5.4408436,26.775518,1.3797829,-16.790396,-16.542206,1.6772602,-1.4747559,17.979128,-0.60881835,-3.81902,52.89982425,13.2513181,84.51669596,36.59050967,63.44463972,55.95782074,55.32513181,68.75219684,47.59226714,66.5202109,37.18804921,95.67662566,50.82601054,69.91212654,8.717047452,22.81195079,18.66432337,10.89630931,14.86818981,4.850615114,25.90509666,13.00527241,75.53602812,29.42003515,55.18453427,29.03339192,21.44112478,11.88049209,6.18629174,5.166959578,10.4745167,33.39191564,14.27065026,23.44463972,10.36906854,19.64850615,24.00702988,11.70474517,3.409490334,31.88049209,84.35852373,11.56414763,25.44815466,45.27240773,25.62390158,2.987697715,27.17047452,9.560632689,12.61862917,8.014059754,88.3655536,6.291739895
COC(CC(=O)ON1CCN(C(C)C(=O)O)CC1)C1COCOC1,346.38,-0.4391,8,1,4,0.6576876975,2,97.77,0,0,0,0.3100662,0.61629075,0.8441725,0.00015572757,0.03841267,0.0701219,0.0044765878,0.022867966,0.0052196765,0.19193335,0.0012396828,0.23485045,0.06291954,0.26074734,0.9266763,0.0063699954,0.012185112,0.00037468562,0.0010722574,0.0056520356,0.066567466,0.0019955786,0.26424876,0.004215189,0.038905222,0.0016921351,0.0029079071,0.00030465663,0.006518961,0.62930876,0.03774971,-5.390262,15.404422,-2.6106408,-18.753967,-15.425661,2.0948098,-1.2911711,25.545288,-0.7401812,-4.046671,52.82952548,18.27768014,84.51669596,36.59050967,63.44463972,68.18980668,69.84182777,66.32688928,47.59226714,25.86994728,37.18804921,61.30052724,41.44112478,61.44112478,7.943760984,35.99297012,27.9086116,21.26537786,19.12126538,16.30931459,25.86994728,19.57820738,66.18629174,37.75043937,40.28119508,28.33040422,34.55184534,23.93673111,5.799648506,11.49384886,20.80843585,36.09841828,27.87346221,24.92091388,25.72934974,21.37082601,21.93321617,19.26186292,6.0456942,23.79613357,64.60456942,20.77328647,27.02987698,31.6344464,21.54657293,2.355008787,32.7943761,28.11950791,14.48154657,12.44288225,87.02987698,5.694200351
CC1=C(C2COCOC2)CN(ON2CCN(C(C)C(=O)O)CC2)CN1C,370.45,0.0231,8,1,4,0.7206260565,1,77.95,0,0,1,0.5862647,0.5786409,0.7323627,0.00037832197,0.04056649,0.019124398,0.0031880923,0.065531105,0.011942187,0.15036672,0.002172045,0.22260955,0.080271766,0.06958503,0.78159827,0.008789256,0.015400754,0.0010177537,0.00067200646,0.0076752887,0.08673741,0.0005766722,0.2970153,0.002138577,0.04726569,0.004499722,0.0017219661,0.00035997588,0.013114986,0.80020535,0.0887039,-5.4854975,1.2557319,-5.2774286,-17.935442,-15.464457,2.463485,-1.1291945,23.714344,-0.6983258,-4.827085,58.55887522,22.98769772,84.51669596,36.59050967,63.44463972,77.92618629,55.32513181,52.68892794,47.59226714,25.86994728,83.09314587,85.20210896,38.87521968,37.75043937,9.841827768,36.90685413,12.30228471,18.06678383,35.46572935,27.10017575,21.79261863,22.74165202,64.11247803,44.46397188,13.39191564,21.96836555,43.51493849,31.31810193,8.927943761,7.69771529,28.04920914,49.20913884,13.74340949,26.32688928,19.92970123,25.76449912,36.94200351,13.04042179,6.502636204,34.58699473,85.02636204,30.01757469,24.11247803,15.95782074,18.91036907,2.565905097,32.44288225,51.59929701,16.2741652,11.17750439,87.41652021,3.585237258
CC1C(C2COCOC2)CC(ON2CCN(C(C)C(=O)O)CC2)CN1C,371.478,0.338,7,1,4,0.7415742587,4,74.71,0,0,0,0.14960948,0.49479604,0.74712694,0.00020619789,0.024026925,0.014712785,0.0021665983,0.092576124,0.018686768,0.10534768,0.0014727943,0.1442127,0.051543046,0.043524098,0.90925616,0.0017306351,0.012810625,0.0005059651,0.00030391742,0.0032751616,0.06808128,0.00012703067,0.34076217,0.004053197,0.014737035,0.00035956924,0.0002835505,0.00029724938,0.00094661926,0.7279701,0.1445914,-5.635144,7.285128,-18.47898,-7.2679634,-17.043173,1.7924986,-1.8760163,2.6882386,-0.42430836,-2.9759696,59.01581722,25.69420035,79.85940246,36.59050967,63.44463972,81.08963093,81.28295255,50.43936731,47.59226714,25.86994728,37.18804921,37.75043937,32.47803163,40.52724077,8.471001757,28.04920914,10.79086116,14.37609842,45.16695958,33.98945518,16.2741652,20.73813708,44.39367311,32.75922671,8.541300527,26.92442882,10.19332162,25.65905097,6.502636204,4.288224956,11.14235501,37.50439367,6.25659051,27.66256591,25.48330404,6.151142355,6.994727592,4.920913884,5.940246046,5.202108963,76.16871705,36.69595782,20.80843585,22.39015817,9.34973638,10.79086116,25.48330404,13.70826011,9.490333919,2.95254833,90.65026362,9.947275923
CC(O)C(C(=O)OON1CCN(C(C)C(=O)O)CC1)C1COCOC1,362.379,-0.9156,9,2,4,0.434888573,3,118,0,2,1,0.58093894,0.6116179,0.7810732,0.00016142032,0.025504287,0.043499686,0.0033481144,0.015837751,0.004260526,0.16192833,0.00069190306,0.27673408,0.050908953,0.22556989,0.77538025,0.0077582365,0.01221147,0.0004632997,0.0010119127,0.007417483,0.069173455,0.00391342,0.1631436,0.0015049044,0.062314205,0.0046737925,0.004109357,0.0004382907,0.017833747,0.7397684,0.025243241,-5.60382,8.600555,-4.372648,-15.761935,-17.40576,2.0382924,-1.2906891,27.430262,-0.9104475,-3.212009,56.73110721,15.43057996,88.08435852,61.37082601,63.44463972,37.6801406,76.60808436,77.29349736,47.59226714,87.92618629,83.09314587,85.06151142,41.05448155,47.02987698,8.014059754,28.89279438,20.24604569,18.48857645,15.46572935,13.35676626,22.77680141,15.74692443,73.56766257,32.58347979,36.9771529,21.89806678,40.38664323,23.93673111,6.291739895,10.96660808,27.27592267,38.48857645,41.05448155,20.63268893,17.39894552,32.30228471,37.53954306,24.28822496,7.62741652,39.543058,77.6801406,15.60632689,21.68717047,23.90158172,19.61335677,3.409490334,23.97188049,25.27240773,14.48154657,13.67311072,84.6397188,8.752196837
CC1C(=O)N(CON2CCN(C(C)C(=O)O)CC2)C1C1COCOC1,357.407,-0.5664,7,1,4,0.63238465,3,91.78,0,0,2,0.22052594,0.48702487,0.76639235,0.0001619658,0.059325825,0.04055714,0.007805267,0.026427206,0.013902071,0.16682939,0.0038398348,0.20657551,0.059467442,0.21336445,0.90484107,0.005636303,0.016085854,0.0005769713,0.0011648403,0.0075477236,0.08046807,0.0011497529,0.20832965,0.0063078376,0.04334048,0.0018797455,0.0022048708,0.00032691794,0.00585775,0.56714624,0.08798512,-5.495162,15.169728,-7.3685784,-15.334555,-16.705544,1.7948014,-1.5103662,16.865726,-0.64993,-4.4480886,55.21968366,17.36379613,79.85940246,36.59050967,63.44463972,64.4288225,76.60808436,62.63620387,47.59226714,25.86994728,95.07908612,50.15817223,31.98594025,43.90158172,8.014059754,42.81195079,19.26186292,28.04920914,21.05448155,29.59578207,23.30404218,27.41652021,60.73813708,36.20386643,35.99297012,26.57293497,30.86115993,32.86467487,6.959578207,12.40773286,27.59226714,45.72934974,20.7029877,22.60105448,29.10369069,23.65553603,23.30404218,15.5711775,6.151142355,22.28471002,55.92267135,30.01757469,24.00702988,31.49384886,16.73110721,3.760984183,26.53778559,13.77855888,12.30228471,7.521968366,87.83831283,4.358523726
COC(C)(C(=O)NON1CCN(C(C)C(=O)O)CC1)C1COCOC1,361.395,-0.9345,8,2,4,0.5555103923,2,109.8,0,1,0,0.5950778,0.5532798,0.8501528,6.72E-05,0.017977988,0.03342578,0.0020178559,0.014226064,0.0012628436,0.17065248,0.0009676606,0.16748492,0.03702761,0.31982157,0.8986368,0.00472159,0.010869538,0.00027998802,0.0005469459,0.003705149,0.060377628,0.0012994404,0.212333,0.0012039496,0.035642453,0.0018977216,0.0016922491,0.00012483666,0.009883739,0.69209635,0.018232306,-5.5116863,5.403141,-4.300627,-13.387807,-16.186743,2.2076235,-1.2733942,24.908062,-0.7486518,-3.1977718,56.44991213,15.32513181,84.51669596,61.37082601,63.44463972,54.44639719,69.84182777,73.4973638,47.59226714,66.5202109,37.18804921,85.5887522,36.90685413,63.33919156,6.467486819,23.83128295,16.94200351,13.77855888,14.86818981,3.444639719,23.62038664,17.71528998,51.07205624,24.71001757,44.53427065,26.22144112,26.57293497,20.24604569,5.131810193,6.818980668,13.28646749,31.03690685,22.35500879,22.77680141,15.74692443,19.61335677,23.44463972,12.89982425,3.796133568,29.56063269,71.95079086,11.66959578,23.58523726,19.96485062,19.64850615,4.850615114,28.6115993,35.43057996,14.58699473,11.81019332,86.95957821,8.892794376
CC(O)C(CNON1CCN(C(C)C(=O)O)CC1)C1COCOC1,347.412,-0.8692,8,3,4,0.483446778,3,103.73,0,1,0,0.44573998,0.47856298,0.7480986,0.00015105172,0.018102247,0.021615332,0.0022992457,0.055339925,0.0038087033,0.103368856,0.0016473554,0.2414016,0.042761147,0.07346771,0.8352296,0.0051055085,0.013227525,0.0007209919,0.00037094956,0.004198865,0.06525026,0.00034684292,0.21633449,0.0014727786,0.025843244,0.0010772933,0.000924287,0.0001479674,0.0036582637,0.7611034,0.06290017,-5.6556916,3.222384,-16.234093,-6.9253817,-17.337805,1.9710722,-1.7007965,10.192975,-0.49856892,-2.755315,52.93497364,15.67662566,84.51669596,78.20738137,63.44463972,43.86643234,76.60808436,69.94727592,47.59226714,66.5202109,37.18804921,73.98945518,31.31810193,40.63268893,7.908611599,23.86643234,13.39191564,14.72759227,32.0913884,12.37258348,15.95782074,21.26537786,67.10017575,28.18980668,14.16520211,23.7258348,28.6115993,26.36203866,7.62741652,5.026362039,15.25483304,35.04393673,10.15817223,22.88224956,17.22319859,13.70826011,16.09841828,8.787346221,4.042179262,16.37961336,80.52724077,26.88927944,20.35149385,17.46924429,10.9314587,11.14235501,24.1827768,22.21441125,10.72056239,4.885764499,89.66608084,11.35325132
CC(O)C(C[NH2+]ON1CCN(C(C)C(=O)O)CC1)C1COCOC1,348.42,-1.8954,7,3,4,0.43689843,3,108.31,0,1,0,0.42000884,0.12091861,0.1325778,0.0017519441,0.046709776,7.08E-05,0.003955009,0.08901513,0.016170202,0.010548091,0.008203162,0.18458891,9.40E-05,0.0011631816,0.024865652,0.004654133,0.021377828,0.0017821353,0.0017063825,0.008621426,0.07020034,3.50E-06,0.04745467,0.0005776209,0.06359287,0.0010557706,0.0002697452,0.001136543,0.00056905684,0.9094165,0.18797734,-5.677657,4.3622146,-18.351486,-7.40867,-17.578115,1.8601084,-1.9706799,1.3916931,-0.13271785,-3.0095565,53.07557118,10.19332162,79.85940246,78.20738137,63.44463972,38.03163445,76.60808436,72.82952548,47.59226714,66.5202109,37.18804921,71.91564148,9.13884007,6.010544815,16.90685413,39.36731107,2.776801406,20.03514938,44.25307557,31.88049209,2.601054482,33.14586995,54.83304042,1.370826011,1.51142355,5.623901582,26.22144112,43.23374341,13.46221441,16.59050967,31.31810193,39.33216169,2.038664323,13.35676626,10.228471,32.72407733,15.99297012,4.850615114,13.84885764,3.655536028,96.20386643,41.12478032,19.96485062,19.05096661,9.455184534,10.43936731,23.44463972,16.62565905,8.787346221,2.847100176,92.75922671,9.736379613
CC(C(=O)O)N1CCN(OCC(O)C(C2COCOC2)N(C)C)CC1,361.439,-1.0797,8,2,4,0.5596633381,3,94.94,0,0,0,0.14615954,0.2549675,0.73168623,3.18E-05,0.011042008,0.013784009,0.0014392753,0.03726583,0.0024909677,0.07092988,0.00078609947,0.12825124,0.018329805,0.06930756,0.7331325,0.002095547,0.01619744,0.00024948517,0.00021327098,0.0033178362,0.07149119,9.00E-05,0.11237107,0.0014688456,0.011343466,0.00023153012,0.00032985912,7.30E-05,0.000880533,0.63322794,0.04555279,-5.762564,15.605963,-16.79266,-7.0536604,-19.044086,1.3820508,-2.1776347,-0.8923813,-0.2902914,-2.5125697,56.5202109,14.37609842,84.51669596,61.37082601,63.44463972,54.69244288,76.60808436,64.81546573,47.59226714,25.86994728,37.18804921,37.11775044,15.92267135,37.6801406,5.342706503,16.87170475,10.61511424,11.03690685,25.55360281,7.662565905,11.70474517,16.66080844,39.47275923,11.88049209,13.28646749,20.35149385,12.12653779,33.04042179,4.920913884,3.409490334,11.31810193,40.21089631,5.377855888,17.92618629,17.18804921,4.323374341,4.850615114,5.307557118,2.741652021,4.991212654,65.16695958,23.30404218,18.1370826,31.98594025,10.65026362,11.00175747,18.52372583,3.585237258,7.521968366,2.460456942,91.81019332,13.14586995
CC(C(=O)O)N1CCN(OC2CC3CC2C2(C4COCOC4)OC32C)CC1,382.457,0.5653,7,1,4,0.6910701375,6,84,0,1,0,0.16937615,0.49769297,0.8215583,7.30E-05,0.11921698,0.05811041,0.02561723,0.03356036,0.013631153,0.3877418,0.021883853,0.10509646,0.092776984,0.37955648,0.9716641,0.0054532466,0.019863436,0.0007193797,0.0069514476,0.009771404,0.05601245,0.009238943,0.42346096,0.0668269,0.10598163,0.0024478754,0.005915361,0.005199781,0.014761761,0.39490396,0.17772175,-5.428206,2.0165565,-2.0291724,-9.399951,-15.999759,2.5307813,-0.50268275,37.003315,-1.7252499,-2.930201,61.12478032,27.66256591,79.85940246,36.59050967,63.44463972,73.4973638,88.10193322,57.4340949,47.59226714,66.5202109,37.18804921,41.05448155,32.7943761,55.74692443,6.502636204,54.93848858,24.74516696,45.3427065,24.35852373,29.20913884,44.92091388,41.19507909,31.88049209,48.71704745,48.6115993,33.9543058,30.01757469,40.10544815,7.62741652,34.6572935,35.07908612,26.46748682,56.73110721,30.9314587,48.96309315,45.51845343,26.88927944,30.79086116,29.10369069,36.2741652,32.97012302,40.10544815,25.76449912,16.37961336,22.00351494,8.295254833,29.56063269,55.53602812,23.69068541,18.76977153,74.72759227,10.26362039
CC(O)C(SC(C)(C)ON1CCN(C(C)C(=O)O)CC1)C1COCOC1,392.518,0.8479,8,2,4,0.5832607764,3,91.7,0,1,1,0.1890206,0.42292815,0.7238741,0.00020080495,0.10512586,0.05428561,0.017820597,0.04108017,0.017145516,0.2398222,0.009597617,0.26422402,0.054755487,0.12749857,0.8623379,0.0070006675,0.00920449,0.00062244217,0.0032932,0.017507412,0.08419087,0.009106309,0.34586143,0.012593788,0.08533691,0.0027403187,0.008705258,0.002281484,0.010289059,0.6965063,0.108923435,-5.6052027,13.809421,1.0802066,-11.284105,-17.081686,2.1054568,-0.9886473,26.341578,-1.081212,-2.4855766,63.93673111,30.26362039,84.51669596,61.37082601,63.44463972,58.06678383,76.60808436,62.53075571,47.59226714,66.5202109,83.09314587,45.16695958,27.31107206,36.69595782,8.400702988,52.61862917,23.7258348,39.78910369,27.13532513,32.89982425,31.73989455,34.30579965,71.59929701,34.05975395,23.30404218,24.49912127,37.01230228,16.30931459,7.205623902,24.53427065,50.79086116,47.55711775,56.5202109,27.9086116,34.97363796,40.17574692,29.0685413,38.24253076,19.85940246,30.01757469,72.72407733,32.40773286,21.68717047,29.98242531,25.27240773,6.959578207,25.3427065,28.64674868,17.71528998,12.89982425,82.46045694,13.32161687
CC1CN2C(=O)CC(ON3CCN(C(C)C(=O)O)CC3)C2C1C1COCOC1,397.472,-0.1354,7,1,4,0.6857830132,5,91.78,0,0,0,0.2538435,0.3586461,0.7813324,2.69E-05,0.041116282,0.039254867,0.006421963,0.016477449,0.0054867184,0.23889813,0.0052862465,0.12892962,0.074334726,0.30379117,0.873638,0.006758588,0.016271973,0.00030734073,0.0016054943,0.006402037,0.0575943,0.002650507,0.21368487,0.015519214,0.052063424,0.0017397158,0.0024965066,0.0006698464,0.008747674,0.48616076,0.072493725,-5.5928726,6.968419,-9.418888,-14.256575,-17.653452,2.0271518,-1.4669936,14.197019,-0.7287699,-4.8093185,64.92091388,20.98418278,79.85940246,36.59050967,63.44463972,72.7943761,85.04393673,62.63620387,47.59226714,25.86994728,37.18804921,54.97363796,22.63620387,47.10017575,5.096660808,37.18804921,18.94551845,25.55360281,15.8172232,16.76625659,31.66959578,29.73637961,39.96485062,42.24956063,43.44463972,25.09666081,36.09841828,33.35676626,5.272407733,15.78207381,23.65553603,28.22495606,33.88400703,22.81195079,36.62565905,28.3655536,22.42530756,17.08260105,10.12302285,27.69771529,44.78031634,28.26010545,21.8629174,22.03866432,15.21968366,4.393673111,23.26889279,24.78031634,12.68892794,6.221441125,87.02987698,3.620386643
Cc1nc(N)c(ON2CCN(C(C)C(=O)O)CC2)nc1C1COCOC1,367.406,-0.16038,9,2,4,0.7252878945,1,123.27,0,0,0,0.38255507,0.6391559,0.9072378,0.0065347655,0.0895673,0.08996656,0.0328187,0.046818215,0.021632016,0.30942076,0.013347521,0.24797514,0.17539652,0.6943994,0.93545306,0.005100516,0.011057517,0.012009437,0.0027482451,0.0049789967,0.068006046,0.0010090128,0.38547304,0.008490342,0.05171339,0.003960318,0.002375818,0.0018370955,0.017828401,0.39191157,0.15322894,-5.657712,2.3978143,5.606641,-21.2051,-17.385801,2.5659542,-0.44105953,53.30883,-2.2360864,-2.0747135,57.75043937,20.77328647,88.08435852,61.37082601,63.44463972,78.45342707,55.32513181,79.96485062,47.59226714,25.86994728,37.18804921,68.78734622,43.37434095,81.96836555,26.85413005,49.91212654,34.02460457,49.20913884,29.24428822,36.09841828,38.45342707,37.04745167,68.08435852,66.39718805,65.37785589,29.31458699,28.57644991,20.84358524,42.46045694,22.3198594,18.45342707,37.4340949,18.80492091,29.45518453,31.81019332,28.22495606,34.93848858,16.44991213,17.92618629,39.543058,32.7943761,37.78558875,20.35149385,16.87170475,29.56063269,1.757469244,24.00702988,57.71528998,24.35852373,30.89630931,66.95957821,16.83655536
CC(N)C(C(=O)OON1CCN(C(C)C(=O)O)CC1)C1COCOC1,361.395,-0.9492,9,2,4,0.4331118694,3,123.79,0,2,1,0.56445473,0.5727306,0.7848531,0.00022259259,0.022186648,0.034829773,0.002733621,0.02711082,0.0027956609,0.15362716,0.0012601337,0.2508696,0.03513343,0.16943222,0.8427963,0.0058803107,0.013026734,0.000635435,0.00063228223,0.004556876,0.06336665,0.0011434371,0.22503261,0.0010834609,0.03753753,0.0020882895,0.0018902129,0.00022733658,0.008490055,0.74251765,0.028123748,-5.87057,-1.6812332,-9.265229,-13.739688,-18.639011,2.2085776,-1.7461202,14.8853855,-0.77993786,-4.1006365,56.44991213,15.28998243,88.08435852,61.37082601,63.44463972,37.50439367,76.60808436,80.07029877,47.59226714,87.92618629,83.09314587,84.11247803,38.41827768,47.59226714,8.506151142,27.06502636,17.6801406,16.41476274,21.37082601,8.787346221,21.96836555,19.75395431,68.82249561,23.16344464,30.50966608,23.90158172,32.02108963,26.15114236,7.205623902,7.416520211,16.73110721,33.70826011,20.59753954,23.33919156,14.93848858,20.66783831,24.46397188,13.81370826,4.991212654,27.17047452,77.96133568,17.36379613,16.37961336,14.23550088,15.28998243,4.710017575,19.85940246,35.46572935,10.36906854,6.432337434,86.43233743,5.623901582
CNC(C(O)CON1CCN(C(C)C(=O)O)CC1)C1COCOC1,347.412,-1.4219,8,3,4,0.4878093016,3,103.73,0,0,0,0.24038,0.28456634,0.6965002,7.26E-05,0.011295924,0.012257919,0.0015638752,0.034983642,0.0024768529,0.07208256,0.0011553963,0.14188316,0.02212742,0.09007238,0.74461794,0.0031283225,0.02096336,0.00061660225,0.00026183575,0.0034788635,0.069674045,8.45E-05,0.08235916,0.0010746624,0.012450142,0.00043720583,0.00042283238,7.78E-05,0.0015062854,0.6108925,0.05118025,-6.027502,7.818963,-18.974575,-2.8038685,-20.655203,1.4484547,-2.2999299,-0.15137787,-0.4132045,-1.8399363,52.93497364,12.19683656,84.51669596,78.20738137,63.44463972,44.53427065,76.60808436,69.94727592,47.59226714,25.86994728,37.18804921,53.14586995,18.24253076,32.93497364,6.502636204,17.36379613,10.08787346,11.6344464,24.71001757,7.62741652,11.84534271,18.98066784,43.76098418,14.02460457,17.46924429,20.80843585,18.5940246,42.39015817,7.170474517,3.760984183,11.98594025,39.08611599,5.377855888,16.34446397,14.90333919,4.850615114,8.014059754,5.834797891,2.811950791,7.62741652,62.49560633,24.56942004,13.53251318,22.88224956,8.927943761,17.50439367,15.53602812,4.428822496,6.537785589,2.565905097,90.75571178,18.80492091
CNC(COON1CCN(C(C)C(=O)O)CC1)C1COCOC1,333.385,-0.8512,8,2,4,0.4350166553,2,92.73,0,2,1,0.52037996,0.46192884,0.79805684,0.00014206971,0.00925371,0.021633677,0.0011352798,0.049330354,0.0016271893,0.1000023,0.0011051114,0.19257852,0.038497068,0.12768218,0.8802563,0.0038748854,0.016199488,0.0008774396,0.0003157198,0.0033103998,0.063927636,0.00016751637,0.1962376,0.0008802627,0.016859699,0.00088831235,0.00096678734,0.00013213042,0.0036728159,0.6948881,0.046108995,-5.74035,8.20471,-19.161655,-4.1542387,-17.560638,1.6814601,-2.1036808,5.1566987,-0.39199552,-1.7337854,49.94727592,15.78207381,84.51669596,61.37082601,63.44463972,37.6801406,69.84182777,63.26889279,47.59226714,87.92618629,83.09314587,80.456942,30.19332162,50.19332162,7.732864675,14.62214411,13.42706503,8.611599297,29.87697715,5.026362039,15.25483304,18.48857645,57.18804921,25.41300527,23.30404218,25.51845343,21.89806678,33.04042179,8.224956063,4.46397188,11.21265378,33.9543058,6.818980668,22.03866432,13.56766257,7.732864675,13.84885764,8.892794376,3.796133568,16.5202109,72.58347979,23.40949033,18.55887522,23.55008787,8.822495606,15.50087873,23.58523726,9.806678383,7.83831283,3.690685413,91.00175747,19.47275923
CC(=O)C(NCON1CCN(C(C)C(=O)O)CC1)C1COCOC1,345.396,-0.8661,8,2,4,0.5439134047,2,100.57,0,1,1,0.347214,0.41695085,0.6986408,9.70E-05,0.014900215,0.017636033,0.0017699415,0.030899817,0.0038380525,0.09087155,0.0008324622,0.2291775,0.030832872,0.09760665,0.73078644,0.005262768,0.017269503,0.0003620784,0.0003065365,0.0047290763,0.07955597,0.00022465328,0.11345377,0.0011968573,0.026331007,0.0008690405,0.0007223062,6.13E-05,0.0034259227,0.7150176,0.042907756,-5.7821684,8.356955,-5.8747854,-13.065976,-18.19632,1.972435,-1.6085804,14.246884,-0.82659686,-4.485281,52.68892794,15.67662566,84.51669596,61.37082601,63.44463972,52.61862917,69.84182777,68.11950791,47.59226714,66.5202109,83.09314587,65.27240773,26.92442882,33.18101933,7.029876977,21.33567663,11.77504394,12.47803163,23.19859402,12.40773286,14.30579965,17.08260105,65.09666081,19.82425308,18.55887522,20.31634446,29.24428822,35.46572935,5.729349736,4.288224956,17.36379613,44.95606327,7.732864675,17.99648506,15.71177504,14.20035149,13.56766257,7.62741652,2.601054482,15.5711775,74.44639719,22.49560633,17.60984183,23.69068541,18.24253076,5.237258348,20.98418278,22.28471002,11.35325132,6.25659051,85.72934974,4.253075571
Cc1ncn(NON2CCN(C(C)C(=O)O)CC2)c1C1COCOC1,355.395,-0.23978,8,2,4,0.6695089279,1,101.32,0,1,0,0.5256113,0.5803702,0.87249786,0.0007273927,0.026338756,0.037642743,0.0036082666,0.03056025,0.0040951846,0.19168656,0.0035209332,0.19199412,0.08551373,0.44026738,0.9482813,0.0033440483,0.010186758,0.002918878,0.0009380633,0.0029833221,0.052764736,0.00028348432,0.21097107,0.0013777154,0.027365198,0.0016088893,0.0016610302,0.0002576003,0.009147128,0.5275513,0.07248368,-5.713765,0.28816605,-4.5367136,-15.026461,-17.326061,2.319393,-1.1036823,34.562218,-1.2539854,-1.5532098,54.72759227,19.89455185,84.51669596,61.37082601,63.44463972,69.94727592,55.32513181,68.89279438,47.59226714,66.5202109,37.18804921,80.73813708,39.08611599,69.20913884,12.44288225,29.84182777,18.55887522,19.15641476,22.84710018,13.00527241,25.83479789,26.5026362,56.9771529,46.53778559,52.23198594,30.68541301,19.33216169,18.62917399,18.8400703,10.26362039,10.08787346,23.51493849,8.998242531,22.77680141,16.66080844,15.00878735,21.23022847,12.68892794,5.377855888,28.54130053,50.89630931,28.26010545,19.15641476,15.25483304,19.43760984,3.971880492,24.25307557,41.89806678,16.41476274,17.36379613,80.87873462,21.30052724
Cc1ncc(ON2CCN(C(C)C(=O)O)CC2)c(N)c1C1COCOC1,366.418,0.44462,8,2,4,0.7668477207,1,110.38,0,0,0,0.2832481,0.5389462,0.8863653,0.0023995799,0.06250581,0.081351414,0.023544358,0.04821113,0.016389124,0.27104136,0.01725221,0.21007416,0.1567542,0.54091054,0.96478844,0.004566424,0.015329711,0.0098162275,0.0033097907,0.0050999415,0.056634404,0.000978004,0.28002152,0.0060747033,0.04226896,0.0030133189,0.0024690637,0.0018128852,0.011875721,0.39416647,0.14955422,-5.606814,-4.551843,-4.6759114,-14.658075,-17.093447,2.5875204,-0.8658598,40.007122,-1.663904,-2.0582254,57.46924429,26.53778559,84.51669596,61.37082601,63.44463972,84.32337434,55.32513181,73.88400703,47.59226714,25.86994728,37.18804921,58.27768014,35.64147627,73.77855888,19.12126538,43.79613357,31.45869947,44.00702988,29.5254833,32.05623902,35.07908612,39.08611599,61.47627417,63.26889279,57.32864675,32.89982425,25.72934974,31.24780316,38.94551845,24.60456942,19.12126538,27.17047452,18.52372583,25.51845343,28.75219684,23.12829525,30.26362039,16.87170475,17.71528998,33.00527241,32.89982425,37.4340949,21.68717047,11.91564148,19.2970123,4.217926186,25.23725835,59.22671353,19.15641476,20.63268893,75.3602812,17.01230228
CC(O)C(C1COCOC1)N(C)CON1CCN(C(C)C(=O)O)CC1,361.439,-0.7321,8,2,4,0.5424924963,3,94.94,0,1,1,0.18419303,0.29934558,0.6031348,6.93E-05,0.03760292,0.019098422,0.0061509633,0.034381438,0.006822697,0.0807692,0.0019292943,0.24526834,0.023067873,0.06681826,0.6280662,0.0033926764,0.013299781,0.00037444205,0.0005072023,0.007017414,0.09240947,0.00036047277,0.10970873,0.002196948,0.02816246,0.0005781648,0.0008965872,0.00018367765,0.0018756539,0.697438,0.07409122,-5.628722,20.624327,-7.423871,-9.233134,-17.802435,1.5606929,-1.5828955,10.429125,-0.642362,-2.491771,56.5202109,16.2741652,84.51669596,61.37082601,63.44463972,52.37258348,76.60808436,64.81546573,47.59226714,66.5202109,83.09314587,44.14762742,19.19156415,22.91739895,6.502636204,35.53602812,12.26713533,24.95606327,24.6397188,20.03514938,13.11072056,22.35500879,67.80316344,14.48154657,12.65377856,17.75043937,19.68365554,26.46748682,5.799648506,6.502636204,25.79964851,52.44288225,10.26362039,17.75043937,20.10544815,15.18453427,9.982425308,8.611599297,4.428822496,9.666080844,72.72407733,28.29525483,20.91388401,38.24253076,16.73110721,8.400702988,22.63620387,6.713532513,11.49384886,4.956063269,87.97891037,13.28646749
CC1CC(O)C(ON2CCN(C(C)C(=O)O)CC2)OC1C1COCOC1,374.434,-0.2588,8,2,4,0.6739357359,5,100.93,0,0,0,0.12568185,0.37154734,0.8797612,5.84E-05,0.067403294,0.031341366,0.0075182007,0.010769934,0.0016019654,0.13681479,0.0010349432,0.12086395,0.025223512,0.4241336,0.8557537,0.0024863437,0.012861662,0.00021320449,0.001231844,0.0043113097,0.047917716,0.0013779195,0.21308789,0.007465576,0.03430607,0.0012589667,0.0007966183,0.00043342164,0.0035888604,0.3764958,0.022546392,-5.6059885,21.457926,-4.3025904,-13.392511,-17.39573,1.6424078,-1.157668,23.900263,-0.84014684,-2.3789732,59.50790861,19.50790861,84.51669596,61.37082601,63.44463972,70.86115993,85.04393673,68.75219684,47.59226714,25.86994728,37.18804921,33.14586995,23.33919156,71.45869947,6.080843585,45.20210896,16.2741652,27.66256591,13.42706503,4.991212654,20.28119508,18.27768014,37.32864675,16.06326889,51.24780316,24.28822496,14.97363796,25.86994728,4.499121265,12.86467487,15.71177504,19.33216169,22.84710018,22.81195079,30.86115993,18.8400703,18.03163445,8.084358524,7.592267135,16.13356766,30.89630931,14.13005272,21.68717047,39.36731107,19.64850615,4.850615114,23.97188049,8.717047452,15.85237258,11.31810193,85.55360281,14.34094903
CC1CN2C(=O)CC(C)(ON3CCN(C(C)C(=O)O)CC3)C2C1C1COCOC1,411.499,0.2547,7,1,4,0.6887138685,5,91.78,0,0,0,0.25046867,0.37192369,0.745486,1.54E-05,0.045456238,0.039798595,0.008436672,0.016932877,0.005936889,0.28862637,0.01156243,0.13479471,0.07704726,0.25637117,0.9118389,0.006720903,0.0137965605,0.00020731534,0.0018988859,0.0070360666,0.051875405,0.00400309,0.2666749,0.02460854,0.067895964,0.0015859377,0.0032112221,0.0008461111,0.009055899,0.49781603,0.1000734,-5.5869584,5.568139,-7.574805,-14.707395,-17.397755,2.0937035,-1.367108,16.666058,-0.81051177,-4.7888575,68.04920914,25.02636204,79.85940246,36.59050967,63.44463972,73.18101933,85.04393673,62.63620387,47.59226714,25.86994728,37.18804921,54.37609842,23.33919156,40.21089631,4.358523726,38.87521968,18.94551845,29.24428822,16.23901582,18.03163445,36.69595782,35.60632689,41.65202109,43.12829525,39.75395431,27.31107206,35.92267135,27.83831283,4.499121265,17.85588752,25.86994728,22.84710018,41.54657293,25.09666081,40,33.9543058,20.94903339,20.56239016,11.84534271,28.3655536,46.18629174,31.66959578,22.03866432,20.35149385,16.55536028,4.217926186,23.97188049,28.04920914,13.60281195,7.416520211,85.97539543,3.655536028
C=C(C(=O)ON1CCN(C(C)C(=O)O)CC1)C(C(C)O)C1COCOC1,372.418,-0.291,8,2,4,0.5826806297,3,108.77,0,1,2,0.41510934,0.4870667,0.6468949,0.00029954754,0.09304305,0.068922766,0.017481646,0.018685516,0.022440298,0.25793266,0.0073455097,0.29098096,0.07321757,0.18338272,0.7030308,0.021372434,0.014507,0.00081656576,0.0045316117,0.024001842,0.0875636,0.01167234,0.15097186,0.009754184,0.13404804,0.009289737,0.019892475,0.0014631737,0.0355792,0.7109431,0.06859334,-5.5539627,3.5716872,3.7090478,-19.01183,-17.36611,2.5831132,-0.9582922,29.57432,-1.198263,-5.2650785,59.12126538,19.33216169,84.51669596,61.37082601,63.44463972,57.96133568,76.60808436,73.21616872,47.59226714,66.5202109,95.07908612,71.6344464,31.98594025,26.71353251,9.13884007,50.61511424,27.69771529,39.36731107,17.18804921,36.80140598,33.35676626,32.26713533,75.60632689,41.65202109,32.40773286,19.71880492,67.66256591,29.70123023,7.943760984,28.68189807,58.87521968,49.70123023,60.38664323,19.71880492,32.82952548,51.59929701,49.70123023,54.93848858,16.06326889,53.77855888,74.13005272,27.69771529,22.60105448,17.99648506,27.97891037,2.355008787,24.04217926,58.87521968,18.20738137,14.55184534,81.37082601,2.987697715
Cc1nc(S)c(ON2CCN(C(C)C(=O)O)CC2)cc1C1COCOC1,383.47,1.15112,8,2,4,0.7329359231,1,84.36,0,1,0,0.25664002,0.51735663,0.83175135,0.017534055,0.2244262,0.12659037,0.08845165,0.06327684,0.0814939,0.31369373,0.03419474,0.3260755,0.19624984,0.47517982,0.88840044,0.0139248315,0.01930214,0.026774075,0.012640822,0.019535035,0.09521133,0.009433592,0.3201459,0.02982274,0.107110724,0.010025436,0.010621649,0.011806753,0.033542167,0.4616991,0.2353774,-5.4839873,10.586898,6.079736,-19.361076,-16.07104,2.5698647,-0.17212614,58.526623,-2.0405176,-0.8239341,61.51142355,33.46221441,84.51669596,61.37082601,63.44463972,79.68365554,55.32513181,57.60984183,47.59226714,66.5202109,37.18804921,55.43057996,33.98945518,58.48857645,35.64147627,67.59226714,48.33040422,64.21792619,34.72759227,56.62565905,38.8400703,45.48330404,80.456942,69.38488576,54.48154657,25.86994728,56.59050967,39.15641476,53.63796134,43.65553603,53.91915641,54.13005272,57.04745167,26.92442882,41.54657293,45.90509666,51.07205624,42.35500879,37.08260105,52.5483304,42.07381371,45.48330404,24.14762742,26.71353251,30.05272408,2.284710018,29.20913884,57.99648506,27.66256591,34.79789104,70.54481547,27.2056239
Cc1nc(N)c(ON2CCN(C(C)C(=O)O)CC2)c[n+]1C1COCOC1,368.414,-0.81038,8,2,4,0.6440154733,1,114.26,0,1,0,0.13247392,0.0884964,0.22333737,0.00018948808,0.01853707,0.00042026545,0.001697059,0.010734068,0.0037276726,0.008653501,0.0013834492,0.16467361,0.0015100489,0.023281058,0.018600421,0.0016039324,0.030513559,0.001193791,0.0005442406,0.003672665,0.07374718,3.68E-06,0.00985138,0.00017570665,0.014405961,0.00024548225,6.09E-05,0.00013456996,0.00067754847,0.608743,0.0422203,-6.1575613,-1.7186722,-0.7318554,-15.5307865,-21.830425,2.1952474,-1.436789,26.883078,-1.4315112,0.35090128,57.96133568,15.92267135,84.51669596,61.37082601,63.44463972,65.94024605,55.32513181,75.92267135,47.59226714,66.5202109,37.18804921,34.4112478,7.135325132,7.978910369,8.330404218,24.21792619,4.182776801,12.16168717,13.39191564,12.02108963,2.108963093,20.31634446,50.19332162,2.776801406,5.623901582,5.377855888,9.384885764,57.29349736,10.19332162,6.818980668,13.04042179,42.00351494,2.073813708,7.69771529,4.077328647,5.834797891,5.061511424,2.319859402,3.796133568,4.288224956,62.24956063,22.28471002,11.52899824,14.16520211,23.55008787,3.514938489,13.56766257,34.55184534,12.89982425,13.07557118,78.34797891,38.69947276
CC1C(=O)N(C(C)ON2CCN(C(C)C(=O)O)CC2)C1C1COCOC1,371.434,-0.1779,7,1,4,0.6433113614,4,91.78,0,0,2,0.13685974,0.3901052,0.75173056,6.45E-05,0.111079656,0.050825935,0.017368887,0.018642945,0.012383495,0.21802571,0.0067626955,0.1859045,0.05075376,0.2784628,0.9344007,0.0043012644,0.011653209,0.00042949026,0.0024473441,0.009405794,0.07108955,0.0035353478,0.22550306,0.012886509,0.06432412,0.0017693692,0.004403248,0.0007442206,0.0076044477,0.49124137,0.09019849,-5.5275164,8.79163,-9.876032,-12.529795,-17.015882,1.9513483,-1.4779313,15.880167,-0.7096122,-4.2299705,59.01581722,20.59753954,79.85940246,36.59050967,63.44463972,65.76449912,81.28295255,62.63620387,47.59226714,25.86994728,95.07908612,35.46572935,24.67486819,41.01933216,6.326889279,53.4973638,22.67135325,39.22671353,17.15289982,27.66256591,28.85764499,31.52899824,55.32513181,32.5483304,41.4059754,29.20913884,24.78031634,22.46045694,6.221441125,21.08963093,33.9543058,39.89455185,39.50790861,23.37434095,35.28998243,32.86467487,22.53075571,25.37785589,10.9314587,25.83479789,45.23725835,30.26362039,23.19859402,24.14762742,14.90333919,5.659050967,25.62390158,21.01933216,12.58347979,6.959578207,87.24077329,5.026362039
Cc1ncc(ON2CCN(C(C)C(=O)O)CC2)c(O)c1C1COCOC1,367.402,0.56802,8,2,4,0.7724945978,1,104.59,0,0,0,0.17308486,0.47489223,0.87266713,0.0031188554,0.08068223,0.096443094,0.029701248,0.030277427,0.019534294,0.1859211,0.0048945295,0.23553324,0.1320897,0.50841045,0.8922372,0.005815957,0.018733816,0.008129491,0.0028148484,0.008027708,0.074563585,0.0022797869,0.1679759,0.0068921135,0.041611813,0.002904818,0.0027311416,0.0021914956,0.012200925,0.38330942,0.088379376,-5.7149587,3.016831,2.1838257,-24.543354,-17.86861,2.6188388,-0.736261,45.924618,-1.6960926,-2.4494503,57.75043937,27.66256591,84.51669596,61.37082601,63.44463972,85.30755712,55.32513181,70.65026362,47.59226714,25.86994728,37.18804921,41.75746924,30.9314587,69.24428822,21.37082601,48.26010545,36.09841828,47.94376098,22.77680141,34.62214411,25.27240773,28.96309315,66.25659051,58.52372583,55.99297012,25.94024605,31.6344464,38.03163445,35.53602812,22.46045694,29.42003515,42.35500879,30.75571178,20.80843585,30.05272408,22.74165202,29.87697715,18.41827768,19.40246046,33.32161687,31.66959578,30.01757469,19.15641476,17.25834798,26.43233743,1.195079086,22.28471002,61.33567663,20.66783831,25.06151142,75.00878735,13.67311072
CC1C(=O)CC(ON2CCN(C(C)C(=O)O)CC2)NC1C1COCOC1,371.434,-0.4776,8,2,4,0.663630939,4,100.57,0,0,0,0.351476,0.25630644,0.6962574,8.35E-05,0.045959182,0.013099572,0.0041009095,0.020859865,0.0023927712,0.08821821,0.0036060251,0.17770419,0.0274443,0.14657836,0.77797776,0.004829987,0.015128103,0.0006997277,0.0009634787,0.004992983,0.069692045,0.00019638301,0.11292436,0.0013283973,0.02632248,0.0010220639,0.0007816119,0.00017059721,0.0037663605,0.58672845,0.04594358,-5.8970656,3.752214,-8.462175,-11.988772,-19.082771,1.9246616,-1.6140006,13.7113085,-1.0140845,-4.527198,59.01581722,18.06678383,84.51669596,61.37082601,63.44463972,69.17398946,81.28295255,68.11950791,47.59226714,25.86994728,37.18804921,65.62390158,15.92267135,32.93497364,6.678383128,39.01581722,10.29876977,20.52724077,18.10193322,7.451669596,14.16520211,26.81898067,53.42706503,17.39894552,27.06502636,21.89806678,26.99472759,31.00175747,7.451669596,10.4745167,18.45342707,39.08611599,7.240773286,17.96133568,16.41476274,14.16520211,15.71177504,7.978910369,4.217926186,16.69595782,58.48857645,23.37434095,16.02811951,18.17223199,16.02811951,6.11599297,18.45342707,20.21089631,11.28295255,5.940246046,83.23374341,4.147627417
CCC(C)(OCON1CCN(C(C)C(=O)O)CC1)C1COCOC1,346.424,0.772,7,1,4,0.6457679614,2,80.7,0,1,1,0.22739783,0.585184,0.83621347,0.00065817847,0.10707887,0.06343395,0.021011379,0.07674369,0.009223377,0.25359434,0.012111339,0.19804706,0.06391142,0.23792186,0.97016764,0.005357693,0.01538452,0.0017469522,0.0026328943,0.009778138,0.08001514,0.0025000274,0.55321515,0.022310996,0.0618458,0.0022734548,0.0041107684,0.0015760359,0.0058535794,0.6104325,0.13423583,-5.2460074,37.062386,6.6544824,-13.243574,-14.184832,1.7026813,-0.76174736,30.34325,-1.1161674,-2.118432,52.82952548,29.70123023,79.85940246,36.59050967,63.44463972,66.18629174,69.84182777,55.14938489,47.59226714,66.5202109,83.09314587,51.17750439,39.26186292,59.75395431,12.02108963,52.97012302,26.08084359,41.96836555,40.17574692,24.07732865,32.65377856,36.09841828,58.34797891,38.3831283,38.3831283,33.74340949,29.59578207,31.28295255,13.46221441,21.58172232,35.07908612,45.3427065,32.82952548,36.20386643,39.26186292,32.26713533,25.62390158,24.28822496,16.37961336,22.28471002,62.42530756,35.5711775,33.63796134,54.76274165,30.50966608,5.061511424,40.21089631,10.57996485,20.38664323,15.00878735,82.21441125,16.41476274
Cc1nc(S)n(NON2CCN(C(C)C(=O)O)CC2)c1C1COCOC1,387.462,0.04892,9,3,4,0.4615440071,1,101.32,0,2,0,0.5550321,0.48786396,0.8014863,0.0014400604,0.07922288,0.054071486,0.016116051,0.03168655,0.01787878,0.23485386,0.008140449,0.2688588,0.13828512,0.44299212,0.84313595,0.008834751,0.01245069,0.006358682,0.0030361994,0.010983112,0.07593672,0.0018014867,0.17719932,0.0049578995,0.06707005,0.0061216075,0.005034832,0.002227242,0.02644082,0.5838841,0.11655352,-5.7216883,5.1468873,3.5761776,-18.27304,-17.201595,2.352909,-0.8658544,43.048904,-1.428696,-1.3780773,62.49560633,23.16344464,88.08435852,78.20738137,63.44463972,41.6168717,55.32513181,68.89279438,47.59226714,87.92618629,37.18804921,83.30404218,32.05623902,50.86115993,15.88752197,47.87346221,23.62038664,38.10193322,23.51493849,33.42706503,31.35325132,33.11072056,72.40773286,59.96485062,52.33743409,23.90158172,43.58523726,24.81546573,30.89630931,23.44463972,38.5940246,42.95254833,26.15114236,21.26537786,26.92442882,33.56766257,41.68717047,28.11950791,19.543058,47.83831283,58.17223199,33.28646749,18.94551845,19.71880492,27.80316344,2.425307557,24.56942004,44.04217926,19.15641476,22.67135325,78.41827768,22.84710018
CC1NC(=O)N2C(ON3CCN(C(C)C(=O)O)CC3)C2C1C1COCOC1,384.433,-0.6326,7,2,4,0.6040534209,5,103.58,0,1,1,0.22260937,0.25004423,0.7506577,3.31E-05,0.028769046,0.02604635,0.0039903102,0.008681658,0.0020887568,0.1296652,0.001468732,0.121883154,0.042173855,0.29740328,0.7494279,0.004175697,0.015428183,0.00034086464,0.00068790244,0.0045892783,0.06536844,0.00067543355,0.10676031,0.0028496713,0.026734317,0.0011522083,0.0010780799,0.0002520107,0.0059398627,0.47374725,0.030278662,-5.8940988,-0.9833183,-5.5102477,-12.309383,-19.77685,2.1385121,-1.3444989,18.325848,-0.99499816,-4.2863593,61.68717047,16.90685413,79.85940246,61.37082601,63.44463972,60.66783831,85.04393673,69.94727592,47.59226714,66.5202109,83.09314587,50.43936731,15.74692443,40.84358524,5.342706503,31.10720562,14.48154657,20.31634446,12.05623902,6.713532513,19.43760984,20.73813708,37.53954306,27.69771529,42.84710018,20.98418278,23.93673111,31.3884007,5.518453427,7.83831283,16.87170475,35.1142355,15.07908612,17.53954306,22.49560633,14.44639719,16.80140598,9.701230228,5.272407733,22.49560633,43.51493849,18.20738137,16.13356766,14.69244288,18.62917399,5.764499121,17.39894552,30.57996485,13.84885764,8.084358524,83.55008787,4.885764499
Cc1[nH]nc(OON2CCN(C(C)C(=O)O)CC2)c1C1COCOC1,356.379,0.12212,8,2,4,0.5424183624,1,109.38,0,2,1,0.5048457,0.6100146,0.8772586,0.0011353891,0.040167008,0.07808486,0.010311643,0.025935456,0.0053652986,0.22772889,0.0033543943,0.2931113,0.077265255,0.5663494,0.95344555,0.0038057012,0.007897479,0.003814578,0.0017888319,0.0039376086,0.05630942,0.0015220002,0.2750315,0.0022681567,0.045065243,0.0029684552,0.0029202034,0.0009436379,0.014019631,0.5645521,0.04809401,-5.708333,3.4465775,4.080819,-18.881733,-17.725214,2.5318859,-0.60332733,52.465904,-1.9455293,-0.6053174,54.86818981,24.04217926,84.51669596,61.37082601,63.44463972,52.37258348,55.32513181,73.28646749,47.59226714,87.92618629,83.09314587,79.33216169,40.91388401,70.57996485,14.79789104,36.83655536,30.29876977,32.26713533,20.87873462,16.59050967,30.43936731,26.15114236,76.13356766,43.19859402,58.45342707,31.17750439,21.44112478,13.07557118,23.30404218,17.22319859,14.05975395,26.95957821,24.00702988,25.37785589,20.42179262,24.56942004,30.15817223,19.40246046,12.40773286,35.28998243,55.71177504,23.83128295,19.33216169,17.78558875,28.26010545,2.355008787,22.91739895,55.67662566,22.67135325,30.26362039,72.23198594,29.59578207
CC1C(N)CC(ON2CCN(C(C)C(=O)O)CC2)OC1C1COCOC1,373.45,-0.2924,8,2,4,0.6719478663,5,106.72,0,0,0,0.24546668,0.36854297,0.8287077,0.00014372218,0.05909436,0.023428395,0.0062695034,0.026515614,0.0031900194,0.13038155,0.0040919683,0.14346243,0.038468275,0.24995133,0.8955437,0.0029282144,0.013431069,0.0007701509,0.0011407408,0.0046345554,0.05991569,0.00060195423,0.24134126,0.0041336827,0.029508954,0.0011860952,0.00095305685,0.00045118248,0.0036414757,0.49941483,0.058576047,-5.9796343,2.4857316,-16.740854,-5.9522357,-19.453289,1.8026819,-2.1003559,2.8949218,-0.5748662,-3.0275269,59.43760984,19.33216169,84.51669596,61.37082601,63.44463972,70.40421793,85.04393673,71.59929701,47.59226714,25.86994728,37.18804921,53.9543058,23.09314587,57.64499121,7.76801406,42.77680141,13.91915641,25.16695958,21.08963093,9.701230228,19.543058,27.80316344,44.11247803,25.41300527,39.26186292,26.08084359,17.22319859,26.78383128,7.803163445,12.16168717,17.04745167,30.75571178,14.16520211,23.97188049,25.62390158,15.71177504,17.08260105,8.857644991,7.732864675,16.34446397,46.36203866,26.01054482,14.48154657,16.90685413,10.65026362,12.5483304,17.71528998,14.16520211,7.83831283,3.0228471,88.78734622,9.525483304
CC(C(=O)O)N1CCN(Oc2cc(N)[n+](C)c(C3COCOC3)n2)CC1,368.414,-1.0393,8,2,4,0.6290586377,1,114.26,0,1,0,0.22303443,0.17842986,0.3604902,0.00043726628,0.005964878,0.0017226853,0.0010475508,0.008508174,0.0097479755,0.014398038,0.00043760138,0.2084111,0.006303937,0.04331159,0.07556252,0.0013449921,0.017160375,0.00088370434,0.00025617686,0.0024389774,0.05505953,9.05E-06,0.009272771,0.000118191296,0.011406484,0.00024224394,8.74E-05,0.00019710157,0.00074587885,0.60305434,0.03317312,-6.2498617,-8.107259,-4.393614,-13.630939,-22.428003,2.272308,-1.827821,19.907175,-1.4265022,-0.38692445,57.96133568,14.58699473,84.51669596,61.37082601,63.44463972,64.07732865,55.32513181,75.92267135,47.59226714,66.5202109,37.18804921,50.50966608,12.23198594,11.17750439,10.40421793,10.12302285,6.0456942,8.049209139,11.98594025,24.71001757,3.304042179,12.93497364,61.19507909,5.307557118,8.435852373,7.205623902,7.873462214,35.28998243,8.224956063,3.725834798,7.592267135,25.83479789,2.601054482,7.592267135,3.057996485,4.358523726,4.956063269,2.741652021,4.639718805,4.569420035,61.33567663,19.47275923,10.75571178,9.841827768,19.543058,4.780316344,12.5483304,39.36731107,9.771528998,8.857644991,78.45342707,32.0913884
CC1C(N)C=C(ON2CCN(C(C)C(=O)O)CC2)OC1C1COCOC1,371.434,-0.1672,8,2,4,0.6811296192,4,106.72,0,0,0,0.1086065,0.4239418,0.81931525,0.0019471472,0.19392686,0.053348135,0.04464536,0.045952074,0.044455964,0.20705493,0.014623416,0.16575943,0.06699966,0.31463915,0.95125115,0.0034640778,0.014419483,0.0052547343,0.0035248927,0.008802211,0.07369904,0.0011597896,0.30109566,0.018432323,0.04371765,0.001507369,0.0027183134,0.0021606926,0.0049376646,0.38819438,0.16327007,-5.905954,-3.0824752,-12.485774,-12.4519825,-18.715181,2.1829174,-1.7285397,15.714113,-0.867267,-3.6196342,59.01581722,20.7029877,84.51669596,61.37082601,63.44463972,72.0913884,81.28295255,71.59929701,47.59226714,25.86994728,37.18804921,29.42003515,27.31107206,55.04393673,17.71528998,64.4288225,23.30404218,53.91915641,28.99824253,47.34622144,27.41652021,37.85588752,50.68541301,39.61335677,44.21792619,31.07205624,20.07029877,29.42003515,28.26010545,25.37785589,31.70474517,41.96836555,20.84358524,26.43233743,37.82073814,23.86643234,20.49209139,18.20738137,19.22671353,20.03514938,32.26713533,38.5940246,15.85237258,12.97012302,13.14586995,5.694200351,19.68365554,33.46221441,10.54481547,6.854130053,85.27240773,6.783831283
CC1C(O)CN(ON2CCN(C(C)C(=O)O)CC2)CC1C1COCOC1,373.45,-0.527,8,2,4,0.6594968592,4,94.94,0,0,0,0.36491472,0.49150315,0.75466186,0.00014119464,0.041690238,0.025623012,0.004372871,0.037093867,0.011864302,0.14539494,0.0021921012,0.17585652,0.057789326,0.11217735,0.8827683,0.005634451,0.014200111,0.0006568876,0.0011923946,0.0064023444,0.073742926,0.0009036348,0.2331856,0.0046759113,0.03692419,0.0018991297,0.0015289764,0.00058719964,0.0056482283,0.6448964,0.08605992,-5.6112723,8.8881645,-12.580193,-10.67705,-17.073034,1.8871677,-1.417547,15.045036,-0.59405106,-3.2184334,59.43760984,17.75043937,84.51669596,61.37082601,63.44463972,68.50615114,81.28295255,64.81546573,47.59226714,25.86994728,37.18804921,66.88927944,32.23198594,41.65202109,7.732864675,37.46924429,14.44639719,21.1599297,25.37785589,27.06502636,21.19507909,22.74165202,53.07557118,35.3602812,20.80843585,25.65905097,30.82601054,28.75219684,7.275922671,12.68892794,23.65553603,41.96836555,17.82073814,23.7258348,26.43233743,20.42179262,23.44463972,12.02108963,9.455184534,21.93321617,66.78383128,29.80667838,21.47627417,24.25307557,13.11072056,7.62741652,25.37785589,18.34797891,12.93497364,6.537785589,88.57644991,8.717047452
CC1C(O)CC(ON2CCN(C(C)C(=O)O)CC2)=CC1C1COCOC1,370.446,0.53,7,2,4,0.7241982834,4,91.7,0,0,0,0.12698261,0.47638035,0.8079716,0.00041971792,0.11682755,0.06687582,0.020206641,0.04074779,0.04003014,0.25108358,0.0064950897,0.16073605,0.072207905,0.20861495,0.91719306,0.0065610246,0.014891973,0.0014131917,0.0046076626,0.011517743,0.07802664,0.004180412,0.28507218,0.024014758,0.055210024,0.0016979126,0.0051312856,0.0037770285,0.0075041563,0.4781753,0.14916804,-5.5461683,4.801705,-8.180937,-13.782947,-17.052443,2.234362,-0.97508115,27.666943,-1.1819756,-4.062382,58.52372583,27.41652021,79.85940246,61.37082601,63.44463972,78.41827768,81.28295255,62.53075571,47.59226714,25.86994728,37.18804921,33.42706503,31.10720562,52.40773286,10.33391916,54.62214411,27.13532513,41.47627417,26.88927944,45.79964851,32.47803163,31.35325132,48.85764499,41.23022847,35.3602812,27.66256591,35.3602812,30.12302285,11.73989455,28.99824253,39.68365554,44.04217926,42.28471002,25.76449912,39.89455185,29.91212654,22.07381371,28.6115993,25.62390158,25.62390158,44.11247803,37.4340949,22.74165202,19.47275923,16.20386643,4.710017575,25.48330404,36.9771529,17.96133568,13.84885764,81.51142355,5.623901582
Cc1c(N)cc(ON2CCN(C(C)C(=O)O)CC2)nc1C1COCOC1,366.418,0.44462,8,2,4,0.7668477207,1,110.38,0,0,0,0.2458374,0.55524033,0.9120905,0.0052279043,0.08016821,0.1026818,0.033522815,0.04892042,0.020609634,0.29058078,0.014051966,0.20359766,0.1925608,0.6966659,0.9562539,0.004576396,0.015452494,0.015785322,0.0032137774,0.005185134,0.062345542,0.0013895144,0.3155387,0.011594238,0.04354851,0.003445718,0.0028303731,0.0024882078,0.014930613,0.32052946,0.1683244,-5.5617466,3.4211001,-1.0483265,-17.203411,-17.179333,2.421189,-0.6269428,50.103424,-2.0891826,-1.4526079,57.46924429,26.53778559,84.51669596,61.37082601,63.44463972,84.32337434,55.32513181,73.88400703,47.59226714,25.86994728,37.18804921,53.9543058,37.08260105,83.19859402,24.81546573,48.04920914,38.17223199,49.42003515,29.66608084,35.39543058,36.76625659,37.60984183,60.24604569,69.10369069,65.62390158,31.3884007,25.83479789,31.3884007,46.15114236,24.00702988,19.43760984,32.93497364,23.09314587,26.81898067,34.27065026,23.83128295,32.26713533,18.69947276,20.84358524,36.34446397,24.00702988,39.05096661,22.42530756,17.6801406,23.30404218,2.706502636,24.6397188,48.47100176,22.10896309,28.15465729,69.70123023,22.3198594
Cc1ccc(ON2CCN(C(C)C(=O)O)CC2)c(O)c1C1COCOC1,366.414,1.17302,7,2,4,0.8025458671,1,91.7,0,0,0,0.1838971,0.52300155,0.8516033,0.015311545,0.21811537,0.14316137,0.08067463,0.06504466,0.08463832,0.31718713,0.02403633,0.28234515,0.20288591,0.47526342,0.90314436,0.011048852,0.021662053,0.023569532,0.011187631,0.020883739,0.104558446,0.012183285,0.31069392,0.039912783,0.09356729,0.008510985,0.008298788,0.013494989,0.024171447,0.41097164,0.2458256,-5.5455527,10.993286,8.527329,-25.621927,-16.53931,2.7415738,0.0014551163,61.292347,-2.2233186,-2.6487434,57.46924429,33.84885764,79.85940246,61.37082601,63.44463972,89.70123023,55.32513181,62.53075571,47.59226714,25.86994728,37.18804921,44.11247803,34.44639719,64.00702988,34.6572935,67.06502636,53.63796134,62.74165202,35.28998243,57.29349736,39.01581722,42.03866432,74.55184534,70.29876977,54.51669596,26.43233743,50.01757469,43.55008787,51.70474517,41.79261863,55.50087873,59.05096661,61.1599297,26.71353251,43.76098418,42.24956063,47.48681898,37.4340949,38.5940246,45.5887522,35.53602812,45.97539543,22.74165202,27.02987698,32.16168717,0.9841827768,27.17047452,68.6115993,30.61511424,37.11775044,67.17047452,12.05623902
CC1C=CC(ON2CCN(C(C)C(=O)O)CC2)C(O)C1C1COCOC1,370.446,0.1808,7,2,4,0.66256363,5,91.7,0,1,0,0.13491748,0.4593247,0.81830233,0.00020885203,0.07217439,0.046844997,0.009651372,0.035154447,0.01794991,0.2104358,0.004354841,0.13140997,0.059407778,0.21609096,0.9192049,0.0040530176,0.015461111,0.0010333324,0.002193334,0.0065557333,0.066292934,0.0016422883,0.26714295,0.017262401,0.036984786,0.0010129915,0.0021846783,0.0014899941,0.0040106582,0.47676086,0.115577854,-5.536668,20.062216,-3.7115967,-12.9046755,-16.905474,1.8300747,-0.980291,26.905405,-1.0737956,-2.983403,58.52372583,24.46397188,79.85940246,61.37082601,63.44463972,69.0685413,85.04393673,62.53075571,47.59226714,66.5202109,37.18804921,34.97363796,29.91212654,54.79789104,8.471001757,46.5026362,21.58172232,31.14235501,24.74516696,33.42706503,27.66256591,28.08435852,40.52724077,36.16871705,36.13356766,27.87346221,22.98769772,31.3884007,8.998242531,19.57820738,24.14762742,36.02811951,24.8857645,25.13181019,37.32864675,20.456942,15.64147627,15.46572935,16.13356766,17.39894552,43.93673111,33.2513181,22.98769772,37.46924429,20.42179262,5.342706503,25.94024605,15.3602812,17.89103691,13.07557118,82.5659051,9.912126538
CC1C(O)C=C(ON2CCN(C(C)C(=O)O)CC2)CC1C1COCOC1,370.446,0.53,7,2,4,0.7241982834,4,91.7,0,0,0,0.12800619,0.49592534,0.8017742,0.00060414,0.12048235,0.07393767,0.02179747,0.049233068,0.050729148,0.26266545,0.007493189,0.17549133,0.08019082,0.20118001,0.9153762,0.0068064844,0.0143600525,0.001735967,0.0052214484,0.013376886,0.08327001,0.004507488,0.31479475,0.025797624,0.06104673,0.0017812358,0.005940943,0.004675903,0.007852917,0.49553424,0.17234267,-5.5329843,7.51808,-7.136126,-14.4184675,-16.863878,2.1763825,-0.945261,28.689575,-1.115929,-3.5917106,58.52372583,27.41652021,79.85940246,61.37082601,63.44463972,78.41827768,81.28295255,62.53075571,47.59226714,25.86994728,37.18804921,33.60281195,32.5483304,50.89630931,11.70474517,55.14938489,29.03339192,42.60105448,29.80667838,49.31458699,33.98945518,32.40773286,52.89982425,44.39367311,34.55184534,27.48681898,36.23901582,29.20913884,13.42706503,30.57996485,44.04217926,47.2056239,43.62038664,26.81898067,40.21089631,32.05623902,22.67135325,30.9314587,28.01405975,26.0456942,45.65905097,39.543058,23.12829525,22.53075571,16.94200351,4.358523726,26.18629174,33.18101933,18.27768014,14.20035149,82.21441125,6.818980668
Cc1c(O)cc(ON2CCN(C(C)C(=O)O)CC2)cc1C1COCOC1,366.414,1.17302,7,2,4,0.8025458671,1,91.7,0,0,0,0.15707101,0.44170794,0.81168187,0.011275615,0.20630565,0.12110422,0.09065851,0.06240498,0.105290756,0.29424575,0.031452417,0.24762142,0.20479152,0.41455022,0.85978043,0.010369024,0.023371313,0.022823855,0.013510959,0.02486242,0.110694245,0.008178427,0.2210124,0.042322554,0.08850455,0.0064433673,0.008269427,0.016000709,0.023086246,0.36199355,0.27251586,-5.6070895,13.142227,8.520511,-24.693127,-17.390057,2.637998,-0.08205958,60.201622,-2.1936553,-1.7581527,57.46924429,33.84885764,79.85940246,61.37082601,63.44463972,89.70123023,55.32513181,62.53075571,47.59226714,25.86994728,37.18804921,39.12126538,28.3655536,53.2513181,31.45869947,65.79964851,45.79964851,64.39367311,34.4112478,61.44112478,37.18804921,44.85061511,68.01405975,70.4745167,50.50966608,24.4288225,48.40070299,46.57293497,51.17750439,44.6397188,59.36731107,61.82776801,54.44639719,23.12829525,44.35852373,40.77328647,42.77680141,37.36379613,40.10544815,44.8857645,29.10369069,48.47100176,21.6168717,29.38488576,32.16168717,1.195079086,24.00702988,62.35500879,29.24428822,36.48506151,67.69771529,19.33216169
CNC(C(=O)CON1CCN(C(C)C(=O)O)CC1)C1COCOC1,345.396,-1.2137,8,2,4,0.5608159541,2,100.57,0,0,0,0.4243761,0.48911065,0.7799808,0.000114160226,0.013860034,0.02711237,0.0019434188,0.028884172,0.002652051,0.12403439,0.000987232,0.19725487,0.032943003,0.17468916,0.87562245,0.0048428536,0.01634874,0.0004892511,0.00033666394,0.003918371,0.06977785,0.00045844103,0.15364231,0.0012641766,0.024322033,0.0012149031,0.0010952288,9.33E-05,0.0045396094,0.6862066,0.040687285,-5.86105,12.533403,-9.349758,-9.740771,-18.906406,1.6323881,-1.9408321,9.83905,-0.7489816,-3.3553677,52.68892794,13.35676626,84.51669596,61.37082601,63.44463972,55.1142355,69.84182777,68.11950791,47.59226714,25.86994728,37.18804921,72.23198594,32.0913884,46.81898067,7.275922671,20.42179262,14.72759227,13.53251318,22.3198594,8.365553603,18.76977153,17.82073814,58.24253076,21.65202109,31.28295255,25.23725835,27.02987698,33.4973638,6.362038664,4.67486819,13.9543058,39.08611599,11.81019332,19.82425308,16.13356766,12.72407733,17.57469244,9.806678383,3.0228471,19.2970123,71.3884007,21.6168717,16.44991213,28.57644991,15.25483304,7.978910369,18.91036907,8.506151142,9.103690685,4.885764499,86.95957821,8.049209139
Cc1c(F)cc(ON2CCN(C(C)C(=O)O)CC2)c(O)c1C1COCOC1,384.404,1.31212,7,2,4,0.7853498098,1,91.7,0,0,0,0.18798484,0.4987182,0.8605283,0.018378988,0.23546764,0.14420354,0.089315884,0.0641651,0.079853386,0.33126706,0.028725257,0.26810902,0.20544311,0.5399365,0.8946621,0.0117397625,0.023020029,0.026933342,0.013499063,0.02118865,0.101542376,0.012876453,0.32358533,0.045358326,0.1002666,0.009130075,0.008871598,0.015068482,0.030427044,0.38962936,0.24632864,-5.2955027,7.786593,4.607178,-18.951488,-15.592702,2.870666,0.2485693,63.724987,-2.3402748,-2.077135,61.65202109,35.39543058,79.85940246,61.37082601,63.44463972,87.02987698,55.32513181,62.53075571,47.59226714,25.86994728,37.18804921,44.99121265,32.89982425,65.90509666,36.09841828,68.50615114,53.88400703,64.28822496,34.97363796,56.20386643,40.14059754,43.93673111,72.40773286,70.61511424,57.25834798,26.08084359,51.6344464,45.97539543,53.77855888,44.6397188,55.92267135,57.57469244,62.03866432,27.02987698,44.8857645,44.35852373,49.27943761,38.80492091,39.71880492,51.00175747,32.47803163,46.01054482,30.9314587,22.81195079,28.57644991,2.355008787,31.52899824,75.92267135,33.98945518,39.78910369,64.81546573,16.83655536
CC1=C(C2COCOC2)C(O)C(ON2CCN(C(C)C(=O)O)CC2)CC1=O,384.429,-0.352,8,2,4,0.6571436704,3,108.77,0,0,0,0.25285953,0.38975137,0.76855415,0.00014898923,0.044495676,0.053556908,0.007832838,0.019831782,0.016512116,0.21502757,0.0042503453,0.1703091,0.09660463,0.30483204,0.7989383,0.008982139,0.020636158,0.0010034945,0.0028083553,0.00917874,0.07928737,0.0032431004,0.14759594,0.014425287,0.06401096,0.0027676388,0.004248326,0.0008530507,0.015201323,0.51231205,0.070740566,-5.635154,-2.092179,-6.7081923,-13.133001,-18.87167,2.4361653,-1.277171,20.106285,-0.87503546,-4.7449083,61.68717047,18.73462214,84.51669596,61.37082601,63.44463972,68.04920914,76.60808436,73.21616872,47.59226714,25.86994728,37.18804921,54.69244288,24.67486819,44.39367311,7.873462214,38.55887522,23.37434095,28.18980668,17.64499121,32.12653779,28.22495606,27.97891037,51.84534271,49.70123023,43.4797891,22.60105448,44.14762742,41.6168717,8.822495606,22.42530756,33.14586995,44.60456942,37.6801406,19.64850615,36.02811951,32.7943761,29.0685413,24.78031634,11.84534271,36.76625659,48.68189807,27.80316344,20.80843585,13.77855888,17.36379613,5.166959578,19.05096661,49.45518453,14.55184534,9.033391916,85.20210896,3.796133568
CC(O)C(C(=O)NON1CCN(C(C)C(=O)O)CC1)C1COCOC1,361.395,-1.3426,8,3,4,0.4729813054,3,120.8,0,1,0,0.6218438,0.5692817,0.7636572,8.43E-05,0.014491046,0.026628155,0.0013599563,0.013909166,0.002844595,0.12872426,0.00038120773,0.23768497,0.04040662,0.16089602,0.669109,0.0068897135,0.011187991,0.00024616934,0.00045818317,0.0053903977,0.062417578,0.0014721634,0.13422176,0.0006375304,0.044813484,0.0037085284,0.0019453568,0.00014921908,0.0129295215,0.76435983,0.017380383,-5.7426844,-6.9098535,-10.76934,-11.125272,-18.397758,2.2467246,-1.4270678,19.897093,-0.8087565,-3.7271256,56.44991213,12.51318102,84.51669596,78.20738137,63.44463972,42.88224956,76.60808436,79.15641476,47.59226714,66.5202109,37.18804921,87.10017575,38.24253076,43.4797891,6.713532513,21.08963093,14.58699473,10.65026362,14.83304042,8.857644991,19.2970123,12.02108963,66.39718805,26.39718805,29.45518453,18.87521968,36.55536028,21.23022847,4.885764499,5.940246046,20.07029877,32.97012302,23.65553603,18.98066784,10.9314587,24.35852373,33.63796134,14.13005272,4.042179262,34.30579965,80.94903339,11.10720562,18.52372583,10.72056239,14.34094903,7.205623902,20.56239016,37.78558875,12.93497364,8.857644991,86.01054482,6.608084359
CC(O)=C(C(=O)NON1CCN(C(C)C(=O)O)CC1)C1COCOC1,359.379,-0.5076,8,3,4,0.3270438012,1,120.8,0,3,0,0.6704663,0.5433065,0.6837077,0.00029024825,0.029774576,0.031563066,0.0038064797,0.008992448,0.0075154463,0.114630796,0.00040327647,0.28903508,0.058796097,0.26305103,0.37092835,0.011988743,0.013296163,0.0007247459,0.00090672134,0.012601033,0.08943045,0.0031055026,0.06543014,0.0010373397,0.07724493,0.011479698,0.0039811777,0.00043329937,0.031526312,0.7744341,0.015752036,-5.730076,1.0182511,-0.37127915,-20.241611,-18.220175,2.144158,-1.4730883,33.65675,-1.2606106,-3.0730062,55.8172232,17.78558875,84.51669596,78.20738137,63.44463972,23.65553603,55.32513181,79.15641476,47.59226714,96.62565905,37.18804921,90.08787346,36.06326889,31.17750439,9.13884007,31.88049209,16.37961336,19.61335677,12.30228471,21.33567663,17.60984183,12.37258348,75.3602812,35.88752197,40.49209139,13.28646749,52.12653779,26.46748682,7.62741652,9.947275923,42.24956063,50.75571178,36.69595782,15.04393673,14.6572935,37.4340949,54.37609842,24.04217926,7.592267135,51.59929701,82.21441125,9.982425308,18.8400703,15.5711775,23.90158172,2.038664323,20.91388401,31.07205624,12.61862917,17.11775044,80.80843585,9.455184534
CC(O)C(NC(=O)ON1CCN(C(C)C(=O)O)CC1)C1COCOC1,361.395,-0.9118,8,3,4,0.5518058987,3,120.8,0,0,0,0.24280807,0.40310484,0.7488576,0.000175292,0.052713007,0.05351132,0.008513234,0.012481969,0.005709079,0.14726615,0.0020560941,0.2449871,0.041261718,0.29429,0.8052972,0.005164709,0.012393643,0.00068345433,0.0009951608,0.006826686,0.07430082,0.0016947426,0.10556362,0.002887531,0.03944083,0.0017019337,0.0027526445,0.0002959732,0.007559743,0.5547306,0.034073804,-5.8223367,-2.5388,-6.125099,-13.556516,-18.666483,2.2740831,-1.2554878,21.514126,-0.75138557,-3.2241604,56.44991213,15.43057996,84.51669596,78.20738137,63.44463972,53.9543058,76.60808436,79.15641476,47.59226714,25.86994728,37.18804921,53.56766257,25.94024605,40.7029877,8.224956063,40.73813708,23.33919156,29.34973638,14.09490334,17.39894552,21.47627417,22.5659051,67.80316344,27.2056239,42.63620387,22.74165202,28.92794376,24.60456942,7.451669596,10.75571178,25.09666081,42.28471002,25.27240773,17.50439367,22.60105448,21.51142355,22.07381371,18.48857645,5.869947276,25.72934974,54.83304042,19.57820738,17.08260105,13.39191564,17.99648506,4.815465729,19.78910369,39.36731107,14.79789104,9.912126538,86.95957821,8.681898067
CC(C(=O)O)N1CCN(OSC2=C(C3COCOC3)C(C)(O)OC2=O)CC1,404.441,-0.2032,10,2,4,0.4523746513,2,118,0,1,1,0.6973649,0.6103812,0.7147549,0.0013139773,0.13460228,0.08278609,0.021972489,0.022112593,0.045030154,0.29904303,0.00543191,0.38944444,0.09929464,0.37182495,0.7071293,0.021591395,0.011256925,0.0016657796,0.007827031,0.028204132,0.09587067,0.015065829,0.18484855,0.009833221,0.19857395,0.013750894,0.023685481,0.0027250818,0.07700266,0.7767254,0.07239165,-5.6666346,18.446196,17.841162,-14.290651,-17.156563,2.0338686,-0.8628664,58.436943,-2.1822598,-1.796772,66.22144112,20.24604569,90.456942,61.37082601,63.44463972,40,69.84182777,77.29349736,47.59226714,66.5202109,83.09314587,91.14235501,40.94903339,35.18453427,15.25483304,57.32864675,31.81019332,42.70650264,18.69947276,47.52196837,37.46924429,29.84182777,86.88927944,50.50966608,48.15465729,19.85940246,67.97891037,21.30052724,13.14586995,36.30931459,62.17926186,54.6572935,64.21792619,21.65202109,32.89982425,61.37082601,57.75043937,58.10193322,21.96836555,68.29525483,82.53075571,28.18980668,20.17574692,35.25483304,42.14411248,4.393673111,24.78031634,25.06151142,19.19156415,34.69244288,67.80316344,19.12126538
CC1=C(C2COCOC2)CC(ON2CCN(C(C)C(=O)O)CC2)NC1=O,369.418,-0.2083,7,2,4,0.6867769345,2,100.57,0,0,0,0.3468429,0.4981355,0.8210723,0.00089477544,0.07306069,0.07114252,0.01649611,0.03246444,0.014627446,0.22143836,0.007270458,0.23779297,0.09729676,0.35630137,0.8647014,0.008397736,0.017896576,0.0027524792,0.0027624667,0.008738485,0.08637474,0.002168524,0.23298153,0.008950706,0.0610184,0.0034568938,0.0037269113,0.0011357798,0.01430805,0.55711955,0.07881256,-5.692204,-3.211095,-8.306672,-14.774445,-18.372417,2.252994,-1.2907078,21.776814,-1.0469292,-4.9937544,58.24253076,20.17574692,79.85940246,61.37082601,63.44463972,72.86467487,69.84182777,68.11950791,47.59226714,25.86994728,37.18804921,65.16695958,32.82952548,55.60632689,13.46221441,46.57293497,28.22495606,38.48857645,23.90158172,30.33391916,29.31458699,32.12653779,66.43233743,49.98242531,46.95957821,24.60456942,42.24956063,36.48506151,18.03163445,22.39015817,31.52899824,48.85764499,29.63093146,23.7258348,32.0913884,32.02108963,32.26713533,22.63620387,13.84885764,35.43057996,54.97363796,28.99824253,19.75395431,12.97012302,16.16871705,4.217926186,20.63268893,38.06678383,14.48154657,9.947275923,82.81195079,3.339191564
Cc1c(C2COCOC2)cc(ON2CCN(C(C)C(=O)O)CC2)[nH]c1=O,367.402,0.15572,7,2,4,0.7582332207,1,104.33,0,0,0,0.18071839,0.4519958,0.8671762,0.0022364003,0.050513722,0.1155931,0.023180397,0.028449085,0.018212637,0.18302302,0.0056214305,0.25525555,0.12960157,0.59487534,0.8815861,0.007725456,0.023832157,0.004630332,0.002860785,0.0069000768,0.08000789,0.002144326,0.14664431,0.010494287,0.047165833,0.0029208106,0.0031132796,0.0012153225,0.014963518,0.37701958,0.067333475,-5.5860453,-0.3874794,-2.971063,-17.455832,-18.068823,2.4546573,-0.7749693,46.28438,-2.0432072,-3.5350242,57.75043937,24.32337434,79.85940246,61.37082601,63.44463972,83.37434095,55.32513181,70.33391916,47.59226714,25.86994728,37.18804921,43.33919156,29.49033392,67.66256591,18.76977153,40.38664323,43.0228471,43.76098418,22.07381371,33.56766257,24.99121265,30.228471,69.70123023,57.75043937,60.28119508,25.62390158,40.21089631,47.66256591,26.01054482,22.67135325,25.23725835,45.3427065,29.34973638,19.57820738,33.53251318,25.72934974,29.94727592,20.28119508,14.34094903,36.37961336,30.96660808,27.48681898,22.03866432,15.00878735,21.26537786,2.671353251,21.44112478,51.17750439,20.14059754,25.23725835,70.50966608,7.240773286
Cc1nn(C)c(NON2CCN(C(C)C(=O)O)CC2)c1C1COCOC1,369.422,0.16562,8,2,4,0.6793157412,1,101.32,0,1,0,0.62048197,0.5585575,0.855275,0.00023088611,0.00813348,0.021811074,0.00092771696,0.044317547,0.0036671814,0.1710053,0.0018032743,0.15740603,0.08284442,0.21656045,0.88047045,0.004575439,0.012997022,0.0009411674,0.0004526408,0.0023151413,0.0516608,0.00014383442,0.2155942,0.00083202106,0.018301656,0.0013209241,0.00060998317,0.00013772576,0.007379436,0.6346606,0.05255278,-5.7158318,-7.622512,-1.2339599,-14.845454,-17.346842,2.7147555,-0.9029695,38.862526,-1.2924178,-1.1656736,58.24253076,24.39367311,84.51669596,61.37082601,63.44463972,71.84534271,55.32513181,68.89279438,47.59226714,66.5202109,37.18804921,86.99472759,37.32864675,64.74516696,8.576449912,13.18101933,13.4973638,7.662565905,28.3655536,11.73989455,23.69068541,21.93321617,47.87346221,45.55360281,36.16871705,25.5887522,25.83479789,26.11599297,8.506151142,5.905096661,7.065026362,22.70650264,6.397188049,22.88224956,13.21616872,8.752196837,18.5940246,6.994727592,3.866432337,25.48330404,65.51845343,24.85061511,19.12126538,10.29876977,23.12829525,4.147627417,24.11247803,66.85413005,18.8400703,19.71880492,80.21089631,24.56942004
CNC(C(=O)NON1CCN(C(C)C(=O)O)CC1)C1COCOC1,346.384,-1.7516,8,3,4,0.4618628141,2,112.6,0,1,0,0.6723563,0.56073725,0.80847263,0.0001940395,0.013949836,0.022222664,0.0015702527,0.018676234,0.0012178522,0.12458775,0.00096259965,0.20967169,0.03145764,0.24060373,0.8205258,0.0039049268,0.0110794995,0.0006280287,0.00029165877,0.0029183258,0.058630176,0.0004749353,0.14559154,0.0004124165,0.025874997,0.0019576333,0.0008763859,7.92E-05,0.0077053094,0.7276938,0.020331016,-5.8701653,1.2944206,-8.238328,-11.522356,-18.578867,2.0029728,-1.6296902,18.14768,-0.8335956,-3.3091884,52.82952548,10.40421793,84.51669596,78.20738137,63.44463972,41.68717047,69.84182777,74.90333919,47.59226714,66.5202109,37.18804921,90.228471,37.50439367,52.47803163,8.365553603,20.52724077,13.53251318,11.66959578,17.18804921,3.268892794,18.8400703,17.6801406,61.37082601,20.31634446,38.5940246,23.16344464,22.00351494,20.87873462,7.205623902,4.182776801,9.876977153,29.5254833,12.16168717,19.543058,8.295254833,13.70826011,23.65553603,8.506151142,2.811950791,26.01054482,76.09841828,12.97012302,16.41476274,15.99297012,16.20386643,6.572934974,20.07029877,23.7258348,11.14235501,8.014059754,85.65905097,8.330404218
CC(=O)C(=C(S)NON1CCN(C(C)C(=O)O)CC1)C1COCOC1,375.447,-0.1358,9,3,4,0.3189262515,1,100.57,0,3,0,0.6941762,0.55120707,0.6454834,0.0006260574,0.07105382,0.04520849,0.009978538,0.016525608,0.019575838,0.20462963,0.0018480506,0.32885396,0.06282607,0.19807091,0.5193408,0.022662785,0.010265799,0.00095227675,0.002429597,0.028188283,0.08427678,0.014314781,0.11132757,0.0015246316,0.14917459,0.033755206,0.015820405,0.0018078601,0.073220424,0.8241671,0.044437878,-5.606837,4.104097,10.190943,-21.8508,-17.393747,2.640984,-0.75616616,40.7688,-1.617923,-3.7287261,59.68365554,20.98418278,88.08435852,78.20738137,63.44463972,22.84710018,55.32513181,68.11950791,47.59226714,96.62565905,37.18804921,91.03690685,36.73110721,26.60808436,11.84534271,46.25659051,21.01933216,31.81019332,15.85237258,34.6572935,27.06502636,22.03866432,80.73813708,37.71528998,34.02460457,15.78207381,69.27943761,18.87521968,8.576449912,20.98418278,62.14411248,47.55711775,63.65553603,17.82073814,17.57469244,54.44639719,71.45869947,50.15817223,17.6801406,67.17047452,87.34622144,22.91739895,21.68717047,18.69947276,33.77855888,1.65202109,23.97188049,62.5659051,20.49209139,21.08963093,76.02811951,6.608084359
CC1C(F)C(O)C(ON2CCN(C(C)C(=O)O)CC2)OC1C1COCOC1,392.424,-0.3108,8,2,4,0.6523518556,6,100.93,0,0,0,0.15882747,0.37523603,0.8872344,6.30E-05,0.072865404,0.03466917,0.009283234,0.011696743,0.0015738342,0.15510885,0.0013805542,0.116802596,0.025440458,0.45124474,0.85632974,0.0023356876,0.011058582,0.00025929947,0.0014946802,0.00447696,0.04686622,0.0019248372,0.23116903,0.010168923,0.038401276,0.0013697443,0.00092185056,0.00059152994,0.0040821843,0.38363057,0.025767397,-5.62778,12.162159,-0.91764295,-13.733546,-17.453466,2.1514428,-0.9516737,25.206192,-0.9776246,-3.2820868,63.79613357,19.15641476,84.51669596,61.37082601,63.44463972,67.27592267,88.10193322,68.75219684,47.59226714,25.86994728,37.18804921,39.15641476,23.76098418,74.09490334,6.25659051,46.57293497,17.57469244,30.40421793,13.91915641,4.885764499,22.17926186,20.31634446,35.78207381,16.23901582,52.7943761,24.32337434,13.81370826,20.84358524,4.991212654,14.86818981,16.2741652,18.55887522,27.27592267,23.58523726,33.2513181,21.1599297,19.12126538,8.752196837,9.525483304,17.6801406,31.66959578,15.85237258,20.91388401,28.04920914,23.33919156,4.74516696,23.83128295,31.73989455,18.24253076,12.16168717,83.65553603,8.400702988
CC1OCC(CON2CCN(C(C)C(=O)O)CC2)C1C1COCOC1,358.435,0.2803,7,1,4,0.7252525694,4,80.7,0,0,0,0.37137172,0.64336896,0.85394347,0.0001692929,0.028817177,0.04308059,0.0032275629,0.05185582,0.013570078,0.21208796,0.002889052,0.18643062,0.082158536,0.17223492,0.9635409,0.0045353733,0.014791441,0.0005653465,0.0012310196,0.0049024485,0.06095493,0.0012658488,0.39034075,0.0079022255,0.038767032,0.0015172105,0.0020713734,0.0005895465,0.0051446375,0.6568442,0.09938933,-5.443548,13.789322,-13.345085,-8.728803,-15.951561,1.8300276,-1.376215,17.612833,-0.66945505,-2.72436,55.53602812,25.27240773,79.85940246,36.59050967,63.44463972,78.45342707,81.28295255,55.14938489,47.59226714,25.86994728,37.18804921,67.4516696,43.79613357,64.49912127,8.189806678,31.24780316,20.10544815,18.17223199,30.89630931,29.17398946,27.97891037,24.85061511,55.50087873,45.23725835,30.96660808,32.47803163,25.69420035,29.98242531,6.818980668,12.86467487,18.03163445,31.56414763,22.00351494,29.70123023,31.21265378,21.30052724,20.52724077,14.97363796,9.490333919,20.56239016,67.97891037,31.6344464,25.37785589,29.94727592,12.5483304,9.033391916,29.80667838,15.32513181,13.53251318,7.76801406,87.76801406,11.45869947
Cc1nc(O)c(ON2CCN(C(C)C(=O)O)CC2)cc1C1COCOC1,367.402,0.56802,8,2,4,0.7724945978,1,104.59,0,0,0,0.14509238,0.41843295,0.85014135,0.0022883916,0.07499775,0.07792457,0.024084158,0.03274972,0.02488189,0.16722253,0.004711445,0.23218136,0.13644312,0.42072567,0.8451905,0.006223807,0.021288928,0.0066862702,0.0028203167,0.00916863,0.080249846,0.0018900456,0.14288111,0.009744868,0.0409757,0.0026000023,0.0025019136,0.0021752282,0.01041882,0.37791103,0.087304786,-5.75563,12.676158,5.999017,-26.154583,-17.826096,2.2704685,-0.7586293,51.26629,-1.8465401,-1.9120328,57.75043937,27.66256591,84.51669596,61.37082601,63.44463972,85.30755712,55.32513181,70.65026362,47.59226714,25.86994728,37.18804921,36.87170475,26.92442882,63.33919156,18.91036907,47.17047452,30.26362039,44.28822496,23.97188049,38.5940246,23.33919156,28.6115993,65.86994728,59.68365554,50.96660808,23.97188049,33.81370826,43.05799649,32.0913884,22.53075571,33.07557118,45.48330404,26.99472759,19.47275923,32.82952548,22.39015817,28.22495606,17.08260105,19.2970123,30.29876977,31.10720562,29.98242531,18.20738137,28.78734622,29.94727592,0.8435852373,22.39015817,39.22671353,20.49209139,29.20913884,73.21616872,18.17223199
CC(C(=O)O)N1CCN(OCc2cnn(C)c2C2COCOC2)CC1,354.407,0.0303,7,1,4,0.7654191995,1,89.29,0,0,0,0.3108603,0.56174594,0.8727026,0.0004000035,0.03457532,0.04795587,0.005775678,0.046164162,0.009953852,0.20309392,0.0049671764,0.21582694,0.08293667,0.31496882,0.9636577,0.003845048,0.01313788,0.001419957,0.0010284735,0.0035711906,0.058879785,0.00041511748,0.29066673,0.003968731,0.031065648,0.0011836421,0.0012617228,0.0002682038,0.0053987717,0.5427558,0.09259008,-5.6472597,4.11242,-6.0328865,-13.782097,-17.571808,2.2514126,-1.226166,26.6642,-0.9988367,-2.4233756,54.44639719,23.09314587,79.85940246,36.59050967,63.44463972,84.1827768,55.32513181,60.80843585,47.59226714,25.86994728,37.18804921,61.37082601,37.64499121,69.24428822,9.982425308,34.02460457,21.8629174,24.28822496,29.10369069,24.92091388,26.88927944,29.10369069,62.74165202,45.55360281,44.25307557,32.5483304,21.79261863,26.22144112,11.81019332,11.14235501,12.58347979,29.771529,11.24780316,25.86994728,25.44815466,16.80140598,17.08260105,10.61511424,5.588752197,21.26537786,52.7943761,30.68541301,20.56239016,18.73462214,18.20738137,4.710017575,23.51493849,37.96133568,15.14938489,13.07557118,83.44463972,13.81370826
CC(C(=O)O)N1CCN(Oc2nc(C3COCOC3)n(C)c(=O)c2O)CC1,384.389,-1.0417,9,2,4,0.6496821045,1,126.59,0,0,0,0.19892932,0.51429856,0.87619364,0.0014733175,0.035995126,0.09007766,0.014733446,0.012038323,0.011403792,0.13925974,0.0010639714,0.27133015,0.11265073,0.7299058,0.8315724,0.0037782672,0.0139109325,0.0026947234,0.00091728696,0.0043786624,0.067333005,0.0015305376,0.093092464,0.005926435,0.035973802,0.00358661,0.0013250827,0.0007011184,0.012676453,0.41329852,0.034886256,-5.916143,-5.2619715,-5.509026,-21.101038,-20.64578,2.2837548,-1.5339296,34.487362,-1.7808336,-4.450959,61.65202109,14.55184534,88.08435852,61.37082601,63.44463972,66.67838313,55.32513181,80.80843585,47.59226714,25.86994728,37.18804921,46.78383128,33.84885764,70.29876977,16.20386643,34.72759227,34.02460457,37.15289982,13.9543058,26.71353251,20.59753954,18.34797891,72.82952548,54.09490334,67.66256591,23.62038664,21.4059754,28.08435852,17.75043937,10.01757469,15.99297012,36.90685413,24.14762742,17.08260105,28.43585237,19.82425308,33.07557118,11.00175747,10.4745167,33.91915641,35.85237258,19.85940246,15.60632689,11.56414763,18.62917399,1.757469244,15.53602812,39.85940246,11.98594025,17.36379613,74.20035149,4.358523726
CC(O)C(=CC(O)ON1CCN(C(C)C(=O)O)CC1)C1COCOC1,360.407,-0.7452,8,3,4,0.3988665699,3,111.93,0,2,1,0.28244776,0.38655722,0.69937736,0.000312463,0.06704311,0.043085024,0.013904035,0.027322989,0.012265108,0.14939484,0.0067818374,0.21693747,0.053691305,0.13639094,0.6918598,0.00830913,0.016635241,0.0010867005,0.0019852375,0.011890316,0.08574316,0.004380692,0.15561092,0.0055319266,0.060428977,0.0033071972,0.004341948,0.0010509802,0.009551415,0.6403413,0.05732093,-5.814851,-8.033165,-8.239183,-9.469823,-19.682362,2.450388,-1.2892283,12.618924,-0.61444575,-4.291833,56.09841828,16.20386643,84.51669596,78.20738137,63.44463972,32.97012302,76.60808436,74.6572935,47.59226714,87.92618629,83.09314587,58.27768014,24.39367311,33.42706503,9.20913884,45.09666081,20.10544815,36.37961336,21.54657293,27.55711775,21.75746924,31.52899824,62.95254833,33.74340949,25.06151142,19.36731107,41.96836555,34.09490334,9.455184534,18.52372583,40.14059754,48.47100176,43.19859402,19.96485062,27.83831283,31.77504394,31.56414763,25.16695958,13.07557118,29.20913884,66.29173989,25.86994728,17.29349736,9.912126538,16.20386643,8.224956063,17.50439367,50.79086116,14.51669596,5.623901582,88.3655536,4.815465729
CNC(C(=O)OON1CCN(C(C)C(=O)O)CC1)C1COCOC1,347.368,-1.3246,9,2,4,0.4246974845,2,109.8,0,2,1,0.62544876,0.59751904,0.82387984,0.00034144294,0.021389399,0.036291324,0.0033885452,0.02162731,0.002003746,0.14990444,0.0011895061,0.24376073,0.037097733,0.29952216,0.8839424,0.00464175,0.012260562,0.0009424115,0.0005528267,0.0040523396,0.06455423,0.0012369972,0.17496236,0.00089273165,0.03457264,0.002597135,0.0018889259,0.00020570369,0.01030954,0.70616484,0.026476135,-5.7470894,11.821974,-7.1926146,-14.557544,-17.831562,1.8046386,-1.6806625,20.829535,-0.76362497,-3.1534894,52.89982425,12.7943761,88.08435852,61.37082601,63.44463972,36.37961336,69.84182777,73.4973638,47.59226714,87.92618629,83.09314587,87.62741652,40.07029877,56.30931459,9.455184534,26.36203866,18.10193322,18.5940246,18.34797891,6.502636204,21.75746924,19.15641476,67.48681898,24.74516696,43.0228471,25.65905097,26.22144112,24.14762742,8.506151142,6.924428822,14.79789104,34.48154657,21.6168717,21.08963093,13.77855888,18.94551845,28.18980668,13.81370826,4.74516696,30.05272408,73.70826011,16.44991213,18.41827768,27.55711775,16.94200351,4.253075571,22.39015817,14.20035149,10.86115993,9.455184534,86.57293497,9.13884007
CNC(CSON1CCN(C(C)C(=O)O)CC1)C1COCOC1,349.453,-0.1346,8,2,4,0.5820081237,2,83.5,0,1,1,0.4581265,0.5120026,0.78277445,0.00032063568,0.03504626,0.0292571,0.004001369,0.06802943,0.005741777,0.1282238,0.0034840528,0.27594763,0.035268985,0.119836375,0.9093685,0.0049282485,0.012373298,0.0014911753,0.0006572017,0.0058263713,0.07328311,0.00030222867,0.2724973,0.0026689502,0.03035661,0.0011592365,0.0019412249,0.00027008684,0.004507034,0.7218179,0.081386074,-5.7385945,10.040132,-7.951903,-9.8073015,-17.353062,1.9429042,-1.6112156,20.525742,-1.0671873,-2.239535,53.39191564,20.98418278,84.51669596,61.37082601,63.44463972,57.92618629,69.84182777,56.66080844,47.59226714,66.5202109,83.09314587,75.39543058,33.60281195,47.31107206,9.27943761,34.30579965,15.3602812,20.31634446,36.76625659,17.4340949,19.22671353,26.5026362,73.32161687,23.26889279,22.10896309,26.99472759,27.41652021,24.46397188,12.26713533,7.62741652,21.75746924,41.58172232,9.314586995,25.27240773,21.8629174,16.23901582,16.87170475,14.13005272,5.623901582,19.22671353,75.32513181,29.38488576,18.62917399,25.94024605,16.34446397,7.978910369,24.07732865,20.84358524,11.35325132,9.20913884,82.63620387,15.1142355
CNC(CCON1CCN(C(C)C(=O)O)CC1)C1COCOC1,331.413,-0.3927,7,2,4,0.6220506152,2,83.5,0,0,0,0.2510539,0.4603649,0.7443106,0.00025507942,0.017978247,0.023221893,0.0023638196,0.07701505,0.00671423,0.09560713,0.0018851031,0.21042731,0.035320826,0.08239464,0.87341803,0.0034150265,0.017606327,0.000957213,0.00039870763,0.00423665,0.07787673,0.0001450443,0.2205998,0.0029068093,0.018883351,0.0005697164,0.0008304734,0.00015910194,0.0018075753,0.69434947,0.09263444,-5.7758017,6.980958,-22.682775,-1.4887501,-18.063128,1.6301978,-2.3430152,-0.6066818,-0.43858296,-2.0414958,49.49033392,18.41827768,79.85940246,61.37082601,63.44463972,63.16344464,69.84182777,56.66080844,47.59226714,25.86994728,37.18804921,54.4112478,30.08787346,40.03514938,8.681898067,23.83128295,13.81370826,14.90333919,40.21089631,19.75395431,14.76274165,22.17926186,61.65202109,23.26889279,15.95782074,25.06151142,19.78910369,36.02811951,8.576449912,5.272407733,15.5711775,44.00702988,6.397188049,23.09314587,22.60105448,9.244288225,9.876977153,8.295254833,4.182776801,9.20913884,72.40773286,30.68541301,17.75043937,22.03866432,6.467486819,19.78910369,21.44112478,8.506151142,6.291739895,2.495606327,90.4745167,17.15289982
CNN(N=NON1CCN(C(C)C(=O)O)CC1)C1COCOC1,332.361,-0.8998,9,2,4,0.4523032293,1,111.46,1,2,5,0.93767196,0.73497653,0.8533433,0.0044954987,0.04783579,0.025139194,0.0039354963,0.03271546,0.0030819906,0.2621391,0.0036018244,0.3608713,0.06186592,0.50734484,0.92035085,0.005464302,0.0056572678,0.009820159,0.00093098945,0.0058398047,0.08113247,0.0002557405,0.28735933,0.00045635208,0.053317655,0.006062203,0.0022252153,0.00053702825,0.020574348,0.79118645,0.0695369,-5.881818,-7.8694715,2.922238,-16.617899,-17.60343,2.799275,-1.1982985,24.81513,-1.174298,-4.101986,49.66608084,15.53602812,88.08435852,61.37082601,63.44463972,40,55.32513181,74.48154657,97.39894552,87.92618629,99.92970123,98.31282953,51.52899824,64.4288225,23.69068541,39.75395431,14.30579965,19.89455185,23.97188049,9.455184534,33.84885764,26.78383128,83.90158172,37.29349736,55.95782074,27.94376098,30.05272408,7.451669596,38.94551845,10.19332162,21.79261863,46.11599297,8.435852373,25.79964851,8.822495606,28.92794376,41.54657293,15.64147627,8.681898067,42.74165202,84.1827768,27.73286467,16.23901582,10.08787346,27.02987698,3.09314587,23.37434095,71.95079086,15.5711775,11.81019332,81.54657293,5.623901582
CNN(CCON1CCN(C(C)C(=O)O)CC1)C1COCOC1,332.401,-1.182,8,2,4,0.53326708,1,86.74,0,1,2,0.7685247,0.43402672,0.6081781,0.00056743773,0.041474726,0.008553632,0.0032969061,0.068429254,0.004165271,0.07920824,0.0039388845,0.34597036,0.03055262,0.07811305,0.6725481,0.0053332136,0.01658848,0.004785423,0.00047074436,0.006079562,0.104960464,4.64E-05,0.14327861,0.0011329979,0.030529255,0.0017191952,0.0005767392,0.00017496505,0.004631949,0.8196122,0.12974921,-5.7865057,12.609204,-15.486435,-5.0261517,-18.264645,1.573617,-2.2028358,0.58388364,-0.539642,-2.6928818,49.66608084,13.46221441,84.51669596,61.37082601,63.44463972,50.89630931,55.32513181,59.26186292,47.59226714,66.5202109,95.07908612,94.05975395,28.08435852,23.19859402,11.3884007,37.39894552,9.103690685,18.34797891,36.83655536,13.21616872,13.04042179,27.59226714,82.46045694,19.47275923,15.14938489,18.98066784,29.34973638,34.05975395,26.64323374,6.080843585,22.53075571,59.22671353,4.393673111,19.47275923,15.28998243,16.41476274,22.21441125,6.748681898,4.217926186,19.543058,86.7486819,34.93848858,17.57469244,28.75219684,11.42355009,13.9543058,20.84358524,6.783831283,7.275922671,2.776801406,89.31458699,11.66959578
CC(C(=O)O)N1CCN(ON2C(=O)C(C(C)O)(C3COCOC3)OC2=S)CC1,419.456,-1.1925,10,2,4,0.5054282066,3,121.24,0,1,0,0.72744954,0.5535519,0.72628844,0.0004755538,0.13673057,0.06142248,0.026034042,0.0066456287,0.013231078,0.31336743,0.0035182803,0.38935027,0.042752888,0.66128695,0.7519816,0.009678235,0.005187557,0.00084949005,0.005686193,0.018157784,0.07226562,0.01673454,0.19272956,0.0065253824,0.2230362,0.0144732725,0.018251503,0.0033976056,0.07338224,0.79552305,0.03057623,-5.737995,6.347944,4.949065,-9.170966,-18.185764,1.9953582,-1.1699531,42.197163,-1.6264156,-2.0371995,69.98242531,13.46221441,90.456942,61.37082601,63.44463972,47.17047452,76.60808436,79.22671353,47.59226714,66.5202109,37.18804921,92.26713533,36.94200351,37.11775044,10.79086116,57.6801406,25.48330404,45.55360281,10.86115993,28.82249561,38.80492091,26.5026362,86.88927944,28.15465729,63.40949033,21.08963093,46.46748682,6.397188049,8.084358524,31.66959578,51.88049209,40.77328647,65.51845343,21.93321617,29.42003515,64.49912127,58.55887522,52.97012302,24.07732865,67.17047452,84.60456942,18.3831283,18.62917399,21.4059754,28.89279438,8.400702988,21.01933216,23.30404218,15.78207381,22.03866432,75.92267135,17.15289982
CCC1(C2COCOC2)CC(ON2CCN(C(C)C(=O)O)CC2)=NO1,357.407,0.5118,8,1,4,0.7608579339,2,93.06,0,0,0,0.46380717,0.7169769,0.8617331,0.0007586797,0.06629943,0.0889388,0.010170143,0.053319644,0.013837608,0.33155546,0.006457352,0.23224643,0.10364387,0.31039944,0.9701868,0.0071546165,0.013100499,0.0012612469,0.0028856024,0.0068956465,0.065194584,0.0028609838,0.5008897,0.012409512,0.061193984,0.0027213865,0.005567193,0.0012849527,0.012095854,0.6332658,0.10818245,-5.448621,11.734144,3.03433,-19.266949,-15.143236,2.290676,-0.75273734,37.361824,-1.3554982,-3.4332378,55.21968366,27.2056239,84.51669596,36.59050967,63.44463972,83.69068541,69.84182777,63.65553603,47.59226714,25.86994728,37.18804921,75.95782074,49.80667838,66.15114236,12.5483304,44.95606327,33.77855888,31.98594025,31.42355009,29.49033392,40.21089631,31.31810193,65.86994728,51.73989455,44.07732865,33.74340949,37.75043937,26.22144112,10.50966608,22.70650264,25.23725835,34.97363796,35.53602812,34.20035149,34.90333919,32.05623902,29.03339192,29.63093146,14.58699473,33.2513181,65.16695958,32.30228471,25.09666081,27.52196837,27.17047452,2.284710018,34.44639719,40.17574692,20.52724077,18.98066784,79.2970123,7.662565905
CC(C(=O)O)N1CCN(OC2CC(C3COCOC3)C(C)(O)C(C)O2)CC1,388.461,0.1313,8,2,4,0.6804853849,5,100.93,0,0,0,0.47291046,0.5266506,0.8518969,0.00011462408,0.064259194,0.041121807,0.006282667,0.024011835,0.0044253254,0.23441882,0.002994659,0.17386667,0.057816453,0.2945972,0.9215492,0.006038,0.01252676,0.00050946244,0.0027743527,0.008764982,0.066023394,0.0065881982,0.30590957,0.0088869585,0.075165406,0.0043824874,0.003930895,0.0013183681,0.01444895,0.6112893,0.05865668,-5.617219,10.040989,-7.7377234,-7.7758207,-17.741367,1.9084432,-1.2916652,16.10636,-0.7636578,-2.575572,62.67135325,24.11247803,84.51669596,61.37082601,63.44463972,71.95079086,85.04393673,68.75219684,47.59226714,25.86994728,37.18804921,76.69595782,34.69244288,64.14762742,7.275922671,44.39367311,19.43760984,25.16695958,19.78910369,13.88400703,31.31810193,25.09666081,52.65377856,35.3602812,42.67135325,27.97891037,32.86467487,25.06151142,6.502636204,22.39015817,31.6344464,35.85237258,50.4745167,26.53778559,32.05623902,36.44991213,36.69595782,23.79613357,14.97363796,35.67662566,62.49560633,26.01054482,21.23022847,25.94024605,16.48506151,10.12302285,22.77680141,19.36731107,14.48154657,7.170474517,86.57293497,12.58347979
CN=C(NCON1CCN(C(C)C(=O)O)CC1)C1COCOC1,330.385,-0.7954,7,2,4,0.3714037713,1,95.86,0,3,1,0.259906,0.43867975,0.68775606,0.0008589494,0.040556174,0.01813744,0.0057271207,0.06904587,0.028186312,0.081976,0.0020608907,0.26266354,0.035165533,0.06058191,0.7292942,0.0040266453,0.017240662,0.0013917513,0.0005729543,0.006251376,0.08711401,0.0001141796,0.1567018,0.0019251168,0.024732638,0.00073835166,0.0006402158,0.0002472937,0.0023543325,0.68306184,0.0901234,-6.0449038,-3.94299,-4.12563,-12.6821995,-19.820484,2.2574372,-1.5952743,14.1343355,-0.75755864,-3.7308116,49.17398946,16.06326889,79.85940246,61.37082601,63.44463972,29.42003515,55.32513181,65.27240773,47.59226714,96.62565905,83.09314587,55.71177504,28.26010545,31.81019332,13.14586995,36.90685413,11.84534271,24.07732865,36.9771529,40.456942,13.32161687,22.5659051,71.28295255,23.16344464,11.73989455,20.31634446,22.81195079,35.43057996,11.52899824,7.135325132,23.09314587,49.34973638,5.799648506,20.10544815,19.22671353,13.04042179,12.02108963,7.240773286,5.272407733,11.45869947,71.10720562,30.228471,13.35676626,12.47803163,19.92970123,5.553602812,17.39894552,38.41827768,11.45869947,6.221441125,86.71353251,6.608084359
CCC(NCON1CCN(C(C)C(=O)O)CC1)C1COCOC1,331.413,-0.0451,7,2,4,0.5994193409,2,83.5,0,1,1,0.2252268,0.40845853,0.6875972,0.00033575055,0.024585295,0.018037515,0.0029729502,0.06332981,0.006938395,0.080563486,0.0016238164,0.2495511,0.029772377,0.075878695,0.8058772,0.003614376,0.017350804,0.00077602774,0.0004581053,0.0047607757,0.083435975,0.00011916172,0.16653249,0.002234275,0.022545118,0.00052983337,0.00066007476,0.00011163969,0.0017851281,0.6930292,0.08095474,-5.6399927,13.056752,-8.700027,-9.379121,-16.603395,1.9041164,-1.5286517,14.9461975,-0.9239702,-3.24598,49.49033392,21.72231986,79.85940246,61.37082601,63.44463972,60.03514938,69.84182777,56.66080844,47.59226714,66.5202109,83.09314587,50.9314587,26.25659051,31.81019332,9.384885764,28.33040422,11.84534271,17.32864675,34.76274165,20.31634446,13.11072056,21.19507909,68.57644991,19.08611599,14.58699473,22.77680141,20.80843585,35.64147627,7.803163445,5.940246046,17.50439367,47.27592267,6.080843585,20.73813708,20.24604569,11.66959578,9.173989455,7.311072056,3.620386643,9.103690685,72.05623902,29.24428822,20.66783831,29.31458699,15.95782074,8.295254833,26.92442882,19.19156415,11.98594025,6.432337434,84.56942004,8.611599297
CC1OC(C)C(C2COCOC2)C(O)C1ON1CCN(C(C)C(=O)O)CC1,388.461,-0.2179,8,2,4,0.6619414133,6,100.93,0,0,0,0.23793054,0.39883435,0.85132074,6.22E-05,0.051286805,0.03164999,0.004599829,0.019228812,0.0033819682,0.17724738,0.0015800099,0.12659855,0.045314685,0.26415238,0.86729354,0.0031938092,0.011368091,0.0005207615,0.001724419,0.00514181,0.05704535,0.0014566426,0.23121,0.008938283,0.03400649,0.0011008147,0.0015951917,0.0008878397,0.0043280483,0.5010762,0.04809459,-5.660421,9.908079,-8.636929,-6.6865206,-18.39572,1.9510355,-1.2883921,17.391325,-0.7443485,-2.377852,62.67135325,20.03514938,84.51669596,61.37082601,63.44463972,68.89279438,88.10193322,68.75219684,47.59226714,25.86994728,37.18804921,52.65377856,25.65905097,63.97188049,6.221441125,40.52724077,16.37961336,21.51142355,17.32864675,10.65026362,24.35852373,21.05448155,38.91036907,29.91212654,40.52724077,24.67486819,18.73462214,21.65202109,6.537785589,16.69595782,19.2970123,27.55711775,23.55008787,23.58523726,32.0913884,18.76977153,16.20386643,12.26713533,11.95079086,18.66432337,46.64323374,23.83128295,20.35149385,25.83479789,15.99297012,11.49384886,20.56239016,21.01933216,14.51669596,7.76801406,86.95957821,14.34094903
CNC(NC(=O)ON1CCN(C(C)C(=O)O)CC1)C1COCOC1,346.384,-1.1157,8,3,4,0.515003986,2,112.6,0,1,1,0.33602864,0.39005142,0.7670353,0.00031115385,0.02955764,0.026531849,0.0045924666,0.016455727,0.002154849,0.085905924,0.0013312966,0.2140965,0.022136228,0.25029024,0.81512964,0.0029428652,0.012222208,0.0011183702,0.0002775689,0.0033454031,0.06662406,0.0001549875,0.079608545,0.00086591765,0.018939098,0.0009680463,0.00073999306,6.15E-05,0.0045638275,0.5543641,0.030484954,-6.0998545,-8.997497,-7.0142837,-13.22138,-19.740175,2.3572433,-1.721933,16.521393,-0.92304325,-3.9182925,52.82952548,13.9543058,84.51669596,78.20738137,63.44463972,48.29525483,69.84182777,74.90333919,47.59226714,66.5202109,83.09314587,63.90158172,24.67486819,44.04217926,9.20913884,31.73989455,14.58699473,21.51142355,15.78207381,7.065026362,13.77855888,20.14059754,62.53075571,14.02460457,39.33216169,22.95254833,17.22319859,23.93673111,9.630931459,3.866432337,11.49384886,36.13356766,6.537785589,16.13356766,13.46221441,9.34973638,15.25483304,7.662565905,2.601054482,19.33216169,54.72759227,18.34797891,12.58347979,9.490333919,16.9771529,5.061511424,17.46924429,44.28822496,10.57996485,7.275922671,84.56942004,5.975395431
Cc1c(C2COCOC2)[nH]c(ON2CCN(C(C)C(=O)O)CC2)c(Cl)c1=O,401.847,0.80912,7,2,4,0.7465192987,1,104.33,0,0,0,0.30590594,0.48182958,0.86488426,0.007486974,0.15189348,0.14804088,0.07230611,0.03502555,0.030541664,0.31539863,0.023820337,0.31519237,0.15842402,0.7283777,0.892193,0.013275315,0.017948141,0.0114265345,0.009661493,0.012494364,0.082265995,0.008964446,0.2847245,0.028722549,0.117857315,0.009447367,0.009691004,0.0053297174,0.04604768,0.4381601,0.13831761,-5.525962,7.7320123,4.21861,-15.866768,-17.74863,2.3841248,-0.4878909,60.184593,-2.4595652,-1.1295973,65.79964851,29.87697715,79.85940246,61.37082601,63.44463972,81.79261863,55.32513181,70.33391916,47.59226714,25.86994728,37.18804921,60.80843585,31.45869947,67.17047452,27.97891037,59.78910369,55.39543058,60.80843585,24.71001757,41.26537786,38.98066784,41.89806678,79.05096661,63.62038664,67.55711775,25.94024605,54.97363796,36.62565905,41.68717047,39.82425308,42.03866432,46.71353251,56.37961336,25.76449912,41.1599297,48.43585237,50.05272408,40.66783831,29.38488576,58.98066784,38.94551845,36.06326889,23.26889279,22.77680141,28.29525483,3.409490334,22.70650264,45.83479789,23.86643234,36.48506151,62.3198594,24.74516696
CC(=O)C(C1COCOC1)N(C)CON1CCN(C(C)C(=O)O)CC1,359.423,-0.5239,8,1,4,0.5745664144,2,91.78,0,1,1,0.28849414,0.4069922,0.6719853,5.84E-05,0.029573387,0.025512572,0.0038989417,0.030630717,0.0070456145,0.11127518,0.0011530694,0.2505793,0.033534817,0.08888722,0.73711467,0.005647831,0.01287016,0.000247757,0.00046672035,0.007175454,0.08998289,0.0007118188,0.14236373,0.0025621427,0.03664685,0.0010810385,0.0014147519,0.00012827337,0.004098659,0.7330198,0.062949456,-5.525958,23.521194,2.1081402,-16.62479,-16.816484,1.8140543,-1.3294082,20.290327,-0.9898717,-4.5438185,55.85237258,17.75043937,84.51669596,36.59050967,63.44463972,56.90685413,69.84182777,62.63620387,47.59226714,66.5202109,83.09314587,59.08611599,26.25659051,29.34973638,6.080843585,31.77504394,14.4112478,19.82425308,22.84710018,20.52724077,17.04745167,18.87521968,68.78734622,22.10896309,17.22319859,20.56239016,30.86115993,25.94024605,4.920913884,6.080843585,26.36203866,50.9314587,15.43057996,19.47275923,21.47627417,20.21089631,16.13356766,11.56414763,3.796133568,17.6801406,76.76625659,26.88927944,23.26889279,42.17926186,26.43233743,3.09314587,26.29173989,14.58699473,13.98945518,9.068541301,83.55008787,4.112478032
COC(C(=O)OON1CCN(C(C)C(=O)O)CC1)C1COCOC1,348.352,-0.8976,9,1,4,0.459385801,2,107,0,2,1,0.6811756,0.6880571,0.85570014,0.00036052972,0.022538323,0.049380198,0.0032065865,0.014130285,0.0019695053,0.15777776,0.0005452654,0.2672127,0.037519082,0.42465463,0.8967657,0.005092536,0.009581137,0.00056970713,0.0006803503,0.004652747,0.068954065,0.0025773707,0.20107523,0.0010357313,0.045957953,0.0032011475,0.0029079865,0.00025018264,0.012953955,0.73978853,0.016598338,-5.4053044,21.229843,-0.78381383,-18.484451,-15.458038,1.8160124,-1.3153057,30.97373,-0.7317646,-2.722893,52.97012302,15.53602812,88.08435852,36.59050967,63.44463972,41.4059754,69.84182777,72.0913884,47.59226714,87.92618629,83.09314587,90.50966608,47.10017575,64.81546573,9.666080844,27.2056239,22.42530756,18.17223199,14.86818981,6.432337434,22.46045694,14.44639719,72.16168717,25.02636204,51.28295255,26.11599297,28.57644991,17.18804921,6.854130053,7.803163445,17.15289982,38.31282953,33.46221441,22.28471002,14.6572935,25.13181019,31.03690685,19.26186292,5.272407733,34.34094903,77.6801406,10.65026362,26.32688928,38.94551845,23.40949033,2.425307557,32.5483304,14.58699473,14.27065026,15.3602812,87.02987698,11.45869947
CC1C(O)C=C(ON2CCN(C(C)C(=O)O)CC2)OC1C1COCOC1,372.418,-0.1336,8,2,4,0.683067493,4,100.93,0,0,0,0.069824144,0.4325305,0.84683293,0.000955238,0.17728885,0.08628796,0.043565232,0.028753012,0.03371228,0.20317177,0.0054508867,0.1751285,0.055832513,0.37703782,0.9040055,0.0037719752,0.01196455,0.0022346,0.0038479448,0.009840106,0.07426497,0.0033816341,0.2647793,0.021870783,0.050091863,0.0013357734,0.0030970748,0.002915655,0.0057695713,0.36462823,0.098570734,-5.55444,11.294193,-8.307464,-14.8647585,-17.31264,1.9196707,-1.2052472,27.664179,-0.951633,-2.8980515,59.12126538,20.98418278,84.51669596,61.37082601,63.44463972,72.40773286,81.28295255,68.75219684,47.59226714,25.86994728,37.18804921,19.15641476,28.08435852,62.49560633,13.70826011,62.98769772,32.5483304,53.74340949,22.14411248,42.98769772,26.88927944,29.91212654,52.7943761,34.55184534,48.33040422,26.5026362,21.4059754,23.4797891,15.67662566,26.39718805,35.14938489,42.24956063,38.62917399,24.92091388,39.15641476,27.38137083,18.8400703,20.17574692,22.5659051,22.21441125,29.45518453,31.49384886,22.60105448,27.31107206,16.16871705,4.147627417,24.25307557,19.75395431,15.43057996,13.84885764,84.21792619,10.54481547
CON(C(=O)OON1CCN(C(C)C(=O)O)CC1)C1COCOC1,349.34,-0.7034,9,1,4,0.4878446896,1,110.24,0,2,1,0.9397521,0.83222026,0.8788209,0.0009780718,0.01925173,0.045170553,0.0022518504,0.01248319,0.0016451661,0.24057706,0.0004559984,0.38908774,0.04709696,0.6239874,0.9246324,0.006167295,0.0060170107,0.0009855023,0.0007606107,0.005384699,0.07418219,0.0017925283,0.2601362,0.0005442143,0.06926223,0.004708831,0.003923116,0.00034456624,0.03047747,0.86016864,0.017058233,-5.45185,16.566986,0.6370228,-19.625492,-15.801778,2.0176806,-1.3480994,28.372843,-0.6443448,-3.3828094,53.2513181,16.48506151,88.08435852,36.59050967,63.44463972,44.53427065,55.32513181,73.74340949,47.59226714,87.92618629,83.09314587,98.34797891,60.56239016,70.96660808,13.81370826,24.81546573,20.98418278,14.58699473,14.09490334,5.131810193,31.77504394,13.35676626,86.88927944,30.89630931,61.68717047,28.11950791,33.46221441,8.717047452,8.752196837,8.576449912,20.07029877,42.24956063,26.15114236,24.67486819,9.701230228,34.30579965,37.57469244,23.7258348,6.291739895,51.00175747,91.00175747,10.86115993,24.95606327,33.11072056,24.8857645,2.214411248,30.4745167,24.46397188,13.84885764,14.02460457,87.9086116,7.908611599
Cc1c(C2COCOC2)nc(ON2CCN(C(C)C(=O)O)CC2)[nH]c1=O,368.39,-0.44928,8,2,4,0.7124065761,1,117.22,0,0,0,0.13107528,0.5004795,0.90027606,0.0026450315,0.052998137,0.13341777,0.028984165,0.017625242,0.009027595,0.15310548,0.0021305426,0.26845473,0.08641118,0.75993544,0.91000223,0.0037987884,0.013861619,0.0034522042,0.0013129007,0.0034299002,0.062360365,0.0011701259,0.16183364,0.005152776,0.035552375,0.0015809486,0.0016115617,0.00063486974,0.010296915,0.3234151,0.038051527,-5.686779,0.62599105,-0.35919458,-22.687195,-18.81767,2.3725817,-0.973676,45.250385,-2.0077794,-3.9473968,57.96133568,18.24253076,84.51669596,61.37082601,63.44463972,76.90685413,55.32513181,77.11775044,47.59226714,25.86994728,37.18804921,34.16520211,33.00527241,79.15641476,20.03514938,40.87873462,50.82601054,47.31107206,16.62565905,23.86643234,21.89806678,22.60105448,72.40773286,46.92442882,69.87697715,27.02987698,21.44112478,27.9086116,21.89806678,13.4973638,11.84534271,32.93497364,20.87873462,20.59753954,27.24077329,19.50790861,20.94903339,12.40773286,9.947275923,30.01757469,24.32337434,21.01933216,19.82425308,15.53602812,23.90158172,1.476274165,19.36731107,45.16695958,17.96133568,24.60456942,70.96660808,5.869947276
CC(C(=O)O)N1CCN(Oc2cc(O)[n+](C)c(C3COCOC3)n2)CC1,369.398,-0.9159,8,2,4,0.6373205613,1,108.47,0,1,0,0.12303555,0.19938464,0.3883584,0.0011250507,0.014375275,0.005154964,0.003799128,0.007962329,0.023899931,0.020068984,0.00061009836,0.24365684,0.010543926,0.07137028,0.08929754,0.0016340824,0.015795488,0.0015702227,0.00057138526,0.0045216205,0.06162257,5.35E-05,0.008493183,0.00039377296,0.018252093,0.00032940172,0.00028590614,0.0005145891,0.0010488911,0.51427925,0.03355067,-6.238453,-2.197148,-2.9943092,-19.118494,-22.727055,2.1829872,-1.8505787,17.830063,-1.168031,-0.95855105,58.20738137,15.43057996,84.51669596,61.37082601,63.44463972,64.81546573,55.32513181,72.93497364,47.59226714,66.5202109,37.18804921,32.58347979,13.32161687,12.23198594,14.72759227,21.01933216,7.908611599,19.61335677,11.77504394,38.03163445,4.112478032,15.07908612,67.48681898,7.240773286,13.70826011,7.732864675,9.666080844,32.30228471,12.65377856,7.135325132,16.55536028,32.0913884,4.499121265,7.416520211,7.978910369,8.717047452,6.467486819,4.956063269,8.400702988,5.448154657,48.89279438,19.50790861,10.89630931,13.67311072,21.23022847,2.355008787,12.12653779,33.46221441,9.666080844,7.943760984,81.75746924,26.0456942
Cc1c(O)cc(ON2CCN(C(C)C(=O)O)CC2)nc1C1COCOC1,367.402,0.56802,8,2,4,0.7724945978,1,104.59,0,0,0,0.1326057,0.46638256,0.879552,0.008995799,0.19056311,0.14092878,0.099337675,0.0351366,0.04583195,0.23819152,0.011761772,0.26692122,0.18045552,0.6367127,0.8960824,0.0056455955,0.016903045,0.017623307,0.0057413694,0.011753703,0.087903485,0.0044867313,0.20729907,0.02118752,0.058935832,0.0040583955,0.0042356523,0.0061756824,0.016973227,0.3087752,0.14083607,-5.6157928,16.727346,10.536389,-30.113623,-17.390682,2.4899461,-0.30419454,57.42092,-2.0786269,-2.1417563,57.75043937,27.66256591,84.51669596,61.37082601,63.44463972,85.30755712,55.32513181,70.65026362,47.59226714,25.86994728,37.18804921,34.4112478,30.36906854,71.35325132,29.5254833,64.25307557,53.11072056,65.72934974,24.74516696,47.76801406,31.56414763,35.78207381,72.16168717,67.06502636,62.24956063,26.08084359,30.86115993,34.93848858,47.52196837,31.73989455,39.89455185,49.98242531,43.55008787,22.49560633,38.87521968,31.10720562,35.18453427,24.78031634,30.86115993,38.69947276,22.39015817,36.34446397,21.33567663,33.21616872,34.09490334,0.5272407733,24.00702988,53.35676626,25.79964851,33.81370826,69.87697715,16.16871705
CC1C(O)CC(ON2CCN(C(C)C(=O)O)CC2)OC1C1COCOC1,374.434,-0.2588,8,2,4,0.6739357359,5,100.93,0,0,0,0.16782716,0.432113,0.8757609,7.42E-05,0.08969955,0.041963346,0.010910606,0.014514679,0.0027864417,0.17706262,0.0020508184,0.14986083,0.035417013,0.3984557,0.8811657,0.0028416484,0.0100840535,0.0004228833,0.001941606,0.0051796613,0.051212944,0.002213905,0.25877208,0.010784043,0.04341878,0.0013701256,0.0013231838,0.0009431308,0.0044981097,0.41269177,0.038829956,-5.6356153,14.036989,-12.225301,-8.072095,-18.005352,1.6228412,-1.4981571,15.230746,-0.644225,-2.4452906,59.50790861,19.50790861,84.51669596,61.37082601,63.44463972,70.86115993,85.04393673,68.75219684,47.59226714,25.86994728,37.18804921,40.77328647,28.01405975,70.228471,6.502636204,49.91212654,19.68365554,33.04042179,15.00878735,8.787346221,24.35852373,22.5659051,45.79964851,23.40949033,49.73637961,25.5887522,16.73110721,18.17223199,6.151142355,18.10193322,19.40246046,22.28471002,30.19332162,24.67486819,33.67311072,23.76098418,19.12126538,10.96660808,12.40773286,19.22671353,35.78207381,21.19507909,20.80843585,30.19332162,13.28646749,9.771528998,21.65202109,8.365553603,12.44288225,6.572934974,87.9086116,13.67311072
CC1COC(ON2CCN(C(C)C(=O)O)CC2)C(O)C1C1COCOC1,374.434,-0.4013,8,2,4,0.6654402413,5,100.93,0,0,0,0.37258086,0.44525856,0.83578587,5.38E-05,0.029639432,0.029032981,0.0023757438,0.014882932,0.0024973087,0.15672906,0.0012023958,0.14773509,0.046505112,0.25851837,0.8401249,0.004958391,0.014328212,0.00027315918,0.001331995,0.005565437,0.060096156,0.0017420895,0.19654313,0.0049821576,0.043410186,0.0021461432,0.0018778555,0.00042567466,0.008031415,0.5449017,0.03620992,-5.578339,19.758213,-6.221638,-13.605593,-17.366974,1.7109467,-1.2726655,19.497705,-0.6289027,-2.8753047,59.50790861,18.3831283,84.51669596,61.37082601,63.44463972,69.38488576,85.04393673,68.75219684,47.59226714,25.86994728,37.18804921,67.59226714,28.68189807,59.57820738,5.975395431,31.81019332,15.28998243,15.00878735,15.14938489,7.69771529,22.39015817,19.22671353,45.30755712,30.65026362,39.96485062,23.86643234,27.59226714,29.10369069,5.061511424,13.60281195,20.456942,30.82601054,25.83479789,22.10896309,26.99472759,23.76098418,24.85061511,13.81370826,7.451669596,26.32688928,53.2513181,20.24604569,22.17926186,36.9771529,17.92618629,4.815465729,24.04217926,10.96660808,14.62214411,8.646748682,88.08435852,10.65026362
CNC(CNON1CCN(C(C)C(=O)O)CC1)C1COCOC1,332.401,-1.2782,8,3,4,0.4698268028,2,95.53,0,1,1,0.54187787,0.3839169,0.6718203,0.00030929467,0.016842233,0.008961765,0.0013060572,0.061348658,0.0018021038,0.062452465,0.0026965137,0.2637503,0.021591298,0.05554366,0.7563351,0.0034364338,0.014698317,0.0017175168,0.00019552861,0.002839089,0.065858155,3.75E-05,0.1405889,0.00058885396,0.016053822,0.0006613237,0.00038702614,5.14E-05,0.00230274,0.766361,0.07396849,-5.8738813,-0.2655403,-16.12273,-5.625182,-18.282497,2.0005746,-2.0309317,4.524638,-0.57946324,-2.631722,49.66608084,13.04042179,84.51669596,78.20738137,63.44463972,42.39015817,69.84182777,65.13181019,47.59226714,66.5202109,83.09314587,82.14411248,24.21792619,29.31458699,9.20913884,22.91739895,9.34973638,9.982425308,34.09490334,5.834797891,10.26362039,24.14762742,71.52899824,13.56766257,10.82601054,21.26537786,19.85940246,29.87697715,13.32161687,3.268892794,9.560632689,35.60632689,4.112478032,19.36731107,10.33391916,7.346221441,10.89630931,5.659050967,2.319859402,11.21265378,81.23022847,28.29525483,16.30931459,15.04393673,10.96660808,12.89982425,20.77328647,23.55008787,8.400702988,3.514938489,88.68189807,12.0913884
Cc1c[nH]c(C(=O)ON2CCN(C(C)C(=O)O)CC2)c1C1COCOC1,367.402,0.57352,7,2,4,0.7785528711,1,104.33,0,0,0,0.34624863,0.5566592,0.8329651,0.0055598896,0.19253096,0.14324881,0.066816896,0.03732357,0.040776234,0.30868775,0.01920699,0.3705874,0.1480857,0.5885257,0.8895243,0.011259966,0.012462949,0.008983878,0.008229272,0.013866136,0.09042886,0.008051363,0.2735948,0.017103644,0.105319634,0.00768141,0.01159752,0.004342034,0.03285338,0.5259409,0.13374491,-5.4364963,11.0475235,12.445173,-24.070766,-16.058178,2.7176278,-0.3637352,53.479534,-1.899778,-2.6619606,57.75043937,27.69771529,79.85940246,61.37082601,63.44463972,85.94024605,55.32513181,70.33391916,47.59226714,25.86994728,37.18804921,64.95606327,37.11775044,58.69947276,25.30755712,64.39367311,53.67311072,59.68365554,25.55360281,46.15114236,38.3831283,39.89455185,85.09666081,61.75746924,59.89455185,25.86994728,50.4745167,24.81546573,37.60984183,37.22319859,44.99121265,51.17750439,54.27065026,25.27240773,37.18804921,45.44815466,45.62390158,44.00702988,27.02987698,52.30228471,50.72056239,35.46572935,25.55360281,27.10017575,36.5202109,1.300527241,29.27943761,67.06502636,25.23725835,30.9314587,72.61862917,11.98594025
COc1cc(ON2CCN(C(C)C(=O)O)CC2)c(O)c(C2COCOC2)c1C,396.44,1.18162,8,2,4,0.7339265159,1,100.93,0,0,0,0.19293132,0.4414506,0.87283975,0.011584588,0.20553903,0.12954932,0.07645126,0.06730038,0.055303384,0.36871654,0.043216337,0.21492246,0.21830857,0.57297164,0.89563257,0.011143188,0.025171936,0.028494943,0.013130424,0.018548427,0.09119086,0.009427287,0.33491772,0.049136378,0.09334956,0.008751948,0.0077643455,0.014399627,0.031162214,0.34675804,0.28243327,-5.50167,12.11689,14.350589,-26.80537,-16.610289,2.8323283,0.09501672,64.84632,-2.4213471,-2.22789,64.67486819,34.02460457,84.51669596,61.37082601,63.44463972,79.82425308,55.32513181,68.75219684,47.59226714,25.86994728,37.18804921,45.55360281,28.3655536,69.34973638,31.66959578,65.76449912,49.38488576,61.72231986,36.48506151,50.57996485,43.16344464,48.01405975,62.60105448,72.02108963,58.8400703,26.08084359,50.19332162,49.45518453,54.55184534,44.25307557,52.7943761,51.6344464,57.04745167,27.55711775,45.69420035,42.17926186,47.94376098,35.74692443,39.22671353,51.3884007,26.81898067,49.24428822,23.76098418,28.01405975,38.5940246,0.8084358524,26.85413005,73.9543058,32.26713533,40.84358524,63.12829525,15.32513181
CC1CNC(CON2CCN(C(C)C(=O)O)CC2)C1C1COCOC1,357.451,-0.1467,7,2,4,0.6793225801,4,83.5,0,0,0,0.30381927,0.3548135,0.6223756,0.00013938826,0.024944473,0.010803867,0.0019429894,0.052291192,0.0058893682,0.07606088,0.0023952222,0.16980001,0.02567355,0.04707538,0.74310833,0.0040229727,0.019423,0.0006694767,0.0005588789,0.00477167,0.08182748,9.26E-05,0.1521395,0.0015930368,0.02035382,0.000644845,0.00045439746,0.00015666269,0.0015429457,0.7203825,0.09089494,-5.755749,4.768261,-17.612741,-6.781787,-17.757008,1.8777502,-1.8956594,6.505194,-0.5761638,-3.1065202,55.32513181,20.91388401,79.85940246,61.37082601,63.44463972,71.84534271,81.28295255,56.66080844,47.59226714,25.86994728,37.18804921,60.59753954,22.39015817,24.49912127,7.662565905,28.54130053,9.841827768,13.53251318,31.03690685,17.89103691,12.51318102,23.26889279,51.70474517,16.37961336,9.27943761,20.77328647,22.77680141,39.40246046,7.381370826,7.065026362,17.53954306,46.60808436,5.377855888,19.82425308,17.82073814,10.15817223,10.72056239,5.940246046,4.112478032,7.76801406,75.25483304,30.36906854,18.20738137,19.47275923,9.947275923,11.35325132,22.67135325,17.71528998,9.420035149,3.936731107,88.75219684,9.314586995
CC1C(O)C(N)C(ON2CCN(C(C)C(=O)O)CC2)OC1C1COCOC1,389.449,-1.3216,9,3,4,0.5208126269,6,126.95,0,0,0,0.24645726,0.20987546,0.74108404,9.92E-05,0.1032326,0.011144169,0.014302176,0.014906315,0.00304764,0.11159948,0.0052340967,0.0988328,0.03332957,0.2715556,0.76698524,0.0033562859,0.018460304,0.0012323812,0.002066963,0.0065607904,0.06681448,0.0003985556,0.12907852,0.0078113424,0.033303585,0.0015209739,0.00081049866,0.00056607684,0.004047775,0.40834206,0.0499205,-6.0341105,12.203647,-7.1881995,-9.932165,-20.76148,1.5684326,-1.6145804,12.496046,-0.76663494,-2.6872895,62.98769772,12.82952548,88.08435852,78.20738137,63.44463972,49.13884007,88.10193322,80.91388401,47.59226714,25.86994728,37.18804921,54.02460457,14.05975395,39.43760984,7.100175747,52.40773286,9.876977153,36.87170475,15.14938489,9.384885764,17.11775044,29.63093146,29.84182777,21.93321617,41.01933216,21.6168717,19.36731107,37.4340949,10.36906854,18.94551845,24.1827768,36.37961336,11.03690685,18.76977153,31.17750439,18.48857645,20.52724077,8.224956063,9.13884007,17.46924429,34.97363796,24.14762742,13.4973638,28.08435852,16.94200351,7.873462214,15.14938489,6.783831283,11.28295255,5.553602812,86.57293497,11.73989455
CC(O)C(C(=CON1CCN(C(C)C(=O)O)CC1)CO)C1COCOC1,374.434,-0.4976,8,3,4,0.4842131975,3,111.93,0,1,0,0.28876352,0.44623026,0.6664574,0.00025400857,0.056070317,0.037032537,0.00867144,0.02628606,0.012692983,0.16630468,0.003666563,0.20757803,0.059213508,0.10486841,0.672478,0.010974335,0.017970605,0.0009073721,0.0017366015,0.012380658,0.07636364,0.0025737588,0.13664304,0.004224945,0.05822774,0.0029408413,0.004782198,0.000677478,0.010533223,0.65213996,0.074715815,-5.8029885,-3.6822402,-6.979686,-10.528883,-19.695349,2.3664486,-1.2738978,18.834291,-0.896595,-3.8553886,59.50790861,17.92618629,84.51669596,78.20738137,63.44463972,44.00702988,76.60808436,74.6572935,47.59226714,66.5202109,37.18804921,59.08611599,28.78734622,28.68189807,8.681898067,41.82776801,18.34797891,29.56063269,21.05448155,28.01405975,23.26889279,26.92442882,60.94903339,36.09841828,19.85940246,18.94551845,49.84182777,36.66080844,8.365553603,16.90685413,41.58172232,43.09314587,33.46221441,19.12126538,25.72934974,30.86115993,30.01757469,27.10017575,10.29876977,30.36906854,67.34622144,28.43585237,17.50439367,12.68892794,17.04745167,7.62741652,17.50439367,44.85061511,14.58699473,8.330404218,84.81546573,6.151142355
Cc1cnc(ON2CCN(C(C)C(=O)O)CC2)c(N)c1C1COCOC1,366.418,0.44462,8,2,4,0.7668477207,1,110.38,0,0,0,0.25716147,0.5617249,0.88687265,0.0039283573,0.12535106,0.111157104,0.054499246,0.040890366,0.02022834,0.2880082,0.015807476,0.24463984,0.15384316,0.6701787,0.9589982,0.0051008323,0.013711626,0.010645808,0.0050557763,0.006538129,0.06832017,0.0018499235,0.28227323,0.011998233,0.05785208,0.0035699927,0.0039431932,0.002623621,0.01615873,0.380872,0.12460351,-5.533446,1.3497124,1.9676892,-18.9735,-16.600721,2.6334116,-0.42038125,51.15571,-2.1372857,-2.5455124,57.46924429,26.53778559,84.51669596,61.37082601,63.44463972,84.32337434,55.32513181,73.88400703,47.59226714,25.86994728,37.18804921,55.43057996,37.64499121,73.9543058,22.67135325,56.02811951,40.98418278,56.34446397,26.99472759,35.07908612,36.69595782,38.48857645,67.69771529,62.74165202,64.00702988,31.84534271,28.57644991,27.62741652,40.38664323,30.29876977,24.11247803,37.82073814,26.57293497,25.62390158,34.62214411,30.75571178,33.00527241,23.86643234,21.4059754,37.99648506,31.52899824,34.27065026,23.09314587,16.06326889,26.29173989,2.355008787,26.95957821,62.03866432,24.6397188,29.10369069,68.64674868,12.89982425
CC1CC(C)C(C2COCOC2)C(O)C1ON1CCN(C(C)C(=O)O)CC1,386.489,0.6508,7,2,4,0.7117454672,6,91.7,0,0,0,0.09109322,0.4180905,0.8360875,0.0001357413,0.10124838,0.04855821,0.018444818,0.035894044,0.014441746,0.24402884,0.0071762158,0.1272123,0.049322966,0.2623878,0.94179714,0.0027056294,0.01201486,0.0007139218,0.0032816168,0.0068142465,0.060410164,0.0021986482,0.3464173,0.036462713,0.045986384,0.0007016815,0.0020420128,0.0025751144,0.0031369634,0.42195153,0.12899494,-5.467882,26.949108,2.0001159,-14.057147,-16.203001,1.8145931,-0.69329584,32.07888,-1.3320277,-2.5408795,62.17926186,28.57644991,79.85940246,61.37082601,63.44463972,76.90685413,88.10193322,62.53075571,47.59226714,25.86994728,37.18804921,25.5887522,26.92442882,59.75395431,7.62741652,52.12653779,22.17926186,40.21089631,25.06151142,30.12302285,31.95079086,31.95079086,39.12126538,31.84534271,40.38664323,30.05272408,15.85237258,23.58523726,7.592267135,24.53427065,25.06151142,31.07205624,30.05272408,27.9086116,42.91739895,25.13181019,11.49384886,14.83304042,21.37082601,14.6572935,37.18804921,34.90333919,24.67486819,45.3427065,26.36203866,4.499121265,28.54130053,14.58699473,21.1599297,15.92267135,79.68365554,12.93497364
Cc1c(O)cc(ON2CCN(C(C)C(=O)O)CC2)c(C)c1C1COCOC1,380.441,1.48144,7,2,4,0.7937835412,1,91.7,0,0,0,0.17539342,0.47125497,0.81904525,0.01989932,0.27215785,0.13092975,0.12210389,0.08221597,0.13554372,0.37989923,0.06091898,0.25289902,0.2341017,0.4451599,0.87281626,0.01254683,0.022586046,0.034014203,0.022089016,0.029928982,0.11153612,0.013672789,0.3228243,0.0728246,0.11990998,0.0091611175,0.01233997,0.031028103,0.03326368,0.38009113,0.3701503,-5.543548,11.675402,11.582911,-23.711548,-17.093813,2.832025,0.23978229,66.591644,-2.4757886,-1.5228431,60.77328647,37.39894552,79.85940246,61.37082601,63.44463972,88.18980668,55.32513181,62.53075571,47.59226714,25.86994728,37.18804921,42.17926186,30.79086116,55.04393673,36.94200351,72.02108963,49.84182777,68.57644991,42.3198594,65.69420035,44.28822496,52.0913884,69.13884007,73.39191564,52.44288225,25.06151142,53.56766257,45.23725835,56.94200351,51.70474517,63.33919156,62.14411248,62.77680141,27.02987698,49.63093146,48.82249561,49.42003515,45.16695958,48.08435852,52.40773286,31.49384886,55.78207381,22.77680141,27.4516696,35.50087873,1.335676626,25.23725835,73.9543058,33.84885764,42.67135325,61.96836555,21.58172232
CC1=C(C2COCOC2)N(C)C(ON2CCN(C(C)C(=O)O)CC2)NC1=O,384.433,-0.7516,8,2,4,0.6334251519,2,103.81,0,0,0,0.22055867,0.33088815,0.7712277,0.00023286785,0.049099334,0.03128701,0.009821426,0.018461328,0.006607498,0.11553095,0.0030218675,0.1629425,0.049448572,0.2773516,0.73842645,0.004973125,0.017546806,0.0010532188,0.00079513795,0.0060255164,0.0822274,0.00063598144,0.1301766,0.002681714,0.03169418,0.0015585378,0.0014754632,0.000362617,0.0076937554,0.5010149,0.05608228,-5.826205,0.7941834,-2.6378162,-13.459013,-19.249651,2.0878134,-1.2602122,25.48248,-1.1554426,-3.4693565,61.68717047,16.20386643,84.51669596,61.37082601,63.44463972,64.46397188,69.84182777,70.05272408,47.59226714,25.86994728,37.18804921,50.19332162,21.01933216,44.99121265,8.576449912,39.96485062,16.16871705,31.56414763,16.9771529,19.57820738,17.75043937,25.09666081,49.49033392,31.88049209,41.33567663,20.59753954,27.66256591,35.8172232,9.068541301,8.857644991,22.35500879,46.71353251,14.55184534,18.8400703,21.89806678,17.25834798,20.73813708,11.81019332,6.502636204,26.01054482,46.60808436,25.65905097,17.01230228,15.53602812,21.54657293,4.815465729,18.24253076,27.80316344,14.79789104,12.40773286,81.82776801,7.55711775
Cc1c(Br)cc(ON2CCN(C(C)C(=O)O)CC2)c(O)c1C1COCOC1,445.31,1.93552,7,2,4,0.7109683871,1,91.7,0,0,0,0.1722211,0.47514457,0.84302604,0.059122264,0.4383019,0.18156308,0.23086353,0.06856279,0.16030069,0.4171599,0.08548971,0.33262298,0.21256244,0.6252625,0.89629793,0.016340489,0.020536538,0.048680414,0.032152403,0.031311225,0.10449843,0.033426292,0.41443712,0.090947315,0.17017987,0.015548512,0.017547488,0.039537452,0.056602485,0.38906115,0.34892595,-5.246661,11.286764,6.6170106,-1.9558125,-15.74956,2.9839828,0.9567009,82.12234,-2.993828,2.511495,74.83304042,43.76098418,79.85940246,61.37082601,63.44463972,76.76625659,55.32513181,62.53075571,47.59226714,25.86994728,37.18804921,41.58172232,30.96660808,61.23022847,48.71704745,82.84710018,65.65905097,77.60984183,36.87170475,68.47100176,47.9086116,55.95782074,81.33567663,71.52899824,61.79261863,26.11599297,60.98418278,41.4059754,62.3198594,56.66080844,64.81546573,59.05096661,74.72759227,30.50966608,51.73989455,57.6801406,60.07029877,52.26713533,51.73989455,62.14411248,32.44288225,54.55184534,33.63796134,27.31107206,30.43936731,19.01581722,30.68541301,81.26537786,45.13181019,58.06678383,53.00527241,59.19156415
Cc1c(O)cc(ON2CCN(C(C)C(=O)O)CC2)c(Br)c1C1COCOC1,445.31,1.93552,7,2,4,0.7109683871,1,91.7,0,0,0,0.2018174,0.44525868,0.8055523,0.050977148,0.45625257,0.17145617,0.26265985,0.058436584,0.16066182,0.4085021,0.0963561,0.32096502,0.21592717,0.5861873,0.8572734,0.016914709,0.018517211,0.05821085,0.037201025,0.03882953,0.11728431,0.030886695,0.34976414,0.08211448,0.17117605,0.016425071,0.02303139,0.04785677,0.061399985,0.40042287,0.35036832,-5.360059,19.145498,13.033731,-14.234522,-16.790466,2.7899518,0.63328034,76.340775,-2.6763263,1.6868932,74.83304042,43.76098418,79.85940246,61.37082601,63.44463972,76.76625659,55.32513181,62.53075571,47.59226714,25.86994728,37.18804921,47.2056239,28.68189807,51.98594025,47.02987698,83.51493849,62.88224956,79.36731107,33.35676626,68.47100176,47.02987698,57.57469244,79.75395431,71.70474517,59.57820738,24.35852373,61.82776801,37.50439367,64.78031634,58.80492091,69.771529,64.99121265,73.9543058,28.04920914,50.68541301,57.75043937,61.01933216,57.6801406,54.27065026,63.65553603,33.98945518,54.6572935,27.97891037,36.23901582,37.29349736,4.393673111,26.39718805,71.35325132,40.7029877,52.12653779,58.17223199,52.72407733
CC1C(O)CC(C)(ON2CCN(C(C)C(=O)O)CC2)CC1C1COCOC1,386.489,0.7949,7,2,4,0.7168108781,5,91.7,0,0,0,0.1143745,0.5079762,0.79132164,0.00016235521,0.09022621,0.049182612,0.015812479,0.054200195,0.023287695,0.28421402,0.012445055,0.16088888,0.07912393,0.16618085,0.96133614,0.004106334,0.012358433,0.00073181454,0.00346644,0.009654684,0.06742531,0.0046147667,0.43893242,0.03649416,0.06711439,0.0011330862,0.003504858,0.0036803898,0.0054801763,0.5333034,0.2085089,-5.5538263,16.73527,-8.457773,-10.759668,-16.788576,1.7278553,-1.1302725,21.862915,-0.9534675,-2.6114976,62.17926186,29.80667838,79.85940246,61.37082601,63.44463972,77.36379613,85.04393673,62.53075571,47.59226714,25.86994728,37.18804921,31.07205624,33.46221441,49.03339192,8.014059754,50.19332162,22.3198594,37.89103691,31.66959578,37.53954306,36.44991213,36.37961336,48.85764499,43.86643234,30.19332162,32.33743409,23.4797891,24.46397188,7.662565905,25.13181019,34.62214411,36.9771529,43.86643234,31.49384886,42.91739895,33.60281195,16.30931459,21.58172232,25.30755712,21.51142355,51.66959578,43.12829525,22.60105448,33.21616872,16.02811951,7.521968366,26.39718805,11.21265378,16.23901582,10.01757469,84.21792619,12.30228471
Cc1c(Cl)cc(ON2CCN(C(C)C(=O)O)CC2)c(O)c1C1COCOC1,400.859,1.82642,7,2,4,0.773023561,1,91.7,0,0,0,0.1823642,0.47218627,0.8516736,0.047637112,0.38413554,0.17290553,0.19052938,0.06910017,0.1389462,0.40039906,0.07080087,0.31681293,0.23067954,0.6144525,0.8918802,0.014748907,0.022212334,0.04765161,0.028166085,0.029852564,0.10778178,0.028189262,0.38496375,0.08116172,0.15346529,0.01504232,0.015533073,0.03416183,0.05220256,0.38339102,0.3369399,-5.3075294,12.997116,6.514848,-6.836145,-15.978554,2.8678179,0.7427238,78.7228,-2.808622,2.0944047,65.5887522,41.89806678,79.85940246,61.37082601,63.44463972,85.3427065,55.32513181,62.53075571,47.59226714,25.86994728,37.18804921,43.69068541,30.86115993,64.04217926,46.32688928,79.96485062,63.44463972,74.93848858,37.01230228,66.18629174,46.01054482,53.74340949,79.19156415,73.18101933,60.94903339,25.94024605,58.34797891,44.6397188,61.82776801,54.79789104,63.30404218,60.56239016,72.75922671,29.45518453,50.65026362,55.18453427,59.36731107,49.56063269,49.59578207,61.12478032,31.66959578,53.4973638,30.4745167,29.27943761,30.29876977,11.24780316,29.63093146,75.78207381,42.21441125,54.72759227,56.02811951,56.06326889
Cc1c(O)cc(ON2CCN(C(C)C(=O)O)CC2)c(Cl)c1C1COCOC1,400.859,1.82642,7,2,4,0.773023561,1,91.7,0,0,0,0.20991547,0.4452297,0.8063288,0.044711344,0.40016755,0.16053258,0.21406226,0.060343396,0.15446411,0.38541782,0.074819304,0.31062156,0.24274437,0.5676824,0.84483606,0.016536262,0.021399999,0.05687976,0.034197353,0.038277354,0.124044254,0.026013156,0.31331757,0.07371341,0.15718223,0.016195312,0.020474264,0.04206655,0.058516152,0.39019918,0.34646833,-5.409425,20.054226,12.747432,-17.058933,-16.945852,2.704829,0.48713222,73.22142,-2.5716524,1.1124579,65.5887522,41.89806678,79.85940246,61.37082601,63.44463972,85.3427065,55.32513181,62.53075571,47.59226714,25.86994728,37.18804921,48.3655536,28.68189807,52.05623902,45.65905097,81.05448155,59.57820738,76.44991213,33.77855888,67.97891037,44.67486819,54.20035149,78.41827768,74.48154657,58.52372583,23.97188049,61.4059754,43.26889279,64.39367311,57.64499121,69.5254833,67.52196837,71.45869947,26.78383128,49.70123023,55.64147627,60.7029877,55.64147627,52.37258348,62.88224956,32.58347979,54.30579965,26.18629174,37.46924429,36.73110721,2.811950791,25.76449912,66.18629174,38.27768014,49.0685413,60.14059754,46.95957821
Cc1cc(ON2CCN(C(C)C(=O)O)CC2)c(O)c(C2COCOC2)c1C,380.441,1.48144,7,2,4,0.7937835412,1,91.7,0,0,0,0.19050376,0.49416757,0.87023985,0.018756418,0.26026064,0.14352894,0.09729628,0.07989677,0.0813189,0.3780579,0.042535625,0.24904819,0.2029784,0.52228874,0.90325916,0.0110201,0.022378938,0.028246358,0.015047242,0.022007247,0.10115715,0.014022027,0.39610147,0.06261758,0.106219254,0.008916307,0.00922028,0.020264145,0.029906016,0.39128566,0.29994768,-5.4874396,16.968143,15.176417,-27.1781,-15.994604,2.7591205,0.42299443,71.40758,-2.5725725,-2.3168235,60.77328647,37.39894552,79.85940246,61.37082601,63.44463972,88.18980668,55.32513181,62.53075571,47.59226714,25.86994728,37.18804921,45.3427065,32.44288225,68.6115993,36.34446397,70.89630931,53.74340949,65.44815466,41.51142355,56.62565905,44.07732865,47.80316344,68.47100176,70.29876977,56.41476274,26.43233743,49.98242531,44.85061511,54.44639719,46.36203866,56.90685413,57.36379613,63.33919156,30.01757469,48.01405975,45.55360281,48.47100176,39.543058,42.63620387,50.79086116,32.68892794,50.36906854,24.11247803,33.4973638,39.43760984,0.7732864675,29.59578207,69.49033392,36.9771529,47.41652021,60.14059754,14.76274165
COC(c1cncn1ON1CCN(C(C)C(=O)O)CC1)C1COCOC1,370.406,-0.3746,8,1,4,0.6888092923,2,98.52,0,0,0,0.14721897,0.39983767,0.84148395,0.0003799888,0.08907254,0.08493972,0.03281384,0.023159254,0.013357227,0.25292343,0.028717246,0.1803328,0.096209995,0.53763574,0.9756807,0.0029407335,0.009384433,0.0025229552,0.0050745155,0.0056689917,0.044152316,0.0022521613,0.23185208,0.011169081,0.05690396,0.0016376063,0.007623962,0.0012011043,0.008597016,0.3181004,0.11903922,-5.7036457,6.7263017,-5.1743116,-12.663238,-17.489252,2.0951047,-1.383911,23.860062,-0.8160242,-1.8371655,58.48857645,18.69947276,84.51669596,36.59050967,63.44463972,73.21616872,69.84182777,66.81898067,47.59226714,25.86994728,37.18804921,37.22319859,25.65905097,60.66783831,9.841827768,49.80667838,32.16168717,49.20913884,19.22671353,28.85764499,32.65377856,43.93673111,54.05975395,49.5254833,57.15289982,34.6572935,17.22319859,16.83655536,17.08260105,30.29876977,20.98418278,16.30931459,30.57996485,23.65553603,33.98945518,30.4745167,21.44112478,35.46572935,14.30579965,27.41652021,23.58523726,33.42706503,19.43760984,21.82776801,18.98066784,5.588752197,23.76098418,28.11950791,13.39191564,11.24780316,85.83479789,18.8400703
CC1OC(ON2CCN(C(C)C(=O)O)CC2)CC(O)(C2COCOC2)C1C,388.461,0.1313,8,2,4,0.6804853849,5,100.93,0,0,0,0.47365385,0.54694784,0.8494626,0.00013857635,0.08376823,0.045297436,0.008612642,0.030724267,0.0049404227,0.29494053,0.0048809564,0.17471531,0.06446515,0.29982314,0.9213173,0.0059609665,0.011178923,0.00074687647,0.004080535,0.009098649,0.06552983,0.004947114,0.38219923,0.020341078,0.0810798,0.0034552831,0.004289721,0.0025220502,0.012570461,0.5896236,0.08210518,-5.6498733,6.4786825,-7.2612762,-6.995266,-18.086437,2.0066454,-1.2856249,16.53418,-0.77739394,-2.6842835,62.67135325,24.11247803,84.51669596,61.37082601,63.44463972,71.95079086,85.04393673,68.75219684,47.59226714,25.86994728,37.18804921,76.73110721,36.41476274,63.26889279,7.662565905,48.75219684,21.05448155,29.45518453,22.95254833,15.46572935,37.18804921,28.92794376,52.75922671,38.73462214,43.0228471,27.97891037,32.47803163,21.19507909,7.69771529,26.99472759,32.75922671,35.18453427,45.37785589,29.31458699,38.52372583,38.87521968,32.26713533,24.95606327,21.01933216,33.91915641,58.94551845,29.42003515,20.456942,21.47627417,16.87170475,11.03690685,21.37082601,23.93673111,14.51669596,7.275922671,86.53778559,11.77504394
Cc1c(C2COCOC2)n(O)c(ON2CCN(C(C)C(=O)O)CC2)nc1=O,384.389,-0.73858,9,2,4,0.6268548906,1,126.59,0,1,0,0.28867152,0.5267361,0.85351115,0.0037133049,0.058080584,0.106601715,0.025882378,0.016234664,0.018385679,0.19165635,0.003958308,0.2991454,0.1509563,0.79400265,0.8479763,0.005952445,0.019068873,0.0063272035,0.003124924,0.0072824485,0.08460073,0.0026544142,0.11302632,0.008489537,0.06566383,0.0051484127,0.0031170063,0.0015576582,0.02592742,0.43990785,0.06321854,-5.730403,1.8145783,0.16060257,-24.971434,-18.59496,2.3448353,-1.1942854,40.227985,-1.7970734,-4.5649204,61.65202109,16.20386643,88.08435852,61.37082601,63.44463972,63.93673111,55.32513181,80.80843585,47.59226714,66.5202109,37.18804921,59.08611599,34.69244288,64.46397188,22.24956063,42.35500879,39.43760984,45.44815466,15.64147627,33.77855888,25.83479789,27.62741652,76.87170475,62.10896309,71.73989455,24.11247803,32.44288225,38.48857645,30.79086116,23.7258348,26.57293497,47.69771529,33.88400703,17.96133568,31.81019332,33.21616872,38.87521968,20.28119508,16.34446397,47.24077329,39.19156415,26.88927944,18.80492091,16.30931459,24.6397188,1.124780316,20,43.62038664,15.5711775,20.91388401,73.91915641,4.112478032
Cc1cc(O)c(ON2CCN(C(C)C(=O)O)CC2)cc1C1COCOC1,366.414,1.17302,7,2,4,0.8025458671,1,91.7,0,0,0,0.19285458,0.48992905,0.8354861,0.008458639,0.15359637,0.10756381,0.053175382,0.06752674,0.079623744,0.28667778,0.022816952,0.24375066,0.18865693,0.3935664,0.8841669,0.010158641,0.022801671,0.018035287,0.0094115855,0.019148232,0.10111378,0.005964733,0.26441813,0.03231686,0.07770939,0.006169748,0.0066049076,0.01043681,0.02005953,0.3977442,0.24990597,-5.6031938,16.978693,11.288881,-27.499155,-17.067982,2.5667107,0.006798887,63.278297,-2.3039985,-2.0374618,57.46924429,33.84885764,79.85940246,61.37082601,63.44463972,89.70123023,55.32513181,62.53075571,47.59226714,25.86994728,37.18804921,45.55360281,32.0913884,59.43760984,29.03339192,60,39.64850615,56.02811951,36.55536028,56.20386643,36.59050967,41.65202109,67.48681898,68.43585237,49.27943761,25.65905097,47.76801406,45.65905097,47.80316344,39.2970123,53.56766257,57.36379613,48.50615114,24.92091388,41.79261863,37.64499121,41.72231986,32.86467487,36.06326889,42.17926186,33.53251318,46.32688928,21.68717047,33.4973638,35.14938489,0.7732864675,25.41300527,57.75043937,30.68541301,39.36731107,65.41300527,17.15289982
CC=C(C(=CON1CCN(C(C)C(=O)O)CC1)C(N)=O)C1COCOC1,369.418,-0.0553,7,2,4,0.3645248776,1,114.56,0,3,0,0.58471656,0.5012461,0.6346699,0.0013384967,0.08419072,0.056950737,0.021693734,0.028095046,0.025430072,0.27485523,0.011705088,0.24408165,0.08721847,0.19638652,0.6626172,0.032677762,0.017875062,0.0023191113,0.006082875,0.03099941,0.09442434,0.011723774,0.1538423,0.007615878,0.14501743,0.01954263,0.02118581,0.0032933615,0.058824837,0.73711884,0.072460085,-5.596218,1.9780343,5.2828965,-21.306227,-17.84911,2.378614,-0.8739397,36.633827,-1.5925007,-5.285174,58.24253076,21.6168717,79.85940246,61.37082601,63.44463972,28.57644991,55.32513181,76.06326889,47.59226714,96.62565905,37.18804921,85.20210896,33.04042179,25.5887522,15.25483304,48.85764499,24.46397188,42.5659051,21.96836555,39.05096661,35.53602812,35.74692443,67.55711775,47.31107206,33.70826011,18.69947276,76.44991213,36.48506151,16.09841828,32.47803163,64.4288225,53.74340949,60.42179262,19.82425308,31.03690685,53.42706503,63.83128295,56.2741652,23.83128295,62.95254833,77.32864675,28.26010545,21.75746924,16.37961336,29.10369069,1.757469244,22.3198594,45.5887522,19.12126538,18.52372583,76.44991213,2.95254833
CC(C(=O)O)N1CCN(OCC(O)C(O)(C(C)O)C2COCOC2)CC1,378.422,-1.898,9,4,4,0.3796670171,4,132.16,0,0,0,0.25758928,0.32810277,0.7045428,5.02E-05,0.023195896,0.014756486,0.0026117738,0.023192707,0.003661717,0.113854945,0.00139602,0.08385734,0.03721612,0.11112714,0.7348591,0.005695532,0.027242964,0.0004241722,0.00068255386,0.005141708,0.073086075,0.0002923526,0.099684194,0.0033460564,0.02106576,0.00089345546,0.00077150634,0.00016297224,0.0028420931,0.570413,0.039064873,-6.038167,10.329603,-8.85901,-3.3476799,-22.401321,1.4585105,-1.6974646,10.03591,-0.4817881,-1.0885745,60.28119508,10.19332162,88.08435852,86.90685413,63.44463972,30.4745167,81.28295255,81.89806678,47.59226714,25.86994728,37.18804921,55.46572935,20.98418278,33.9543058,5.834797891,27.55711775,10.79086116,15.99297012,19.26186292,11.73989455,17.46924429,20.456942,25.55360281,24.85061511,20.77328647,20.38664323,31.07205624,52.26713533,6.151142355,7.803163445,19.2970123,41.4059754,9.13884007,17.36379613,23.83128295,10.4745167,13.98945518,7.83831283,4.217926186,13.42706503,56.44991213,21.19507909,13.46221441,26.36203866,15.74692443,16.69595782,12.61862917,4.499121265,10.72056239,4.885764499,90.01757469,24.8857645
CC(=O)C(OCON1CCN(C(C)C(=O)O)CC1)C1COCOC1,346.38,-0.4391,8,1,4,0.5865729748,2,97.77,0,1,1,0.37260708,0.59194714,0.8228525,0.00015759231,0.028630465,0.04919504,0.0032086608,0.024857912,0.004814368,0.16734311,0.0011450686,0.21463275,0.045413934,0.24011919,0.9058407,0.0052501727,0.013153735,0.00036495566,0.0010343948,0.005716747,0.07414919,0.0014534432,0.23706512,0.0041754553,0.045121185,0.0016664658,0.0028621308,0.00022320484,0.007328051,0.6658039,0.040926624,-5.4950204,21.398535,-0.73052865,-15.268129,-16.480223,1.7804991,-1.3485851,22.508377,-0.88457215,-3.8820567,52.82952548,18.27768014,84.51669596,36.59050967,63.44463972,58.55887522,69.84182777,66.32688928,47.59226714,66.5202109,83.09314587,67.59226714,39.543058,56.09841828,8.014059754,31.10720562,22.3198594,18.17223199,20.21089631,15.25483304,23.33919156,18.87521968,62.5659051,29.91212654,38.5940246,26.67838313,29.20913884,26.25659051,5.729349736,11.21265378,21.1599297,42.24956063,23.51493849,23.86643234,25.69420035,24.56942004,21.65202109,18.87521968,4.956063269,25.37785589,68.99824253,21.75746924,24.00702988,39.22671353,23.55008787,3.831282953,27.31107206,13.11072056,13.84885764,10.40421793,85.02636204,6.080843585
CC(C(=O)O)N1CCN(ON2C(=O)C(C(C)O)(C3COCOC3)NC2=S)CC1,418.472,-1.6195,9,3,4,0.4312348749,3,124.04,0,1,0,0.66425884,0.49861154,0.703673,0.00028933253,0.1170996,0.04900025,0.02033301,0.0073530152,0.0072567053,0.2863062,0.0041643907,0.29518348,0.04088427,0.5446725,0.72880894,0.009519757,0.00602384,0.0007323922,0.0038583432,0.0147777945,0.065228604,0.013867937,0.17816791,0.0037881634,0.17182447,0.013395051,0.013325003,0.0018506789,0.059446882,0.7499923,0.03159201,-5.851989,-1.1448166,7.599765,-10.1206,-18.759232,2.3477895,-0.8273455,42.576103,-1.8213947,-2.7951283,69.87697715,11.28295255,88.08435852,78.20738137,63.44463972,37.18804921,76.60808436,80.28119508,47.59226714,66.5202109,37.18804921,89.70123023,32.89982425,33.88400703,9.13884007,54.62214411,22.24956063,41.54657293,11.52899824,20.94903339,36.55536028,27.87346221,76.34446397,26.81898067,57.50439367,20.31634446,45.90509666,8.717047452,7.662565905,26.43233743,46.64323374,35.04393673,63.09314587,21.26537786,25.06151142,57.78558875,57.04745167,46.46748682,18.06678383,63.05799649,78.91036907,18.8400703,16.5202109,14.58699473,31.42355009,7.83831283,19.543058,43.7258348,19.57820738,22.39015817,73.39191564,11.17750439
CC1=C(C2COCOC2)C(=O)C(ON2CCN(C(C)C(=O)O)CC2)=C(N)C1=O,395.412,-0.7322,9,2,4,0.5741698436,1,131.63,1,1,0,0.6108494,0.54010034,0.77111286,0.035160843,0.3083108,0.12400939,0.18293388,0.041308314,0.091943,0.40929645,0.07134501,0.32836428,0.18876892,0.72865856,0.8557029,0.021988075,0.014802335,0.041963346,0.029470328,0.033055604,0.10704581,0.022388529,0.29978892,0.047258466,0.24319875,0.036242075,0.03406111,0.037956674,0.12555715,0.60767144,0.19854376,-5.4006224,-0.4072609,6.9420943,-19.236715,-17.532595,2.7368014,-0.7763334,47.725105,-2.15387,-3.6089768,64.60456942,16.2741652,88.08435852,61.37082601,63.44463972,56.90685413,55.32513181,81.8629174,97.39894552,66.5202109,37.18804921,86.57293497,35.78207381,44.99121265,42.95254833,74.76274165,47.06502636,74.37609842,27.31107206,58.94551845,47.17047452,53.74340949,80.59753954,68.50615114,67.55711775,24.28822496,68.50615114,29.98242531,59.85940246,55.28998243,65.79964851,60.07029877,69.84182777,26.39718805,45.3427065,66.22144112,72.68892794,64.1827768,51.24780316,76.76625659,62.10896309,42.14411248,26.67838313,15.00878735,30.86115993,2.319859402,23.62038664,68.40070299,20.14059754,26.22144112,68.3655536,6.818980668
COC1C(C)C(C2COCOC2)OC(ON2CCN(C(C)C(=O)O)CC2)C1O,404.46,-0.6339,9,2,4,0.5934242081,6,110.16,0,0,0,0.101994194,0.2526274,0.91256845,1.40E-05,0.07891523,0.024087984,0.016362842,0.006994312,0.00034973092,0.1397703,0.0016613804,0.07388373,0.012876818,0.523802,0.8433288,0.0012936164,0.009732051,0.000118845164,0.0009944125,0.0024051785,0.03190644,0.000820785,0.22417068,0.012248844,0.02342869,0.0006497301,0.00033655716,0.00030140346,0.0018485375,0.3079724,0.015474099,-5.653089,20.812614,-5.343716,-11.269948,-18.517727,1.5825531,-1.3376249,17.822668,-0.6263173,-2.2736747,66.22144112,16.90685413,88.08435852,61.37082601,63.44463972,59.19156415,88.10193322,73.67311072,47.59226714,25.86994728,37.18804921,27.94376098,15.8172232,83.33919156,4.217926186,47.76801406,13.98945518,38.34797891,11.24780316,0.9490333919,20.59753954,21.4059754,23.19859402,8.611599297,56.48506151,23.93673111,7.451669596,17.46924429,3.550087873,10.75571178,7.521968366,7.416520211,16.73110721,23.33919156,34.86818981,12.30228471,10.82601054,5.342706503,5.975395431,9.420035149,22.24956063,9.595782074,20.42179262,38.41827768,18.80492091,6.959578207,20.28119508,7.065026362,13.88400703,7.943760984,88.15465729,15.00878735
Cc1[nH]c(=O)cc(OON2CCN(C(C)C(=O)O)CC2)c1C1COCOC1,383.401,0.08732,8,2,4,0.5208955776,1,113.56,0,2,1,0.43193978,0.4687918,0.8696575,0.00052699295,0.017355066,0.06302374,0.0047772066,0.022314172,0.006517932,0.17641497,0.0028477213,0.20124233,0.13362506,0.5305403,0.8523731,0.008163275,0.022877926,0.002484704,0.0017046895,0.005347841,0.07209142,0.0015504352,0.12599112,0.004681582,0.034807213,0.0036105055,0.0028124964,0.00071619765,0.018928126,0.5014766,0.051828206,-5.714367,4.0898256,0.57903254,-18.181019,-18.825478,2.276486,-0.9614173,45.87749,-1.9845283,-2.5312457,61.4059754,23.58523726,84.51669596,61.37082601,63.44463972,49.20913884,55.32513181,75.71177504,47.59226714,87.92618629,83.09314587,72.86467487,30.57996485,68.54130053,11.21265378,23.4797891,26.01054482,22.07381371,18.76977153,19.33216169,24.21792619,24.81546573,59.57820738,58.94551845,56.87170475,24.28822496,41.51142355,45.83479789,16.9771529,16.59050967,19.96485062,40.66783831,24.28822496,18.55887522,26.43233743,19.05096661,33.2513181,18.69947276,10.61511424,40.63268893,46.67838313,24.78031634,19.15641476,18.66432337,24.85061511,2.425307557,19.36731107,39.43760984,18.17223199,24.99121265,71.3884007,13.00527241
CC1C=CC(ON2CCN(C(C)C(=O)O)CC2)OC1C1COCOC1,356.419,0.5464,7,1,4,0.7154617419,4,80.7,0,1,0,0.13589388,0.5604116,0.9047316,0.00041203908,0.110424146,0.07467161,0.019370211,0.026696736,0.0051738555,0.2241518,0.0034227069,0.16523437,0.04929824,0.45580196,0.9466732,0.003111282,0.012373424,0.0007473581,0.0019521865,0.005392014,0.053982638,0.0038127278,0.39944857,0.014643828,0.044317268,0.0017634211,0.001685431,0.0011486795,0.004701023,0.41248685,0.05685255,-5.4354978,21.928583,-0.88426477,-16.698965,-15.459654,1.9021225,-0.8593645,30.929813,-1.0938313,-3.0581036,54.90333919,27.59226714,79.85940246,36.59050967,63.44463972,77.11775044,81.28295255,55.14938489,47.59226714,66.5202109,37.18804921,35.32513181,37.50439367,80.73813708,10.29876977,53.46221441,29.20913884,40.77328647,21.08963093,16.20386643,29.87697715,26.32688928,50.50966608,31.84534271,53.07557118,30.61511424,18.41827768,24.46397188,7.69771529,18.17223199,20.07029877,24.95606327,40.56239016,30.08787346,36.09841828,24.1827768,22.53075571,12.86467487,13.98945518,19.78910369,35.74692443,25.76449912,25.55360281,40,23.40949033,3.0228471,32.47803163,19.08611599,19.19156415,15.3602812,82.35500879,9.490333919
CC(C(=O)O)N1CCN(OCOC(C)(C(C)C)C2COCOC2)CC1,360.451,1.018,7,1,4,0.6427858441,2,80.7,0,1,1,0.17229179,0.4888212,0.812767,0.00040799374,0.12625234,0.05501592,0.025987431,0.07396962,0.011471218,0.26846763,0.015248624,0.17904985,0.05463774,0.2172815,0.9478092,0.005373551,0.014644655,0.0015425843,0.003503146,0.013062216,0.083822355,0.0034324445,0.53919345,0.031463504,0.07168637,0.0021654386,0.0047686487,0.002897834,0.005587557,0.6072367,0.16264537,-5.207929,42.369267,17.519161,-15.102091,-13.65711,1.8737217,-0.22173119,42.685966,-1.6800331,-1.712662,56.13356766,31.88049209,79.85940246,36.59050967,63.44463972,65.76449912,69.84182777,55.14938489,47.59226714,66.5202109,83.09314587,41.58172232,32.0913884,53.28646749,10.15817223,56.13356766,23.86643234,45.51845343,39.19156415,26.78383128,34.86818981,38.06678383,53.70826011,34.05975395,36.23901582,30.68541301,29.59578207,29.80667838,12.61862917,25.30755712,43.26889279,47.52196837,38.87521968,35.67662566,41.75746924,35.1142355,24.92091388,27.06502636,22.42530756,21.79261863,62.03866432,38.48857645,35.39543058,58.87521968,41.72231986,3.936731107,43.65553603,17.46924429,27.10017575,22.49560633,75.21968366,19.71880492
CC1CC=C(ON2CCN(C(C)C(=O)O)CC2)OC1C1COCOC1,356.419,0.8956,7,1,4,0.7781117666,3,80.7,0,0,0,0.049265362,0.5989117,0.8818447,0.0024626814,0.25377402,0.13177423,0.094175875,0.04935098,0.04431562,0.28478977,0.012500657,0.20063834,0.0636685,0.44478434,0.97385037,0.0031072688,0.010970057,0.0024992179,0.0051024905,0.008184592,0.06209871,0.0046119047,0.5353336,0.042396344,0.06025212,0.0011863858,0.003737834,0.0035636171,0.0046201074,0.36701947,0.1426091,-5.269314,24.076523,3.2699616,-21.610703,-14.112874,2.1034923,-0.41091818,45.53722,-1.4644388,-2.807237,54.90333919,30.75571178,79.85940246,36.59050967,63.44463972,85.94024605,76.60808436,55.14938489,47.59226714,25.86994728,37.18804921,13.11072056,40.21089631,72.37258348,19.19156415,70.19332162,50.15817223,65.06151142,29.87697715,47.27592267,36.44991213,36.5202109,59.36731107,38.24253076,52.40773286,34.34094903,18.34797891,20.52724077,17.04745167,30.36906854,30.08787346,32.68892794,43.86643234,35.5711775,44.39367311,31.66959578,17.08260105,22.67135325,24.78031634,19.50790861,29.66608084,36.5202109,32.05623902,42.81195079,27.52196837,1.722319859,40.66783831,28.57644991,24.85061511,24.81546573,77.92618629,11.10720562
CC1CCC(ON2CCN(C(C)C(=O)O)CC2)OC1C1COCOC1,358.435,0.7704,7,1,4,0.7719284727,4,80.7,0,0,0,0.16815048,0.6033326,0.90601015,0.00023596622,0.13815232,0.0737733,0.025135193,0.028951844,0.0049169124,0.25736895,0.004680472,0.17801547,0.04423148,0.46740407,0.9680937,0.0026267678,0.0099289445,0.0005646335,0.0029875312,0.005164994,0.05048775,0.004316292,0.49512768,0.023239193,0.05922513,0.0016242231,0.0020268832,0.00142809,0.005229116,0.4337873,0.06717307,-5.3628983,25.780216,-0.9260132,-15.206805,-14.742956,1.8022867,-0.77535594,31.634943,-1.1365368,-2.6381652,55.53602812,29.70123023,79.85940246,36.59050967,63.44463972,85.23725835,81.28295255,55.14938489,47.59226714,25.86994728,37.18804921,40.84358524,40.52724077,81.30052724,8.576449912,57.85588752,29.03339192,44.95606327,22.35500879,15.43057996,33.28646749,28.6115993,53.4973638,29.0685413,53.91915641,33.46221441,15.43057996,17.89103691,6.818980668,23.26889279,19.33216169,21.72231986,43.0228471,33.9543058,39.61335677,31.17750439,21.37082601,14.69244288,15.95782074,20.84358524,38.45342707,27.48681898,27.94376098,44.35852373,23.33919156,3.901581722,36.69595782,14.16520211,20.14059754,15.67662566,81.96836555,12.0913884
Cc1ccc(ON2CCN(C(C)C(=O)O)CC2)nc1C1COCOC1,351.403,0.86242,7,1,4,0.8362778012,1,84.36,0,0,0,0.14648636,0.6582421,0.92769164,0.008429522,0.17064424,0.18607959,0.06708686,0.066856906,0.03525312,0.32202196,0.013728106,0.29070053,0.15023473,0.6287602,0.97411203,0.0046934956,0.0129663,0.008923554,0.004406183,0.006661965,0.0659844,0.0052072583,0.5466217,0.026061798,0.06290391,0.0030291094,0.0034384064,0.0042953077,0.010767381,0.36533234,0.15579626,-5.3319654,16.379276,7.099817,-23.565176,-14.577901,2.5071106,0.015330863,61.49832,-2.1663811,-2.6951585,53.67311072,30.40421793,79.85940246,36.59050967,63.44463972,93.53251318,55.32513181,57.60984183,47.59226714,25.86994728,37.18804921,37.18804921,44.78031634,88.99824253,28.92794376,62.03866432,66.81898067,59.78910369,36.06326889,43.83128295,39.43760984,37.4340949,75.5711775,62.00351494,61.96836555,34.37609842,26.32688928,26.08084359,37.36379613,28.47100176,24.53427065,35.8172232,46.11599297,35.95782074,40.24604569,32.40773286,30.33391916,21.30052724,26.95957821,30.75571178,29.5254833,38.03163445,29.38488576,32.86467487,31.00175747,1.335676626,37.6801406,54.20035149,30.82601054,37.46924429,68.18980668,11.6344464
CC(C(=O)O)N1CCN(Oc2cc[n+](C)c(C3COCOC3)n2)CC1,353.399,-0.6215,7,1,4,0.7009214228,1,88.24,0,1,0,0.15016228,0.16621344,0.26313657,0.0012015209,0.014939373,0.0024838215,0.0026159897,0.0076944777,0.017331753,0.013501328,0.0004921745,0.24662869,0.0059413174,0.04124642,0.022365138,0.0019797038,0.016960572,0.0014943372,0.00076134625,0.005792317,0.07003009,4.79E-05,0.007920806,0.00021559915,0.021157864,0.0006993764,0.00029146767,0.0004777885,0.0010005756,0.6145311,0.029432371,-6.0771427,-9.888356,-10.586186,-12.273776,-20.882944,2.3922524,-1.8829353,14.012202,-0.8880833,-0.49487743,54.16520211,16.9771529,79.85940246,36.59050967,63.44463972,75.3602812,55.32513181,59.92970123,47.59226714,66.5202109,37.18804921,37.96133568,11.3884007,8.506151142,14.86818981,21.33567663,6.678383128,15.99297012,11.70474517,33.04042179,3.16344464,13.98945518,67.9086116,5.096660808,8.119507909,5.518453427,11.3884007,35.04393673,12.26713533,8.576449912,21.58172232,39.26186292,4.428822496,7.205623902,4.569420035,10.57996485,11.49384886,4.991212654,7.943760984,5.307557118,62.67135325,17.89103691,12.75922671,9.033391916,14.37609842,5.799648506,15.00878735,46.36203866,9.455184534,6.11599297,85.02636204,30.72056239
CSc1nc(C)c(C2COCOC2)n1NON1CCN(C(C)C(=O)O)CC1,401.489,0.48212,9,2,4,0.4954890487,1,101.32,0,1,0,0.52914107,0.5534339,0.8668971,0.00033555136,0.03531254,0.053185284,0.0045548575,0.040680066,0.006589721,0.2855623,0.0057596266,0.22767034,0.097357936,0.36824796,0.9322704,0.0051068356,0.009331552,0.001505058,0.0015054089,0.0046686875,0.05018463,0.0007860261,0.3201874,0.0031767755,0.045301568,0.0020754233,0.0026508074,0.00056314364,0.012300385,0.5794801,0.0956284,-5.549513,6.731177,8.779144,-19.86325,-15.9837675,2.5831153,-0.46790528,50.79904,-1.7348598,-1.2726736,65.76449912,26.95957821,88.08435852,61.37082601,63.44463972,45.79964851,55.32513181,68.89279438,47.59226714,66.5202109,37.18804921,81.01933216,36.94200351,67.66256591,9.384885764,34.30579965,23.26889279,21.44112478,26.85413005,19.543058,36.48506151,30.50966608,64.99121265,49.98242531,47.94376098,28.89279438,28.64674868,16.69595782,12.44288225,14.97363796,17.18804921,21.58172232,16.23901582,26.92442882,23.55008787,24.71001757,24.35852373,17.85588752,9.033391916,33.46221441,57.60984183,31.14235501,22.70650264,21.82776801,32.44288225,2.179261863,29.59578207,58.87521968,24.07732865,28.89279438,74.72759227,23.83128295
CC(O)C(C1COCOC1)N(C)C(=O)ON1CCN(C(C)C(=O)O)CC1,375.422,-0.5696,8,2,4,0.6301446702,3,112.01,0,0,0,0.18737106,0.38075906,0.7121764,0.00011265311,0.090090185,0.054851778,0.014791858,0.014882231,0.009596547,0.19383106,0.0040558153,0.25942925,0.043324836,0.22559747,0.851292,0.0058785276,0.010124368,0.00047938238,0.0017008173,0.009827419,0.07495781,0.0033285965,0.14544271,0.005777844,0.061082415,0.0017136883,0.0050233197,0.00046841372,0.008399874,0.5694019,0.052305263,-5.6037726,6.298751,-4.2106543,-15.895777,-17.59119,2.2115703,-1.2831795,19.074451,-0.6367054,-3.9000938,59.68365554,17.36379613,84.51669596,61.37082601,63.44463972,64.14762742,76.60808436,74.69244288,47.59226714,25.86994728,37.18804921,44.78031634,24.04217926,34.90333919,7.240773286,50.08787346,23.76098418,37.22319859,15.14938489,24.46397188,26.01054482,27.80316344,70.43936731,28.43585237,36.9771529,24.28822496,32.02108963,18.3831283,6.326889279,16.55536028,35.1142355,42.53075571,38.31282953,19.50790861,28.26010545,32.05623902,22.17926186,28.11950791,7.873462214,26.95957821,56.30931459,24.78031634,21.68717047,21.33567663,19.82425308,3.409490334,23.40949033,35.53602812,14.51669596,8.506151142,87.97891037,6.010544815
Cc1oc(=O)c(ON2CCN(C(C)C(=O)O)CC2)c(O)c1C1COCOC1,384.385,0.12622,9,2,4,0.723960717,1,121.91,0,0,0,0.19910078,0.46476626,0.8578712,0.0039186617,0.09968404,0.1390075,0.040413864,0.017266532,0.02109487,0.19751923,0.0046312725,0.31765556,0.1167099,0.7319754,0.8715636,0.008278301,0.018394748,0.0070837354,0.0047027017,0.010893717,0.08770517,0.0068870173,0.12979214,0.01458033,0.07181821,0.005377492,0.0054141376,0.0032112158,0.026785586,0.43150932,0.057610303,-5.551537,-2.238914,1.6280502,-24.730137,-17.57768,2.823953,-0.7898243,53.522675,-2.0708451,-3.454099,61.65202109,24.04217926,88.08435852,61.37082601,63.44463972,78.31282953,55.32513181,79.47275923,47.59226714,25.86994728,37.18804921,46.81898067,30.36906854,65.23725835,22.67135325,51.73989455,52.16168717,52.37258348,16.48506151,35.92267135,26.5026362,28.50615114,79.22671353,55.07908612,67.80316344,24.95606327,41.89806678,37.36379613,33.28646749,29.27943761,38.27768014,49.771529,51.45869947,18.8400703,36.09841828,35.18453427,39.57820738,29.5254833,23.55008787,48.01405975,38.24253076,25.86994728,22.63620387,13.63796134,25.79964851,1.195079086,23.44463972,73.4973638,19.89455185,30.96660808,70.08787346,7.592267135
CC1CC(C)(O)C(C2COCOC2)CC(ON2CCN(C(C)C(=O)O)CC2)O1,402.488,0.5214,8,2,4,0.6814727249,5,100.93,0,0,0,0.34861618,0.55729944,0.8789109,0.00011821596,0.070352845,0.046962984,0.007157162,0.027767371,0.0049524386,0.253687,0.003069563,0.17986189,0.060386352,0.32484418,0.94159585,0.0040200176,0.010220389,0.00050922355,0.0025558942,0.00667217,0.05996746,0.0047912123,0.38321373,0.013924137,0.06527476,0.0026806113,0.0028582981,0.0014816013,0.009550348,0.5645317,0.07564086,-5.616906,10.445937,-8.8574505,-8.355637,-17.810848,1.8520124,-1.3017111,14.442499,-0.7333578,-2.842421,65.90509666,27.31107206,84.51669596,61.37082601,63.44463972,72.0913884,85.04393673,68.75219684,47.59226714,25.86994728,37.18804921,65.3427065,37.18804921,71.07205624,7.346221441,46.01054482,21.6168717,27.13532513,21.79261863,15.50087873,32.65377856,25.20210896,53.9543058,36.5202109,44.95606327,30.01757469,22.77680141,18.76977153,6.502636204,21.4059754,24.56942004,30.75571178,44.74516696,29.34973638,35.67662566,33.04042179,28.71704745,18.8400703,16.06326889,29.20913884,55.71177504,28.54130053,21.23022847,26.57293497,15.74692443,9.384885764,22.53075571,16.13356766,14.4112478,6.362038664,87.02987698,10.86115993
CC(C(=O)O)N1CCN(OC2CC(C)(C3COCOC3)C(C)(O)C(C)O2)CC1,402.488,0.5214,8,2,4,0.6814727249,5,100.93,0,0,0,0.4664527,0.50739825,0.84287107,0.00011114286,0.09367766,0.04911915,0.014355469,0.03477561,0.0046718097,0.32170725,0.009500406,0.16066048,0.066239715,0.29838556,0.9337446,0.0071881837,0.012796615,0.000800721,0.0044771605,0.010744338,0.062261015,0.010248746,0.4315017,0.020799262,0.09819664,0.0047765495,0.0057736756,0.0032908458,0.017741878,0.59981215,0.1031179,-5.5680423,14.554741,1.1166942,-9.22762,-17.28104,2.0142236,-0.935589,23.802906,-1.2044103,-2.3942654,65.90509666,27.31107206,84.51669596,61.37082601,63.44463972,72.0913884,85.04393673,68.75219684,47.59226714,25.86994728,37.18804921,76.20386643,33.35676626,61.19507909,7.205623902,50.72056239,22.3198594,36.90685413,24.67486819,14.6572935,39.40246046,34.16520211,48.82249561,39.36731107,42.88224956,29.0685413,37.92618629,25.62390158,7.873462214,28.64674868,37.78558875,32.86467487,58.48857645,31.14235501,38.66432337,43.83128295,37.6801406,30.228471,23.79613357,39.47275923,60.7029877,31.95079086,22.3198594,30.82601054,25.30755712,8.400702988,24.4288225,24.21792619,18.48857645,11.24780316,81.37082601,14.09490334
CC1C(=O)CC(ON2CCN(C(C)C(=O)O)CC2)N(C#N)C1C1COCOC1,396.444,-0.28412,9,1,4,0.6218698613,4,115.57,0,1,0,0.1108319,0.25774062,0.76676625,0.00014579875,0.109337196,0.06304719,0.024917984,0.012861205,0.006497572,0.21727613,0.008943247,0.13938287,0.05146739,0.48737422,0.8415701,0.006776889,0.020599669,0.0009923067,0.003264177,0.0106788995,0.07196734,0.004626557,0.16625555,0.015490907,0.07286749,0.0029054517,0.004436598,0.0011595655,0.013633305,0.38442883,0.057821028,-5.6419473,0.1130661,-2.9743724,-13.727142,-18.258377,2.4066398,-1.2266195,22.889637,-1.2330456,-4.9358954,64.67486819,19.36731107,88.08435852,36.59050967,63.44463972,63.16344464,81.28295255,76.44991213,47.59226714,66.5202109,37.18804921,29.94727592,16.06326889,44.00702988,7.76801406,53.32161687,26.01054482,44.85061511,14.23550088,19.26186292,28.75219684,33.70826011,42.95254833,32.75922671,55.07908612,23.90158172,36.16871705,41.51142355,8.822495606,24.46397188,37.60984183,40.56239016,43.86643234,20.7029877,36.62565905,35.60632689,29.87697715,25.51845343,14.05975395,34.97363796,31.73989455,25.86994728,20.63268893,15.25483304,21.26537786,4.74516696,20.84358524,47.52196837,15.14938489,10.54481547,81.1599297,3.444639719
CCC(NC(=O)ON1CCN(C(C)C(=O)O)CC1)C1COCOC1,345.396,0.1174,7,2,4,0.6999524596,2,100.57,0,0,0,0.23753889,0.53552663,0.8293854,0.0007183576,0.09020142,0.0999171,0.01742216,0.022534551,0.0077460795,0.19792445,0.0037240158,0.270794,0.04966614,0.4065044,0.93054897,0.005296085,0.01126916,0.0014275541,0.0015687405,0.0070014345,0.075909205,0.002215999,0.26439768,0.0055926493,0.0445705,0.0022435188,0.0038781161,0.00058531505,0.008421889,0.5360181,0.04956093,-5.5232096,6.5850296,-0.2576458,-17.139194,-15.644038,2.4194539,-0.8408243,31.385931,-1.0812668,-3.2723897,52.68892794,24.00702988,79.85940246,61.37082601,63.44463972,75.18453427,69.84182777,68.11950791,47.59226714,25.86994728,37.18804921,52.65377856,35.39543058,57.85588752,12.26713533,50.15817223,37.18804921,39.26186292,18.91036907,21.79261863,26.60808436,27.06502636,72.75922671,32.02108963,50.15817223,28.71704745,29.27943761,21.37082601,11.84534271,15.46572935,25.69420035,42.95254833,30.19332162,24.92091388,28.01405975,24.28822496,25.3427065,23.4797891,9.420035149,27.02987698,51.84534271,24.00702988,23.33919156,21.6168717,24.07732865,2.706502636,31.31810193,48.3655536,19.40246046,15.5711775,82.46045694,8.400702988
CC=C(NC(=O)ON1CCN(C(C)C(=O)O)CC1)C1COCOC1,343.38,0.2426,7,2,4,0.7322686895,1,100.57,0,0,0,0.33221596,0.5440642,0.82836187,0.0017180871,0.0884136,0.09890777,0.021237422,0.025847007,0.015354206,0.20583817,0.00437029,0.27912053,0.07809045,0.4286229,0.8840893,0.008350754,0.013899009,0.0026048736,0.0019008096,0.009592677,0.08560349,0.002391187,0.19882813,0.0055707227,0.052317597,0.0037004172,0.0044174884,0.0010731595,0.015307477,0.55784035,0.046667844,-5.531154,-1.5460091,-0.7123249,-17.544031,-16.070742,2.5936713,-0.8777536,37.982067,-1.3689225,-3.912169,52.26713533,24.8857645,79.85940246,61.37082601,63.44463972,79.43760984,55.32513181,68.11950791,47.59226714,25.86994728,37.18804921,63.55008787,36.13356766,57.53954306,16.83655536,49.771529,36.90685413,42.14411248,20.77328647,30.96660808,27.2056239,28.08435852,74.05975395,43.55008787,51.6344464,25.65905097,42.14411248,28.08435852,17.36379613,17.85588752,34.44639719,48.3655536,32.0913884,22.21441125,27.94376098,28.47100176,33.63796134,25.44815466,13.35676626,36.90685413,55.1142355,23.44463972,23.12829525,14.30579965,23.62038664,2.671353251,29.20913884,59.543058,19.05096661,19.22671353,79.08611599,6.010544815
CC(=O)C(NC(=O)ON1CCN(C(C)C(=O)O)CC1)C1COCOC1,359.379,-0.7036,8,2,4,0.6342798294,2,117.64,0,0,0,0.29548755,0.5252208,0.7780346,0.0001500882,0.03494924,0.065249614,0.004917963,0.010369774,0.005081068,0.16005783,0.00083453755,0.28114,0.0495359,0.3593139,0.8067805,0.005457064,0.011505307,0.00043260673,0.0007604689,0.006299303,0.076116465,0.0022507473,0.097139105,0.0022882156,0.049819063,0.002218333,0.0030632708,0.00020915084,0.011289616,0.62789375,0.02408976,-5.714986,-1.705239,-0.052108765,-18.825245,-17.333351,2.485278,-1.1464945,28.404627,-0.95095813,-4.396453,55.8172232,16.48506151,84.51669596,61.37082601,63.44463972,64.49912127,69.84182777,77.15289982,47.59226714,25.86994728,37.18804921,59.64850615,34.55184534,46.25659051,7.908611599,34.27065026,26.46748682,22.39015817,13.04042179,15.85237258,22.60105448,17.08260105,74.34094903,31.95079086,47.24077329,22.77680141,30.01757469,22.17926186,6.221441125,8.576449912,23.23374341,43.0228471,30.50966608,17.25834798,20.56239016,26.95957821,25.27240773,20.03514938,4.780316344,31.88049209,64.39367311,14.93848858,19.15641476,14.20035149,24.35852373,2.355008787,24.21792619,52.93497364,15.99297012,14.02460457,84.21792619,4.46397188
Cc1[nH]nc([Si](C)(C)ON2CCN(C(C)C(=O)O)CC2)c1C1COCOC1,398.536,0.24042,7,2,4,0.6576188767,1,100.15,0,1,1,0.24157842,0.37754315,0.72369134,0.00025559095,0.19455679,0.057890497,0.040258475,0.03852137,0.04183671,0.28028202,0.028916523,0.28629825,0.08613658,0.23906687,0.8657157,0.0081282975,0.0108796805,0.0015622645,0.007915407,0.015300189,0.07756141,0.0036803193,0.2960198,0.018851679,0.09644435,0.0020229823,0.0067481147,0.0030229255,0.01312927,0.5559199,0.18163219,-5.767952,-3.332241,3.685267,-17.330524,-18.542543,2.7739975,-0.7054829,40.730396,-1.6714404,-1.9280198,65.23725835,24.8857645,79.85940246,61.37082601,63.44463972,68.18980668,55.32513181,67.94376098,47.59226714,66.5202109,83.09314587,53.39191564,23.86643234,36.62565905,8.681898067,64.4288225,24.67486819,52.23198594,25.97539543,46.53778559,35.95782074,43.93673111,75.04393673,46.81898067,38.48857645,24.6397188,41.33567663,20.24604569,12.61862917,36.41476274,47.27592267,43.90158172,40.28119508,26.22144112,37.96133568,43.33919156,24.07732865,33.32161687,22.77680141,34.58699473,54.86818981,40.56239016,18.03163445,12.89982425,27.94376098,2.671353251,20.21089631,70.29876977,21.01933216,21.05448155,75.32513181,17.99648506
CC(=O)N(NC(=O)ON1CCN(C(C)C(=O)O)CC1)C1COCOC1,360.367,-1.1453,8,2,4,0.5989081725,1,120.88,0,1,0,0.31847864,0.41804314,0.77295434,0.00011157429,0.030790891,0.056309205,0.00406099,0.003886756,0.0020282823,0.12201969,0.00039522303,0.2740295,0.025836926,0.550992,0.7326319,0.0032040246,0.008228535,0.00034626105,0.00041784073,0.0042346353,0.06728934,0.0010239171,0.044160217,0.0010088735,0.035782784,0.0011729167,0.0014065634,0.00010505761,0.008056781,0.6157518,0.009596072,-5.6807036,-2.0065675,-2.9070225,-17.176506,-17.31314,2.308795,-1.5218706,26.937428,-0.8297019,-4.0503974,56.06326889,13.60281195,84.51669596,61.37082601,63.44463972,59.92970123,55.32513181,79.19156415,47.59226714,66.5202109,37.18804921,62.10896309,26.92442882,45.27240773,7.205623902,32.23198594,24.32337434,20.49209139,8.365553603,6.537785589,18.48857645,12.23198594,73.14586995,16.44991213,57.64499121,20.35149385,18.76977153,13.70826011,5.553602812,5.518453427,15.5711775,36.83655536,19.01581722,13.14586995,14.48154657,19.68365554,16.9771529,11.56414763,3.479789104,26.36203866,62.81195079,5.588752197,19.92970123,13.91915641,21.37082601,2.706502636,24.25307557,41.44112478,12.0913884,13.07557118,85.72934974,5.694200351
COC(C(=O)NON1CCN(C(C)C(=O)O)CC1)(C1COCOC1)C(F)(F)F,415.365,-0.3921,8,2,4,0.5373265193,2,109.8,0,1,0,0.5895807,0.52952415,0.8187885,6.27E-05,0.027496438,0.04473164,0.004678848,0.010464442,0.0014391536,0.23525754,0.0020437278,0.15497491,0.035335895,0.43967906,0.8727778,0.0068539465,0.010076058,0.00029766603,0.0015123978,0.0054988535,0.055726506,0.00368702,0.25153586,0.0025068633,0.07309116,0.0033105805,0.005270997,0.00043350243,0.025689477,0.6668473,0.022646207,-5.4721413,8.404728,6.5824714,-15.578688,-15.080028,2.3637362,-0.5355265,39.534737,-1.414842,-2.8537116,68.92794376,18.41827768,84.51669596,61.37082601,63.44463972,51.35325132,69.84182777,73.4973638,47.59226714,66.5202109,37.18804921,85.3427065,34.90333919,55.00878735,6.221441125,30.57996485,20.77328647,21.79261863,13.11072056,4.46397188,31.35325132,22.5659051,46.99472759,23.26889279,52.16168717,25.06151142,36.34446397,18.17223199,5.272407733,15.00878735,20.31634446,26.25659051,40.31634446,24.25307557,21.37082601,35.67662566,31.56414763,29.24428822,7.592267135,46.92442882,69.17398946,14.13005272,24.53427065,23.69068541,30.40421793,3.514938489,34.83304042,44.67486819,23.44463972,20.21089631,78.52372583,10.79086116
Cc1nn(C)c(C2COCOC2)c1SON1CCN(C(C)C(=O)O)CC1,386.474,0.84582,8,1,4,0.7146021205,1,89.29,0,1,1,0.5054853,0.58656317,0.8612412,0.00145749,0.13379832,0.08452634,0.02240242,0.058286227,0.019910282,0.3495397,0.01802693,0.27788267,0.11141069,0.3885823,0.9305506,0.007600409,0.010678482,0.003844962,0.0044633676,0.009095701,0.06987186,0.0030162684,0.4367137,0.011901317,0.08063212,0.004156611,0.0058399304,0.0018909073,0.020676821,0.6059697,0.14173292,-5.5076265,15.801828,11.570145,-21.554724,-16.00272,2.3567595,-0.41929698,57.72596,-1.9812788,-1.3606195,62.14411248,30.26362039,84.51669596,36.59050967,63.44463972,77.11775044,55.32513181,60.80843585,47.59226714,66.5202109,83.09314587,79.40246046,39.26186292,66.08084359,16.06326889,57.18804921,32.05623902,43.05799649,33.32161687,34.93848858,41.68717047,39.543058,73.84885764,53.88400703,48.96309315,28.71704745,39.64850615,19.68365554,23.4797891,28.6115993,32.75922671,39.15641476,36.34446397,31.3884007,34.44639719,38.76977153,35.60632689,30.61511424,18.17223199,42.77680141,61.79261863,36.44991213,23.58523726,32.16168717,35.46572935,1.722319859,29.56063269,44.28822496,24.71001757,34.05975395,71.45869947,22.95254833
Cc1nn(C)c(SON2CCN(C(C)C(=O)O)CC2)c1C1COCOC1,386.474,0.84582,8,1,4,0.7146021205,1,89.29,0,1,1,0.52678645,0.588179,0.8424634,0.0010202519,0.095069036,0.08229642,0.015217869,0.05428791,0.016149962,0.34791964,0.013108241,0.29563385,0.10900384,0.37492356,0.9054332,0.009081856,0.010791274,0.0031483308,0.004143381,0.00895984,0.06836298,0.002999182,0.38481462,0.009688608,0.0803048,0.004234727,0.00596759,0.0016067618,0.021684317,0.62813014,0.12580101,-5.5065613,16.144894,12.903189,-21.607182,-15.920044,2.3993275,-0.35503858,56.890724,-1.958107,-1.6343168,62.14411248,30.26362039,84.51669596,36.59050967,63.44463972,77.11775044,55.32513181,60.80843585,47.59226714,66.5202109,83.09314587,80.80843585,39.33216169,61.08963093,14.05975395,50.82601054,31.66959578,37.50439367,31.66959578,31.88049209,41.54657293,37.01230228,76.37961336,52.97012302,48.26010545,26.64323374,44.49912127,20.10544815,20.03514938,27.31107206,32.33743409,37.85588752,36.20386643,29.45518453,32.82952548,38.66432337,35.85237258,31.07205624,16.48506151,43.79613357,64.46397188,34.51669596,23.62038664,32.61862917,36.94200351,1.722319859,29.98242531,47.10017575,25.37785589,33.4973638,71.91564148,20.56239016
Cc1noc(C(C)ON2CCN(C(C)C(=O)O)CC2)c1C1COCOC1,369.418,1.15422,8,1,4,0.7917078638,2,97.5,0,0,0,0.38981673,0.5756805,0.84765327,0.0010024069,0.11441368,0.10004642,0.027278136,0.044618107,0.028523788,0.32328925,0.014567168,0.31182057,0.12056376,0.41268817,0.9373698,0.008622786,0.013684586,0.0029503517,0.0065315766,0.011885879,0.077524334,0.00838364,0.37259734,0.019630056,0.10638493,0.005045789,0.008005689,0.002879391,0.02522524,0.5657042,0.12789729,-5.4721756,-0.45415267,-3.7704003,-15.484659,-16.13944,2.6022787,-0.69207805,38.65339,-1.43035,-3.3450215,58.24253076,33.4973638,84.51669596,36.59050967,63.44463972,87.80316344,69.84182777,66.08084359,47.59226714,25.86994728,37.18804921,69.31458699,38.5940246,62.88224956,13.98945518,54.09490334,37.29349736,46.43233743,28.40070299,40.63268893,39.50790861,37.85588752,78.62917399,55.85237258,50.36906854,29.49033392,42.95254833,27.59226714,18.94551845,33.56766257,40.14059754,43.86643234,54.90333919,29.0685413,38.31282953,45.65905097,38.48857645,36.59050967,22.39015817,46.60808436,55.8172232,34.79789104,24.53427065,15.00878735,20.35149385,3.620386643,28.99824253,60.28119508,21.19507909,19.61335677,78.34797891,8.154657293
Cc1nc(C)n(C2COCOC2)c1SON1CCN(C(C)C(=O)O)CC1,386.474,1.07474,8,1,4,0.7212682375,1,89.29,0,1,1,0.47862592,0.5350803,0.8560673,0.000583314,0.06400278,0.068034835,0.009972163,0.04684979,0.009525636,0.30239335,0.010793226,0.25095034,0.08142897,0.3594662,0.917971,0.006584499,0.011182121,0.002242402,0.0026622424,0.0069464967,0.06416889,0.0014666256,0.34703004,0.0064465366,0.060216147,0.0027820757,0.004212675,0.0007525565,0.014173208,0.60060537,0.10716293,-5.529415,23.819042,13.846118,-22.223232,-15.824222,2.154673,-0.50159913,53.47749,-1.802144,-1.5219669,62.14411248,32.40773286,84.51669596,36.59050967,63.44463972,78.03163445,55.32513181,60.80843585,47.59226714,66.5202109,83.09314587,77.22319859,35.39543058,64.99121265,11.59929701,44.35852373,27.4516696,31.81019332,29.24428822,24.4288225,37.89103691,35.07908612,68.82249561,45.02636204,47.24077329,27.76801406,35.39543058,21.19507909,15.67662566,21.89806678,25.44815466,33.98945518,23.58523726,27.9086116,29.31458699,31.6344464,29.13884007,24.78031634,11.03690685,35.3602812,60.80843585,32.23198594,23.16344464,42.46045694,38.06678383,1.616871705,30.36906854,31.95079086,23.69068541,30.9314587,73.88400703,21.65202109
Cc1nn(C)c(C2COCOC2)c1CON1CCN(C(C)C(=O)O)CC1,368.434,0.33872,7,1,4,0.7688960196,1,89.29,0,0,0,0.37154752,0.52979183,0.8638938,0.0003621672,0.03123033,0.04101202,0.0051412657,0.0649036,0.013541186,0.24337637,0.009572612,0.18341665,0.10779383,0.2396923,0.9528533,0.0046673995,0.016085006,0.0016716055,0.0012933047,0.004452795,0.06084972,0.0005498805,0.34687436,0.00702651,0.034918275,0.0014701462,0.0012202521,0.00054842414,0.006101611,0.5714013,0.14635286,-5.6181717,5.0656223,-1.747987,-15.670746,-17.07275,2.3303561,-0.97868854,33.43687,-1.140588,-2.313396,57.96133568,25.69420035,79.85940246,36.59050967,63.44463972,84.60456942,55.32513181,60.80843585,47.59226714,25.86994728,37.18804921,67.4516696,34.90333919,67.02987698,9.666080844,32.58347979,19.43760984,22.88224956,35.25483304,29.13884007,31.91564148,34.30579965,54.62214411,52.68892794,38.55887522,31.07205624,26.25659051,32.86467487,13.14586995,13.32161687,16.2741652,31.49384886,13.42706503,27.9086116,30.15817223,19.08611599,20.24604569,10.4745167,8.787346221,22.88224956,56.5202109,36.83655536,21.19507909,19.68365554,22.46045694,3.479789104,25.37785589,42.77680141,17.89103691,16.90685413,81.89806678,14.79789104
CCC(CO)(NCON1CCN(C(C)C(=O)O)CC1)C1COCOC1,361.439,-0.6826,8,3,4,0.4607409837,2,103.73,0,1,1,0.39704412,0.35378242,0.6016189,0.00010406901,0.014787418,0.012206537,0.0023254477,0.051215272,0.0035914022,0.07216997,0.0013608035,0.19246218,0.029123958,0.055613317,0.62311584,0.0048903995,0.021114368,0.00063198846,0.0002558452,0.0052433605,0.09583224,8.18E-05,0.10928607,0.0012983365,0.019654969,0.0007215311,0.00044511864,6.77E-05,0.0021583918,0.74798715,0.05994014,-5.720359,16.29705,-5.869483,-6.351773,-18.272108,1.7627847,-1.6070668,8.934114,-0.5849261,-1.777462,56.5202109,16.5202109,84.51669596,78.20738137,63.44463972,41.54657293,69.84182777,69.94727592,47.59226714,66.5202109,83.09314587,70.01757469,22.3198594,22.77680141,7.135325132,21.23022847,10.08787346,14.83304042,30.57996485,11.56414763,11.91564148,20.24604569,57.11775044,18.66432337,10.82601054,17.53954306,27.27592267,42.77680141,7.205623902,3.725834798,19.543058,54.62214411,5.307557118,17.75043937,16.30931459,9.701230228,11.66959578,5.940246046,2.636203866,10.50966608,78.66432337,26.25659051,18.98066784,32.7943761,18.24253076,11.95079086,20.80843585,12.5483304,11.35325132,4.710017575,88.64674868,19.22671353
CC(C(=O)O)N1CCN(OC(O)CC(C2COCOC2)C(C)(C)O)CC1,376.45,-0.2752,8,3,4,0.4926402673,3,111.93,0,1,1,0.15272422,0.38332206,0.7743528,0.0002139865,0.061208494,0.04609554,0.015531545,0.039144725,0.00652497,0.15350987,0.0049374006,0.1865071,0.04180632,0.14260522,0.85032624,0.0041193916,0.013643553,0.0010476878,0.0013297249,0.0077934703,0.07633098,0.002220245,0.28684175,0.0095374435,0.037274577,0.0011134439,0.002095537,0.001015381,0.0030479778,0.6154021,0.07786733,-5.6176653,14.146916,-12.230272,-7.282988,-17.8499,1.6453956,-1.5604365,7.452034,-0.509117,-2.4168649,59.89455185,19.50790861,84.51669596,78.20738137,63.44463972,45.30755712,76.60808436,74.6572935,47.59226714,66.5202109,83.09314587,38.45342707,24.21792619,45.72934974,8.471001757,43.40949033,21.30052724,37.75043937,26.0456942,19.33216169,21.96836555,29.0685413,55.50087873,27.4516696,26.15114236,24.28822496,23.51493849,27.48681898,9.068541301,13.60281195,28.6115993,43.09314587,30.228471,25.76449912,32.5483304,20.52724077,16.20386643,15.1142355,12.97012302,14.20035149,62.70650264,28.85764499,21.19507909,30.26362039,13.28646749,10.72056239,22.3198594,8.752196837,11.77504394,4.147627417,89.56063269,13.91915641
CC1OC(ON2CCN(C(C)C(=O)O)CC2)C(O)C(C2COCOC2)C1C,388.461,-0.0128,8,2,4,0.6731387282,6,100.93,0,0,0,0.32641914,0.39451337,0.85495913,4.95E-05,0.0545263,0.031192679,0.004191287,0.017624531,0.0021594285,0.19031365,0.0019894764,0.13995847,0.042209633,0.29915112,0.8699934,0.004256332,0.011808597,0.00032757502,0.0017286304,0.0064551784,0.056319576,0.002732119,0.24086156,0.007905531,0.045594268,0.0023119682,0.002108803,0.0008728884,0.007349112,0.5154771,0.045162093,-5.5978975,19.948307,-3.3813946,-12.935626,-17.635735,1.7316872,-1.1374325,22.466808,-0.8536043,-2.5688515,62.67135325,21.93321617,84.51669596,61.37082601,63.44463972,70.72056239,88.10193322,68.75219684,47.59226714,25.86994728,37.18804921,62.98769772,25.13181019,64.71001757,5.834797891,41.26537786,16.13356766,20.73813708,16.62565905,7.065026362,25.69420035,22.46045694,43.05799649,27.73286467,42.98769772,24.78031634,24.49912127,22.74165202,5.483304042,16.80140598,23.83128295,26.99472759,34.69244288,23.97188049,31.21265378,24.92091388,25.97539543,15.1142355,11.95079086,25.41300527,48.99824253,23.16344464,21.75746924,37.36379613,20.77328647,5.342706503,23.33919156,11.35325132,16.06326889,10.40421793,85.30755712,12.65377856
CC(C(=O)O)N1CCN(OC2CC(C)(O)C(C)C(C3COCOC3)O2)CC1,388.461,0.1313,8,2,4,0.6804853849,5,100.93,0,0,0,0.16901173,0.4691062,0.8883673,0.000111225854,0.09275001,0.045941975,0.012578177,0.01903938,0.0022883771,0.19514696,0.0022545464,0.14758673,0.033963047,0.40590668,0.9138664,0.0029761428,0.010464088,0.00051358296,0.0018046405,0.005721669,0.05253177,0.0035485514,0.32330328,0.0108905425,0.04842243,0.0018235501,0.0014451947,0.0011376014,0.0053411587,0.44071516,0.04187396,-5.6204667,9.607073,-8.031135,-8.589412,-17.752245,1.9089714,-1.3241007,15.692795,-0.75437623,-2.957041,62.67135325,24.11247803,84.51669596,61.37082601,63.44463972,71.95079086,85.04393673,68.75219684,47.59226714,25.86994728,37.18804921,41.01933216,30.57996485,74.58699473,7.205623902,50.57996485,21.19507909,35.21968366,17.29349736,7.311072056,26.15114236,22.84710018,45.23725835,22.24956063,50.08787346,27.34622144,17.32864675,19.40246046,6.537785589,17.29349736,21.19507909,23.37434095,39.57820738,27.02987698,33.74340949,26.46748682,22.98769772,11.70474517,13.88400703,21.1599297,39.2970123,22.17926186,21.19507909,25.3427065,16.34446397,9.13884007,22.67135325,19.40246046,14.05975395,6.854130053,86.88927944,10.12302285
CC1CC(O)C(ON2CCN(C(C)C(=O)O)CC2)C(=O)C1C1COCOC1,386.445,-0.4162,8,2,4,0.6512450752,5,108.77,0,0,0,0.1281745,0.31802556,0.81634694,7.57E-05,0.033804465,0.04127811,0.005001194,0.012191961,0.0056165764,0.14303267,0.0011570513,0.14613332,0.04860454,0.32005262,0.84052765,0.00410346,0.01625477,0.0004857978,0.0013669813,0.0059543783,0.06456737,0.0020043491,0.13000555,0.007837338,0.03516633,0.0015148494,0.0015680047,0.0006270389,0.0052972864,0.42237926,0.03877289,-5.579812,11.957918,-3.7446117,-12.5742,-17.816446,2.0284302,-1.0589066,23.554737,-1.0134447,-3.762094,62.10896309,18.34797891,84.51669596,61.37082601,63.44463972,67.06502636,85.04393673,73.21616872,47.59226714,25.86994728,37.18804921,33.63796134,20.31634446,54.37609842,6.502636204,33.77855888,19.47275923,22.49560633,14.02460457,17.22319859,20.94903339,19.01581722,44.78031634,31.52899824,44.53427065,23.86643234,23.4797891,33.21616872,6.362038664,13.88400703,22.14411248,34.51669596,27.87346221,18.8400703,31.17750439,19.2970123,20.52724077,12.12653779,9.912126538,21.01933216,37.25834798,21.1599297,22.17926186,27.87346221,20.38664323,5.659050967,22.49560633,24.81546573,16.83655536,11.10720562,83.26889279,6.467486819
Cc1cc(O)c(ON2CCN(C(C)C(=O)O)CC2)c(F)c1C1COCOC1,384.404,1.31212,7,2,4,0.7853498098,1,91.7,0,0,0,0.19892472,0.50204855,0.83857,0.013781801,0.21625862,0.13006887,0.08390449,0.06226923,0.091233104,0.33047906,0.029324293,0.2574388,0.2184856,0.47364455,0.87980616,0.013045086,0.022868127,0.024424108,0.013938218,0.023297016,0.10574655,0.010925713,0.29868382,0.041568063,0.09784853,0.008726892,0.009147618,0.016726427,0.030545825,0.39919657,0.26847714,-5.405636,12.539793,9.809668,-23.163263,-16.015398,2.720449,0.09905684,63.08026,-2.3113961,-2.3238442,61.65202109,35.39543058,79.85940246,61.37082601,63.44463972,87.02987698,55.32513181,62.53075571,47.59226714,25.86994728,37.18804921,46.78383128,33.04042179,60.03514938,33.46221441,66.95957821,49.56063269,63.23374341,34.34094903,58.80492091,40.14059754,44.00702988,70.05272408,72.02108963,54.37609842,25.51845343,54.37609842,45.79964851,52.19683656,45.09666081,58.1370826,59.61335677,59.57820738,26.36203866,44.28822496,43.76098418,47.87346221,39.40246046,40.63268893,51.07205624,33.74340949,48.04920914,26.29173989,28.57644991,33.32161687,1.370826011,29.49033392,67.4516696,32.26713533,39.15641476,65.27240773,14.72759227
CCN(C(=O)NON1CCN(C(C)C(=O)O)CC1)C1COCOC1,346.384,-0.6719,7,2,4,0.6103900165,1,103.81,0,1,0,0.7342428,0.7048724,0.8376689,0.0003527113,0.020378334,0.04090934,0.0020301037,0.019021388,0.0023174188,0.152289,0.0003927659,0.30023032,0.041187085,0.32251734,0.8500926,0.004628665,0.008906448,0.0005925289,0.000414145,0.0037758097,0.07139383,0.00056808966,0.21693113,0.0006791856,0.037142094,0.0024498133,0.001362863,0.0001235071,0.0109288,0.78099185,0.018150572,-5.453103,15.010608,-0.86077195,-17.793577,-15.984387,1.9690988,-1.2418985,26.409786,-0.72919023,-3.274386,52.82952548,16.55536028,79.85940246,61.37082601,63.44463972,61.37082601,55.32513181,70.05272408,47.59226714,66.5202109,37.18804921,92.65377856,48.64674868,59.85940246,9.560632689,25.62390158,19.2970123,13.81370826,17.29349736,7.346221441,21.89806678,12.23198594,76.9771529,27.17047452,44.71001757,24.28822496,26.15114236,15.50087873,7.065026362,5.483304042,13.60281195,40.14059754,13.63796134,22.88224956,11.31810193,20.49209139,26.92442882,11.28295255,3.760984183,31.07205624,83.12829525,11.56414763,24.95606327,31.35325132,23.40949033,2.636203866,29.59578207,22.10896309,15.00878735,12.93497364,87.02987698,8.400702988
CCC(C(=O)NON1CCN(C(C)C(=O)O)CC1)C1COCOC1,345.396,-0.3134,7,2,4,0.6060571633,2,100.57,0,1,0,0.57728076,0.652079,0.83683205,0.00020482503,0.017935384,0.044857956,0.0020201628,0.026321024,0.002735818,0.16863292,0.00072348525,0.2462593,0.046742342,0.20826812,0.8855403,0.0062415777,0.01117951,0.0004592152,0.00057913375,0.0042855674,0.06323651,0.0013753572,0.2693801,0.0012770493,0.04026021,0.0030197657,0.0019943223,0.00019716837,0.010542657,0.73921615,0.025970563,-5.412713,4.2691975,-4.7420087,-16.549564,-15.580561,2.3498008,-1.0310915,28.99714,-1.0456898,-4.313683,52.68892794,19.12126538,79.85940246,61.37082601,63.44463972,61.08963093,69.84182777,68.11950791,47.59226714,66.5202109,37.18804921,84.60456942,44.35852373,59.78910369,8.471001757,23.76098418,20.87873462,13.77855888,21.05448155,8.681898067,23.4797891,16.13356766,67.9086116,30.72056239,35.28998243,25.69420035,33.88400703,21.19507909,6.291739895,7.170474517,15.67662566,33.60281195,22.84710018,25.16695958,16.16871705,22.00351494,30.26362039,14.51669596,4.639718805,30.36906854,77.6801406,15.99297012,26.15114236,18.91036907,19.2970123,3.128295255,31.56414763,43.86643234,17.15289982,14.27065026,82.81195079,4.815465729
CSC(C(=O)NON1CCN(C(C)C(=O)O)CC1)C1COCOC1,363.436,-0.608,8,2,4,0.5738423686,2,100.57,0,1,0,0.6737365,0.61217344,0.8192862,0.00026893063,0.034018006,0.042541288,0.003610226,0.020530242,0.0020499346,0.17107499,0.0011757954,0.26727042,0.038820338,0.29511055,0.8557728,0.0063653504,0.009129981,0.0007849062,0.0007684953,0.005544851,0.06332368,0.0013238367,0.2116421,0.000979694,0.04843717,0.0042645065,0.002485479,0.00025744314,0.014227782,0.7538811,0.023168286,-5.490007,15.11231,1.6312202,-16.636675,-16.037413,2.02171,-1.1767588,31.039536,-1.0669467,-2.9252338,57.04745167,17.08260105,84.51669596,61.37082601,63.44463972,56.83655536,69.84182777,68.11950791,47.59226714,66.5202109,37.18804921,90.228471,41.08963093,55.04393673,8.822495606,33.88400703,19.92970123,19.15641476,17.99648506,6.537785589,23.69068541,19.12126538,72.19683656,25.72934974,42.77680141,24.28822496,34.55184534,16.16871705,7.873462214,8.611599297,20.42179262,33.60281195,22.46045694,22.77680141,14.34094903,26.5026362,36.13356766,17.01230228,5.377855888,35.39543058,79.26186292,14.34094903,24.07732865,31.3884007,25.79964851,3.09314587,29.27943761,24.60456942,15.71177504,15.3602812,82.63620387,10.29876977
CC=C(C(=O)NON1CCN(C(C)C(=O)O)CC1)C1COCOC1,343.38,-0.3933,7,2,4,0.4966234195,1,100.57,0,2,0,0.8111561,0.68149805,0.77476007,0.0003030311,0.023786359,0.042685926,0.0028599456,0.020970682,0.006016332,0.19194299,0.0009208896,0.30286422,0.06023246,0.23613195,0.74978626,0.012231015,0.0111188255,0.00070067344,0.001105671,0.009531403,0.07521919,0.0032544113,0.17906556,0.0012588168,0.07722469,0.010065342,0.0051785223,0.00045649038,0.031763785,0.8160478,0.025576625,-5.510437,-1.0978286,-1.3276008,-16.096325,-16.687145,2.4982944,-1.0092143,31.914896,-1.2064224,-4.1583114,52.26713533,18.41827768,79.85940246,61.37082601,63.44463972,45.94024605,55.32513181,68.11950791,47.59226714,87.92618629,37.18804921,95.1142355,46.78383128,45.76449912,9.13884007,27.9086116,20,16.90685413,18.17223199,18.31282953,25.86994728,17.39894552,77.46924429,36.44991213,38.10193322,20.98418278,52.86467487,20.94903339,7.451669596,11.84534271,34.30579965,42.60105448,37.75043937,21.33567663,16.06326889,37.4340949,51.21265378,28.75219684,7.732864675,51.66959578,86.43233743,15.74692443,23.58523726,14.58699473,23.09314587,3.304042179,26.60808436,53.74340949,17.39894552,15.78207381,81.33567663,5.377855888
CC1C(C2COCOC2)OC(ON2CCN(C(C)C(=O)O)CC2)CC1N(C)C,401.504,0.3105,8,1,4,0.6759125455,5,83.94,0,0,0,0.15280177,0.3113191,0.8910087,3.88E-05,0.021417389,0.014150992,0.0014770854,0.037315354,0.0018296525,0.10972662,0.0010164024,0.097715095,0.034672167,0.15778764,0.9054863,0.0011751122,0.011116021,0.00015760261,0.00028657826,0.002312141,0.049005702,0.00014121743,0.31201902,0.0027719168,0.011505289,0.0003011471,0.00014295855,0.00014220476,0.0008118359,0.5466013,0.044786364,-5.7072697,9.091007,-14.760414,-7.809082,-18.149546,1.7199442,-2.0154786,0.8947586,-0.6125568,-3.419181,65.76449912,25.51845343,84.51669596,36.59050967,63.44463972,71.07205624,85.04393673,57.39894552,47.59226714,25.86994728,37.18804921,38.45342707,19.89455185,75.53602812,5.518453427,26.43233743,10.65026362,11.14235501,25.55360281,5.869947276,16.66080844,18.20738137,29.38488576,22.95254833,28.82249561,26.64323374,6.713532513,20.94903339,3.936731107,4.042179262,7.065026362,20.35149385,6.397188049,26.78383128,22.28471002,4.393673111,5.940246046,3.550087873,3.971880492,4.710017575,53.53251318,23.05799649,19.36731107,24.67486819,11.81019332,10.08787346,21.1599297,11.14235501,8.576449912,2.847100176,88.3655536,7.732864675
CC(C(=O)O)N1CCN(OC23CCC(C)(C(O)C2)C(C2COCOC2)C3)CC1,398.5,0.939,7,2,4,0.7070557754,5,91.7,0,0,0,0.2383904,0.49370283,0.7369838,0.0001120929,0.041232355,0.041048042,0.011580394,0.0629482,0.036981683,0.3373676,0.020364258,0.09507497,0.14303377,0.14723244,0.94343376,0.012882009,0.029337674,0.00090660044,0.005184444,0.014406612,0.08311979,0.0044657234,0.39073998,0.06030705,0.089697435,0.003185993,0.0068173436,0.0036607173,0.014807835,0.49829617,0.23655975,-5.550235,13.533597,-4.750395,-11.750745,-16.8224,1.9261497,-0.9001818,26.773962,-1.2968603,-2.9884002,65.20210896,31.3884007,79.85940246,61.37082601,63.44463972,76.2741652,85.04393673,62.53075571,47.59226714,25.86994728,37.18804921,52.75922671,32.44288225,38.62917399,7.240773286,37.22319859,19.43760984,34.05975395,34.58699473,44.46397188,40.73813708,40.31634446,28.54130053,60.84358524,27.13532513,30.228471,54.09490334,55.50087873,8.365553603,30.57996485,45.86994728,47.17047452,43.51493849,29.771529,47.76801406,41.05448155,31.03690685,33.46221441,25.23725835,36.2741652,46.25659051,45.51845343,22.70650264,29.66608084,19.2970123,6.362038664,26.29173989,20.21089631,18.8400703,13.07557118,80.17574692,9.912126538
Cc1c(O)c(Cl)c(ON2CCN(C(C)C(=O)O)CC2)c(Cl)c1C1COCOC1,435.304,2.47982,7,2,4,0.7293211866,1,91.7,0,0,0,0.27250403,0.3918779,0.7875201,0.09015773,0.51825863,0.18107891,0.35559958,0.04949624,0.16052744,0.43177563,0.11092353,0.3802871,0.19624892,0.6815427,0.80628204,0.025378713,0.017976005,0.06961662,0.0742343,0.05913227,0.1292511,0.093406,0.34994024,0.0942777,0.28110877,0.041625388,0.047730923,0.10182117,0.13943473,0.4594729,0.3235398,-5.2258477,21.241398,13.936831,-9.1629305,-16.171614,2.8002307,0.7768846,80.43655,-2.8415875,2.765454,73.21616872,52.12653779,79.85940246,61.37082601,63.44463972,79.01581722,55.32513181,62.53075571,47.59226714,25.86994728,37.18804921,57.4340949,24.92091388,48.22495606,53.9543058,86.01054482,65.55360281,84.00702988,29.94727592,68.47100176,48.82249561,59.61335677,85.83479789,69.38488576,64.74516696,22.77680141,71.73989455,36.66080844,67.2056239,70.36906854,78.73462214,69.03339192,87.13532513,28.04920914,52.33743409,69.34973638,74.62214411,71.45869947,64.6397188,78.76977153,41.68717047,52.16168717,34.37609842,38.98066784,38.10193322,8.400702988,28.71704745,71.98594025,42.53075571,56.13356766,55.46572935,61.12478032
Cc1c(O)c(C)c(C2COCOC2)c(C)c1ON1CCN(C(C)C(=O)O)CC1,394.468,1.78986,7,2,4,0.7810993754,1,91.7,0,0,0,0.1689538,0.47494382,0.83570653,0.014835276,0.25651744,0.12851128,0.105789825,0.089717396,0.12951842,0.42059225,0.06568735,0.23843336,0.22294196,0.42784375,0.8806969,0.010893955,0.019981492,0.024664236,0.023682665,0.02863859,0.10057453,0.016900066,0.38638836,0.09166529,0.12879415,0.007923447,0.012930219,0.035518833,0.032663036,0.4046708,0.3704356,-5.3564987,7.062646,11.856412,-19.658749,-16.162563,3.1462572,0.65277654,71.4864,-2.7319136,-1.297342,64.53427065,41.51142355,79.85940246,61.37082601,63.44463972,86.32688928,55.32513181,62.53075571,47.59226714,25.86994728,37.18804921,41.01933216,30.9314587,59.543058,34.34094903,70.4745167,49.0685413,66.43233743,44.35852373,64.8857645,47.97891037,53.04042179,66.53778559,72.65377856,51.56414763,25.5887522,49.771529,40.456942,52.40773286,52.58347979,62.49560633,57.01230228,65.65905097,29.5254833,51.95079086,50.4745167,46.11599297,45.90509666,50.15817223,52.0913884,34.48154657,55.8172232,28.18980668,22.14411248,35.74692443,2.214411248,28.75219684,87.02987698,40.94903339,47.55711775,56.94200351,23.62038664
CC(C(=O)O)N1CCN(OC2CC3(C4COCOC4)C(=O)OC2CC3(C)O)CC1,414.455,-0.5456,9,2,4,0.5676780447,5,118,0,0,0,0.29309696,0.41442245,0.7434223,8.53E-05,0.042747106,0.053293355,0.008408027,0.017811099,0.014099538,0.25513306,0.004772846,0.17892231,0.10865915,0.30957782,0.81823766,0.011708425,0.022578504,0.00056323694,0.0034993712,0.011516916,0.08407062,0.0068185143,0.16675927,0.019172508,0.09718851,0.0037509766,0.0059855566,0.001227588,0.022340413,0.521996,0.068869576,-5.717467,0.9980362,-1.3301815,-7.8356333,-18.740107,2.2191262,-1.1941531,24.559675,-1.155997,-2.8611894,68.64674868,17.57469244,88.08435852,61.37082601,63.44463972,55.95782074,85.04393673,77.29349736,47.59226714,25.86994728,37.18804921,59.47275923,26.67838313,39.92970123,6.748681898,37.92618629,23.30404218,29.20913884,16.76625659,29.91212654,32.7943761,28.68189807,53.70826011,52.97012302,44.00702988,23.12829525,51.56414763,45.23725835,6.783831283,25.30755712,39.68365554,47.52196837,51.24780316,20.80843585,38.03163445,43.44463972,33.91915641,31.14235501,14.37609842,44.35852373,50.08787346,27.69771529,19.05096661,15.5711775,23.09314587,10.08787346,19.68365554,36.16871705,15.5711775,11.70474517,81.82776801,10.72056239
CCc1c(ON2CCN(C(C)C(=O)O)CC2)cc(O)c(C)c1C1COCOC1,394.468,1.73542,7,2,4,0.7538985904,1,91.7,0,0,0,0.14184579,0.43779334,0.8099893,0.024551507,0.34860146,0.14827794,0.17393741,0.084610805,0.1694391,0.42541537,0.09738811,0.25805753,0.22830293,0.46722072,0.86953706,0.0129414825,0.021125456,0.037978236,0.032158278,0.037157178,0.118899964,0.022942241,0.36862564,0.122631505,0.15162589,0.009632884,0.01825246,0.04854017,0.039546303,0.37156436,0.4260985,-5.5315537,15.887871,17.406023,-24.035421,-16.815107,2.8820877,0.53728807,70.49548,-2.6763997,-1.3617523,64.53427065,40.52724077,79.85940246,61.37082601,63.44463972,82.77680141,55.32513181,62.53075571,47.59226714,25.86994728,37.18804921,36.37961336,28.22495606,52.93497364,39.08611599,77.71528998,55.43057996,73.53251318,43.0228471,69.49033392,48.33040422,57.75043937,70.19332162,72.97012302,53.91915641,24.71001757,54.20035149,42.81195079,58.52372583,56.66080844,68.99824253,65.86994728,70.12302285,28.99824253,55.3602812,54.79789104,50.33391916,52.97012302,54.4112478,56.02811951,30.33391916,58.76977153,23.12829525,32.26713533,41.6168717,1.300527241,26.29173989,76.62565905,39.26186292,46.43233743,58.17223199,22.95254833
CCc1cc(ON2CCN(C(C)C(=O)O)CC2)c(O)c(C2COCOC2)c1C,394.468,1.73542,7,2,4,0.7538985904,1,91.7,0,0,0,0.19025734,0.46488112,0.8500946,0.02444872,0.315037,0.14922841,0.13607068,0.08961529,0.11913657,0.44348842,0.087991215,0.25934285,0.21915498,0.5264408,0.88893604,0.014200076,0.022591889,0.03232957,0.02670809,0.030307835,0.11038462,0.023307782,0.43991405,0.1174383,0.15017468,0.011271278,0.015064942,0.036852732,0.041458517,0.39798898,0.39223838,-5.446248,23.569078,22.458744,-26.741974,-15.482816,2.785981,0.78498787,76.77422,-2.8443475,-1.6033628,64.53427065,40.52724077,79.85940246,61.37082601,63.44463972,82.77680141,55.32513181,62.53075571,47.59226714,25.86994728,37.18804921,45.27240773,30.36906854,63.30404218,39.01581722,75.21968366,55.53602812,70.29876977,44.35852373,63.40949033,49.87697715,56.30931459,70.40421793,72.0913884,56.66080844,25.86994728,57.32864675,45.23725835,56.5202109,54.16520211,63.65553603,61.68717047,70.33391916,31.49384886,54.6572935,54.58699473,53.88400703,48.96309315,50.72056239,56.87170475,33.63796134,57.25834798,25.23725835,42.21441125,47.13532513,0.8084358524,32.30228471,70.86115993,42.70650264,52.72407733,55.32513181,20.80843585
Cc1[nH]c(C)c(C2COCOC2)c1CON1CCN(C(C)C(=O)O)CC1,367.446,1.24174,6,2,4,0.7821416975,1,87.26,0,0,0,0.29320848,0.58612955,0.83914727,0.0022167345,0.10747804,0.0704953,0.02190919,0.1162168,0.07112693,0.34439287,0.046693463,0.23715612,0.14555904,0.24304323,0.9449379,0.008402185,0.019906742,0.005778144,0.0054405155,0.009904245,0.0727896,0.0024972258,0.5064176,0.035527118,0.07188465,0.0029639252,0.0042316564,0.0033551448,0.012282027,0.5567508,0.33499765,-5.612466,6.595584,3.5274613,-15.4129715,-16.880093,2.505974,-0.55551404,44.22522,-1.6392114,-1.6566044,57.75043937,34.58699473,72.46045694,61.37082601,63.44463972,86.5026362,55.32513181,59.543058,47.59226714,25.86994728,37.18804921,59.50790861,39.26186292,60.07029877,18.76977153,52.97012302,27.94376098,42.70650264,51.84534271,54.58699473,41.33567663,48.85764499,66.36203866,61.33567663,38.69947276,30.40421793,42.28471002,40.28119508,29.5254833,31.00175747,35.25483304,41.23022847,32.7943761,34.48154657,42.77680141,35.21968366,30.08787346,24.78031634,24.04217926,33.39191564,54.93848858,53.2513181,21.44112478,21.68717047,27.80316344,3.725834798,26.11599297,54.09490334,23.19859402,23.79613357,75.74692443,20.35149385
CCC1(C2COCOC2)OC(ON2CCN(C(C)C(=O)O)CC2)C(C)C1O,388.461,0.1313,8,2,4,0.6574314568,5,100.93,0,0,0,0.30414233,0.42104793,0.84541684,2.88E-05,0.04276588,0.036101643,0.0047345483,0.016847692,0.0024409627,0.2358118,0.0029181107,0.12204778,0.04698212,0.29420337,0.8970226,0.005256292,0.013614258,0.00025540884,0.0021208192,0.005784001,0.05091677,0.0028320183,0.27272022,0.013182339,0.051046062,0.0016121848,0.0025926004,0.00084814813,0.0075473064,0.5000297,0.050315462,-5.5606704,19.667355,1.3139836,-11.236571,-17.463223,1.89517,-0.95327026,25.971172,-1.081983,-2.2533703,62.67135325,24.11247803,84.51669596,61.37082601,63.44463972,68.15465729,85.04393673,68.75219684,47.59226714,25.86994728,37.18804921,60.59753954,27.17047452,61.96836555,5.131810193,37.92618629,18.06678383,21.96836555,16.13356766,7.451669596,31.42355009,24.8857645,37.57469244,30.75571178,42.63620387,26.11599297,29.20913884,27.4516696,4.956063269,19.26186292,21.54657293,22.03866432,35.39543058,25.27240773,35.46572935,27.76801406,21.23022847,17.53954306,11.84534271,25.69420035,46.46748682,24.28822496,22.42530756,36.73110721,25.55360281,7.029876977,23.83128295,18.69947276,18.20738137,12.58347979,82.46045694,15.07908612
CNC(C)(C(=O)NON1CCN(C(C)C(=O)O)CC1)C1COCOC1,360.411,-1.3615,8,3,4,0.4737818876,2,112.6,0,1,0,0.5141624,0.46439204,0.8244236,5.87E-05,0.0140297655,0.024581863,0.0015078745,0.021214513,0.0010082057,0.14045024,0.0015077983,0.15797791,0.026721746,0.19191013,0.86922455,0.0044249683,0.011940194,0.00030849286,0.00027471117,0.0028280162,0.057874024,0.00041211117,0.18293285,0.0005950699,0.020234937,0.001081504,0.0007901713,6.16E-05,0.004800769,0.6889582,0.02266359,-5.8314214,-4.2122393,-3.3452122,-11.535601,-17.96568,2.4196656,-1.358066,19.922558,-0.8382037,-3.4876685,56.09841828,12.44288225,84.51669596,78.20738137,63.44463972,43.05799649,69.84182777,74.90333919,47.59226714,66.5202109,37.18804921,80.14059754,30.33391916,56.59050967,6.080843585,20.56239016,14.13005272,11.42355009,18.24253076,2.741652021,20.84358524,20.80843585,48.18980668,16.9771529,33.21616872,24.71001757,25.37785589,23.40949033,5.272407733,3.866432337,9.525483304,28.54130053,11.24780316,21.54657293,10.43936731,10.08787346,16.13356766,8.084358524,2.601054482,19.78910369,71.6344464,14.16520211,16.87170475,12.19683656,20.80843585,6.572934974,21.65202109,48.3655536,13.84885764,8.892794376,85.65905097,7.521968366
CC(=O)NCc1cn(Cc2ccc(F)cc2C(C)C(=O)O)nn1,320.324,1.2897,4,2,4,0.8357028673,1,97.11,0,0,0,0.058988523,0.39516112,0.93723834,0.00025688834,0.0068270937,0.21545002,0.003701082,0.014225332,0.0025039867,0.18513933,0.001593921,0.26863176,0.061962076,0.73020685,0.9482908,0.004450054,0.016772836,0.00052494655,0.00057568843,0.002061433,0.03416314,0.0023099051,0.16511455,0.0030781669,0.017170358,0.00072605384,0.0008311064,0.00018736647,0.0041699847,0.36962482,0.016693618,-5.4812593,-5.7261705,-8.535047,-17.598755,-16.09201,2.5373552,-0.96099854,53.275707,-1.938092,-4.4502892,47.10017575,35.00878735,48.55887522,61.37082601,63.44463972,93.46221441,55.32513181,66.0456942,47.59226714,25.86994728,37.18804921,16.02811951,25.16695958,92.02108963,8.681898067,11.21265378,73.4973638,19.33216169,14.86818981,7.69771529,25.16695958,21.08963093,72.40773286,37.32864675,67.66256591,30.68541301,25.55360281,34.58699473,6.608084359,7.135325132,6.221441125,8.927943761,31.14235501,20.63268893,23.23374341,7.873462214,11.81019332,8.295254833,4.46397188,18.1370826,30.26362039,10.68541301,24.21792619,11.31810193,15.99297012,2.671353251,29.10369069,55.85237258,18.17223199,30.86115993,72.30228471,4.358523726
COC(=O)C(CSc1ccc(NC(C)=O)cc1)C(C)C(=O)O,325.386,2.247,5,2,4,0.5898434533,2,92.7,0,0,0,0.23321882,0.56928617,0.8343465,0.04442332,0.15212466,0.3561288,0.08253682,0.075265095,0.03047743,0.413911,0.039829765,0.33770442,0.13963363,0.67670697,0.9168972,0.03858478,0.037299395,0.0406482,0.026821148,0.03460142,0.10318923,0.08849828,0.43477917,0.035268895,0.1514545,0.04047435,0.037948675,0.023818148,0.078620866,0.5664906,0.122382894,-5.066506,23.030111,1.6478084,-12.3137455,-14.928337,2.0219603,-0.48664203,73.81996,-2.6840267,-0.46667758,48.04920914,48.18980668,61.88049209,61.37082601,63.44463972,58.76977153,69.84182777,63.26889279,47.59226714,25.86994728,37.18804921,52.05623902,38.24253076,59.26186292,45.51845343,59.78910369,92.68892794,62.98769772,39.78910369,41.26537786,47.69771529,46.99472759,81.96836555,60.24604569,64.39367311,27.62741652,79.2970123,66.46748682,59.40246046,54.23550088,66.81898067,58.52372583,86.53778559,31.24780316,42.70650264,54.79789104,74.20035149,66.78383128,44.71001757,68.64674868,55.92267135,33.77855888,41.54657293,41.30052724,25.79964851,5.764499121,35.53602812,24.60456942,23.90158172,49.56063269,57.99648506,30.89630931
COc1ccc(NC(=O)N2CCN(C(C)C(=O)O)CC2)c(OC)c1,337.376,1.3264,5,2,4,0.8421130636,1,91.34,0,0,0,0.13027766,0.61424303,0.92258465,0.017230408,0.080873564,0.21783634,0.035870574,0.100383595,0.027688224,0.3730809,0.02588803,0.16057244,0.22227362,0.63327295,0.9863073,0.009841269,0.042745627,0.029529374,0.0046858923,0.010936361,0.08472473,0.005154972,0.47290897,0.022680182,0.042886816,0.0080638295,0.0036926672,0.0047001117,0.015193646,0.32238597,0.19017741,-5.289563,11.562938,5.4856977,-22.446194,-15.610855,2.4630873,-0.28931674,59.65916,-2.2223516,-2.702174,50.75571178,35.64147627,61.88049209,61.37082601,63.44463972,94.16520211,55.32513181,62.35500879,47.59226714,25.86994728,37.18804921,33.98945518,41.26537786,86.99472759,35.3602812,48.26010545,73.88400703,50.43936731,47.73286467,40.24604569,43.51493849,42.88224956,48.82249561,72.58347979,62.10896309,37.6801406,47.10017575,71.31810193,55.21968366,29.24428822,38.45342707,47.83831283,45.97539543,32.93497364,39.26186292,23.33919156,46.39718805,22.35500879,28.01405975,36.76625659,24.11247803,41.37082601,31.21265378,27.41652021,29.38488576,1.58172232,31.45869947,51.59929701,26.08084359,35.92267135,67.17047452,11.56414763
CC(=O)NC(Cc1ccccc1)C(=O)Nc1ccc(C(C)C(=O)O)cc1,354.406,2.5606,3,3,4,0.711973513,2,95.5,0,0,0,0.047250204,0.2434926,0.8593372,0.0081875175,0.07583988,0.34810776,0.087413006,0.03007732,0.023288058,0.25644663,0.021168308,0.32971913,0.15475956,0.72698915,0.8369559,0.013374688,0.048066434,0.013499933,0.011719164,0.027858099,0.123675905,0.060337365,0.11977072,0.03417968,0.059963882,0.010058394,0.010597008,0.00964863,0.02299381,0.3256571,0.10704484,-5.4380164,4.078247,-1.8831993,-13.760178,-16.313934,2.541081,-0.09011674,78.05751,-3.1440158,-4.427529,54.44639719,53.53251318,32.65377856,78.20738137,63.44463972,76.90685413,69.84182777,65.13181019,47.59226714,25.86994728,37.18804921,12.61862917,15.39543058,65.62390158,28.85764499,47.27592267,92.12653779,63.97188049,22.63620387,37.53954306,33.11072056,40.87873462,80.84358524,62.98769772,67.41652021,23.79613357,55.14938489,75.39543058,44.32337434,42.49560633,61.8629174,67.31107206,82.42530756,18.31282953,42.3198594,31.59929701,51.21265378,42.35500879,35.50087873,44.8857645,24.49912127,32.23198594,25.51845343,18.66432337,22.28471002,4.710017575,27.97891037,55.95782074,29.17398946,53.9543058,49.49033392,4.46397188
Cc1cc(F)ccc1C(=O)NS(=O)(=O)c1ccc(C(C)C(=O)O)cc1,365.382,2.44092,4,2,4,0.8475589102,1,100.54,0,0,0,0.0027393166,0.16649549,0.93846244,0.0047997893,0.026041329,0.51329875,0.068235524,0.009914546,0.0034931414,0.12162261,0.00793944,0.44704992,0.03876892,0.94787294,0.93007386,0.0044383737,0.03643216,0.0022995265,0.0039317803,0.005635688,0.048932664,0.014879122,0.10661177,0.015257543,0.028792715,0.0010262424,0.0016590416,0.003170351,0.0065031787,0.16475686,0.015554249,-5.2104917,-9.299385,-6.3385453,37.769684,-14.814011,2.5120933,-1.3028015,87.26645,-3.3760352,-5.089331,57.22319859,51.31810193,48.55887522,61.37082601,63.44463972,94.83304042,55.32513181,68.11950791,47.59226714,25.86994728,37.18804921,0.7029876977,11.3884007,92.47803163,24.07732865,29.63093146,98.52372583,60.03514938,12.82952548,11.24780316,18.48857645,32.89982425,90.57996485,25.69420035,90.19332162,28.68189807,25.48330404,65.3427065,15.92267135,26.67838313,20.77328647,20.31634446,64.14762742,17.53954306,36.55536028,15.43057996,15.78207381,12.65377856,23.44463972,23.76098418,8.506151142,9.666080844,35.21968366,9.314586995,17.6801406,74.6572935,36.23901582,54.30579965,14.37609842,64.8857645,44.39367311,3.304042179
Cc1nc(N)nc2ccc(Oc3ccc(C(C)C(=O)O)cc3)cc12,323.352,3.50082,5,2,4,0.7622102575,1,98.33,0,0,0,0.124849126,0.2681171,0.8736313,0.06484373,0.08659061,0.29841143,0.1296818,0.053836495,0.031875223,0.30047765,0.04247874,0.24858697,0.3657408,0.9060777,0.9066316,0.020004412,0.0738817,0.1663403,0.05734384,0.044042423,0.15143365,0.047491003,0.24117751,0.07621493,0.1326208,0.06336565,0.016162915,0.076274656,0.11785489,0.19769289,0.23559117,-5.117773,7.553322,-8.200329,0.946492,-14.905126,2.672905,0.5713506,92.57521,-4.0489354,-3.8603508,47.41652021,69.20913884,61.88049209,61.37082601,63.44463972,83.76098418,55.32513181,66.81898067,47.59226714,25.86994728,37.18804921,33.04042179,16.62565905,69.56063269,49.87697715,49.56063269,87.17047452,69.70123023,31.59929701,41.93321617,37.60984183,47.80316344,68.29525483,84.39367311,83.55008787,26.71353251,66.11599297,86.67838313,78.66432337,66.46748682,72.68892794,75.04393673,79.47275923,23.97188049,49.91212654,51.35325132,80.24604569,50.79086116,60.42179262,75.64147627,10.9314587,45.48330404,39.64850615,22.60105448,16.20386643,24.07732865,35.64147627,64.21792619,39.78910369,73.63796134,31.3884007,6.151142355
CC(=O)NC(C)CC(C)NC(=O)Nc1cccc(C(C)C(=O)O)c1,335.404,2.2994,3,4,4,0.6129767554,3,107.53,0,0,0,0.02031589,0.27144122,0.9012929,0.0011127214,0.013586277,0.21269575,0.009386843,0.020835094,0.008889427,0.15079096,0.0015340261,0.24501178,0.11725929,0.518962,0.8720745,0.004296078,0.02497084,0.0020970297,0.0010283003,0.007561362,0.064083494,0.004952261,0.08933357,0.0028430442,0.01545084,0.00097058946,0.0017817648,0.0008201469,0.0043940423,0.320316,0.030870039,-5.590639,-10.2114935,-19.067205,6.4698462,-18.421503,2.1911843,-0.96665514,48.05082,-2.257918,-0.37665486,50.36906854,48.78734622,32.65377856,86.90685413,63.44463972,61.65202109,76.60808436,72.40773286,47.59226714,25.86994728,37.18804921,5.694200351,16.9771529,79.47275923,14.62214411,20.14059754,72.61862917,30.65026362,18.10193322,23.79613357,21.79261863,20.94903339,67.80316344,55.14938489,56.2741652,24.99121265,24.74516696,49.13884007,14.86818981,11.14235501,27.66256591,33.98945518,45.37785589,16.80140598,22.49560633,6.713532513,15.28998243,13.42706503,11.66959578,18.76977153,23.90158172,18.45342707,21.89806678,8.752196837,8.857644991,33.77855888,20.49209139,34.13005272,18.1370826,26.53778559,66.32688928,32.12653779
Cc1cc(NC(=O)c2ccc(C(C)C(=O)O)cc2)ccc1P(=O)(O)O,363.306,2.23842,3,4,4,0.6041546539,1,123.93,0,1,0,0.017490396,0.13073514,0.49636307,0.0054973373,0.030237336,0.06716436,0.040131927,0.0022089616,0.022502882,0.04722353,0.0013546061,0.30675912,0.19249241,0.49496412,0.20867701,0.0014032144,0.025982654,0.012222613,0.0015950972,0.023204122,0.07963785,0.0020870971,0.0035440035,0.0020517297,0.031039571,0.0016630078,0.0017850697,0.0026084778,0.004667757,0.16758975,0.02440123,-6.48828,-17.247156,-7.561227,74.5892,-24.261305,2.2393324,-1.1325974,72.69547,-2.399053,0.82748145,56.9771529,48.11950791,32.65377856,86.90685413,63.44463972,60.66783831,55.32513181,80.10544815,47.59226714,66.5202109,37.18804921,4.60456942,9.630931459,16.80140598,25.23725835,31.98594025,27.27592267,52.12653779,6.432337434,36.87170475,8.400702988,20.21089631,77.92618629,69.10369069,55.3602812,10.26362039,8.189806678,50.50966608,42.63620387,15.71177504,57.99648506,44.99121265,28.75219684,5.799648506,19.75395431,16.76625659,21.58172232,13.42706503,21.4059754,19.64850615,8.646748682,15.04393673,8.787346221,6.11599297,16.55536028,90.82601054,10.08787346,37.29349736,16.16871705,48.64674868,63.62038664,44.07732865
CC(C=CC(=O)NC1CCC(C(C)C(=O)O)CC1)OC(N)=O,312.366,1.4221,4,3,4,0.6408713494,2,118.72,0,1,0,0.22651282,0.46209303,0.6837553,0.002425783,0.05176016,0.14716923,0.023686562,0.038486537,0.031905703,0.29603145,0.010341221,0.23447199,0.12951578,0.24355963,0.7281643,0.046076797,0.037303317,0.0034437005,0.01069748,0.045231808,0.11915276,0.049988564,0.16804767,0.013082149,0.12288703,0.018026728,0.037169658,0.0075981133,0.04695518,0.6092021,0.058850057,-5.421434,9.055602,-3.0624878,-18.174244,-16.235561,2.055479,-0.73131776,43.492256,-1.890822,-3.8389575,44.39367311,36.9771529,48.55887522,78.20738137,63.44463972,65.48330404,69.84182777,78.1370826,47.59226714,66.5202109,37.18804921,51.03690685,30.19332162,31.17750439,19.15641476,40.59753954,55.18453427,44.11247803,25.94024605,41.93321617,37.18804921,34.83304042,66.15114236,57.75043937,38.80492091,20.28119508,82.49560633,66.46748682,21.8629174,41.19507909,73.18101933,65.97539543,79.96485062,20.80843585,35.32513181,49.31458699,62.60105448,66.22144112,33.18101933,59.26186292,62.28471002,26.11599297,25.90509666,24.60456942,21.1599297,2.425307557,28.40070299,26.15114236,20.77328647,23.16344464,72.72407733,6.18629174
Cc1cc(O)ccc1CNC(=O)C1CCN(C(C)C(=O)O)CC1,320.389,1.50192,4,3,4,0.7648425908,1,89.87,0,0,0,0.08375198,0.5198804,0.7199076,0.020940164,0.10417725,0.1229368,0.050211757,0.09447448,0.15616448,0.24239333,0.020617653,0.23824894,0.20777316,0.16585863,0.8621813,0.013024715,0.03738306,0.021323007,0.008903641,0.034203578,0.1286875,0.008078034,0.19889536,0.020402024,0.062834434,0.0064057074,0.008679003,0.011471194,0.013571413,0.451178,0.24867873,-5.7273417,21.099297,7.5057893,-23.605854,-17.974382,2.2149136,-0.36617684,57.501945,-1.8523226,-1.0053232,47.13532513,37.53954306,48.55887522,78.20738137,63.44463972,84.14762742,55.32513181,61.12478032,47.59226714,25.86994728,37.18804921,23.65553603,34.20035149,36.09841828,37.39894552,52.5483304,46.78383128,55.39543058,45.5887522,68.15465729,31.84534271,40.42179262,66.53778559,70.86115993,30.15817223,24.46397188,54.34094903,66.53778559,49.98242531,38.31282953,66.60808436,68.99824253,54.34094903,22.21441125,38.52372583,32.40773286,42.63620387,38.24253076,36.90685413,34.97363796,40.56239016,46.25659051,18.8400703,38.76977153,31.35325132,1.335676626,21.65202109,35.74692443,25.20210896,33.88400703,73.18101933,25.5887522
Cc1cc(F)ccc1NC(=O)Nc1ccc(C(C)C(=O)O)cn1,317.32,3.36122,3,3,4,0.8060607969,1,91.32,0,0,0,0.06984892,0.31779176,0.8869133,0.05955718,0.060465027,0.3065899,0.081866324,0.026021123,0.021091789,0.17827277,0.007997919,0.35105917,0.281479,0.9137419,0.8885025,0.00695922,0.047786575,0.12746918,0.0115603935,0.02407192,0.11292322,0.022674091,0.12517478,0.020766344,0.08228284,0.024170484,0.0077093504,0.031375896,0.044631474,0.23047268,0.10150043,-5.0217156,-3.4773788,-14.362564,9.622793,-14.438986,2.5825298,0.23181859,81.83434,-3.450355,-0.9242712,46.15114236,66.64323374,32.65377856,78.20738137,63.44463972,90.26362039,55.32513181,62.35500879,47.59226714,25.86994728,37.18804921,19.15641476,20.31634446,73.9543058,48.78734622,43.16344464,88.15465729,62.91739895,20.94903339,35.92267135,24.49912127,32.93497364,83.19859402,77.78558875,84.71001757,25.86994728,36.83655536,75.28998243,74.62214411,42.3198594,58.87521968,62.81195079,70.01757469,18.48857645,38.66432337,39.2970123,67.13532513,35.5711775,48.11950791,58.24253076,14.05975395,31.77504394,44.11247803,12.75922671,12.0913884,39.26186292,38.41827768,58.8400703,33.77855888,57.89103691,43.30404218,26.29173989
Cc1cc(Br)ccc1C(=O)NS(=O)(=O)c1ccc(C(C)C(=O)O)cc1,426.288,3.06432,4,2,4,0.7656723715,1,100.54,0,0,0,0.0023087044,0.16143665,0.93444556,0.015337977,0.061592065,0.56945866,0.16786897,0.012002519,0.0076726167,0.15801848,0.018750455,0.5065788,0.03907775,0.95802677,0.93059856,0.0047305445,0.03353192,0.004241213,0.008621109,0.008199191,0.052150697,0.03306494,0.1462707,0.025908792,0.045477916,0.0015495126,0.0025069136,0.008586433,0.011525593,0.16890797,0.0254547,-5.211952,-10.167761,-8.734639,60.670326,-15.057226,2.6350641,-0.95740414,92.61311,-3.6491566,-3.9154496,71.24780316,62.10896309,48.55887522,61.37082601,63.44463972,84.25307557,55.32513181,68.11950791,47.59226714,25.86994728,37.18804921,0.6326889279,11.24780316,91.45869947,34.6572935,43.51493849,99.40246046,73.07557118,13.9543058,21.72231986,22.46045694,39.78910369,93.88400703,25.90509666,91.56414763,28.71704745,26.60808436,61.44112478,24.56942004,37.78558875,30.08787346,23.09314587,74.58699473,19.543058,40.21089631,24.78031634,20.7029877,17.11775044,34.51669596,32.37258348,8.752196837,15.67662566,35.14938489,8.787346221,15.88752197,86.15114236,35.00878735,62.10896309,18.20738137,73.77855888,39.33216169,5.975395431
Cc1cc(F)ccc1NC(=O)Nc1ccc(C(C)C(=O)O)nc1,317.32,3.36122,3,3,4,0.8060607969,1,91.32,0,0,0,0.07697992,0.29217514,0.8779403,0.11304019,0.117206454,0.35396546,0.17292199,0.03482472,0.034478836,0.22422254,0.029580092,0.3765061,0.27835792,0.91976625,0.88795483,0.009797769,0.055977803,0.17779547,0.022032814,0.03291242,0.12980668,0.035565704,0.17581877,0.04156925,0.11296078,0.033923134,0.0124801295,0.05569446,0.06269406,0.24056351,0.14848287,-5.048421,-2.7430885,-15.428004,10.117148,-14.705762,2.5230422,0.114855126,81.37283,-3.2798939,-0.44827193,46.15114236,66.64323374,32.65377856,78.20738137,63.44463972,90.26362039,55.32513181,62.35500879,47.59226714,25.86994728,37.18804921,21.75746924,18.8400703,70.75571178,57.53954306,54.62214411,92.5483304,73.46221441,24.67486819,43.33919156,29.87697715,44.00702988,85.5887522,77.50439367,85.62390158,25.83479789,46.88927944,80.35149385,79.47275923,51.70474517,65.79964851,69.31458699,75.46572935,21.08963093,44.28822496,47.55711775,71.52899824,45.37785589,56.09841828,64.00702988,14.93848858,37.32864675,42.5659051,13.2513181,11.42355009,40.24604569,36.94200351,55.25483304,32.61862917,57.22319859,46.18629174,31.03690685
CCC(NC(=O)c1ccc(C(C)C(C)C(=O)O)cc1)c1ccccc1,339.435,4.3919,2,2,4,0.7859099064,3,66.4,0,0,0,0.02197015,0.32268542,0.8928232,0.023056466,0.15952627,0.49186158,0.26978344,0.08222962,0.039326914,0.4935619,0.083920695,0.3052234,0.095788814,0.70957506,0.9879692,0.009146058,0.026955724,0.013835663,0.030296985,0.044096757,0.13686828,0.17901592,0.5332438,0.21408379,0.11582651,0.010295652,0.0249996,0.08960659,0.026469236,0.3132635,0.24843016,-5.0377283,17.773407,4.014175,-5.080235,-13.2311,2.510123,0.8954426,88.92723,-3.7813594,-1.9615408,51.35325132,82.39015817,17.10017575,61.37082601,63.44463972,87.10017575,76.60808436,43.79613357,47.59226714,25.86994728,37.18804921,6.080843585,20.63268893,76.16871705,38.52372583,60.66783831,98.20738137,79.78910369,42.3198594,45.51845343,55.25483304,55.67662566,77.78558875,49.42003515,66.36203866,38.5940246,44.74516696,51.91564148,44.60456942,55.78207381,72.68892794,71.35325132,93.70826011,35.50087873,63.30404218,48.08435852,51.70474517,58.98066784,62.91739895,47.83831283,22.95254833,46.25659051,43.09314587,34.48154657,28.18980668,13.88400703,46.5026362,54.30579965,44.1827768,67.62741652,36.69595782,17.78558875
C#CCN(Cc1ccc2nc(OC)[nH]c(=O)c2c1)C(C)C(=O)O,315.329,0.84,5,2,4,0.767051162,1,95.52,0,1,0,0.26743096,0.47101837,0.73468256,0.056474578,0.08913924,0.15974319,0.10325382,0.046589803,0.048062075,0.2152715,0.029231137,0.4305002,0.29337054,0.6950843,0.7672073,0.02874136,0.035013538,0.06888709,0.011216486,0.030189145,0.10133886,0.014059821,0.127557,0.011815517,0.12280701,0.028044105,0.027224218,0.007029464,0.08894454,0.4308645,0.11682256,-5.500205,11.351709,4.898812,-16.855196,-17.839916,2.2984245,-0.44716167,72.2228,-2.897438,-1.3236539,45.5887522,30.15817223,61.88049209,61.37082601,63.44463972,84.35852373,55.32513181,65.13181019,47.59226714,66.5202109,37.18804921,56.87170475,30.79086116,38.24253076,48.18980668,49.80667838,59.40246046,66.18629174,29.17398946,48.50615114,28.26010545,43.97188049,89.59578207,78.55887522,65.41300527,21.65202109,74.58699473,63.33919156,67.10017575,41.82776801,63.58523726,57.50439367,63.37434095,18.66432337,34.44639719,49.27943761,69.03339192,60.42179262,32.40773286,71.24780316,38.06678383,33.32161687,23.79613357,27.31107206,28.89279438,2.987697715,22.35500879,40.73813708,24.28822496,48.26010545,54.69244288,23.44463972
COC(=O)C(C)CCNC(=O)N1CCC(C(C)C(=O)O)CC1,314.382,1.3279,4,2,4,0.7210384693,2,95.94,0,0,0,0.18478,0.6421336,0.8259498,0.0012255531,0.035858665,0.1703316,0.012323724,0.054656237,0.015242885,0.32805568,0.0072140032,0.22826585,0.120324984,0.25267345,0.96041566,0.0160532,0.02245524,0.0017943901,0.0029511263,0.014911127,0.085593194,0.010827132,0.439658,0.011550374,0.06623241,0.0041030394,0.010897411,0.002238499,0.0154878,0.61590755,0.06898025,-4.9500365,34.59073,10.602213,-25.879095,-12.964543,2.0751371,-0.5527624,47.091774,-1.4445244,-4.7386174,45.20210896,35.64147627,48.55887522,61.37082601,63.44463972,77.92618629,69.84182777,65.65905097,47.59226714,25.86994728,37.18804921,44.28822496,43.65553603,56.90685413,14.93848858,34.72759227,62.53075571,34.97363796,31.77504394,30.9314587,40.03514938,32.02108963,65.02636204,55.78207381,39.57820738,32.30228471,60.56239016,44.95606327,13.46221441,23.05799649,46.81898067,48.3655536,59.2970123,31.49384886,34.23550088,33.42706503,35.39543058,42.70650264,19.57820738,37.04745167,62.81195079,27.69771529,48.92794376,52.68892794,34.23550088,0.9490333919,48.18980668,27.13532513,23.23374341,25.90509666,78.06678383,3.831282953
CC(C(=O)O)c1ccc(Nc2ncc3c(n2)N(C)C(=O)N(C)C3)cc1,341.371,2.4099,5,2,4,0.8859352862,1,98.66,0,0,0,0.06274246,0.3339625,0.90640324,0.010108174,0.011371933,0.20301493,0.020903373,0.018660413,0.011970634,0.14446439,0.0022721158,0.24437876,0.37899283,0.9367881,0.881863,0.005980877,0.04283659,0.040010255,0.004307443,0.009618839,0.08240262,0.0066433763,0.08305596,0.0058999797,0.04356699,0.014425391,0.0026804723,0.006377075,0.033625588,0.13956772,0.08631003,-5.1446047,-3.31251,-6.417464,-4.402293,-15.406309,2.678489,-0.04142933,78.35277,-3.3699105,-2.4909008,51.88049209,50.79086116,61.88049209,61.37082601,63.44463972,98.17223199,55.32513181,66.85413005,47.59226714,25.86994728,37.18804921,16.9771529,21.19507909,81.47627417,30.26362039,17.46924429,70.54481547,41.93321617,17.15289982,27.10017575,21.12478032,22.98769772,67.59226714,85.13181019,88.33040422,25.62390158,32.58347979,71.49384886,59.22671353,28.01405975,34.51669596,46.7486819,50.72056239,16.34446397,28.40070299,23.83128295,58.52372583,17.96133568,31.21265378,52.5483304,6.397188049,29.91212654,38.55887522,12.89982425,17.6801406,15.14938489,32.89982425,64.60456942,29.94727592,54.16520211,44.53427065,13.28646749
COc1ccc(S(=O)(=O)NC2CCC(C(C)C(=O)O)CC2)cc1C,355.456,2.56142,4,2,4,0.817974748,1,92.7,0,0,0,0.052013792,0.51163787,0.8965761,0.06858884,0.4742771,0.41851005,0.50545835,0.110680714,0.08059543,0.6080948,0.4882908,0.31139377,0.10779087,0.8231304,0.9971511,0.009449814,0.023766248,0.03871811,0.088895425,0.022314666,0.07769516,0.059560813,0.8301713,0.3393731,0.1952776,0.0062099807,0.024033617,0.1549681,0.029708046,0.33079377,0.35449773,-5.1420503,41.0724,28.443918,-19.776926,-12.9935665,2.0143278,0.5015586,81.14485,-3.1392703,-2.918384,54.76274165,53.56766257,48.55887522,61.37082601,63.44463972,91.42355009,55.32513181,63.26889279,47.59226714,25.86994728,37.18804921,13.70826011,33.56766257,77.57469244,50.4745167,84.11247803,95.85237258,90.05272408,50.4745167,56.44991213,68.64674868,82.17926186,78.5940246,52.68892794,74.37609842,48.29525483,45.69420035,47.34622144,58.73462214,73.56766257,57.4340949,43.93673111,82.24956063,55.00878735,70.72056239,60.94903339,41.93321617,58.31282953,70.05272408,50.57996485,25.02636204,54.86818981,38.5940246,57.75043937,53.00527241,2.179261863,48.04920914,24.21792619,38.55887522,56.90685413,49.56063269,10.40421793
CC(CCNC(=O)N1CCC(C(C)C(=O)O)CC1)C(=O)N(C)C,327.425,1.2431,3,2,4,0.7679379311,2,89.95,0,0,0,0.26767236,0.5169524,0.80829734,0.00034329479,0.011246376,0.08515839,0.0028841693,0.06271659,0.012561542,0.255018,0.0028388666,0.17831853,0.11410562,0.124697424,0.8739338,0.014821609,0.025903797,0.0008882292,0.0010801054,0.013325358,0.0942416,0.002419004,0.2994885,0.0039968537,0.03655444,0.002504129,0.0044340645,0.00068305567,0.008907397,0.668522,0.06952357,-5.194813,14.740416,-5.8557825,-18.538904,-15.228737,2.080051,-1.2966833,22.933254,-0.75337374,-5.1256857,48.6115993,34.58699473,32.65377856,61.37082601,63.44463972,84.53427065,69.84182777,61.1599297,47.59226714,25.86994728,37.18804921,56.90685413,33.88400703,52.44288225,9.525483304,17.22319859,32.19683656,16.94200351,34.48154657,27.87346221,32.75922671,24.74516696,53.56766257,54.34094903,22.74165202,25.13181019,58.45342707,50.4745167,8.295254833,11.56414763,43.86643234,53.74340949,32.30228471,26.39718805,25.48330404,20.14059754,27.13532513,25.51845343,10.40421793,28.08435852,69.31458699,27.73286467,36.13356766,31.14235501,18.24253076,2.425307557,33.98945518,27.38137083,14.44639719,10.54481547,86.92442882,3.233743409
CC(C=CC(=O)NC1COC(C(C)C(=O)O)OC1)OC(N)=O,316.31,-0.3952,6,3,4,0.567057218,2,137.18,0,1,0,0.59512883,0.49795336,0.56752,0.00020682432,0.02304881,0.07702726,0.0049824305,0.008747072,0.008014137,0.18846717,0.0010084602,0.29420686,0.111009456,0.28753662,0.33760637,0.047558405,0.020907464,0.00063268316,0.0045284596,0.03809799,0.086725965,0.02598396,0.055035513,0.0016942469,0.18191858,0.02510579,0.02905435,0.0013863104,0.07965225,0.69105834,0.017254872,-5.867554,-6.272954,-7.270976,-10.379858,-19.246815,2.1348717,-1.5466688,34.084137,-1.0575277,-2.3227334,45.94024605,18.41827768,72.46045694,78.20738137,63.44463972,55.85237258,69.84182777,82.98769772,47.59226714,66.5202109,37.18804921,85.5887522,32.82952548,20.456942,8.471001757,27.4516696,30.05272408,22.46045694,12.05623902,22.35500879,25.5887522,18.1370826,76.23901582,53.74340949,42.00351494,12.86467487,83.05799649,42.21441125,7.205623902,28.68189807,69.49033392,49.20913884,71.3884007,14.02460457,18.20738137,59.36731107,67.52196837,61.54657293,15.5711775,68.99824253,71.84534271,10.96660808,16.41476274,11.03690685,16.87170475,7.76801406,18.24253076,30.33391916,11.91564148,17.22319859,82.70650264,14.72759227
CCCOCC1(C(=O)Nc2ccc(C(C)C(=O)O)cc2)CC(C)=NO1,348.399,2.7748,5,2,4,0.7041633774,2,97.22,0,1,0,0.1615258,0.289173,0.8798803,0.005765254,0.087446764,0.28063586,0.07130723,0.037003286,0.012135096,0.3692062,0.035238035,0.24711566,0.120713435,0.77551955,0.91057235,0.017863432,0.044406794,0.013998543,0.024608396,0.02910721,0.10934361,0.06463237,0.27558476,0.061633416,0.11208607,0.019024152,0.017771328,0.027954768,0.056212783,0.3851374,0.10570347,-5.258399,2.7485824,1.6060699,-8.262172,-14.493891,2.6552505,-0.19422635,71.6628,-2.5785728,-0.64976573,53.04042179,57.92618629,61.88049209,61.37082601,63.44463972,75.85237258,69.84182777,66.0456942,47.59226714,66.5202109,37.18804921,39.57820738,18.48857645,71.52899824,25.65905097,49.63093146,84.71001757,60.52724077,25.3427065,27.38137083,43.19859402,45.69420035,67.9086116,55.88752197,70.57996485,27.10017575,63.30404218,73.14586995,44.67486819,53.18101933,62.70650264,61.12478032,83.16344464,25.37785589,47.87346221,47.31107206,63.33919156,52.33743409,46.46748682,62.07381371,31.95079086,32.19683656,32.93497364,17.01230228,25.79964851,9.490333919,38.1370826,63.33919156,27.48681898,47.76801406,60.10544815,29.10369069
Cc1nc(NNc2csc(NC(C)C(=O)O)n2)[nH]c(=O)c1C#N,335.349,0.7305,9,5,4,0.4800478052,1,155.82,1,1,1,0.24896877,0.1421154,0.5179559,0.09191425,0.12916367,0.054858405,0.3081449,0.0070944205,0.05749482,0.20038967,0.14284469,0.34447044,0.3867332,0.9537242,0.5286099,0.012853809,0.0381475,0.46780175,0.03481987,0.052900784,0.099464275,0.016723702,0.051130086,0.015874961,0.40793818,0.0895275,0.04454259,0.1832731,0.2935974,0.34606725,0.16012841,-5.939439,-14.278425,-12.385837,41.76785,-22.71424,1.9574692,-1.7273424,83.11042,-3.8177953,1.9310238,50.33391916,29.42003515,88.08435852,91.49384886,63.44463972,43.40949033,55.32513181,86.64323374,97.39894552,66.5202109,83.09314587,54.23550088,10.26362039,18.03163445,54.37609842,56.59050967,23.76098418,81.6168717,11.28295255,51.49384886,26.71353251,63.19859402,82.35500879,85.48330404,90.89630931,16.06326889,54.09490334,67.38137083,92.16168717,57.99648506,76.44991213,56.5202109,65.51845343,13.70826011,36.83655536,78.24253076,84.4288225,70.08787346,72.65377856,90.12302285,26.60808436,38.34797891,15.07908612,6.959578207,13.28646749,76.69595782,12.16168717,21.33567663,10.54481547,59.12126538,35.8172232,54.58699473
COc1cc2nccc(Oc3ccc(C(C)C(=O)O)cn3)c2cc1C,338.363,3.92722,5,1,4,0.7589763147,1,81.54,0,0,0,0.07409995,0.31041104,0.92594546,0.063829355,0.07734146,0.47374147,0.14625625,0.060428847,0.01043148,0.32228875,0.036983825,0.26465917,0.24876475,0.94640476,0.95976526,0.015057054,0.056567114,0.143958,0.03969572,0.02472307,0.09276516,0.06300094,0.36325115,0.07378714,0.12301791,0.04916271,0.0154066505,0.04688533,0.09051411,0.17583033,0.14511606,-4.8421025,3.9722342,-7.358609,7.8530817,-12.073746,3.025046,0.68960965,92.06944,-3.6568565,-1.9220867,51.07205624,76.06326889,61.88049209,36.59050967,63.44463972,83.40949033,55.32513181,55.37785589,47.59226714,25.86994728,37.18804921,20.49209139,19.78910369,88.40070299,49.56063269,47.4516696,97.75043937,71.24780316,33.81370826,25.62390158,39.43760984,46.5026362,71.73989455,74.86818981,89.94727592,32.12653779,59.12126538,80.52724077,76.73110721,59.89455185,59.2970123,52.68892794,82.81195079,28.57644991,49.70123023,49.31458699,77.50439367,49.38488576,53.88400703,71.56414763,9.244288225,36.76625659,56.30931459,18.52372583,16.76625659,35.88752197,54.4112478,83.0228471,41.33567663,72.75922671,39.22671353,18.03163445
CNC(=O)C(C)CCNC(=O)N1CCC(C(C)C(=O)O)CC1,313.398,0.9009,3,3,4,0.6782582393,2,98.74,0,0,0,0.2267611,0.55401045,0.80767834,0.0006796805,0.017408064,0.11146369,0.005426937,0.0535706,0.013522406,0.25377685,0.004144131,0.20655164,0.11008867,0.17295773,0.9183486,0.015962478,0.026301984,0.0014177542,0.0015330191,0.012568531,0.090679884,0.0033819997,0.27823314,0.0055471496,0.041532576,0.0028211735,0.005790872,0.00093277794,0.01058196,0.6178173,0.061742164,-5.4009786,8.309151,-10.917018,-16.465145,-16.214985,2.0165174,-1.3058999,25.972147,-0.9391419,-4.548395,44.92091388,30.79086116,32.65377856,78.20738137,63.44463972,71.56414763,69.84182777,66.88927944,47.59226714,25.86994728,37.18804921,51.07205624,36.94200351,52.37258348,12.0913884,23.55008787,41.05448155,23.26889279,31.52899824,29.13884007,32.68892794,27.87346221,60.73813708,53.46221441,31.10720562,27.87346221,60.38664323,50.89630931,11.77504394,15.18453427,42.14411248,51.35325132,38.62917399,25.51845343,27.87346221,22.67135325,29.38488576,30.33391916,12.37258348,30.4745167,62.91739895,26.7486819,26.60808436,23.69068541,14.16520211,3.16344464,28.47100176,24.35852373,14.27065026,12.58347979,84.32337434,4.112478032
CC1=NOC(COCC(C)C)(C(=O)Nc2ccc(C(C)C(=O)O)cc2)C1,362.426,3.0208,5,2,4,0.7407573691,2,97.22,0,0,0,0.1847398,0.24098885,0.8728056,0.0040663695,0.09303452,0.24903724,0.066000186,0.038324915,0.016517235,0.41483673,0.039420366,0.2562805,0.14635177,0.729341,0.89422095,0.018608669,0.0411508,0.010229341,0.028720181,0.041610043,0.12891397,0.074466184,0.2826158,0.075114675,0.13327223,0.020117387,0.020702532,0.037552,0.06385993,0.39037704,0.13770472,-5.2208223,6.7722673,7.9053674,-8.427642,-13.850687,2.7264543,0.16986963,77.86858,-2.8088844,-0.013144588,56.80140598,61.54657293,61.88049209,61.37082601,63.44463972,81.01933216,69.84182777,66.0456942,47.59226714,25.86994728,37.18804921,44.28822496,15.3602812,69.34973638,22.98769772,50.61511424,79.64850615,59.57820738,25.86994728,32.12653779,47.69771529,46.95957821,69.91212654,61.51142355,67.62741652,26.0456942,64.14762742,70.01757469,39.92970123,55.04393673,71.35325132,69.03339192,84.74516696,25.62390158,49.84182777,51.45869947,64.4288225,55.74692443,51.10720562,64.28822496,32.61862917,35.99297012,34.69244288,21.89806678,31.59929701,9.314586995,42.53075571,67.94376098,33.28646749,53.77855888,56.02811951,34.90333919
COc1cc2nccc(Oc3ccc(C(C)C(=O)O)nc3)c2cc1C,338.363,3.92722,5,1,4,0.7589763147,1,81.54,0,0,0,0.09213252,0.34372848,0.92613155,0.1308755,0.13854882,0.49781257,0.2068346,0.08814959,0.021337442,0.40123376,0.09785739,0.25708556,0.28640208,0.9324797,0.9709147,0.018266896,0.060004193,0.20003788,0.06657256,0.03371335,0.106501564,0.07445835,0.4795645,0.11202712,0.1605807,0.06773216,0.02310486,0.076092884,0.110220335,0.19325551,0.21735847,-4.8586054,5.670691,-7.0170465,6.059645,-12.069075,2.932137,0.54662895,92.16037,-3.5319698,-1.9732044,51.07205624,76.06326889,61.88049209,36.59050967,63.44463972,83.40949033,55.32513181,55.37785589,47.59226714,25.86994728,37.18804921,25.72934974,21.82776801,88.50615114,59.57820738,57.96133568,98.31282953,76.02811951,44.07732865,35.95782074,46.0456942,57.85588752,69.94727592,78.24253076,87.41652021,33.84885764,63.79613357,82.00351494,81.05448155,68.82249561,66.08084359,59.78910369,84.74516696,33.2513181,54.23550088,56.20386643,80.98418278,57.75043937,60.38664323,74.69244288,10.68541301,43.79613357,55.18453427,20.52724077,16.9771529,32.89982425,54.4112478,79.15641476,39.33216169,72.89982425,41.6168717,17.57469244
COc1ccc(C(=O)N2CCN(C(C)=O)CC2)cc1C(C)C(=O)O,334.372,1.1876,4,1,4,0.8935158695,1,87.15,0,0,0,0.03209815,0.34487137,0.9188064,0.0003780073,0.0126546575,0.20467667,0.00824747,0.014796222,0.0021140773,0.16210547,0.001154994,0.14250337,0.06366357,0.73590183,0.93608487,0.007834992,0.049922906,0.0013511083,0.0013864957,0.0051981923,0.06648074,0.0064587304,0.15693301,0.011339231,0.023688158,0.0019489328,0.0013108382,0.0008636375,0.0070229517,0.28185493,0.019131217,-5.1840734,-5.242421,-12.795149,-17.10171,-15.626111,2.3527818,-1.9751291,24.13827,-0.82893646,-6.946115,50.15817223,34.09490334,48.55887522,36.59050967,63.44463972,98.73462214,55.32513181,59.543058,47.59226714,25.86994728,37.18804921,8.576449912,21.89806678,85.62390158,9.841827768,19.2970123,70.96660808,29.10369069,15.1142355,6.818980668,22.84710018,18.91036907,43.93673111,38.24253076,68.08435852,29.31458699,40.63268893,76.55536028,11.28295255,14.09490334,19.47275923,36.09841828,49.98242531,20.14059754,34.02460457,12.40773286,23.58523726,10.82601054,11.95079086,24.8857645,19.05096661,12.26713533,36.69595782,11.56414763,13.00527241,2.741652021,31.3884007,44.00702988,8.787346221,11.3884007,85.72934974,1.58172232
Cc1nc(NCC2CCC(C(C)C(=O)O)CC2)ncc1C#N,302.378,2.5957,5,2,4,0.8670145775,1,98.9,0,0,0,0.060205467,0.55309206,0.86131316,0.102622725,0.12186126,0.24940844,0.120532155,0.14961377,0.19714965,0.38257986,0.042695373,0.30119473,0.45022088,0.5742555,0.9570699,0.015639214,0.0409398,0.07072869,0.025455669,0.034249283,0.110600725,0.020058166,0.43862534,0.048159413,0.12015412,0.015828183,0.021756044,0.029503759,0.05581128,0.29342794,0.32019615,-4.920255,42.313713,24.991795,-23.606415,-12.140404,2.0653872,0.8262378,86.89235,-3.9430397,-2.5604851,41.26537786,54.37609842,61.88049209,61.37082601,63.44463972,96.90685413,55.32513181,66.99472759,47.59226714,25.86994728,37.18804921,16.41476274,36.90685413,66.08084359,55.99297012,55.50087873,79.82425308,68.29525483,60.28119508,71.17750439,44.53427065,47.80316344,77.22319859,89.98242531,58.98066784,31.45869947,60.03514938,69.98242531,67.38137083,53.60281195,66.64323374,61.79261863,67.94376098,31.49384886,45.5887522,48.85764499,60.35149385,56.66080844,47.31107206,62.03866432,20.42179262,51.88049209,51.21265378,58.8400703,49.56063269,1.335676626,54.02460457,26.5026362,43.26889279,64.04217926,33.42706503,12.68892794
Cc1cc(NC(=O)NC(C)CCC(C)C(=O)O)cc(C(C)(C)C(=O)O)c1,364.442,3.36812,3,4,4,0.5643067221,2,115.73,0,0,0,0.017347911,0.18720227,0.8440491,0.003210089,0.029822802,0.17368814,0.0348739,0.018839184,0.012765254,0.18087204,0.0062517375,0.24958524,0.12379912,0.4565813,0.727695,0.004953207,0.027744476,0.003354314,0.002541585,0.015679423,0.067438945,0.010674115,0.079140306,0.006241868,0.03432203,0.0019346547,0.0037412923,0.002082056,0.007153135,0.2909142,0.035366308,-5.6018915,2.2492867,-2.026249,-5.1178007,-17.333681,2.2676454,-0.96071607,68.36837,-2.7113264,-2.3067105,57.18804921,66.71353251,32.65377856,86.90685413,63.44463972,55.5711775,69.84182777,76.53778559,47.59226714,25.86994728,37.18804921,4.60456942,12.5483304,61.4059754,21.37082601,31.88049209,63.58523726,50.12302285,17.18804921,28.11950791,24.71001757,31.10720562,68.57644991,56.66080844,53.07557118,20.28119508,27.55711775,53.00527241,21.26537786,21.37082601,48.01405975,36.9771529,59.01581722,16.06326889,28.96309315,18.8400703,23.55008787,22.67135325,18.87521968,25.16695958,20.10544815,19.96485062,21.68717047,16.76625659,22.00351494,13.84885764,24.21792619,39.12126538,18.20738137,44.11247803,57.22319859,14.83304042
COc1ccc2c(c1)c(C(=O)Nc1ccc(C(C)C(=O)O)cc1)cn2C,352.39,3.6273,3,2,4,0.7347207471,1,80.56,0,0,0,0.1770549,0.23105545,0.89472896,0.14879875,0.20105033,0.40866417,0.3157413,0.06782754,0.041762225,0.40079993,0.15117356,0.3252657,0.25441036,0.9459144,0.95032966,0.020013742,0.07521452,0.26180178,0.07681939,0.056214254,0.1727619,0.106538996,0.40431938,0.24930573,0.20951232,0.089097306,0.02696326,0.21917613,0.14188094,0.28794175,0.34430742,-5.1352887,9.018599,0.43734282,26.76125,-15.610646,2.5779955,0.81140935,91.99312,-4.258841,-2.2484481,53.84885764,71.45869947,32.65377856,61.37082601,63.44463972,79.96485062,55.32513181,54.79789104,47.59226714,25.86994728,37.18804921,42.46045694,15.00878735,77.01230228,61.23022847,65.16695958,95.53602812,81.89806678,36.62565905,46.5026362,46.0456942,63.79613357,80.35149385,75.39543058,89.87697715,31.03690685,66.11599297,86.92442882,85.3427065,71.10720562,77.50439367,79.57820738,88.71704745,30.26362039,65.48330404,62.67135325,84.4288225,60.21089631,74.97363796,79.05096661,19.64850615,54.20035149,39.05096661,24.53427065,24.74516696,65.86994728,31.45869947,58.62917399,43.09314587,72.72407733,26.92442882,15.07908612
CC(C)CC(C)CCNS(=O)(=O)N1CCC(C(C)C(=O)O)CC1,348.509,2.3258,3,2,4,0.6693590931,2,86.71,0,0,0,0.4314398,0.7073445,0.7974467,0.0138929505,0.23787646,0.21019498,0.10381062,0.14514475,0.1416395,0.6140462,0.10313828,0.46277666,0.17916289,0.31441608,0.9721532,0.017349312,0.009996923,0.0050492594,0.03364573,0.053237904,0.14239624,0.05457315,0.8480604,0.13361298,0.2547276,0.009785227,0.052349456,0.06314452,0.041857235,0.8073448,0.42216262,-4.993445,45.07788,26.312073,-15.207499,-10.422113,2.0412462,0.41349927,60.580475,-2.1427946,-1.4255416,53.21616872,49.10369069,32.65377856,61.37082601,63.44463972,69.91212654,69.84182777,59.15641476,47.59226714,25.86994728,37.18804921,72.82952548,48.96309315,50.08787346,33.53251318,68.78734622,72.19683656,66.25659051,59.47275923,66.39718805,69.17398946,58.73462214,91.77504394,66.81898067,44.21792619,33.9543058,62.39015817,17.99648506,27.66256591,57.39894552,76.62565905,72.5483304,81.12478032,57.18804921,56.48506151,66.92442882,50.57996485,73.32161687,58.24253076,56.9771529,85.69420035,58.55887522,46.01054482,60.28119508,50.9314587,3.901581722,67.17047452,25.37785589,36.94200351,36.73110721,68.57644991,22.49560633
CC(Oc1ccc(C(=O)NCC2(C)CCCCC2)cc1)C(=O)O,319.401,3.2387,3,2,4,0.8437845545,1,75.63,0,0,0,0.022243952,0.5854487,0.8402322,0.053691305,0.07612455,0.25194985,0.06262171,0.114217624,0.16108379,0.32272545,0.018305182,0.27134633,0.22244842,0.3490768,0.9453875,0.0073443144,0.028857112,0.011299212,0.017583609,0.04996123,0.16341579,0.041697986,0.3929517,0.08334069,0.08541727,0.00398215,0.0143103395,0.034316856,0.016070452,0.4296047,0.2231389,-5.1339602,13.687574,6.596466,-8.695082,-12.440023,2.3105702,-0.25204453,86.97947,-3.551147,-2.9849486,46.92442882,64.85061511,32.65377856,61.37082601,63.44463972,94.48154657,55.32513181,51.1599297,47.59226714,25.86994728,37.18804921,6.11599297,39.26186292,60.31634446,47.59226714,47.27592267,80.24604569,58.55887522,51.3884007,68.6115993,39.47275923,39.75395431,72.82952548,72.61862917,46.67838313,30.4745167,38.76977153,54.83304042,41.51142355,48.33040422,75.25483304,78.17223199,77.82073814,29.84182777,50.86115993,40.21089631,34.93848858,48.01405975,49.59578207,37.89103691,37.92618629,44.60456942,39.08611599,29.84182777,30.43936731,9.103690685,51.56414763,41.58172232,26.57293497,64.1827768,41.33567663,9.912126538
Cc1cc(NC(=O)NCCCC(C)C(=O)O)cc(C(C)(C)C(=O)O)c1,350.415,2.97962,3,4,4,0.5379704418,1,115.73,0,1,0,0.031531528,0.23532656,0.7990565,0.0045634224,0.0407096,0.16954656,0.04347078,0.021754071,0.020695921,0.19067816,0.007517184,0.28317055,0.1552358,0.4257106,0.66207206,0.007912646,0.03192799,0.005657319,0.0043079434,0.02419217,0.07909069,0.01461201,0.07486908,0.0066148997,0.050227713,0.004081424,0.006663692,0.0030140926,0.012567532,0.3237192,0.04578402,-5.545517,8.265169,3.6881225,-14.51232,-16.683651,2.2504234,-0.9361065,70.16866,-2.7195308,-3.5035183,53.56766257,61.01933216,32.65377856,86.90685413,63.44463972,51.49384886,55.32513181,76.53778559,47.59226714,66.5202109,37.18804921,8.400702988,15.18453427,50.36906854,23.7258348,36.9771529,62.39015817,53.67311072,18.41827768,35.50087873,25.72934974,32.47803163,74.62214411,63.09314587,51.45869947,18.69947276,40.94903339,59.15641476,29.20913884,28.01405975,58.98066784,44.60456942,63.90158172,15.74692443,29.5254833,27.41652021,35.32513181,33.00527241,22.74165202,33.91915641,24.32337434,23.33919156,22.74165202,23.62038664,27.94376098,4.323374341,26.60808436,37.89103691,18.45342707,46.11599297,57.15289982,7.451669596
CCNc1nc(C)nc(N2CCC(NCC(C)C(=O)O)CC2)n1,322.413,0.89092,7,3,4,0.679922861,1,103.27,0,0,0,0.04013039,0.64135116,0.8854618,0.0041830917,0.004797001,0.035636805,0.0015634118,0.12186448,0.0609096,0.099216014,0.00035245478,0.19269665,0.1348359,0.16482344,0.9319022,0.0016035733,0.016222844,0.0043801465,0.00039423787,0.0030528428,0.05421081,8.89E-05,0.33851123,0.00087647355,0.011161591,0.0004577313,0.00040894366,0.00074994995,0.0018020896,0.3260039,0.10519685,-5.765068,8.623359,7.3639207,-22.26675,-17.519932,2.3950138,-0.73213196,50.858948,-2.361875,-1.3316715,47.34622144,30.75571178,79.85940246,78.20738137,63.44463972,71.91564148,55.32513181,69.73637961,47.59226714,25.86994728,37.18804921,10.72056239,43.62038664,73.39191564,23.26889279,8.224956063,17.99648506,11.6344464,53.56766257,52.26713533,15.21968366,11.42355009,57.22319859,59.26186292,30.12302285,28.85764499,9.384885764,33.14586995,25.02636204,5.272407733,10.29876977,25.23725835,5.377855888,27.66256591,13.56766257,4.288224956,8.295254833,5.799648506,11.03690685,9.20913884,24.53427065,32.16168717,18.06678383,24.00702988,31.24780316,1.58172232,23.69068541,46.57293497,20.73813708,28.89279438,64.60456942,23.40949033
CC(=O)Nc1cc(C)cc(C(=O)N2CCN(C(=O)C(C)C(=O)O)CC2)c1,361.398,0.95852,4,2,4,0.7769568711,1,107.02,0,1,0,0.037804317,0.32979318,0.8687049,0.002792661,0.04860774,0.26284558,0.041211784,0.014235313,0.005607006,0.18422216,0.00772771,0.21547377,0.08336324,0.86741793,0.8530029,0.012214735,0.063503034,0.008253448,0.005273969,0.01167286,0.08621961,0.017524775,0.11547802,0.024651092,0.06615147,0.009526411,0.005513023,0.003659586,0.024591116,0.27765065,0.03513117,-5.365857,4.341126,-8.062538,-17.272007,-17.307392,1.9072597,-1.7255722,42.702824,-1.3411795,-3.8744476,56.48506151,31.45869947,48.55887522,61.37082601,63.44463972,85.83479789,55.32513181,72.0913884,47.59226714,66.5202109,37.18804921,10.01757469,21.01933216,68.26010545,20.56239016,39.78910369,82.42530756,52.72407733,14.86818981,17.18804921,25.13181019,32.47803163,62.67135325,45.69420035,78.55887522,24.28822496,52.82952548,83.44463972,36.02811951,30.61511424,39.82425308,48.68189807,66.11599297,18.1370826,40,33.35676626,50.15817223,29.63093146,25.23725835,46.11599297,18.48857645,19.89455185,27.83831283,19.01581722,16.2741652,2.671353251,24.25307557,19.26186292,10.57996485,22.49560633,79.50790861,6.080843585
COc1ccc(NC(=O)N2CCN(C(C)C(=O)O)CC2)cc1C,321.377,1.62622,4,2,4,0.8805822453,1,82.11,0,0,0,0.15893784,0.6254636,0.9096556,0.03607538,0.14953314,0.22968936,0.06060357,0.110259056,0.050456148,0.3885339,0.030640643,0.20743302,0.23218966,0.6079748,0.9791175,0.011799971,0.042628564,0.042291045,0.007668054,0.017444398,0.10596873,0.010515949,0.5003623,0.031047892,0.061944276,0.011734307,0.005868448,0.010380688,0.021421554,0.37228742,0.23201232,-5.2920938,7.358754,1.7534974,-16.833807,-15.632965,2.6268644,0.028768634,64.99794,-2.3866143,-1.468727,47.27592267,39.50790861,48.55887522,61.37082601,63.44463972,97.85588752,55.32513181,55.71177504,47.59226714,25.86994728,37.18804921,39.19156415,42.24956063,82.5659051,43.23374341,59.40246046,75.85237258,58.06678383,50.36906854,49.24428822,44.99121265,44.4288225,60.94903339,73.2513181,60.84358524,35.71177504,51.70474517,71.24780316,60.07029877,36.06326889,50.68541301,59.64850615,58.73462214,34.20035149,41.72231986,32.26713533,54.76274165,30.72056239,36.02811951,43.51493849,30.4745167,45.20210896,31.10720562,22.39015817,26.01054482,2.987697715,31.35325132,61.65202109,31.21265378,40.91388401,64.00702988,22.17926186
C#CCN(Cc1ccc2nc(C(C)F)nc(O)c2c1)C(C)C(=O)O,331.347,2.2742,5,2,4,0.7898554874,2,86.55,0,1,0,0.12034843,0.3689933,0.70326155,0.13855502,0.28693634,0.17445782,0.2804912,0.05270962,0.13915107,0.24206007,0.060935456,0.45121866,0.2562759,0.58704627,0.7344866,0.023553358,0.03275368,0.09526082,0.027104491,0.064304404,0.12605825,0.038313825,0.16332799,0.027156193,0.16721289,0.029645184,0.04175823,0.029578155,0.07652607,0.39299268,0.18334761,-5.6217256,19.05575,15.712687,-26.658163,-16.558355,2.48131,-0.13392639,74.506645,-2.7232125,-1.1947463,49.42003515,48.43585237,61.88049209,61.37082601,63.44463972,87.4516696,69.84182777,58.98066784,47.59226714,66.5202109,37.18804921,32.02108963,23.12829525,33.84885764,60.456942,73.28646749,63.7258348,80.10544815,31.10720562,66.18629174,31.81019332,52.0913884,90.82601054,75.64147627,59.78910369,20.38664323,70.15817223,60.17574692,70.68541301,54.30579965,80.31634446,68.22495606,76.66080844,20.63268893,40.63268893,57.32864675,69.84182777,68.50615114,47.34622144,68.18980668,32.86467487,40.73813708,21.1599297,36.13356766,39.96485062,0.8435852373,27.13532513,52.75922671,28.29525483,50.54481547,57.11775044,24.4288225
Cc1ccc2nc(C(=O)c3ccc(C#N)c(C(C)C(=O)O)c3)[nH]c2n1,334.335,2.5571,5,2,4,0.7075255418,1,119.73,0,0,1,0.28896582,0.20116074,0.78868437,0.12649187,0.061632223,0.23597726,0.1971385,0.030944351,0.026586061,0.3065891,0.12564783,0.36973825,0.32642335,0.9753626,0.8281088,0.034968697,0.07712237,0.32462886,0.061472874,0.036914624,0.10015929,0.05321925,0.23788849,0.07731555,0.33317718,0.11064742,0.033841472,0.1368359,0.26735407,0.33334106,0.20778885,-5.2420173,-11.006159,-12.303229,12.742732,-16.648418,2.7577999,-0.5231333,82.642166,-3.405288,-1.3214763,50.15817223,53.42706503,61.88049209,61.37082601,63.44463972,76.34446397,55.32513181,78.62917399,47.59226714,25.86994728,83.09314587,59.12126538,13.46221441,48.54130053,59.19156415,43.51493849,77.08260105,75.3602812,23.23374341,39.75395431,38.06678383,61.1599297,85.06151142,81.44112478,94.72759227,23.44463972,77.82073814,87.31107206,87.83831283,67.80316344,68.78734622,56.94200351,80.84358524,23.86643234,50.12302285,73.00527241,87.34622144,64.11247803,68.40070299,88.99824253,25.23725835,43.0228471,33.74340949,8.260105448,13.28646749,45.06151142,26.78383128,69.38488576,23.55008787,58.62917399,44.07732865,23.44463972
CC(C(=O)O)C(=O)c1ccc(C=CC(=O)N(C)CC(=O)O)cc1,319.313,1.1462,4,2,4,0.4427264174,1,111.98,0,2,0,0.1217463,0.34949923,0.58612925,0.017483532,0.078875855,0.12171267,0.07334989,0.0059138793,0.026585782,0.10513046,0.0027582706,0.4139225,0.17606954,0.56389767,0.17282762,0.011321263,0.030061806,0.01524899,0.003172528,0.027725363,0.08718232,0.015669681,0.015351203,0.0034610475,0.12158841,0.017849978,0.010827252,0.001699358,0.030904073,0.4521219,0.0247471,-5.656367,-23.376717,-22.630484,18.646084,-18.301376,2.1928222,-3.2138557,56.978767,-1.3578849,-1.6928593,46.88927944,33.39191564,48.55887522,61.37082601,63.44463972,38.55887522,55.32513181,74.6572935,47.59226714,87.92618629,37.18804921,32.33743409,22.17926186,21.33567663,35.5711775,47.73286467,46.0456942,61.08963093,10.08787346,39.75395431,16.20386643,24.32337434,88.47100176,66.39718805,58.31282953,9.34973638,50.61511424,56.69595782,45.79964851,23.83128295,61.79261863,49.42003515,64.6397188,9.173989455,24.1827768,48.99824253,62.28471002,42.63620387,17.08260105,51.28295255,40.73813708,15.14938489,20.35149385,4.53427065,6.467486819,55.99297012,20.73813708,34.20035149,2.776801406,33.56766257,79.2970123,19.96485062
Cc1cn(CC(=O)N2CCN(C(C)C(=O)O)CC2)c2ccc(F)cc12,347.39,1.70612,3,1,4,0.9143641883,1,65.78,0,0,0,0.1614017,0.69640666,0.85095155,0.046320714,0.2746691,0.25032035,0.1369421,0.13436186,0.12201588,0.4423767,0.096474126,0.33190337,0.23902352,0.46471328,0.97965205,0.0155082345,0.032884914,0.03040337,0.012023433,0.020527069,0.10392084,0.028953427,0.5935249,0.07813046,0.104795314,0.012494106,0.011958296,0.012053788,0.023458757,0.5001615,0.35753638,-5.118431,20.112896,6.8382583,-18.218039,-14.187759,2.5070305,0.4583761,72.63049,-2.4489625,-2.2873142,52.89982425,40.28119508,32.65377856,36.59050967,63.44463972,99.71880492,55.32513181,43.51493849,47.59226714,25.86994728,37.18804921,39.543058,47.80316344,63.86643234,46.0456942,72.19683656,80,70.40421793,57.39894552,63.65553603,49.84182777,57.57469244,81.1599297,74.09490334,53.63796134,35.85237258,59.82425308,60.49209139,55.85237258,42.84710018,55.07908612,58.8400703,73.04042179,37.85588752,50.15817223,45.3427065,55.99297012,44.49912127,37.32864675,45.06151142,46.46748682,55.1142355,39.64850615,37.50439367,30.72056239,2.425307557,40.21089631,54.16520211,37.71528998,48.57644991,62.53075571,14.93848858
COc1ccc(C(=O)Nc2ccc(C(C)C(=O)O)cn2)cc1C,314.341,2.83902,4,2,4,0.8856225658,1,88.52,0,0,0,0.067279786,0.2901283,0.92211616,0.065726906,0.07342202,0.41374287,0.11180482,0.048081793,0.01600163,0.26239341,0.021458637,0.31164572,0.24885091,0.9264965,0.94249403,0.009040694,0.052283585,0.11470634,0.02137069,0.025442049,0.11078568,0.03343404,0.24735649,0.045509674,0.08636705,0.027393362,0.00889851,0.0447438,0.04808589,0.19998823,0.13477337,-5.100869,3.374843,-5.4871435,-0.9753763,-14.640589,2.4767666,-0.08093734,82.86403,-3.4016235,-1.8125575,45.09666081,58.73462214,48.55887522,61.37082601,63.44463972,98.17223199,55.32513181,60.14059754,47.59226714,25.86994728,37.18804921,18.3831283,18.62917399,86.7486819,49.98242531,46.71353251,95.67662566,67.24077329,29.49033392,31.73989455,33.9543058,41.08963093,78.62917399,74.86818981,86.43233743,30.12302285,44.4288225,78.1370826,72.86467487,51.10720562,59.89455185,61.82776801,74.72759227,24.14762742,44.8857645,40.35149385,68.78734622,38.8400703,53.18101933,59.57820738,11.14235501,35.64147627,40.28119508,17.57469244,18.66432337,20.42179262,37.36379613,52.47803163,29.27943761,58.94551845,44.1827768,18.91036907
Cc1cc(C(=O)N2CCN(CC(C)C(=O)O)CC2)ccc1CO,320.389,0.96582,4,2,4,0.844657162,1,81.08,0,0,0,0.109345436,0.6039232,0.8491551,0.0016418766,0.013693532,0.09484063,0.00450644,0.088088915,0.029130379,0.1805505,0.0016584027,0.17911741,0.13539904,0.17569554,0.8972004,0.011133422,0.042085275,0.0020548888,0.0013686607,0.009764858,0.09324912,0.0022449254,0.28953815,0.008194709,0.02400154,0.0015329118,0.0018918784,0.0011397449,0.005102801,0.52248937,0.07893939,-5.3376136,26.094692,3.2814546,-19.950533,-16.050442,1.9456345,-1.0681859,34.37652,-1.3605131,-4.1970825,47.13532513,31.59929701,48.55887522,61.37082601,63.44463972,94.55184534,55.32513181,55.21968366,47.59226714,25.86994728,37.18804921,29.56063269,40.59753954,63.19859402,16.76625659,20.31634446,35.64147627,21.33567663,44.07732865,40.84358524,24.71001757,21.37082601,53.70826011,59.47275923,31.49384886,26.11599297,50.15817223,70.79086116,14.62214411,13.91915641,35.07908612,53.2513181,30.4745167,25.86994728,31.45869947,12.61862917,20.59753954,13.81370826,13.88400703,20.456942,50.15817223,29.03339192,29.17398946,44.67486819,27.52196837,2.179261863,29.27943761,20.87873462,16.66080844,17.29349736,79.22671353,5.202108963
CC(Sc1ccc(C(=O)NC2CCC(N)CC2C)cc1)C(=O)O,336.457,2.4975,4,3,4,0.7185447215,4,92.42,0,0,0,0.0615019,0.26746982,0.8291508,0.013010499,0.034819487,0.14022489,0.027051842,0.055844687,0.045952987,0.2118944,0.012339218,0.17297941,0.12184854,0.35405737,0.84822255,0.014614971,0.048228182,0.008248967,0.006161204,0.021590292,0.09787773,0.01073816,0.16108409,0.016453866,0.03450494,0.002857225,0.0069225654,0.0058595454,0.011066518,0.3709032,0.10420644,-5.9038305,-20.68894,-22.639313,16.273981,-18.646984,2.3918498,-1.8066065,47.222527,-2.0412724,0.79014486,50.68541301,52.44288225,48.55887522,78.20738137,63.44463972,77.64499121,81.28295255,62.97012302,47.59226714,25.86994728,37.18804921,16.59050967,16.59050967,57.78558875,32.86467487,34.20035149,52.86467487,46.32688928,32.23198594,47.80316344,27.97891037,36.20386643,52.33743409,56.16871705,46.92442882,24.14762742,58.1370826,75.53602812,35.99297012,32.65377856,56.48506151,55.50087873,59.15641476,20.52724077,37.08260105,18.87521968,29.56063269,33.77855888,30.29876977,31.3884007,30.29876977,32.0913884,15.85237258,5.096660808,6.467486819,51.84534271,19.78910369,46.32688928,9.841827768,25.90509666,70.50966608,43.7258348
CCC(C)C(NC(=O)CNC(=O)CNC(C)=O)C(C)C(=O)O,315.37,-0.5097,4,4,4,0.4559856779,3,124.6,0,0,0,0.21966752,0.4587186,0.81265974,9.67E-06,0.0011768781,0.041942872,0.00017604182,0.013118456,0.0007862387,0.10132341,0.0001299004,0.18859792,0.03266779,0.09258786,0.7956424,0.011585037,0.015172635,4.98E-05,7.73E-05,0.0029742136,0.046062283,0.00030311913,0.08933156,0.00028996792,0.009980033,0.00038289148,0.00087460363,1.46E-05,0.0021713565,0.7065987,0.008071913,-5.768089,1.4749,3.6518962,-18.10769,-17.389507,2.2612083,-1.2314103,32.707474,-1.2443606,-4.183873,45.62390158,17.75043937,48.55887522,86.90685413,63.44463972,40.91388401,76.60808436,80.456942,47.59226714,25.86994728,37.18804921,49.98242531,29.91212654,53.28646749,3.901581722,2.495606327,19.68365554,2.460456942,14.44639719,2.038664323,15.50087873,5.940246046,56.13356766,21.33567663,17.99648506,22.42530756,51.21265378,31.07205624,2.741652021,2.144112478,10.08787346,17.82073814,9.314586995,16.80140598,5.764499121,3.655536028,7.275922671,8.506151142,1.335676626,10.57996485,73.84885764,4.920913884,18.03163445,16.06326889,27.87346221,2.495606327,24.00702988,38.62917399,15.07908612,16.5202109,81.01933216,5.272407733
CC(=O)NCC(=O)NCC(=O)NC(CC(C)C)C(C)C(=O)O,315.37,-0.5097,4,4,4,0.4559856779,2,124.6,0,0,0,0.18702263,0.48574716,0.8369312,3.53E-05,0.0020073086,0.04995918,0.00029354048,0.01623762,0.0012042845,0.09326689,0.00015523234,0.19856873,0.036727704,0.11318938,0.78961885,0.009902982,0.016633704,8.95E-05,0.00010260304,0.003147497,0.055350013,0.00033659936,0.116144165,0.00030158288,0.010953883,0.00043255422,0.0008341234,2.28E-05,0.0021328824,0.67711365,0.008671192,-5.8121457,3.2795022,4.078601,-16.911465,-17.441784,2.1552596,-1.2418869,34.705452,-1.2043393,-3.2436657,45.62390158,17.75043937,48.55887522,86.90685413,63.44463972,40.91388401,69.84182777,80.456942,47.59226714,25.86994728,37.18804921,44.71001757,31.77504394,59.85940246,5.413005272,3.936731107,22.60105448,3.479789104,15.64147627,3.233743409,14.58699473,6.713532513,58.62917399,24.49912127,20.91388401,22.10896309,47.2056239,34.09490334,3.233743409,2.284710018,10.57996485,26.11599297,9.876977153,18.20738137,5.834797891,4.182776801,7.978910369,8.330404218,1.58172232,10.40421793,70.43936731,5.377855888,17.39894552,17.50439367,28.26010545,2.95254833,23.86643234,32.02108963,15.00878735,17.39894552,81.37082601,8.611599297
COCC(COc1ccc(C(C)C(=O)O)cc1)CC1CCCCC1,334.456,4.4865,3,1,4,0.722885461,2,55.76,0,0,0,0.01570061,0.5502402,0.8409362,0.011094711,0.060066123,0.3452978,0.087369286,0.19406967,0.076956384,0.6385631,0.054343313,0.16552018,0.11685091,0.34441406,0.99397546,0.005819267,0.015459034,0.00436793,0.04491982,0.05853651,0.12163506,0.2028962,0.76099354,0.42233077,0.1872032,0.0028386922,0.049706597,0.2143583,0.034261204,0.47584122,0.43709,-4.719247,34.47524,15.598544,-5.1503906,-8.962794,2.7493877,1.685916,95.19621,-4.0701246,-1.450423,50.228471,83.69068541,32.65377856,36.59050967,63.44463972,78.20738137,69.84182777,35.04393673,47.59226714,25.86994728,37.18804921,4.253075571,36.62565905,60.456942,31.35325132,43.0228471,91.98594025,63.97188049,67.10017575,55.88752197,72.37258348,50.79086116,50.68541301,55.07908612,46.43233743,43.05799649,31.66959578,31.3884007,24.99121265,61.72231986,78.66432337,66.81898067,94.62214411,48.26010545,74.76274165,59.89455185,29.42003515,72.37258348,74.72759227,52.75922671,43.79613357,59.68365554,65.30755712,52.58347979,39.82425308,13.81370826,76.80140598,68.92794376,56.44991213,79.22671353,30.89630931,22.3198594
C#CCN(Cc1ccc2nc(C(C)C)[nH]c(=O)c2c1)C(C)C(=O)O,327.384,1.9548,4,2,4,0.7921369851,1,86.29,0,1,0,0.28925303,0.3793276,0.68325824,0.08294604,0.16752528,0.1327912,0.15807691,0.06183793,0.096711054,0.2284987,0.05678286,0.43644348,0.22006409,0.51409286,0.67214775,0.039348204,0.03980638,0.064568736,0.01980431,0.052128762,0.12661271,0.020211287,0.17648616,0.022760646,0.15659246,0.029539729,0.03240234,0.013656778,0.08062951,0.48738116,0.18327244,-5.5964723,7.3917747,4.936141,-14.503049,-18.119387,2.4239953,-0.31146854,71.44087,-2.9744022,-0.8509453,48.57644991,43.93673111,48.55887522,61.37082601,63.44463972,87.9086116,55.32513181,58.91036907,47.59226714,66.5202109,37.18804921,59.12126538,24.00702988,31.17750439,52.86467487,61.75746924,50.61511424,72.26713533,34.23550088,59.85940246,30.61511424,51.3884007,89.84182777,72.26713533,56.23901582,18.94551845,79.85940246,69.10369069,66.29173989,50.01757469,76.20386643,68.40070299,68.11950791,21.19507909,39.26186292,55.5711775,69.70123023,63.37434095,38.66432337,69.20913884,44.92091388,40.73813708,21.75746924,22.46045694,28.89279438,4.358523726,21.23022847,48.57644991,25.72934974,47.48681898,53.35676626,27.02987698
C#CCN(Cc1ccc2nc(C(C)(F)F)[nH]c(=O)c2c1)C(C)C(=O)O,349.337,1.9431,4,2,4,0.7786548552,1,86.29,0,1,0,0.2830126,0.3946538,0.7257768,0.076971866,0.16815445,0.19128971,0.17088234,0.049920198,0.08588519,0.24609375,0.03958878,0.48647135,0.22157764,0.6319971,0.6783545,0.039629653,0.037401676,0.042335253,0.019933844,0.055256575,0.13560642,0.031084437,0.18297817,0.02240521,0.18088616,0.03217623,0.036972858,0.01165576,0.094898924,0.48825216,0.13684528,-5.8944297,-17.491516,12.250743,-9.313743,-19.5855,3.5314126,0.18625085,70.003815,-2.898203,-3.117106,53.2513181,43.83128295,48.55887522,61.37082601,63.44463972,85.94024605,55.32513181,58.91036907,47.59226714,66.5202109,37.18804921,58.27768014,25.16695958,36.9771529,51.91564148,61.79261863,67.80316344,73.28646749,30.19332162,57.57469244,32.12653779,46.95957821,93.04042179,72.51318102,62.07381371,19.08611599,80.14059754,66.60808436,60.07029877,50.12302285,77.29349736,71.00175747,74.05975395,21.54657293,39.26186292,59.22671353,70.89630931,66.11599297,37.01230228,72.40773286,44.99121265,35.92267135,16.09841828,5.975395431,36.23901582,8.330404218,17.60984183,94.83304042,33.39191564,45.94024605,54.69244288,9.244288225
COc1ccc(C(=O)NC2CCN(C(C)C(=O)O)CC2)cc1C,320.389,1.67092,4,2,4,0.8626512568,1,78.87,0,0,0,0.10933105,0.6187896,0.90206814,0.016870093,0.084897876,0.20857826,0.03390412,0.13476518,0.06993381,0.37038893,0.018357892,0.20463744,0.23631707,0.453681,0.97727597,0.01185234,0.04404504,0.017525842,0.0064982413,0.015193904,0.09986829,0.009246078,0.50569,0.03377384,0.047470808,0.005438545,0.0054944446,0.00848311,0.013812828,0.39718562,0.2333782,-5.4106507,2.240837,-9.895539,-6.5401673,-16.066881,2.2941933,-0.6386807,52.24804,-1.9682232,-0.95665723,47.13532513,39.89455185,48.55887522,61.37082601,63.44463972,96.69595782,55.32513181,53.32161687,47.59226714,25.86994728,37.18804921,29.56063269,41.65202109,79.78910369,35.21968366,49.10369069,72.02108963,49.59578207,57.57469244,54.37609842,43.23374341,39.75395431,60.49209139,73.60281195,52.97012302,35.21968366,51.73989455,72.86467487,47.48681898,33.46221441,47.06502636,56.76625659,56.73110721,34.48154657,42.21441125,25.86994728,39.68365554,29.63093146,34.48154657,35.18453427,33.42706503,45.23725835,26.15114236,16.76625659,14.86818981,11.66959578,29.20913884,40.38664323,21.96836555,30.01757469,71.84534271,26.0456942
C#CCN(Cc1ccc2nc(CC)[nH]c(=O)c2c1)C(C)C(=O)O,313.357,1.3938,4,2,4,0.787212643,1,86.29,0,1,0,0.25935236,0.43568772,0.7251857,0.05313822,0.1069451,0.1502769,0.11228372,0.049510475,0.054546773,0.20674996,0.030979548,0.41793433,0.22698016,0.56739944,0.72967505,0.034835733,0.03667111,0.04794737,0.010811517,0.034129214,0.10264232,0.017254587,0.1360198,0.0129069295,0.11212003,0.023667227,0.026597142,0.006455723,0.066999145,0.4786044,0.11162559,-5.6162105,6.724744,3.5683086,-14.525009,-18.294983,2.428775,-0.43225875,70.7419,-2.9475048,-1.1761998,44.8857645,36.55536028,48.55887522,61.37082601,63.44463972,87.27592267,55.32513181,58.91036907,47.59226714,66.5202109,37.18804921,55.67662566,28.15465729,36.90685413,47.4516696,52.97012302,55.92267135,67.27592267,29.94727592,50.50966608,27.38137083,44.53427065,88.82249561,72.89982425,58.48857645,20.31634446,77.60984183,65.69420035,61.96836555,41.37082601,66.5026362,58.20738137,65.94024605,19.08611599,35.28998243,47.34622144,66.78383128,60.14059754,31.31810193,65.27240773,44.11247803,32.72407733,21.30052724,21.82776801,27.80316344,4.288224956,20.77328647,48.96309315,24.46397188,46.64323374,53.81370826,24.56942004
CCNC(=O)NCCc1ccc(OC)c(C(C)C(=O)O)c1,294.351,1.7449,3,3,4,0.7145951419,1,87.66,0,0,0,0.068456486,0.3734172,0.87714785,0.022026971,0.06809671,0.26376015,0.05117491,0.07210983,0.038523056,0.28545064,0.02908798,0.28034025,0.15966792,0.49605483,0.92017376,0.014331368,0.036792018,0.01495291,0.0070993872,0.01811613,0.08530111,0.016592925,0.28838378,0.018087465,0.049709283,0.0054327333,0.008793114,0.005334078,0.01764452,0.3830025,0.10810578,-5.280884,6.434741,-1.6542679,-17.09409,-13.987094,2.4366786,-0.63597405,55.443768,-1.9071076,-3.626826,38.69947276,40.63268893,32.65377856,78.20738137,63.44463972,77.11775044,55.32513181,59.75395431,47.59226714,25.86994728,37.18804921,18.80492091,23.62038664,70.57996485,37.99648506,45.44815466,82.63620387,55.67662566,38.34797891,45.13181019,36.48506151,43.93673111,74.30579965,63.79613357,55.46572935,27.87346221,57.64499121,65.76449912,45.69420035,34.93848858,51.88049209,48.15465729,65.37785589,25.86994728,37.60984183,26.88927944,39.68365554,38.45342707,29.38488576,39.40246046,31.6344464,32.30228471,31.6344464,21.44112478,22.60105448,2.741652021,41.44112478,49.5254833,21.96836555,32.40773286,72.58347979,6.783831283
COc1ccc(C(=O)Nc2ccc(C(C)C(=O)O)cc2OC)cc1C,343.379,3.45262,4,2,4,0.8389758339,1,84.86,0,0,0,0.08902864,0.25540978,0.9320356,0.060504697,0.1308658,0.4426465,0.1871674,0.08844888,0.017357364,0.46579146,0.11936219,0.21273342,0.16624348,0.91699374,0.97829944,0.015802745,0.063794285,0.10849997,0.054211415,0.036853265,0.12153014,0.08205406,0.5072025,0.19300757,0.13264015,0.044537656,0.01667891,0.1397464,0.08594533,0.22609894,0.24300554,-4.9593353,10.2148,2.9149914,-2.2405767,-13.841649,2.6253211,0.35273615,87.35703,-3.6978965,-2.6825678,52.26713533,68.40070299,48.55887522,61.37082601,63.44463972,93.88400703,55.32513181,57.92618629,47.59226714,25.86994728,37.18804921,24.95606327,15.92267135,90.68541301,49.03339192,56.80140598,96.80140598,74.69244288,44.11247803,33.04042179,52.0913884,60.42179262,62.21441125,65.02636204,85.13181019,35.60632689,60.21089631,83.55008787,72.19683656,65.27240773,68.75219684,66.78383128,85.72934974,34.55184534,61.79261863,51.35325132,75.5711775,51.35325132,68.82249561,70.36906854,13.77855888,45.86994728,48.15465729,26.25659051,26.99472759,18.45342707,42.5659051,61.6168717,35.60632689,65.02636204,38.3831283,11.77504394
COc1ccc(C(=O)NCC2CC(C(C)C(=O)O)=NO2)cc1C,320.345,1.59902,5,2,4,0.829519556,2,97.22,0,0,0,0.26503807,0.48100924,0.870335,0.021063248,0.071842186,0.2669624,0.035744518,0.07170504,0.032046366,0.36346132,0.034550004,0.29141766,0.221843,0.6283956,0.8946086,0.023566594,0.046660006,0.02355194,0.014748158,0.022480149,0.104300216,0.022889588,0.32294467,0.030989831,0.097492196,0.017631939,0.014797807,0.009943252,0.051932722,0.43047094,0.14349045,-5.4227333,-9.881404,-8.516527,-11.880064,-15.653026,2.5453067,-0.9092041,59.784496,-1.968433,-2.9004445,47.13532513,39.15641476,61.88049209,61.37082601,63.44463972,92.7943761,69.84182777,66.0456942,47.59226714,25.86994728,37.18804921,56.48506151,31.3884007,68.6115993,37.53954306,46.46748682,83.09314587,50.43936731,38.17223199,42.00351494,42.67135325,45.5887522,75.67662566,72.5483304,61.96836555,26.08084359,70.19332162,74.62214411,51.70474517,46.0456942,57.53954306,58.98066784,70.08787346,27.02987698,41.72231986,43.55008787,62.10896309,48.57644991,35.71177504,61.05448155,38.03163445,36.55536028,25.83479789,9.068541301,15.99297012,6.291739895,31.14235501,56.23901582,18.80492091,36.02811951,71.81019332,10.50966608
COc1ccc(C(=O)Nc2ccc(C(C)C(=O)O)cc2Cl)cc1C,347.798,4.09742,3,2,4,0.8534486836,1,75.63,0,0,0,0.11487229,0.19858707,0.8999163,0.079109326,0.179575,0.43717852,0.27084234,0.06130012,0.019063924,0.4395264,0.109202445,0.27781004,0.11864047,0.9369067,0.9624828,0.01839964,0.06292729,0.11633011,0.08241297,0.060610943,0.14725305,0.17022982,0.4582069,0.2336258,0.2108212,0.06109791,0.035559308,0.24948943,0.14901988,0.2942149,0.21053171,-4.8842726,16.54932,4.2212524,14.786728,-13.541628,2.6557844,0.9491769,93.24785,-4.093796,-1.4621761,52.97012302,78.31282953,32.65377856,61.37082601,63.44463972,95.50087873,55.32513181,51.1599297,47.59226714,25.86994728,37.18804921,31.10720562,13.32161687,78.91036907,52.44288225,63.05799649,96.66080844,79.78910369,34.05975395,34.27065026,49.42003515,59.47275923,73.84885764,55.43057996,88.33040422,32.40773286,63.90158172,83.30404218,73.07557118,72.26713533,79.40246046,73.67311072,93.2513181,32.23198594,64.53427065,62.81195079,79.61335677,64.99121265,76.80140598,79.71880492,20.456942,43.30404218,53.63796134,33.07557118,28.29525483,48.82249561,44.39367311,63.37434095,45.02636204,75.1142355,30.26362039,22.21441125
COc1ccc(C(=O)Nc2ccc(C(C)C(=O)O)nc2)cc1C,314.341,2.83902,4,2,4,0.8856225658,1,88.52,0,0,0,0.06282848,0.2779104,0.92337114,0.123100445,0.13214718,0.473027,0.21252064,0.060640432,0.021974104,0.31119663,0.05807508,0.32700795,0.22938955,0.9362585,0.9517108,0.010539195,0.056250233,0.15389843,0.0346371,0.030419493,0.11913154,0.04724918,0.3297193,0.07612695,0.11062602,0.03567308,0.012253923,0.06992152,0.0592016,0.19779232,0.16960289,-5.1193275,3.9268315,-6.9249773,0.51375544,-14.726944,2.4145331,-0.2120605,82.96122,-3.265965,-1.1200522,45.09666081,58.73462214,48.55887522,61.37082601,63.44463972,98.17223199,55.32513181,60.14059754,47.59226714,25.86994728,37.18804921,17.01230228,17.75043937,87.52196837,59.01581722,56.9771529,97.75043937,76.41476274,33.91915641,36.41476274,38.5940246,51.66959578,80.49209139,73.04042179,88.29525483,31.07205624,48.57644991,80.42179262,77.4340949,57.82073814,63.86643234,65.97539543,79.36731107,27.24077329,49.91212654,47.02987698,72.37258348,44.95606327,59.50790861,63.0228471,10.9314587,39.15641476,39.64850615,18.3831283,17.18804921,23.16344464,36.80140598,48.08435852,27.17047452,59.05096661,46.53778559,24.74516696
COc1ccc(C(=O)Nc2ccc(C(C)C(=O)O)cc2C)cc1C,327.38,3.75244,3,2,4,0.8766860113,1,75.63,0,0,0,0.10802279,0.2565385,0.9247662,0.04069546,0.097124405,0.4159789,0.13081829,0.08208932,0.015394506,0.4395178,0.07081793,0.2148519,0.16025013,0.89420587,0.9727155,0.01699436,0.06287329,0.0760348,0.04998947,0.043891646,0.13630322,0.09165603,0.44722304,0.16478416,0.1262345,0.04025015,0.018665439,0.13331947,0.08821055,0.2621965,0.21346064,-4.9840426,7.192601,-0.22140273,0.20316009,-13.574053,2.6918483,0.42571297,87.47174,-3.6273625,-2.7524028,48.57644991,73.28646749,32.65377856,61.37082601,63.44463972,97.46924429,55.32513181,51.1599297,47.59226714,25.86994728,37.18804921,29.27943761,15.92267135,88.01405975,44.39367311,51.35325132,95.78207381,69.87697715,42.21441125,31.00175747,49.42003515,53.74340949,62.60105448,63.86643234,82.10896309,34.09490334,61.89806678,83.23374341,68.22495606,63.58523726,72.61862917,71.28295255,86.85413005,32.02108963,59.2970123,50.12302285,74.13005272,53.42706503,67.97891037,71.07205624,16.69595782,43.62038664,46.67838313,22.21441125,24.25307557,22.67135325,44.28822496,65.3427065,37.01230228,65.27240773,39.78910369,11.35325132
Cc1cc(Cl)ccc1NC(=O)Nc1ccc(C(C)C(=O)O)cc1,332.787,4.48052,2,3,4,0.7719433892,1,78.43,0,0,0,0.07281424,0.24828482,0.8788686,0.20140521,0.23794,0.39337122,0.30183727,0.043162204,0.06748496,0.32508105,0.05186788,0.3941235,0.18130577,0.90879107,0.93627137,0.008551337,0.044355832,0.16533387,0.040318146,0.06598255,0.17963855,0.11351856,0.308886,0.11555328,0.18935628,0.04007124,0.024783786,0.19730064,0.09404952,0.3308654,0.23484477,-4.9795036,5.109745,-9.384638,37.364292,-14.688685,2.7458673,1.3498094,92.45913,-4.297059,0.52777594,49.84182777,83.58523726,17.10017575,78.20738137,63.44463972,85.23725835,55.32513181,53.00527241,47.59226714,25.86994728,37.18804921,20.14059754,15.5711775,71.03690685,65.86994728,68.82249561,95.04393673,81.1599297,27.76801406,53.63796134,39.82425308,50.40421793,87.17047452,67.24077329,83.90158172,29.38488576,42.77680141,73.14586995,78.55887522,59.92970123,80.63268893,80.7029877,89.45518453,26.60808436,54.51669596,60.10544815,74.02460457,58.76977153,73.77855888,72.23198594,25.06151142,45.41300527,47.06502636,19.68365554,15.25483304,74.34094903,37.01230228,68.75219684,50.96660808,73.53251318,26.29173989,40.21089631
Cc1cc(Br)ccc1NC(=O)Nc1ccc(C(C)C(=O)O)cc1,377.238,4.58962,2,3,4,0.729364517,1,78.43,0,0,0,0.08140636,0.24527891,0.8724332,0.22361128,0.26984677,0.39232585,0.33662853,0.041584145,0.0711272,0.33640173,0.05835812,0.41185918,0.1616547,0.9107624,0.9331541,0.009280669,0.043271817,0.16761495,0.04446851,0.07016464,0.17959411,0.134322,0.3306116,0.12640236,0.21244156,0.04581859,0.028353233,0.22885542,0.10424026,0.34899175,0.23636743,-4.971136,2.9583213,-10.318424,43.079025,-14.680315,2.8187733,1.4538198,92.78309,-4.3275642,0.9078142,60.10544815,84.78031634,17.10017575,78.20738137,63.44463972,79.01581722,55.32513181,53.00527241,47.59226714,25.86994728,37.18804921,23.09314587,15.43057996,69.20913884,67.48681898,71.81019332,95.04393673,82.70650264,27.38137083,54.58699473,40.52724077,51.77504394,88.33040422,63.90158172,84.07732865,28.99824253,45.16695958,71.88049209,78.80492091,61.51142355,81.6168717,80.7029877,91.14235501,27.27592267,55.71177504,63.12829525,76.02811951,61.01933216,75.5711775,74.05975395,27.06502636,45.48330404,47.69771529,17.18804921,14.55184534,77.60984183,37.11775044,72.82952548,52.68892794,74.13005272,25.69420035,44.53427065
COc1ccc(C(=O)Nc2ccc(C(C)C(=O)O)c(C)c2)cc1C,327.38,3.75244,3,2,4,0.8766860113,1,75.63,0,0,0,0.10452364,0.25338283,0.9219136,0.102512434,0.2070411,0.46224228,0.27472195,0.08893262,0.02662607,0.4735202,0.12561159,0.26088265,0.15347894,0.91720784,0.97796774,0.015272585,0.05636402,0.12797067,0.07433753,0.05657965,0.1568434,0.12985425,0.52489746,0.2422891,0.17140594,0.05199502,0.027674507,0.21978922,0.1081597,0.27111873,0.2701373,-4.988599,11.665735,3.1276894,6.5705514,-13.717259,2.6647398,0.72133195,90.93715,-3.8906906,-2.3886704,48.57644991,73.28646749,32.65377856,61.37082601,63.44463972,97.46924429,55.32513181,51.1599297,47.59226714,25.86994728,37.18804921,28.43585237,15.85237258,86.7486819,55.99297012,65.94024605,97.4340949,79.89455185,44.25307557,39.75395431,52.86467487,61.1599297,70.86115993,62.67135325,85.20210896,35.50087873,59.43760984,80.42179262,74.6572935,70.36906854,77.75043937,76.5202109,90.72056239,35.1142355,65.06151142,57.78558875,78.06678383,60.66783831,75.00878735,74.4112478,17.64499121,48.18980668,46.43233743,27.4516696,27.27592267,33.91915641,43.30404218,63.69068541,41.82776801,71.24780316,34.51669596,14.13005272
COc1ccc(C(=O)Nc2ccc(C(C)C(=O)O)c(Cl)c2)cc1C,347.798,4.09742,3,2,4,0.8534486836,1,75.63,0,0,0,0.117080234,0.20006251,0.894992,0.15603516,0.2764237,0.4489797,0.37939343,0.068288594,0.03389205,0.4600382,0.16329236,0.31063727,0.12793961,0.93530816,0.9681633,0.017213589,0.054841526,0.16658379,0.10839798,0.074302934,0.16510108,0.19453865,0.5101592,0.27777582,0.25165334,0.07185303,0.048712876,0.32327172,0.17002456,0.31205758,0.26546198,-4.899638,12.214299,-0.3691166,25.110466,-13.815875,2.667649,0.9269764,92.61882,-4.091574,-0.61119616,52.97012302,78.31282953,32.65377856,61.37082601,63.44463972,95.50087873,55.32513181,51.1599297,47.59226714,25.86994728,37.18804921,31.59929701,13.35676626,77.08260105,61.96836555,72.37258348,96.94200351,85.09666081,36.83655536,43.0228471,51.35325132,64.85061511,78.41827768,57.46924429,88.04920914,33.46221441,62.28471002,79.78910369,78.69947276,76.30931459,82.24956063,78.34797891,94.34094903,34.69244288,67.48681898,66.7486819,81.54657293,71.84534271,80.10544815,81.79261863,22.74165202,47.9086116,52.75922671,28.08435852,23.90158172,64.28822496,42.70650264,63.86643234,44.60456942,73.81370826,30.29876977,29.56063269
CCNC(=O)c1ccc(-c2cc(C(=O)O)nn2C(C)C(=O)O)cc1,331.328,1.6436,4,3,4,0.7396081241,1,121.52,0,0,0,0.009977014,0.2525187,0.85423505,0.00401316,0.026080098,0.17837706,0.051538862,0.001898312,0.008287014,0.03577914,0.0002782108,0.5014339,0.14966127,0.88595057,0.5437173,0.0007101151,0.016329654,0.0060973223,0.00045675645,0.004707194,0.048649747,0.0026152595,0.008163144,0.0025142024,0.023101157,0.0015418441,0.0008239843,0.00059727795,0.003465509,0.1573392,0.008330919,-5.7957635,-15.2724,-11.502514,23.020859,-19.23479,2.2226284,-2.3818655,72.5386,-2.7448654,-0.9916624,49.38488576,39.64850615,48.55887522,78.20738137,63.44463972,80.80843585,55.32513181,79.40246046,47.59226714,25.86994728,37.18804921,2.776801406,15.8172232,64.56942004,22.84710018,29.66608084,64.8857645,55.8172232,5.975395431,22.77680141,6.748681898,9.841827768,93.81370826,61.89806678,80.59753954,16.16871705,3.550087873,33.4973638,30.26362039,5.940246046,17.29349736,20.07029877,33.70826011,7.416520211,21.37082601,12.05623902,20.63268893,8.260105448,9.595782074,15.71177504,7.978910369,5.026362039,17.53954306,6.643233743,13.70826011,61.65202109,18.24253076,36.30931459,6.11599297,48.50615114,56.87170475,25.76449912
CC(=O)N1CCN(CCn2c(C(C)C(=O)O)nc3cnccc32)CC1,345.403,0.7835,5,1,4,0.8611216079,1,91.56,0,0,0,0.056095935,0.4122723,0.7850461,0.00056758727,0.005740372,0.09040822,0.005587266,0.04524228,0.028717186,0.15577424,0.0050582094,0.1685104,0.33983302,0.37763327,0.8762363,0.006271628,0.032426544,0.0030573788,0.0008417986,0.005332925,0.06891692,0.00059129327,0.074167535,0.005391782,0.020067925,0.0012710638,0.0017189486,0.00026957336,0.0063239,0.29473853,0.14049336,-5.707411,1.6056801,-5.669069,-16.13971,-18.480087,2.1280098,-1.7345893,27.074116,-1.3243781,-3.1829476,52.72407733,29.771529,61.88049209,36.59050967,63.44463972,96.48506151,55.32513181,62.35500879,47.59226714,25.86994728,37.18804921,15.14938489,26.46748682,47.66256591,11.3884007,9.666080844,34.05975395,23.7258348,28.75219684,40.63268893,22.21441125,29.13884007,51.28295255,82.46045694,48.40070299,25.30755712,34.13005272,59.71880492,19.64850615,9.27943761,19.85940246,38.27768014,14.02460457,15.64147627,27.52196837,9.876977153,18.1370826,13.04042179,5.588752197,23.30404218,20.52724077,36.30931459,19.36731107,16.13356766,18.45342707,3.304042179,20.38664323,30.05272408,10.43936731,13.18101933,79.78910369,8.998242531
Cc1cn(CC(=O)N2CCN(C(C)C(=O)O)CC2)c2cc(F)c(Cl)cc12,381.835,2.35952,3,1,4,0.882548459,1,65.78,0,0,0,0.14515238,0.6643305,0.8556124,0.17255615,0.46218473,0.2956961,0.294808,0.14959931,0.22122097,0.5349083,0.22640245,0.35339823,0.2626863,0.6080487,0.97790223,0.021691944,0.036750294,0.06886409,0.027186448,0.027842661,0.103947595,0.05484582,0.662872,0.14795639,0.16057779,0.019869111,0.017627276,0.031336848,0.04897164,0.45046026,0.46619177,-4.9373913,16.12637,5.6532807,4.8956122,-13.946562,2.8600059,1.2023301,83.55702,-3.0578847,2.0964854,61.08963093,49.80667838,32.65377856,36.59050967,63.44463972,97.99648506,55.32513181,43.51493849,47.59226714,25.86994728,37.18804921,36.87170475,45.30755712,64.81546573,63.16344464,83.7258348,86.88927944,80.80843585,60.28119508,72.72407733,59.543058,69.42003515,83.37434095,76.13356766,60.84358524,35.46572935,68.11950791,65.72934974,67.10017575,54.30579965,61.82776801,58.8400703,81.23022847,41.79261863,57.75043937,56.20386643,64.25307557,52.30228471,48.11950791,59.89455185,40.42179262,60.73813708,49.80667838,32.58347979,29.59578207,30.89630931,41.8629174,75.43057996,48.18980668,59.82425308,51.59929701,56.06326889
CC(C(=O)O)C(=O)c1ccc(C=CC(=O)N(C)CC(N)=O)cc1,318.329,0.5469,4,2,4,0.4321907736,1,117.77,0,2,0,0.21068211,0.4430167,0.7072763,0.01506714,0.035287995,0.14533092,0.027381629,0.018024568,0.022312429,0.15420756,0.004783893,0.32843986,0.16848627,0.49615145,0.43339118,0.028074022,0.040288467,0.012893612,0.0037246854,0.023370879,0.09298955,0.017197125,0.050693054,0.0051882663,0.092958234,0.020590123,0.013828847,0.0016748983,0.039646715,0.51642084,0.035899226,-5.3753963,-2.7309213,-13.938757,-6.285585,-16.926746,1.9978476,-1.7785013,52.59716,-1.5990012,-3.1660001,46.43233743,27.59226714,48.55887522,61.37082601,63.44463972,37.39894552,55.32513181,77.15289982,47.59226714,87.92618629,37.18804921,48.47100176,28.43585237,34.27065026,34.55184534,34.30579965,54.27065026,46.5026362,16.83655536,36.76625659,22.03866432,28.71704745,80.59753954,65.44815466,55.46572935,14.6572935,73.98945518,69.45518453,43.37434095,26.01054482,58.20738137,52.97012302,65.94024605,13.63796134,27.31107206,42.07381371,64.8857645,47.4516696,16.9771529,56.06326889,49.20913884,20.17574692,27.55711775,13.2513181,12.30228471,12.05623902,25.79964851,23.37434095,9.982425308,30.33391916,76.37961336,9.033391916
Cc1cc(NC(=O)c2ccc(C(C)C(=O)O)cc2)ccc1C#N,308.337,3.3071,3,2,4,0.9063083219,1,90.19,0,0,0,0.108734295,0.187598,0.85084134,0.09367085,0.094298236,0.3476844,0.19637363,0.03402494,0.019123219,0.2727298,0.050171606,0.33215258,0.14859179,0.9292887,0.8820755,0.017578576,0.079166606,0.13432711,0.0330139,0.050820418,0.1339473,0.07953335,0.22457592,0.07642348,0.16596171,0.04892521,0.023980558,0.10059531,0.09872625,0.33899373,0.12991261,-4.953589,0.7914909,-10.412547,12.021189,-14.922464,2.5271456,0.07441771,83.55986,-3.938562,-3.535485,43.12829525,66.01054482,32.65377856,61.37082601,63.44463972,99.50790861,55.32513181,61.37082601,47.59226714,25.86994728,37.18804921,29.42003515,12.5483304,63.83128295,54.55184534,50.79086116,92.12653779,75.3602812,24.53427065,34.30579965,35.25483304,49.66608084,81.1599297,61.82776801,86.71353251,25.65905097,62.81195079,87.80316344,75.74692443,57.08260105,75.60632689,70.54481547,85.5887522,23.33919156,49.98242531,57.22319859,77.18804921,58.31282953,64.46397188,72.86467487,25.5887522,34.93848858,48.75219684,15.53602812,14.44639719,43.79613357,35.5711775,55.43057996,32.02108963,59.82425308,33.4973638,7.240773286
COc1ccc(C(=O)Nc2ccc(C(C)C(=O)O)cc2N)cc1C,328.368,3.02622,4,3,4,0.7323111888,1,101.65,0,1,0,0.25200135,0.1932204,0.8651657,0.10212477,0.15910588,0.29488042,0.23845775,0.06329537,0.035672836,0.3886189,0.1882999,0.22339825,0.2532956,0.92408866,0.94501734,0.024228763,0.089976974,0.28723043,0.091833696,0.06253718,0.18341644,0.0649577,0.37948486,0.21913445,0.2163477,0.1110096,0.032445863,0.27332276,0.15542977,0.29208884,0.34037137,-5.184575,-3.3710372,-10.251866,-0.39563942,-15.886063,2.5405917,-0.3586716,76.68653,-3.4035702,-1.9488224,48.75219684,61.58172232,48.55887522,78.20738137,63.44463972,79.47275923,55.32513181,69.0685413,47.59226714,66.5202109,37.18804921,54.62214411,12.93497364,67.27592267,55.92267135,60.59753954,86.7486819,77.85588752,34.76274165,44.00702988,44.99121265,66.7486819,64.21792619,75.32513181,86.18629174,30.43936731,71.00175747,89.84182777,86.32688928,74.05975395,79.85940246,81.26537786,83.30404218,29.27943761,63.4797891,63.65553603,87.38137083,63.37434095,77.78558875,80.31634446,20.21089631,53.84885764,36.62565905,12.82952548,14.58699473,21.30052724,30.08787346,55.95782074,25.27240773,52.61862917,44.1827768,17.89103691
CNC(=O)c1ccccc1NC(=O)c1ccc(OC)c(C(C)C(=O)O)c1,356.378,2.4952,4,3,4,0.737504694,1,104.73,0,0,0,0.06576949,0.21243241,0.9176494,0.06145389,0.08114679,0.4093954,0.16404264,0.042484723,0.015473162,0.25262004,0.052928977,0.28941974,0.17750369,0.93746364,0.942471,0.0112274345,0.06393491,0.09860541,0.021883242,0.020836882,0.10287626,0.034116548,0.21695109,0.061956435,0.07530819,0.021894136,0.008622022,0.03872071,0.044679683,0.21013448,0.122803494,-5.408746,-8.726915,-11.922899,4.9792914,-18.271696,2.365049,-0.79448974,68.22116,-3.1363997,-1.6868538,54.86818981,52.37258348,48.55887522,78.20738137,63.44463972,80.56239016,55.32513181,70.82601054,47.59226714,25.86994728,37.18804921,18.06678383,14.09490334,85.23725835,49.17398946,48.26010545,95.5711775,72.89982425,27.55711775,31.17750439,32.61862917,50.50966608,75.39543058,66.53778559,88.40070299,30.12302285,50.40421793,83.62038664,70.96660808,51.56414763,55.43057996,58.34797891,75.00878735,22.88224956,47.94376098,36.55536028,65.76449912,38.06678383,51.59929701,58.24253076,12.19683656,33.77855888,26.22144112,9.595782074,13.46221441,31.03690685,20.84358524,44.78031634,19.89455185,44.04217926,49.59578207,20.07029877
COc1ccc(C(=O)Nc2ccc(C(C)C(=O)O)c(N)c2)cc1C,328.368,3.02622,4,3,4,0.7323111888,1,101.65,0,1,0,0.21882308,0.22166201,0.8866603,0.12423923,0.18491323,0.32570106,0.23995514,0.06736725,0.037316583,0.40052614,0.17273766,0.22390786,0.23262516,0.9209651,0.9621994,0.020039586,0.07783028,0.27684128,0.075666696,0.06021405,0.18571645,0.062064677,0.42455634,0.19284299,0.18550174,0.09286547,0.026841259,0.24371448,0.13029695,0.3003004,0.32468075,-5.2248445,-2.4554863,-11.17584,8.054113,-16.022717,2.455313,-0.28540903,81.03908,-3.4971187,-0.61254394,48.75219684,61.58172232,48.55887522,78.20738137,63.44463972,79.47275923,55.32513181,69.0685413,47.59226714,66.5202109,37.18804921,49.84182777,14.72759227,73.88400703,59.12126538,63.58523726,90.26362039,77.89103691,36.5202109,44.56942004,46.01054482,65.5887522,64.28822496,73.28646749,85.79964851,32.40773286,66.11599297,87.52196837,86.0456942,70.79086116,79.33216169,81.68717047,82.70650264,30.96660808,61.79261863,59.82425308,84.78031634,60.17574692,76.37961336,77.36379613,21.4059754,52.19683656,34.37609842,13.42706503,13.91915641,36.23901582,29.42003515,51.21265378,26.22144112,56.83655536,42.07381371,29.56063269
Cc1nc2cnccc2n1CCN1CCN(C(=O)C(C)C(=O)O)CC1,345.403,0.60462,5,1,4,0.7983272367,1,91.56,0,1,0,0.09490135,0.47518626,0.79284036,0.0066637746,0.015575714,0.12821214,0.01478163,0.06470964,0.039050873,0.22361866,0.03162177,0.19042046,0.45071548,0.500272,0.89345515,0.0087735215,0.041140765,0.01762509,0.002262003,0.008078185,0.076875895,0.0011746871,0.12365371,0.010068821,0.03804766,0.005012056,0.0036578872,0.0006782625,0.015729416,0.26956695,0.24038962,-5.7446203,-4.0324783,-8.18397,-16.632238,-18.262993,2.3160462,-1.754962,30.649662,-1.0715469,-1.5586014,52.72407733,28.01405975,61.88049209,36.59050967,63.44463972,88.89279438,55.32513181,62.35500879,47.59226714,66.5202109,37.18804921,26.32688928,30.96660808,49.24428822,26.88927944,22.10896309,48.99824253,37.22319859,35.14938489,45.41300527,29.87697715,44.8857645,56.55536028,90.01757469,55.71177504,25.97539543,43.4797891,70.01757469,47.52196837,20.03514938,29.70123023,43.40949033,20.87873462,18.45342707,33.18101933,20.94903339,38.41827768,22.10896309,10.33391916,37.36379613,17.46924429,45.62390158,18.45342707,12.40773286,16.20386643,3.09314587,20.84358524,41.79261863,10.228471,15.21968366,82.5659051,21.19507909
COc1ccc(C(=O)N2CCN(CC(C)C(=O)O)CC2)cc1C,320.389,1.48212,4,1,4,0.8897750654,1,70.08,0,0,0,0.12211504,0.7117809,0.9123238,0.0044440962,0.026911978,0.1713024,0.010094967,0.16139694,0.034059767,0.35713023,0.011454935,0.17148471,0.20852785,0.33271343,0.9856717,0.010437811,0.039768353,0.005012897,0.0024041797,0.008028382,0.07756592,0.003740498,0.6196354,0.028790032,0.034167558,0.0023736465,0.0023882661,0.0027558266,0.0064767227,0.45362663,0.19171813,-5.0693736,22.748114,7.175888,-24.57547,-14.086032,2.3401475,-0.58980954,46.63761,-1.8697563,-4.9439077,47.13532513,37.39894552,48.55887522,36.59050967,63.44463972,98.52372583,55.32513181,46.92442882,47.59226714,25.86994728,37.18804921,32.33743409,49.49033392,83.23374341,23.55008787,30.08787346,62.84710018,31.88049209,62.74165202,43.19859402,42.21441125,35.53602812,52.05623902,70.89630931,45.55360281,37.36379613,48.50615114,69.03339192,27.59226714,20.66783831,29.42003515,43.90158172,40.42179262,39.15641476,41.19507909,18.8400703,26.43233743,16.55536028,22.10896309,23.69068541,41.01933216,41.58172232,41.33567663,41.05448155,31.03690685,1.195079086,40.80843585,43.33919156,22.84710018,25.51845343,72.93497364,3.444639719
CCN1CCN(C(=O)c2ccc(OC)c(C(C)C(=O)O)c2)CC1,320.389,1.661,4,1,4,0.8933443766,1,70.08,0,0,0,0.056117367,0.54017437,0.9093374,0.0015032322,0.008058301,0.086389534,0.0034448444,0.075398505,0.022774395,0.16686693,0.0014598162,0.10864874,0.15822724,0.2686976,0.9494441,0.0071386336,0.046953622,0.0017482952,0.00081590645,0.005742991,0.0798877,0.0014422986,0.2637802,0.010953085,0.012708997,0.0007857482,0.0007564888,0.00067413284,0.003102539,0.40820375,0.07371106,-5.185383,-9.776326,-14.3007555,-5.9724393,-14.907753,2.6445036,-1.5295889,28.22868,-1.4212964,-4.482226,47.13532513,39.75395431,48.55887522,36.59050967,63.44463972,98.73462214,55.32513181,46.92442882,47.59226714,25.86994728,37.18804921,15.14938489,35.78207381,82.49560633,16.41476274,13.14586995,32.65377856,18.69947276,39.82425308,37.22319859,23.30404218,20.73813708,33.07557118,63.58523726,40.98418278,30.82601054,37.71528998,74.79789104,13.46221441,9.103690685,21.33567663,45.23725835,23.40949033,24.92091388,33.81370826,4.991212654,12.44288225,7.76801406,10.15817223,14.51669596,34.93848858,28.26010545,36.62565905,9.173989455,12.0913884,12.5483304,35.60632689,62.84710018,11.98594025,13.98945518,78.52372583,4.253075571
Cc1cc(-c2cnn(CCN(C)C(C)C(=O)O)c2)nc2ccccc12,338.411,2.81162,4,1,4,0.7481881474,1,71.25,0,0,0,0.22379918,0.69472426,0.9482584,0.31664562,0.049276233,0.30481604,0.040288903,0.14760411,0.04953322,0.35495564,0.03152334,0.44984812,0.42234784,0.8694965,0.98657686,0.011585745,0.03319443,0.20444937,0.0059583955,0.008832166,0.10039632,0.0059280307,0.57052386,0.014809479,0.05552848,0.021786515,0.0046007736,0.0057991967,0.032267228,0.26363644,0.32537556,-5.314737,25.139877,9.74111,-10.5442705,-14.826614,2.4388413,0.7022096,85.46081,-2.9707103,1.0678988,51.07205624,58.45342707,48.55887522,36.59050967,63.44463972,82.00351494,55.32513181,47.48681898,47.59226714,25.86994728,37.18804921,50.61511424,47.59226714,95.28998243,73.42706503,40,88.04920914,52.23198594,59.96485062,48.89279438,42.03866432,44.8857645,90.79086116,87.69771529,78.80492091,37.92618629,51.21265378,60.80843585,81.26537786,32.16168717,31.73989455,56.9771529,48.50615114,36.83655536,36.09841828,30.01757469,65.65905097,26.18629174,30.15817223,51.91564148,16.76625659,52.23198594,30.08787346,43.65553603,33.32161687,7.62741652,36.16871705,49.63093146,41.47627417,61.75746924,53.39191564,46.39718805
COc1ccc(C(=O)Nc2ccc(C(C)C(=O)O)c(OC)c2)cc1C,343.379,3.45262,4,2,4,0.8389758339,1,84.86,0,0,0,0.09757456,0.23430474,0.9266304,0.09003723,0.19440386,0.44501558,0.261366,0.088086344,0.024050176,0.4732303,0.14931571,0.23269549,0.17710665,0.92792416,0.97676027,0.014768864,0.06222438,0.14897898,0.06701775,0.04381539,0.13664225,0.09172819,0.5126061,0.23839967,0.15770236,0.05271702,0.019308165,0.18256825,0.096726716,0.22751948,0.29048622,-5.0149717,8.455164,2.838766,3.1224627,-14.0635195,2.6641035,0.37190568,88.40021,-3.7484004,-2.2522447,52.26713533,68.40070299,48.55887522,61.37082601,63.44463972,93.88400703,55.32513181,57.92618629,47.59226714,25.86994728,37.18804921,26.85413005,15.14938489,88.57644991,53.91915641,64.4288225,96.87170475,79.2970123,44.07732865,38.10193322,52.82952548,63.65553603,65.90509666,66.5026362,86.53778559,34.93848858,58.3831283,82.95254833,77.04745167,68.89279438,72.5483304,71.28295255,86.85413005,34.72759227,64.67486819,55.71177504,78.24253076,54.20035149,72.5483304,72.65377856,13.84885764,49.73637961,44.60456942,23.7258348,26.81898067,27.52196837,40.87873462,63.69068541,36.02811951,66.85413005,37.32864675,15.07908612
COc1ccc(C(=O)Nc2ccc(C(C)C(=O)O)cc2[N+](=O)[O-])cc1C,358.35,3.35222,5,2,4,0.6035896692,1,118.77,0,2,0,0.45044607,0.2177855,0.8791788,0.0964054,0.25579876,0.3202211,0.339572,0.034228362,0.031133503,0.46415883,0.14949997,0.37727413,0.08917843,0.97491074,0.954226,0.021991009,0.0456379,0.13480106,0.09967499,0.0545282,0.13856418,0.12842405,0.46798348,0.2970591,0.33707032,0.07026397,0.039118104,0.47976986,0.18145749,0.5544544,0.23225947,-4.920127,7.605335,6.131605,-0.6179239,-14.428256,2.70328,0.21389684,87.52611,-3.897843,-3.647749,55.46572935,66.5026362,61.88049209,61.37082601,63.44463972,60.63268893,55.32513181,78.17223199,47.59226714,87.92618629,37.18804921,74.69244288,14.51669596,71.24780316,54.93848858,70.43936731,89.49033392,83.16344464,24.60456942,41.51142355,51.84534271,63.65553603,85.65905097,47.97891037,94.6572935,31.21265378,68.50615114,73.91915641,75.74692443,75.1142355,77.11775044,71.91564148,90.57996485,32.72407733,68.57644991,73.32161687,81.33567663,67.41652021,87.13532513,82.74165202,54.72759227,45.20210896,51.21265378,22.60105448,30.12302285,20.98418278,38.45342707,66.11599297,33.60281195,65.3427065,34.23550088,6.748681898
COc1ccc(C(=O)Nc2ccc(C(C)C(=O)O)c([N+](=O)[O-])c2)cc1C,358.35,3.35222,5,2,4,0.6035896692,1,118.77,0,2,0,0.43392712,0.21675387,0.86986464,0.086302236,0.26429012,0.29727674,0.32044035,0.034699734,0.041370012,0.4637565,0.16690046,0.3461174,0.10445555,0.9641188,0.95510304,0.022652656,0.047885682,0.12719488,0.095805064,0.057850726,0.1474726,0.11391334,0.43920833,0.2636679,0.31179518,0.06746257,0.04302175,0.44875208,0.1756867,0.54904443,0.24763003,-5.0274477,2.8054395,2.2384038,3.8818393,-14.8905,2.7143664,0.022675013,86.40872,-3.6745484,-3.0552268,55.46572935,66.5026362,61.88049209,61.37082601,63.44463972,60.63268893,55.32513181,78.17223199,47.59226714,87.92618629,37.18804921,73.14586995,14.44639719,68.6115993,53.35676626,71.28295255,87.10017575,82.03866432,24.67486819,46.32688928,51.73989455,65.16695958,82.53075571,51.88049209,92.75922671,31.24780316,69.27943761,75.32513181,74.58699473,74.62214411,78.48857645,73.70826011,89.5254833,31.49384886,66.67838313,71.3884007,80.80843585,69.24428822,85.51845343,82.35500879,53.81370826,46.18629174,43.7258348,17.04745167,26.46748682,29.03339192,35.64147627,66.81898067,31.03690685,63.40949033,38.91036907,9.490333919
CC(C(=O)O)c1ccc(CCN2CCC(C(C)C)C(C)C2)cc1,317.473,4.0312,2,1,4,0.8608757262,3,40.54,0,0,0,0.03454917,0.662356,0.72706777,0.011561325,0.044341393,0.13246623,0.037461758,0.2957503,0.39169317,0.47474614,0.017927825,0.1944281,0.1566265,0.074711755,0.95388967,0.0036879745,0.011551172,0.0024501926,0.021426797,0.043154318,0.12673707,0.026134461,0.6266394,0.21197,0.11881967,0.00084270275,0.021905072,0.07927829,0.009633509,0.689308,0.58146906,-4.9799256,11.90668,-1.1810917,-4.902003,-10.448689,2.7967083,0.54379505,73.64398,-3.0516615,-1.163308,46.29173989,77.6801406,17.10017575,36.59050967,63.44463972,96.48506151,76.60808436,23.53251318,47.59226714,25.86994728,37.18804921,9.173989455,45.13181019,37.18804921,31.66959578,38.52372583,50.43936731,51.00175747,76.59050967,81.33567663,52.89982425,39.50790861,57.6801406,63.26889279,14.34094903,31.17750439,21.08963093,22.28471002,16.76625659,51.10720562,72.26713533,68.47100176,71.52899824,39.71880492,63.26889279,48.71704745,13.39191564,56.73110721,61.1599297,29.34973638,71.6344464,66.81898067,47.02987698,27.76801406,23.12829525,14.02460457,66.99472759,71.59929701,39.33216169,49.45518453,51.66959578,24.60456942
CC(=O)Nc1cc(C(=O)N2CCN(C(C)=O)CC2)cc(C(C)C(=O)O)c1,361.398,1.1374,4,2,4,0.836158734,1,107.02,0,0,0,0.026080897,0.26636988,0.90467215,0.00022544416,0.0071570063,0.17039761,0.005578016,0.007996925,0.002492461,0.1096889,0.00046400522,0.147397,0.07435651,0.75569713,0.8402936,0.006976138,0.05132673,0.001035455,0.00087320653,0.0050364337,0.06911515,0.0041012242,0.056037765,0.004567725,0.017066084,0.0016532332,0.0010355988,0.00043377635,0.0062600644,0.25781214,0.014188087,-5.4039125,-4.071843,-15.394346,-11.206022,-18.62884,1.9089159,-2.1891532,24.959253,-1.2866485,-5.8716116,56.48506151,33.35676626,48.55887522,61.37082601,63.44463972,93.4973638,55.32513181,72.0913884,47.59226714,25.86994728,37.18804921,6.994727592,16.59050967,80.73813708,8.506151142,11.81019332,62.53075571,23.7258348,11.81019332,7.662565905,16.66080844,13.56766257,45.20210896,42.24956063,69.56063269,23.86643234,36.87170475,77.6801406,8.998242531,9.595782074,18.62917399,38.45342707,41.96836555,14.13005272,26.32688928,7.873462214,21.51142355,9.455184534,7.592267135,23.19859402,16.20386643,8.646748682,26.46748682,12.40773286,11.45869947,7.065026362,19.85940246,19.40246046,7.451669596,11.81019332,80.42179262,2.249560633
CNC(=O)c1ccc(N=NN(CCCl)C(C)C(=O)O)cc1,312.757,2.0588,4,2,4,0.457520563,1,94.36,1,3,2,0.60954654,0.5435577,0.8239576,0.06243965,0.083394244,0.22941813,0.05397137,0.044941805,0.026160115,0.29560122,0.01627555,0.47421175,0.19922039,0.8108779,0.7702924,0.0309569,0.028841486,0.060928524,0.014348778,0.032493103,0.11020245,0.027128384,0.20075992,0.009566585,0.1626627,0.038413353,0.02506446,0.018365659,0.09376582,0.6324004,0.095691055,-5.585668,-8.473291,-8.679566,-2.8518066,-17.731585,2.5838463,-0.9073976,59.852364,-2.33597,0.036916353,44.78031634,45.51845343,48.55887522,61.37082601,63.44463972,41.23022847,55.32513181,64.21792619,97.39894552,96.62565905,95.07908612,86.46748682,36.09841828,56.34446397,49.42003515,48.71704745,75.78207381,56.20386643,28.54130053,39.57820738,37.18804921,38.69947276,92.26713533,69.84182777,73.35676626,21.79261863,75.85237258,54.79789104,65.41300527,45.44815466,65.62390158,61.68717047,72.37258348,22.28471002,32.65377856,56.55536028,73.56766257,58.98066784,41.79261863,72.23198594,64.92091388,31.14235501,22.03866432,9.701230228,15.95782074,17.50439367,22.88224956,58.91036907,18.80492091,36.06326889,64.85061511,35.32513181
CC(=O)NCC(=O)NCC(=O)NC(CC(N)=O)C(C)C(=O)O,316.314,-2.6804,5,5,4,0.3104050741,2,167.69,0,0,0,0.39575502,0.43979818,0.70669633,2.52E-06,0.00019496659,0.013996164,2.55E-05,0.0034612822,0.0001646241,0.032378078,1.06E-05,0.15862696,0.016506653,0.07638565,0.35185352,0.0065956474,0.013943064,2.54E-05,1.28E-05,0.0011801774,0.044990696,2.80E-05,0.0131428335,1.84E-05,0.004587721,0.00017749601,0.00020692401,1.47E-06,0.0012643724,0.7405049,0.0013747148,-6.4702024,-15.653471,-6.4134684,-8.599825,-23.574177,2.045063,-2.3968577,9.114883,-0.70615137,-4.3435206,45.94024605,8.752196837,61.88049209,91.49384886,63.44463972,21.58172232,69.84182777,88.54130053,47.59226714,25.86994728,37.18804921,69.91212654,28.26010545,34.23550088,2.811950791,0.6678383128,10.61511424,0.7732864675,7.803163445,0.5975395431,6.326889279,1.370826011,48.33040422,10.79086116,14.69244288,13.07557118,35.46572935,28.15465729,2.038664323,0.8787346221,2.917398946,16.87170475,3.585237258,8.471001757,0.8084358524,1.195079086,3.831282953,4.253075571,0.6678383128,6.432337434,77.75043937,1.159929701,8.892794376,6.572934974,17.6801406,9.13884007,10.96660808,25.5887522,6.010544815,4.710017575,87.24077329,4.639718805
Cc1cc(Cl)ccc1CNC(=O)N1CCN(C(C)C(=O)O)CC1,339.823,1.94872,3,2,4,0.8790603506,1,72.88,0,0,0,0.13307025,0.74778783,0.84878284,0.13439016,0.44980597,0.24067828,0.1905491,0.16392998,0.37022477,0.48427886,0.10790733,0.37263784,0.24024124,0.39220747,0.98300093,0.012745917,0.02263271,0.028165858,0.013788259,0.022660395,0.11223698,0.023336714,0.7212116,0.08517076,0.11556487,0.009109948,0.010396381,0.023012633,0.022512004,0.539641,0.48751163,-5.218423,22.62739,9.926582,-8.152849,-14.147512,2.523838,0.85996306,79.237625,-2.4945168,1.6585646,51.59929701,43.90158172,32.65377856,61.37082601,63.44463972,97.64499121,55.32513181,48.89279438,47.59226714,25.86994728,37.18804921,34.48154657,52.93497364,63.09314587,59.89455185,83.19859402,78.03163445,74.93848858,62.98769772,80.52724077,53.84885764,59.22671353,85.37785589,74.23550088,49.24428822,36.73110721,53.88400703,45.27240773,54.44639719,44.99121265,57.71528998,62.53075571,70.36906854,45.48330404,51.10720562,47.97891037,49.17398946,42.03866432,44.32337434,44.53427065,52.33743409,62.07381371,34.90333919,40.91388401,33.53251318,9.701230228,40.42179262,55.39543058,43.62038664,55.21968366,61.65202109,52.68892794
CCC1CCN(CCc2ccc(C(C)C(=O)O)cc2)CC1C,303.446,3.7852,2,1,4,0.8690588049,3,40.54,0,0,0,0.032890245,0.6822413,0.7146248,0.009298231,0.02691429,0.115945004,0.024852026,0.28957257,0.3892563,0.38012263,0.011559096,0.18082134,0.15960476,0.05722915,0.9396707,0.0042506997,0.015489829,0.0022610445,0.013925028,0.033700127,0.1201481,0.018066293,0.5351471,0.11909775,0.08375502,0.00077420886,0.014733571,0.034916513,0.008210887,0.6841229,0.48530284,-4.9854097,6.35711,-7.1648626,-4.1415863,-10.688099,2.8294525,0.27567568,68.5411,-2.8446684,-1.7303855,41.72231986,73.81370826,17.10017575,36.59050967,63.44463972,96.9771529,76.60808436,23.62038664,47.59226714,25.86994728,37.18804921,8.892794376,46.81898067,35.18453427,29.63093146,30.08787346,43.23374341,44.85061511,76.23901582,81.1599297,44.32337434,35.60632689,54.13005272,63.79613357,11.00175747,29.70123023,24.49912127,31.49384886,15.67662566,45.09666081,66.08084359,66.39718805,66.36203866,35.5711775,54.86818981,39.85940246,12.33743409,48.43585237,49.91212654,26.60808436,71.28295255,61.96836555,46.60808436,21.4059754,16.94200351,15.53602812,65.3427065,73.81370826,34.30579965,44.28822496,55.32513181,19.47275923
CC(C)CC(C)CCNC(=O)N1CCC(C(C)C(=O)O)CC1,312.454,3.201,2,2,4,0.7581827284,2,69.64,0,0,0,0.048084103,0.6975758,0.8261751,0.012151581,0.10713617,0.21752253,0.054278098,0.17689249,0.13106339,0.50343275,0.034696978,0.2518084,0.12141919,0.16542517,0.9825252,0.0067197257,0.013283755,0.0025319539,0.010985744,0.036121488,0.119051,0.03509597,0.8284767,0.08033545,0.11509265,0.0021771314,0.017945688,0.029431542,0.011507975,0.6935295,0.3308689,-4.8049107,48.66102,26.506048,-12.756569,-9.459052,2.2436404,1.0590351,71.27893,-2.6038413,-0.03810663,44.74516696,64.28822496,17.10017575,61.37082601,63.44463972,83.37434095,69.84182777,46.39718805,47.59226714,25.86994728,37.18804921,12.82952548,48.04920914,56.9771529,32.05623902,52.97012302,73.81370826,56.2741652,64.92091388,65.16695958,56.2741652,45.62390158,68.96309315,55.99297012,30.12302285,36.66080844,35.92267135,26.46748682,17.08260105,41.6168717,68.01405975,65.90509666,75.3602812,54.83304042,50.4745167,47.97891037,25.06151142,52.61862917,47.27592267,32.37258348,72.26713533,52.75922671,58.80492091,62.95254833,51.14235501,5.518453427,73.88400703,37.64499121,46.29173989,47.38137083,59.75395431,34.72759227
Cc1ccc(C(=O)OCc2ccc(C(C)C(=O)O)cc2)c(C)c1,312.365,3.84854,3,1,4,0.8518029832,1,63.6,0,0,0,0.035018425,0.35683092,0.91835654,0.12651591,0.36054915,0.60451394,0.46779698,0.095430456,0.028852412,0.56407225,0.14222006,0.3185665,0.07446855,0.8833157,0.9916283,0.013400567,0.037788857,0.048155352,0.083537005,0.06749344,0.15663281,0.37300688,0.70096624,0.32709846,0.21035418,0.031206522,0.039293658,0.28493732,0.0959443,0.31887424,0.23852932,-4.7264495,56.216957,40.90184,-23.837597,-9.765719,2.6344128,1.6076399,99.245056,-3.9750981,-4.5121017,44.39367311,74.51669596,32.65377856,36.59050967,63.44463972,95.3602812,55.32513181,41.91564148,47.59226714,25.86994728,37.18804921,9.34973638,22.5659051,85.44815466,59.19156415,78.45342707,99.68365554,88.89279438,46.0456942,40.77328647,63.12829525,63.09314587,79.26186292,42.24956063,80.24604569,40.77328647,55.21968366,66.88927944,62.14411248,72.44288225,80.98418278,76.5202109,98.27768014,44.11247803,69.98242531,62.77680141,70.36906854,67.4516696,78.1370826,72.58347979,23.7258348,45.51845343,64.78031634,68.01405975,62.3198594,1.335676626,72.26713533,62.03866432,55.28998243,87.34622144,32.93497364,4.217926186
CNC(=O)Nc1cccc(-c2ccc(OC)c(C(C)C(=O)O)c2)c1,328.368,3.3016,3,3,4,0.785629067,1,87.66,0,0,0,0.118586674,0.34227964,0.9129857,0.18167686,0.12286434,0.38309604,0.16334149,0.07694657,0.03333355,0.29546002,0.045588773,0.33213636,0.29548186,0.89782345,0.9380022,0.013234633,0.060644455,0.22494867,0.024109453,0.030885797,0.12847035,0.04135946,0.3028896,0.06216865,0.095755935,0.037971586,0.010030987,0.048866894,0.055266906,0.23573473,0.20134516,-5.2701445,-4.4372644,-9.465372,13.388458,-16.405834,2.821257,0.3740179,87.16775,-3.8825638,-3.0479977,48.75219684,65.97539543,32.65377856,78.20738137,63.44463972,87.06502636,55.32513181,59.75395431,47.59226714,25.86994728,37.18804921,31.81019332,21.79261863,83.55008787,63.90158172,55.60632689,94.37609842,72.89982425,40.21089631,42.74165202,37.18804921,48.71704745,81.1599297,78.80492091,82.74165202,29.59578207,54.97363796,82.39015817,82.63620387,52.93497364,64.32337434,68.96309315,77.6801406,26.46748682,47.94376098,43.16344464,73.46221441,41.54657293,54.48154657,61.93321617,14.44639719,42.46045694,31.98594025,12.02108963,15.18453427,46.29173989,27.62741652,73.28646749,36.06326889,64.56942004,34.69244288,9.525483304
CCc1cc(OC)ccc1C#Cc1ccc(C(C)C(=O)O)cc1,308.377,3.8455,2,1,4,0.8728239613,1,46.53,0,1,0,0.13835715,0.23441294,0.8310518,0.19458814,0.29654327,0.46876392,0.46198124,0.09955506,0.029699609,0.6223214,0.27282932,0.29697332,0.0640093,0.88384277,0.97323686,0.054445498,0.044494994,0.09962268,0.17829761,0.12507008,0.15356931,0.5423587,0.6768996,0.3351125,0.43770605,0.14165744,0.16870093,0.4458088,0.34312615,0.44461006,0.24941012,-4.3632307,24.618336,4.631205,33.92989,-9.855675,3.270621,2.577044,101.340775,-5.154791,-0.432269,43.12829525,74.51669596,17.10017575,36.59050967,63.44463972,97.18804921,55.32513181,28.26010545,47.59226714,66.5202109,37.18804921,35.78207381,15.14938489,58.24253076,65.06151142,74.05975395,97.57469244,88.47100176,47.59226714,41.01933216,69.98242531,72.40773286,76.5202109,38.41827768,80.35149385,34.16520211,84.8857645,73.18101933,71.10720562,84.39367311,88.85764499,75.53602812,99.33216169,42.53075571,70.36906854,79.92970123,90.26362039,90.43936731,85.44815466,92.33743409,39.71880492,46.29173989,89.31458699,43.30404218,28.6115993,71.45869947,71.81019332,89.80667838,72.44288225,91.14235501,12.12653779,31.49384886
CCCNC(=O)C(C#N)=Cc1ccc(OC)c(C(C)C(=O)O)c1,316.357,2.31648,4,2,4,0.5938009113,1,99.42,0,2,1,0.13293304,0.20720991,0.79294974,0.02780898,0.086819224,0.24794209,0.11205232,0.027535861,0.012738017,0.30609012,0.049320366,0.24515644,0.080122374,0.7786292,0.72260046,0.03816675,0.048767038,0.020418193,0.023669172,0.041803595,0.083098486,0.09160249,0.20691033,0.033079814,0.18545476,0.048855405,0.04013914,0.02258189,0.11124724,0.4388377,0.058775447,-4.891671,-2.9953644,4.7657385,-11.282848,-12.844534,3.032519,-0.020588111,77.83318,-3.3908584,-4.385585,45.94024605,48.89279438,48.55887522,61.37082601,63.44463972,59.19156415,55.32513181,67.38137083,47.59226714,87.92618629,83.09314587,34.4112478,13.88400703,49.27943761,40.49209139,49.59578207,79.33216169,67.24077329,21.72231986,28.08435852,38.03163445,49.34973638,67.80316344,44.35852373,70.82601054,20.21089631,79.15641476,75.88752197,49.34973638,52.58347979,71.52899824,47.17047452,86.85413005,22.49560633,42.07381371,59.82425308,77.18804921,67.83831283,44.14762742,74.83304042,39.05096661,26.11599297,53.11072056,13.11072056,28.82249561,6.959578207,48.89279438,83.37434095,30.29876977,53.74340949,44.32337434,4.499121265
Cc1ccc2c(C(=O)Nc3ccc(C(C)C(=O)O)cc3)cn(C)c2c1,336.391,3.92712,2,2,4,0.7581985713,1,71.33,0,0,0,0.15318723,0.2678594,0.9024971,0.16400148,0.22949938,0.45496225,0.3256223,0.07210828,0.03902766,0.40767127,0.10104674,0.35661227,0.2010561,0.93745774,0.9604438,0.017628025,0.061945103,0.20918639,0.06747154,0.0630524,0.18504259,0.14124843,0.434599,0.23696265,0.20082442,0.072577916,0.02903935,0.21872573,0.12242613,0.32007167,0.2984026,-5.1231065,11.152295,1.7661598,27.097672,-14.910524,2.6217458,1.1027956,93.47728,-4.2787647,-2.556438,50.61511424,76.06326889,17.10017575,61.37082601,63.44463972,83.37434095,55.32513181,47.48681898,47.59226714,25.86994728,37.18804921,38.48857645,16.62565905,80,62.84710018,68.11950791,97.11775044,82.21441125,38.34797891,45.3427065,46.95957821,58.3831283,83.62038664,70.12302285,88.40070299,32.30228471,62.88224956,82.84710018,81.65202109,68.96309315,80.03514938,81.65202109,91.42355009,31.24780316,64.6397188,61.68717047,81.65202109,61.54657293,74.97363796,76.09841828,23.86643234,50.29876977,39.50790861,27.27592267,26.01054482,66.18629174,35.60632689,61.4059754,47.10017575,75.53602812,26.78383128,12.72407733
CCNC(=S)c1ccc(-c2cc(C(=O)O)nn2C(C)C(=O)O)cc1,347.396,2.1789,4,3,4,0.6879586578,1,104.45,0,1,0,0.018391531,0.21326447,0.7988047,0.012909527,0.063969895,0.21982571,0.12688768,0.0028145025,0.014478967,0.06133436,0.0014486022,0.5726945,0.14415726,0.89513254,0.4323083,0.0015940011,0.01951505,0.014736107,0.0015156285,0.011325152,0.053194135,0.010719782,0.014527919,0.004549205,0.0657042,0.0047407066,0.0035196482,0.0023013672,0.010300002,0.23441026,0.01615924,-5.6683793,-11.506102,-5.693922,23.571484,-17.563574,2.4419315,-1.866127,82.06212,-3.1161485,-1.3507544,52.93497364,47.17047452,48.55887522,78.20738137,63.44463972,73.04042179,55.32513181,70.36906854,47.59226714,66.5202109,37.18804921,5.202108963,14.13005272,50.33391916,32.86467487,44.32337434,74.02460457,69.10369069,6.959578207,30.15817223,10.19332162,20.66783831,96.20386643,61.1599297,82.24956063,14.62214411,9.384885764,39.47275923,45.48330404,15.07908612,39.2970123,24.04217926,59.12126538,8.822495606,26.22144112,33.21616872,37.57469244,21.6168717,20.07029877,30.05272408,14.34094903,10.40421793,20.10544815,8.154657293,18.45342707,62.14411248,23.58523726,49.80667838,9.525483304,58.06678383,50.05272408,23.12829525
CC(CCN1CCC(Nc2nc3ccccc3n2C)CC1)C(=O)O,330.432,2.5604,4,2,4,0.8516875908,1,70.39,0,0,0,0.13740672,0.7326318,0.7667312,0.004794794,0.0051530018,0.039482832,0.0012309321,0.32067174,0.12950125,0.13552643,0.0006055832,0.12615035,0.16787013,0.041953806,0.90252197,0.0035871603,0.02385423,0.007234432,0.00114404,0.006934648,0.07532178,0.000496659,0.3322528,0.005427568,0.020131769,0.00078424625,0.0013375976,0.0022985362,0.002844293,0.6377934,0.20925073,-5.390213,4.185761,-10.363291,3.0020235,-15.550835,2.58583,-0.23570342,56.88679,-2.0634565,6.3452287,49.20913884,53.53251318,48.55887522,61.37082601,63.44463972,95.32513181,55.32513181,46.95957821,47.59226714,25.86994728,37.18804921,35.5711775,51.24780316,44.00702988,24.07732865,8.857644991,18.94551845,9.525483304,78.20738137,64.8857645,20,15.04393673,38.73462214,65.30755712,8.260105448,26.32688928,20.66783831,47.66256591,33.63796134,12.26713533,25.44815466,42.70650264,12.44288225,27.41652021,27.59226714,9.912126538,12.40773286,11.07205624,20.03514938,13.42706503,65.97539543,43.23374341,27.02987698,18.8400703,14.51669596,27.2056239,31.77504394,59.15641476,26.88927944,33.4973638,70.12302285,79.71880492
CNC1CCCN(C(=O)Cn2cc(C(C)C(=O)O)c3cc(C)ccc32)C1,357.454,2.34822,3,2,4,0.8613632845,2,74.57,0,0,0,0.09025965,0.40711588,0.889639,0.0038595223,0.03734412,0.16383246,0.02683776,0.08070761,0.029880345,0.3397668,0.05618254,0.1620881,0.1834293,0.4352088,0.94779265,0.014370476,0.050125994,0.007393209,0.0037835233,0.010607821,0.07159729,0.009397124,0.35016847,0.035898596,0.037192654,0.0037740737,0.0034790125,0.0034444244,0.01086613,0.3841404,0.19987273,-5.482002,-2.2442894,-6.6508965,-10.510172,-16.084162,2.610852,-0.8071537,55.512646,-2.229754,-2.5639138,55.32513181,49.63093146,32.65377856,61.37082601,63.44463972,96.48506151,69.84182777,49.61335677,47.59226714,25.86994728,37.18804921,25.27240773,26.25659051,75.14938489,22.53075571,35.43057996,60.94903339,46.25659051,41.75746924,41.05448155,41.01933216,51.14235501,49.27943761,67.4516696,52.02108963,30.68541301,57.78558875,76.76625659,33.98945518,26.22144112,37.50439367,40.24604569,57.04745167,28.04920914,42.84710018,20.52724077,34.05975395,21.51142355,24.32337434,31.00175747,31.70474517,42.21441125,24.1827768,13.60281195,17.39894552,7.62741652,29.17398946,60.87873462,19.82425308,32.44288225,67.06502636,12.65377856
CCCNC(=O)C=Cc1ccc(OC)c(C(C)C(=O)O)c1,291.347,2.4227,3,2,4,0.7564797719,1,75.63,0,1,0,0.11489055,0.32887286,0.849045,0.028778285,0.060357887,0.28370553,0.06263719,0.050043263,0.014825845,0.28167948,0.019659815,0.24573152,0.1270501,0.61740625,0.8623883,0.024431346,0.04322382,0.026874486,0.013868508,0.03460502,0.094072625,0.054055005,0.23227258,0.02267672,0.095313825,0.020639485,0.022696858,0.012947637,0.04817484,0.40590286,0.06919994,-5.009799,0.6472397,-6.0908604,-12.62219,-13.124178,2.6794095,-0.31541824,67.95269,-2.5545297,-3.0586345,37.92618629,50.89630931,32.65377856,61.37082601,63.44463972,83.16344464,55.32513181,51.1599297,47.59226714,66.5202109,37.18804921,31.10720562,20.98418278,63.19859402,40.91388401,43.12829525,85.16695958,58.5940246,30.228471,30.50966608,36.02811951,40.07029877,67.87346221,57.32864675,61.26537786,24.49912127,71.17750439,71.84534271,53.77855888,45.06151142,66.81898067,53.63796134,81.01933216,23.69068541,39.26186292,43.05799649,64.92091388,57.32864675,38.20738137,59.57820738,34.69244288,27.69771529,44.78031634,15.53602812,18.1370826,5.623901582,47.27592267,64.67486819,25.72934974,43.79613357,60.38664323,9.455184534
Cc1cc2c(cc1Br)c(C(=O)Nc1ccc(C(C)C(=O)O)cc1)cn2C,415.287,4.68962,2,2,4,0.6496698735,1,71.33,0,0,0,0.15596391,0.2424988,0.89087725,0.2802947,0.32665017,0.4808247,0.4623404,0.06980528,0.052820474,0.46296397,0.15602592,0.4302558,0.15358801,0.9572339,0.9611848,0.019634694,0.05313595,0.25658438,0.11679424,0.07386738,0.17056587,0.24834731,0.5368614,0.359319,0.3203246,0.08940752,0.054566175,0.3891407,0.20839088,0.36150524,0.33531398,-4.9802885,4.0353193,-2.0162187,69.332214,-14.830266,2.9826248,1.8925087,96.51812,-4.8298197,0.5698754,68.92794376,85.76449912,17.10017575,61.37082601,63.44463972,66.67838313,55.32513181,47.48681898,47.59226714,25.86994728,37.18804921,38.94551845,15.39543058,75.46572935,71.49384886,75.88752197,97.82073814,88.54130053,37.39894552,50.08787346,51.59929701,64.1827768,89.56063269,62.67135325,91.35325132,32.33743409,65.55360281,78.62917399,85.13181019,77.50439367,82.21441125,79.40246046,96.02811951,35.5711775,71.70474517,72.05623902,84.4288225,74.09490334,83.26889279,85.44815466,28.99824253,53.28646749,46.95957821,18.62917399,22.00351494,89.17398946,36.13356766,81.23022847,60.21089631,81.89806678,17.04745167,41.05448155
CC(C(=O)O)c1ccc(NC(=O)c2cn(C)c3ccc(C#N)cc23)cc1,347.374,3.49038,3,2,4,0.7550256032,1,95.12,0,0,0,0.218298,0.16236584,0.8365658,0.11402814,0.1257972,0.30456316,0.2730239,0.0334028,0.024706094,0.3103766,0.10390903,0.3461566,0.20196728,0.95985115,0.87047577,0.022790259,0.08943928,0.23609212,0.058339126,0.05613949,0.14650771,0.08449073,0.2559822,0.1452634,0.22675371,0.08845514,0.027963063,0.19333325,0.15713444,0.35745695,0.22331676,-5.0966067,-0.14460373,-8.354639,32.668667,-16.397488,2.6022599,0.4801189,88.25372,-4.375937,-2.739801,52.89982425,69.10369069,32.65377856,61.37082601,63.44463972,82.84710018,55.32513181,64.92091388,47.59226714,25.86994728,37.18804921,49.73637961,11.24780316,59.75395431,57.71528998,56.09841828,87.97891037,79.89455185,24.35852373,38.55887522,38.48857645,58.76977153,82.53075571,70.29876977,91.84534271,24.85061511,69.38488576,89.70123023,83.69068541,66.81898067,77.50439367,73.53251318,86.08084359,24.53427065,57.46924429,64.81546573,84.25307557,60.84358524,73.35676626,80.59753954,28.33040422,44.60456942,40.49209139,15.1142355,16.16871705,70.4745167,27.66256591,60.28119508,38.17223199,66.67838313,24.85061511,11.3884007
Cc1cc2c(C(=O)Nc3ccc(C(C)C(=O)O)cc3)cn(C)c2cc1Br,415.287,4.68962,2,2,4,0.6496698735,1,71.33,0,0,0,0.16386084,0.2496526,0.8899047,0.28762186,0.32414842,0.48176154,0.45888957,0.06911369,0.052659295,0.46187907,0.1559298,0.43718153,0.15064415,0.95680344,0.95900804,0.020194512,0.053200535,0.255834,0.113653585,0.072054416,0.16519764,0.2497985,0.5380986,0.34510908,0.321971,0.08998353,0.054269366,0.38238633,0.20898366,0.37164244,0.32623222,-4.976738,4.7818623,-2.300199,69.38946,-14.913179,2.9378002,1.8953402,96.56694,-4.8490577,0.79112923,68.92794376,85.76449912,17.10017575,61.37082601,63.44463972,66.67838313,55.32513181,47.48681898,47.59226714,25.86994728,37.18804921,39.89455185,15.74692443,75.21968366,71.98594025,75.64147627,97.89103691,88.3655536,37.01230228,49.98242531,51.49384886,64.1827768,89.87697715,62.07381371,91.24780316,31.84534271,66.29173989,78.73462214,85.06151142,77.01230228,81.89806678,78.45342707,96.02811951,35.60632689,71.10720562,72.30228471,84.4288225,73.98945518,82.98769772,85.48330404,30.36906854,52.33743409,47.24077329,19.47275923,21.72231986,89.20913884,35.60632689,79.33216169,60.28119508,82.03866432,16.66080844,43.7258348
Cc1cc2c(C(=O)Nc3ccc(C(C)C(=O)O)cc3)cn(C)c2cc1C,350.418,4.23554,2,2,4,0.7393259157,1,71.33,0,0,0,0.20965078,0.27760464,0.9074544,0.17647365,0.23583922,0.44036126,0.30730695,0.08856442,0.037773747,0.4709323,0.117957495,0.33681822,0.21566936,0.94123477,0.9693096,0.021911796,0.060011886,0.2168701,0.0984291,0.07067941,0.1913615,0.16784573,0.5206485,0.32434723,0.2389657,0.09244873,0.036187135,0.29942355,0.16861057,0.32861775,0.3628126,-5.1353884,12.671223,8.824933,33.130096,-14.685061,2.7346735,1.4977447,95.59544,-4.487804,-2.5397239,53.56766257,80.42179262,17.10017575,61.37082601,63.44463972,80.77328647,55.32513181,47.48681898,47.59226714,25.86994728,37.18804921,48.33040422,17.71528998,82.03866432,63.4797891,68.50615114,96.76625659,81.58172232,44.11247803,44.85061511,52.65377856,60.21089631,81.8629174,71.70474517,89.10369069,33.63796134,68.47100176,82.03866432,82.03866432,74.93848858,81.75746924,82.42530756,93.07557118,34.93848858,69.84182777,65.97539543,84.74516696,65.27240773,79.19156415,81.65202109,24.81546573,55.39543058,39.05096661,28.78734622,32.44288225,70.72056239,37.08260105,68.33040422,53.46221441,79.85940246,22.84710018,12.93497364
COc1ccc(C(=O)Nc2ccccc2C(=O)NC(C)C(=O)O)cc1C,356.378,2.45882,4,3,4,0.7373616464,1,104.73,0,0,0,0.089695886,0.30796418,0.90242994,0.09061451,0.1947453,0.44439894,0.25508437,0.062445827,0.028569555,0.33169585,0.09418836,0.33978194,0.20034166,0.9330684,0.9371561,0.017222678,0.071211174,0.15441808,0.039111704,0.032296307,0.1317556,0.06689803,0.34351265,0.13364528,0.13100605,0.04398824,0.014433804,0.081497,0.06946255,0.2363429,0.2080189,-5.5122094,-4.837017,-10.854357,19.21368,-17.52747,2.1220245,-0.997859,80.47679,-3.1259036,-0.75117123,54.86818981,51.70474517,48.55887522,78.20738137,63.44463972,80.49209139,55.32513181,70.82601054,47.59226714,25.86994728,37.18804921,25.09666081,19.78910369,79.96485062,54.13005272,64.4288225,96.83655536,78.8400703,34.4112478,40.63268893,40.21089631,57.18804921,82.17926186,69.94727592,87.59226714,29.45518453,62.28471002,85.83479789,77.53954306,59.61335677,65.51845343,69.87697715,83.55008787,27.83831283,56.48506151,51.17750439,75.3602812,48.18980668,61.54657293,66.36203866,14.44639719,43.0228471,23.51493849,11.70474517,14.30579965,56.69595782,23.65553603,29.70123023,17.60984183,56.20386643,49.91212654,27.83831283
CC(=O)NCC(=O)NCC(=O)NC(CC(=O)O)C(C)C(=O)O,317.298,-2.0811,5,5,4,0.3256787323,2,161.9,0,0,0,0.22694607,0.29940408,0.51474583,2.22E-06,0.00039151212,0.010811004,7.48E-05,0.0008866977,0.00037784042,0.014434954,4.81E-06,0.18620352,0.032382432,0.0997562,0.062655985,0.004938,0.01464265,3.42E-05,1.29E-05,0.0018351484,0.05314067,3.58E-05,0.0013527395,2.09E-05,0.0060956487,0.00022897506,0.00020486319,1.63E-06,0.0012259588,0.63615847,0.0007362562,-6.6170983,-31.913446,-12.504512,0.8127777,-24.374239,2.2733967,-3.245795,17.840906,-0.67743224,-2.6096892,46.15114236,9.736379613,61.88049209,91.49384886,63.44463972,23.44463972,69.84182777,87.87346221,47.59226714,25.86994728,37.18804921,51.10720562,19.22671353,17.89103691,2.706502636,1.019332162,9.841827768,1.405975395,4.60456942,1.019332162,3.304042179,0.8787346221,55.43057996,21.01933216,18.94551845,6.889279438,27.55711775,29.80667838,2.319859402,0.8787346221,5.413005272,24.00702988,4.042179262,4.182776801,0.8787346221,1.722319859,4.850615114,4.253075571,0.6678383128,6.221441125,65.72934974,0.7029876977,8.119507909,3.057996485,13.14586995,23.83128295,9.947275923,39.36731107,2.636203866,7.943760984,87.73286467,12.30228471
CCNc1nc(C(C)C(=O)O)nc(N2CCC(NCC)CC2)n1,322.413,1.0698,7,3,4,0.6847870225,1,103.27,0,0,0,0.011212038,0.5939217,0.89353484,0.0042075366,0.011425591,0.08109041,0.0056337877,0.07454942,0.16451545,0.11693305,0.00040555216,0.21653278,0.20865388,0.2840947,0.91910946,0.0013576472,0.017721366,0.0020704302,0.00064583594,0.0042454875,0.05426248,0.00041842536,0.23229487,0.004391945,0.011568077,0.00027037988,0.0005043372,0.0012315947,0.001726572,0.2522511,0.10034331,-5.701178,-12.35277,-8.962797,-6.839691,-16.789406,2.629401,-1.4751858,41.751278,-1.9014584,0.28341946,47.34622144,32.37258348,79.85940246,78.20738137,63.44463972,72.61862917,55.32513181,69.73637961,47.59226714,25.86994728,37.18804921,2.987697715,39.75395431,76.41476274,23.30404218,17.50439367,31.35325132,23.79613357,39.43760984,68.78734622,17.78558875,12.37258348,62.95254833,70.89630931,41.82776801,27.87346221,8.049209139,36.2741652,14.76274165,7.55711775,15.5711775,25.30755712,11.28295255,23.69068541,26.01054482,4.393673111,5.413005272,6.221441125,14.37609842,8.752196837,15.85237258,31.66959578,19.50790861,7.76801406,15.60632689,11.24780316,26.39718805,61.89806678,12.58347979,21.6168717,72.61862917,37.85588752
Cc1cc(Cl)ccc1OCC(=O)NCCN(C)C(C)C(=O)O,328.796,1.54832,4,2,4,0.7566521653,1,78.87,0,0,0,0.08926335,0.70655274,0.8979863,0.09236478,0.16447532,0.24257779,0.0512365,0.15397923,0.13480642,0.37455723,0.026216883,0.36356324,0.14277704,0.37238127,0.9721897,0.008117938,0.021565406,0.01649454,0.0034310718,0.009684958,0.074303046,0.010160471,0.65441424,0.017509475,0.04181698,0.004275193,0.003820778,0.0029641017,0.010044626,0.5301472,0.28068596,-4.9164896,32.79564,11.989273,-8.374113,-13.245326,2.4599323,0.77225745,79.98802,-2.7548077,1.216082,48.96309315,38.24253076,48.55887522,61.37082601,63.44463972,83.16344464,55.32513181,53.32161687,47.59226714,25.86994728,37.18804921,25.02636204,48.85764499,78.03163445,54.37609842,61.1599297,78.3831283,55.71177504,61.33567663,65.65905097,43.62038664,42.95254833,84.14762742,60.73813708,48.18980668,33.9543058,41.33567663,43.4797891,46.67838313,25.02636204,34.72759227,42.28471002,58.31282953,41.23022847,37.32864675,22.95254833,36.13356766,23.23374341,22.60105448,29.73637961,51.28295255,49.13884007,51.49384886,51.28295255,35.92267135,9.384885764,46.46748682,51.45869947,42.53075571,55.8172232,56.66080844,48.29525483
CNC1CCN(C(=O)Cn2cc(C(C)C(=O)O)c3cc(C)ccc32)C1,343.427,1.95812,3,2,4,0.8702303107,2,74.57,0,0,0,0.10345703,0.39101502,0.887873,0.0033297304,0.03261722,0.16110496,0.024003385,0.06345017,0.021184802,0.29101434,0.03690833,0.17025156,0.15522829,0.45105696,0.9306051,0.014128069,0.04817108,0.0066760406,0.0031860669,0.009780371,0.07126755,0.0088554155,0.2822302,0.024925157,0.033481658,0.004111842,0.003264598,0.0027103613,0.0106989695,0.3883039,0.14121518,-5.4530935,-1.2767982,-9.152854,-10.644514,-16.014309,2.5106268,-0.8454178,55.625114,-2.1655464,-2.8666801,52.26713533,43.93673111,32.65377856,61.37082601,63.44463972,97.04745167,69.84182777,49.61335677,47.59226714,25.86994728,37.18804921,28.22495606,24.78031634,74.27065026,21.51142355,33.21616872,59.92970123,44.25307557,34.79789104,35.92267135,36.80140598,46.5026362,51.84534271,63.09314587,52.7943761,28.71704745,57.18804921,75.39543058,32.0913884,23.93673111,35.07908612,40,56.20386643,25.62390158,40.03514938,18.55887522,35.43057996,20.73813708,21.79261863,30.72056239,32.30228471,36.41476274,24.95606327,14.48154657,15.46572935,7.62741652,29.49033392,54.30579965,19.36731107,32.51318102,68.18980668,10.68541301
COc1ccc(C=CC(=O)c2cccc(C(C)C(=O)O)c2)cc1C,324.376,4.08782,3,1,4,0.6419741479,1,63.6,0,1,0,0.12381689,0.28961146,0.88456285,0.19896893,0.26630422,0.4957685,0.37389702,0.09574679,0.037053697,0.5132113,0.16246006,0.31999856,0.116764285,0.88535535,0.972283,0.027209854,0.051309824,0.12964937,0.096289255,0.08490654,0.17169851,0.27551183,0.5797055,0.24733305,0.25648123,0.08073509,0.061034244,0.24801381,0.1606051,0.38121933,0.258501,-4.783026,21.32634,10.906569,-1.9963942,-11.964548,2.8331864,1.08355,97.01799,-4.2532415,-4.8395495,47.59226714,78.17223199,32.65377856,36.59050967,63.44463972,65.5887522,55.32513181,41.91564148,47.59226714,66.5202109,37.18804921,32.75922671,18.55887522,73.21616872,65.55360281,71.52899824,98.27768014,84.81546573,46.11599297,44.46397188,57.50439367,64.81546573,79.50790861,55.07908612,80.59753954,33.9543058,73.39191564,77.64499121,75.04393673,74.72759227,84.32337434,79.43760984,96.55536028,37.36379613,65.37785589,67.13532513,82.98769772,76.16871705,76.73110721,80.94903339,31.52899824,47.31107206,60.84358524,39.12126538,34.72759227,18.91036907,55.18453427,74.02460457,46.71353251,83.0228471,27.06502636,3.585237258
Cc1cn(CC(=O)N2CCN(C(C)C(=O)O)CC2)c2ccc(Cl)cc12,363.845,2.22042,3,1,4,0.9041557479,1,65.78,0,0,0,0.120545074,0.7021135,0.8504866,0.13998625,0.46734843,0.29636568,0.27744713,0.15336433,0.25785008,0.51433617,0.1825693,0.37144247,0.26802525,0.5302807,0.9828657,0.016063957,0.02994132,0.058030926,0.021582965,0.024821958,0.10359383,0.053087223,0.66228473,0.13705476,0.14136615,0.0162039,0.0155087095,0.028514514,0.03398502,0.46630222,0.4848209,-5.113408,21.687159,6.4595156,2.968631,-14.49449,2.5750625,1.0542732,86.09282,-2.9615326,2.449609,57.11775044,47.87346221,32.65377856,36.59050967,63.44463972,99.26186292,55.32513181,43.51493849,47.59226714,25.86994728,37.18804921,32.02108963,48.33040422,63.51493849,60.56239016,83.86643234,86.99472759,79.96485062,61.1599297,75.14938489,57.60984183,66.29173989,85.16695958,76.30931459,56.87170475,36.69595782,60.56239016,56.44991213,64.6397188,51.21265378,59.36731107,58.69947276,80.77328647,41.72231986,56.73110721,52.75922671,60.73813708,49.5254833,46.60808436,52.61862917,42.53075571,61.93321617,39.78910369,39.78910369,30.228471,27.13532513,38.1370826,58.31282953,46.15114236,62.95254833,53.56766257,58.80492091
CCOC(=O)NCCc1ccc(OC)c(C(C)C(=O)O)c1,295.335,2.1719,4,2,4,0.804987602,1,84.86,0,0,0,0.035909753,0.4469978,0.8971893,0.039440125,0.122177914,0.41039714,0.124000266,0.080896,0.03057831,0.36333528,0.04474035,0.28806454,0.12365073,0.62126184,0.9684919,0.012711981,0.03146727,0.019522246,0.013946986,0.020783918,0.079094455,0.05459123,0.49828023,0.0410361,0.075122,0.0076031387,0.015446586,0.013405736,0.025610592,0.36653137,0.10281129,-4.920312,15.23172,4.509506,-24.25256,-11.675699,2.598942,-0.3325762,63.674694,-1.9141433,-4.881161,38.98066784,47.06502636,48.55887522,61.37082601,63.44463972,90.01757469,55.32513181,57.92618629,47.59226714,25.86994728,37.18804921,9.560632689,28.92794376,77.71528998,44.11247803,55.53602812,95.60632689,68.71704745,41.75746924,41.26537786,42.63620387,48.47100176,75.28998243,56.59050967,61.51142355,33.53251318,53.88400703,58.48857645,48.92794376,45.13181019,55.3602812,44.60456942,81.12478032,34.16520211,44.07732865,36.44991213,45.44815466,49.42003515,38.55887522,46.92442882,29.63093146,31.88049209,51.17750439,31.56414763,28.47100176,1.300527241,57.53954306,60,25.5887522,39.78910369,72.51318102,3.479789104
CCCc1cc(-c2ccc(OC(F)(F)C(C)C(=O)O)cc2)nc(C)n1,350.365,4.09682,4,1,4,0.813914946,1,72.31,0,0,0,0.09332719,0.5077897,0.9365697,0.10835604,0.136813,0.4876895,0.15947536,0.15596433,0.026982537,0.51537293,0.04930645,0.28004912,0.18956473,0.8588439,0.98256093,0.015132463,0.04629609,0.088141836,0.043382116,0.030753797,0.115261994,0.10407275,0.68247926,0.17752725,0.1420639,0.039247107,0.015851151,0.0813084,0.06862186,0.29402858,0.23242824,-4.8655,27.070068,16.55217,-6.285989,-10.013586,2.8416479,1.8950812,93.67519,-3.489338,-1.4053817,53.53251318,78.31282953,48.55887522,36.59050967,63.44463972,91.03690685,55.32513181,48.01405975,47.59226714,25.86994728,37.18804921,26.01054482,33.46221441,91.88049209,56.73110721,57.71528998,98.06678383,72.51318102,61.6168717,39.92970123,57.6801406,49.34973638,74.20035149,68.6115993,77.36379613,36.66080844,59.15641476,74.34094903,69.771529,61.01933216,64.1827768,63.93673111,88.40070299,42.88224956,60.21089631,52.93497364,73.74340949,50.15817223,61.54657293,65.86994728,20.456942,45.20210896,54.86818981,45.48330404,40.66783831,12.05623902,70.79086116,74.55184534,60.28119508,76.02811951,42.28471002,22.63620387
CCC(=O)N1CCN(c2cc(N3CCCC3)nc(C(C)C(=O)O)n2)CC1,361.446,1.3235,6,1,4,0.8458289532,1,89.87,0,0,0,0.02709974,0.5773519,0.92480385,0.009823169,0.10473118,0.2974574,0.07880641,0.05491791,0.025909167,0.35100847,0.0090120435,0.23133294,0.16862626,0.8038093,0.9832648,0.0057896567,0.028351173,0.0089353295,0.004725432,0.0112809185,0.08485494,0.021483745,0.5434822,0.0545848,0.07995147,0.005261474,0.0035042327,0.007751236,0.015298836,0.290842,0.14360648,-5.245568,4.760074,17.72615,-29.628687,-14.5823345,3.0560968,-0.08126116,65.3907,-2.699923,-4.574616,56.5202109,35.5711775,72.46045694,36.59050967,63.44463972,94.69244288,55.32513181,61.12478032,47.59226714,25.86994728,37.18804921,7.029876977,38.8400703,88.04920914,30.05272408,52.58347979,87.10017575,62.24956063,31.95079086,39.50790861,41.68717047,33.70826011,65.65905097,65.44815466,72.72407733,36.83655536,31.6344464,54.09490334,37.39894552,29.34973638,39.19156415,47.87346221,69.20913884,35.74692443,46.78383128,38.62917399,39.33216169,21.58172232,33.2513181,36.90685413,20.10544815,36.55536028,33.63796134,19.47275923,41.93321617,0.5272407733,37.60984183,84.1827768,29.24428822,41.37082601,57.60984183,4.077328647
Cc1c2ccccc2nc2cc(OCCCC(C)C(=O)O)ccc12,323.392,4.57612,3,1,4,0.5328023194,1,59.42,0,2,0,0.46831053,0.726534,0.8770715,0.7452913,0.29286227,0.48555517,0.27872095,0.30558285,0.12814541,0.6122917,0.13871105,0.42915502,0.3849561,0.8916885,0.9808116,0.09497225,0.067660645,0.55095124,0.17623106,0.093181916,0.22660407,0.34961528,0.81775016,0.47976255,0.44993764,0.23331913,0.109534025,0.31811303,0.32527468,0.49154443,0.54892766,-4.74079,47.66749,22.606709,5.061375,-10.620743,2.6012685,2.1414273,99.7698,-4.282776,-2.0067317,47.4516696,84.67486819,32.65377856,36.59050967,63.44463972,50.82601054,55.32513181,38.17223199,47.59226714,87.92618629,37.18804921,76.37961336,50.68541301,70.57996485,88.96309315,73.84885764,97.96133568,80.03514938,77.11775044,64.6397188,69.0685413,62.74165202,89.49033392,85.41300527,81.68717047,36.23901582,89.84182777,84.95606327,94.34094903,84.21792619,85.76449912,85.90509666,97.99648506,53.56766257,76.94200351,80.84358524,95.04393673,85.3427065,79.92970123,91.42355009,45.30755712,65.44815466,63.69068541,62.14411248,47.24077329,31.17750439,65.86994728,60.14059754,64.81546573,88.6115993,26.67838313,17.25834798
Cc1cn(CC(=O)N2CCN(C(C)C(=O)O)CC2)c2cc(Cl)c(Cl)cc12,398.29,2.87382,3,1,4,0.8604610106,1,65.78,0,0,0,0.12395032,0.6429791,0.8337908,0.3244368,0.6812956,0.34007886,0.53788835,0.16009533,0.34704286,0.62545633,0.49215126,0.38232583,0.26879928,0.67752403,0.9804905,0.026636835,0.035421148,0.12551612,0.062830865,0.03844946,0.10627587,0.10731491,0.72531766,0.2741953,0.24522562,0.02976716,0.03220421,0.080217674,0.0850711,0.421974,0.5976385,-4.9468307,16.043299,7.3137956,23.70112,-14.389461,3.0479178,1.7178491,90.435974,-3.5646222,5.1987023,65.02636204,59.40246046,32.65377856,36.59050967,63.44463972,96.34446397,55.32513181,43.51493849,47.59226714,25.86994728,37.18804921,32.75922671,43.7258348,59.01581722,74.02460457,91.24780316,91.6344464,91.00175747,62.42530756,79.61335677,70.4745167,82.28471002,86.0456942,76.48506151,64.46397188,36.13356766,72.72407733,64.04217926,74.23550088,68.15465729,69.56063269,59.75395431,88.75219684,45.65905097,67.24077329,66.43233743,69.87697715,63.23374341,61.30052724,70.228471,37.18804921,67.31107206,49.24428822,32.51318102,31.07205624,62.3198594,38.73462214,83.76098418,56.9771529,70.29876977,41.05448155,75.14938489
CC(C(=O)O)c1csc(NN=Cc2cn(C)nc2-c2ccccc2)n1,355.423,3.1777,6,2,4,0.52323659,1,92.4,0,2,0,0.400527,0.30473083,0.822055,0.6556263,0.6739767,0.32647353,0.7304756,0.050738357,0.16093178,0.46998578,0.37448874,0.44832483,0.17740631,0.9682503,0.9771391,0.021034349,0.034091394,0.6817694,0.21070263,0.11208914,0.24811861,0.19497347,0.63178194,0.34834045,0.59318656,0.224561,0.13251625,0.6512963,0.29317835,0.5343213,0.4176937,-5.243374,9.901648,1.9151005,-1.8500036,-14.75152,2.4868684,0.2526712,90.78829,-3.5627778,-1.4549682,54.72759227,64.04217926,72.46045694,61.37082601,63.44463972,49.42003515,55.32513181,62.91739895,47.59226714,87.92618629,37.18804921,70.43936731,19.64850615,55.78207381,85.94024605,91.03690685,90.26362039,95.25483304,30.50966608,68.57644991,52.61862917,77.71528998,90.68541301,66.53778559,93.53251318,35.1142355,67.24077329,62.17926186,96.55536028,87.2056239,87.62741652,87.52196837,94.34094903,39.96485062,71.24780316,89.42003515,94.72759227,87.69771529,92.47803163,90.12302285,51.70474517,58.41827768,33.74340949,25.76449912,26.18629174,19.2970123,36.69595782,53.04042179,33.98945518,70.89630931,41.05448155,22.28471002
CCN1CCN(C(=O)c2ccc(CO)c(C(C)C(=O)O)c2)CC1,320.389,1.1447,4,2,4,0.8503128159,1,81.08,0,0,0,0.06603263,0.4558761,0.8467676,0.00046670865,0.0044887764,0.047995374,0.0016648307,0.041975975,0.01573854,0.09613336,0.00034162594,0.103139564,0.11268536,0.1505486,0.8247083,0.0063648834,0.043969378,0.0008731745,0.0005325536,0.0064908676,0.088131726,0.001085534,0.10846933,0.0038275186,0.009812899,0.0006036089,0.0007342314,0.0003506678,0.0026335947,0.45709038,0.038350493,-5.445937,-8.063611,-15.9162445,-3.0465834,-16.961048,2.4124827,-1.8174741,19.73403,-1.0727825,-3.6183994,47.13532513,33.35676626,48.55887522,61.37082601,63.44463972,95.21968366,55.32513181,55.21968366,47.59226714,25.86994728,37.18804921,18.20738137,29.771529,62.42530756,10.72056239,7.83831283,21.8629174,11.98594025,27.41652021,31.3884007,14.79789104,11.10720562,31.14235501,54.13005272,27.73286467,23.26889279,34.55184534,72.7943761,8.189806678,6.783831283,23.90158172,50.08787346,19.57820738,17.6801406,25.13181019,3.550087873,10.19332162,7.662565905,6.397188049,12.72407733,41.37082601,21.05448155,25.23725835,9.912126538,11.07205624,17.04745167,25.76449912,47.97891037,9.806678383,8.822495606,82.5659051,6.783831283
CN=C1SC(=Cc2ccc(C(C)C(=O)O)cc2)C(=O)N1c1ccccc1,366.442,3.9814,4,1,4,0.8310998733,1,69.97,0,2,0,0.11571535,0.2476817,0.8492904,0.3040906,0.40100756,0.4779648,0.5504548,0.04333655,0.045039915,0.37407994,0.11112549,0.476127,0.07855665,0.9504341,0.92949235,0.017417895,0.033957116,0.15793486,0.080191575,0.08299494,0.16190808,0.35115117,0.45377308,0.16975263,0.3439331,0.09515558,0.072860554,0.28312594,0.16736844,0.46083814,0.17741649,-5.058185,2.3195038,8.78087,4.501663,-13.332468,3.038034,0.35826218,95.2881,-4.253695,-6.92041,57.50439367,76.90685413,48.55887522,36.59050967,63.44463972,93.04042179,55.32513181,46.57293497,47.59226714,87.92618629,37.18804921,31.24780316,15.46572935,63.23374341,72.65377856,81.08963093,97.78558875,91.35325132,27.80316344,47.52196837,43.55008787,59.64850615,92.40773286,43.7258348,90.54481547,28.68189807,62.49560633,62.00351494,77.85588752,71.84534271,84.07732865,77.89103691,97.99648506,32.0913884,59.78910369,73.81370826,85.02636204,78.94551845,78.10193322,81.6168717,41.96836555,40.10544815,41.89806678,16.76625659,32.44288225,30.19332162,45.5887522,83.4797891,35.67662566,79.40246046,27.06502636,1.58172232
Cc1ccc2c(c1)c(C)cn2CC(=O)N1CCC(NC(C)C(=O)O)C1,343.427,1.92174,3,2,4,0.8697751623,2,74.57,0,0,0,0.21103816,0.5598047,0.8601123,0.04464023,0.20183678,0.1949525,0.10874812,0.1588591,0.078859225,0.44326338,0.24464521,0.24961583,0.19880983,0.43826327,0.96636236,0.014448784,0.038320553,0.04617943,0.013880737,0.015654292,0.087764814,0.016647121,0.5725924,0.0688058,0.083372995,0.011408494,0.009339696,0.011026455,0.017742498,0.4441988,0.4009277,-5.593312,21.479208,12.751981,-21.37771,-16.02179,2.3060672,0.19708566,78.785965,-2.7289608,-2.66668,52.26713533,43.40949033,32.65377856,61.37082601,63.44463972,96.9771529,69.84182777,49.61335677,47.59226714,25.86994728,37.18804921,48.47100176,37.36379613,65.83479789,45.65905097,65.23725835,68.43585237,66.95957821,62.17926186,55.99297012,49.87697715,70.86115993,68.57644991,69.73637961,52.0913884,33.11072056,57.96133568,67.4516696,61.47627417,45.06151142,47.9086116,49.84182777,65.37785589,36.87170475,49.0685413,39.68365554,54.27065026,39.92970123,36.5202109,39.47275923,39.68365554,57.71528998,21.8629174,39.43760984,36.73110721,1.722319859,29.45518453,41.19507909,33.42706503,54.83304042,57.01230228,11.88049209
Cc1cc(COc2ccc(C(C)C(=O)O)cc2Cl)ccc1C(F)(F)F,372.77,5.43432,2,1,3,0.7603422321,1,46.53,0,0,0,0.042813182,0.35014266,0.88521546,0.12375989,0.3540638,0.47692356,0.38362014,0.11458804,0.03192509,0.69747174,0.14584152,0.23983967,0.043133564,0.8277609,0.9968567,0.01241625,0.019136306,0.0340182,0.16072534,0.109070376,0.1581216,0.4510975,0.81528044,0.46897382,0.37113225,0.024952356,0.110304534,0.5911919,0.2275503,0.39869297,0.3399189,-4.668289,15.825063,7.077807,37.121193,-8.571836,3.400608,2.553128,100.5238,-4.8325624,-0.95028627,59.33216169,91.42355009,17.10017575,36.59050967,20,83.65553603,55.32513181,28.26010545,47.59226714,25.86994728,37.18804921,11.31810193,22.21441125,73.35676626,59.08611599,78.06678383,97.75043937,85.16695958,51.42355009,41.93321617,80.28119508,63.37434095,66.71353251,28.3655536,74.86818981,47.66256591,53.28646749,38.69947276,56.94200351,82.95254833,87.4516696,76.9771529,98.98066784,53.28646749,76.62565905,76.13356766,67.4516696,85.37785589,91.00175747,86.53778559,33.67311072,53.81370826,68.89279438,32.19683656,30.96660808,74.16520211,79.50790861,92.97012302,72.0913884,90.01757469,17.01230228,26.0456942
Cc1nn(-c2ccc(OCC(C)C(=O)O)cc2)[n+](-c2ccccc2)n1,339.375,1.95192,4,1,4,0.6943795001,1,81.12,0,1,0,0.06452496,0.31614643,0.4567814,0.034241058,0.044395804,0.040455595,0.023349594,0.013892579,0.19180925,0.0709385,0.004100048,0.25474787,0.08004379,0.23884359,0.2537239,0.004477052,0.031083355,0.009580942,0.008986287,0.020021122,0.09994706,0.0021802771,0.019591475,0.004358834,0.04168445,0.0021734994,0.0022519478,0.009639023,0.0048665637,0.31465167,0.107477605,-5.7594767,-5.327231,-0.8871082,-11.192166,-17.718271,2.6738749,-0.77370596,75.307785,-2.6443582,-0.048945237,51.24780316,43.93673111,48.55887522,36.59050967,63.44463972,74.23550088,55.32513181,55.21968366,47.59226714,66.5202109,37.18804921,17.75043937,20.17574692,14.93848858,42.63620387,38.52372583,19.19156415,43.76098418,14.83304042,70.9314587,11.70474517,27.80316344,69.56063269,44.32337434,38.48857645,11.21265378,25.55360281,58.1370826,38.69947276,38.3831283,54.37609842,56.80140598,29.87697715,10.05272408,25.94024605,22.81195079,25.02636204,15.67662566,35.50087873,19.89455185,23.19859402,32.23198594,18.17223199,11.56414763,23.37434095,7.065026362,22.95254833,64.28822496,20.14059754,51.45869947,58.91036907,34.6572935
Cc1cc(Cl)ccc1C=CC(=O)c1ccc(C(C)C(=O)O)cc1,328.795,4.73262,2,1,4,0.6371876391,1,54.37,0,1,0,0.09378238,0.30850825,0.8441167,0.34635836,0.33982167,0.501475,0.47215828,0.07122223,0.07131858,0.49178925,0.13620767,0.43726832,0.0877784,0.8651522,0.9619831,0.02590155,0.035634298,0.10233188,0.09402214,0.124755524,0.18735711,0.4402074,0.5689129,0.18780057,0.36490658,0.07982002,0.10552065,0.33201563,0.20874655,0.4914903,0.24201536,-4.666068,20.190466,6.401806,26.695929,-11.539656,3.0463424,1.8813705,99.59145,-4.7764187,-2.538793,48.96309315,86.29173989,17.10017575,36.59050967,63.44463972,64.81546573,55.32513181,34.23550088,47.59226714,66.5202109,37.18804921,26.18629174,19.78910369,61.4059754,74.86818981,77.01230228,98.31282953,88.99824253,38.03163445,54.62214411,55.00878735,62.42530756,89.87697715,47.38137083,78.20738137,32.40773286,72.16168717,64.4288225,71.42355009,74.23550088,88.82249561,81.8629174,98.8400703,36.76625659,61.37082601,75.78207381,82.88224956,84.74516696,80.56239016,85.48330404,45.27240773,45.83479789,69.0685413,37.6801406,30.15817223,65.79964851,58.55887522,83.69068541,59.89455185,88.08435852,17.78558875,12.93497364
COc1cc(C)ccc1NC(=O)c1ccc(OC)c(C(C)C(=O)O)c1,343.379,3.45262,4,2,4,0.8389758339,1,84.86,0,0,0,0.07248475,0.27095363,0.9379128,0.069070056,0.13687977,0.47253332,0.20048738,0.08492153,0.014016286,0.4458445,0.097618654,0.214202,0.15537302,0.92981213,0.9819565,0.012458101,0.058276463,0.11534431,0.040256314,0.02894665,0.112162806,0.07359326,0.5166508,0.18623014,0.11695788,0.038291056,0.012539575,0.11405648,0.06498824,0.21042308,0.2191492,-4.9748864,11.594126,3.467709,-4.4761224,-13.447392,2.549329,0.23903863,87.12376,-3.5007443,-2.4395528,52.26713533,68.40070299,48.55887522,61.37082601,63.44463972,93.88400703,55.32513181,57.92618629,47.59226714,25.86994728,37.18804921,20,16.87170475,92.30228471,50.57996485,57.71528998,97.75043937,75.60632689,43.16344464,29.84182777,50.15817223,57.82073814,62.53075571,63.09314587,86.81898067,36.62565905,53.35676626,81.26537786,72.97012302,59.92970123,62.63620387,62.53075571,84.6397188,34.79789104,61.1599297,48.33040422,73.56766257,45.44815466,66.0456942,64.74516696,12.23198594,43.97188049,47.48681898,27.4516696,27.69771529,14.90333919,44.92091388,56.44991213,33.84885764,64.46397188,41.96836555,13.70826011
Cc1cc(Br)ccc1OCCN1CCC(C(C)C(=O)O)CC1,370.287,3.56902,3,1,4,0.8319388364,1,49.77,0,0,0,0.057404466,0.9232443,0.8328533,0.11772567,0.065920904,0.18955679,0.016723748,0.51968443,0.68088543,0.52917415,0.015552083,0.2007118,0.31042033,0.09164814,0.9920994,0.0038438295,0.015029723,0.008984082,0.010752438,0.014565629,0.08252551,0.0094713615,0.8403965,0.148356,0.07009796,0.00094688975,0.007088649,0.038318735,0.008543105,0.6938513,0.6932701,-4.761956,15.140948,-8.985118,19.043375,-11.10479,2.797338,0.9624322,79.65724,-2.78025,6.1853237,58.41827768,70.54481547,32.65377856,36.59050967,63.44463972,93.07557118,55.32513181,30.54481547,47.59226714,25.86994728,37.18804921,15.50087873,72.5483304,58.69947276,58.34797891,44.81546573,67.48681898,38.80492091,87.9086116,89.70123023,58.94551845,38.34797891,59.36731107,80.17574692,17.78558875,41.23022847,21.75746924,30.79086116,37.60984183,41.26537786,46.18629174,46.85413005,57.11775044,56.30931459,57.85588752,34.69244288,14.79789104,34.16520211,51.49384886,27.31107206,72.33743409,71.66959578,62.21441125,31.45869947,15.60632689,56.34446397,61.68717047,71.70474517,45.23725835,55.60632689,56.37961336,79.08611599
Cc1ccc(C(F)(F)F)nc1OCc1ccc(OC(C)C(=O)O)cc1,355.312,3.83972,4,1,4,0.8526462421,1,68.65,0,0,0,0.02886055,0.453698,0.9369171,0.16043061,0.29422036,0.5883636,0.30436122,0.10490455,0.030501563,0.54301584,0.03368027,0.38473183,0.08085321,0.9155736,0.98844206,0.007678303,0.027699653,0.04882459,0.06213084,0.040257685,0.13030842,0.2619105,0.7498425,0.2604794,0.1935714,0.020717958,0.01846053,0.21522276,0.06631496,0.28268912,0.20921989,-4.951594,15.564054,6.8452225,0.50047475,-9.453043,2.7363124,0.47528115,96.76632,-3.5291004,-3.6849518,54.69244288,74.51669596,48.55887522,36.59050967,63.44463972,95.3602812,55.32513181,45.51845343,47.59226714,25.86994728,37.18804921,7.83831283,29.63093146,91.95079086,62.49560633,73.98945518,99.57820738,81.4059754,48.71704745,41.26537786,60.31634446,45.3427065,86.36203866,44.71001757,84.85061511,38.73462214,39.96485062,52.97012302,62.3198594,68.04920914,70.65026362,69.49033392,96.37961336,47.69771529,66.39718805,60.73813708,64.92091388,53.2513181,74.76274165,64.95606327,19.15641476,43.23374341,48.85764499,31.88049209,30.72056239,23.16344464,73.88400703,68.3655536,38.1370826,82.5659051,41.6168717,6.678383128
COc1ccc(C(=O)Nc2ccc(C)cc2N)cc1C(C)C(=O)O,328.368,3.02622,4,3,4,0.7323111888,1,101.65,0,1,0,0.23099336,0.19857052,0.85971946,0.115389034,0.1507841,0.28686893,0.23822555,0.05877762,0.036531635,0.36028025,0.18269527,0.22956805,0.27126676,0.9236124,0.9416622,0.021828128,0.086747676,0.31956807,0.075054206,0.052096628,0.16350833,0.052735865,0.35240227,0.17798597,0.20436752,0.09662442,0.027918607,0.23319867,0.13990353,0.29384285,0.3123592,-5.218028,-4.041771,-11.710629,-0.47009677,-15.672299,2.4838088,-0.5398395,74.659065,-3.1246433,-1.334363,48.75219684,61.58172232,48.55887522,78.20738137,63.44463972,79.47275923,55.32513181,69.0685413,47.59226714,66.5202109,37.18804921,51.70474517,13.32161687,65.69420035,57.99648506,59.543058,85.69420035,77.85588752,33.46221441,44.25307557,42.42530756,66.29173989,65.20210896,76.73110721,86.0456942,30.05272408,68.33040422,89.42003515,87.76801406,70.54481547,76.20386643,78.20738137,80.7029877,28.15465729,60.24604569,62.00351494,85.27240773,60.80843585,75.78207381,78.8400703,20.42179262,51.31810193,34.90333919,12.40773286,13.53251318,21.26537786,31.03690685,52.89982425,23.37434095,50.72056239,49.94727592,23.37434095
COCCN1CCN(c2ccc(F)cc2C(C)C(=O)O)CC1,310.369,1.7822,4,1,4,0.8678900601,1,53.01,0,0,0,0.058886252,0.5978304,0.8481476,0.0018578304,0.011933665,0.09046428,0.0049693906,0.15078072,0.050886698,0.20228636,0.0020664893,0.12797019,0.17207983,0.13891904,0.9337826,0.007089154,0.035865486,0.0026428183,0.0016914433,0.011551252,0.09163886,0.0030628946,0.3451249,0.017210323,0.025461355,0.0012375218,0.0021153644,0.0022929914,0.0044939467,0.5104289,0.14794771,-4.873385,-2.0462928,-16.83067,-1.6216161,-12.598917,2.7146604,-0.6490549,45.10305,-1.8215004,-2.1607933,43.86643234,41.33567663,48.55887522,36.59050967,63.44463972,96.9771529,55.32513181,33.05799649,47.59226714,25.86994728,37.18804921,16.02811951,40.10544815,62.88224956,17.36379613,18.03163445,34.09490334,22.46045694,60.52724077,49.38488576,26.78383128,22.5659051,39.36731107,65.97539543,25.44815466,29.0685413,37.39894552,64.71001757,17.53954306,16.48506151,39.71880492,52.0913884,36.5202109,27.9086116,37.25834798,13.42706503,17.85588752,15.1142355,20,19.19156415,48.33040422,37.29349736,54.37609842,13.88400703,10.57996485,19.57820738,50.54481547,66.85413005,21.72231986,24.53427065,73.39191564,15.95782074
Cc1ccc(-c2cc3ccc(C(C)C(=O)O)cc3o2)c(NCCCN)c1,352.434,4.35702,4,3,4,0.54996949,1,88.49,0,1,0,0.23008034,0.49612737,0.8175827,0.51966417,0.26868212,0.3413574,0.27334014,0.25821692,0.37550166,0.5254081,0.27708083,0.39293852,0.46985212,0.66304344,0.9104363,0.05832094,0.07345612,0.34622985,0.1483312,0.07446064,0.16604033,0.13673958,0.5513349,0.32652745,0.2904857,0.08322922,0.07863712,0.1641155,0.18892512,0.40218076,0.66707057,-5.238375,-9.26427,-20.033785,35.88326,-14.782496,3.1785972,0.62792176,91.395676,-3.789507,2.1837113,53.88400703,82.00351494,48.55887522,78.20738137,63.44463972,53.53251318,55.32513181,60,47.59226714,66.5202109,37.18804921,51.49384886,32.61862917,54.6572935,81.54657293,71.66959578,91.77504394,79.89455185,73.91915641,80.73813708,58.62917399,72.61862917,87.13532513,90.86115993,63.65553603,27.06502636,85.62390158,86.39718805,88.75219684,81.58172232,82.28471002,78.55887522,91.24780316,36.20386643,69.98242531,69.80667838,83.40949033,80.31634446,70.86115993,83.51493849,34.16520211,70.65026362,33.77855888,9.314586995,8.119507909,73.18101933,36.5202109,87.62741652,40.66783831,71.91564148,36.48506151,56.80140598
CCC(O)CN1CCC(n2c(C(C)C(=O)O)nc3ccccc32)CC1,345.443,2.6322,4,2,4,0.8413475061,2,78.59,0,0,0,0.016122177,0.5678896,0.74252534,0.0029482446,0.027923917,0.08924452,0.018497732,0.1133603,0.2310168,0.16507289,0.0032011769,0.211838,0.14749281,0.11011267,0.8532637,0.003995721,0.027256172,0.002208075,0.0028336714,0.011922747,0.089061126,0.0032687741,0.20126092,0.028665662,0.029552218,0.00045089534,0.002703926,0.0027631323,0.0031332658,0.4611102,0.23185353,-5.44044,-0.20232697,-14.847427,-1.9215759,-15.40054,2.3294547,-0.7877243,48.359413,-1.67682,0.6943003,52.7943761,55.07908612,48.55887522,61.37082601,63.44463972,94.09490334,69.84182777,53.11072056,47.59226714,25.86994728,37.18804921,4.323374341,38.10193322,39.71880492,21.01933216,30.79086116,33.98945518,40.28119508,51.14235501,73.32161687,23.09314587,25.76449912,62.03866432,61.65202109,20.59753954,24.28822496,22.5659051,52.37258348,15.50087873,22.5659051,40.24604569,50.57996485,37.85588752,22.28471002,41.1599297,15.71177504,8.189806678,18.03163445,22.14411248,14.6572935,41.96836555,45.16695958,25.48330404,15.07908612,11.77504394,19.08611599,32.93497364,42.77680141,19.92970123,26.78383128,75.28998243,42.53075571
Cc1ccc2c(c1)c(C)cn2CC(=O)N1CCCC(NC(C)C(=O)O)C1,357.454,2.31184,3,2,4,0.8611240466,2,74.57,0,0,0,0.16764115,0.57275283,0.86010087,0.052517723,0.2446286,0.2042546,0.14086893,0.18899503,0.11821576,0.49049363,0.3243708,0.24377508,0.22439265,0.4293728,0.9749447,0.01413287,0.03878093,0.05349232,0.01829697,0.016848601,0.08860327,0.018835692,0.645116,0.11210704,0.09620434,0.011711081,0.010292301,0.015875774,0.018278997,0.42382255,0.49555263,-5.616891,21.59411,14.791025,-21.677816,-16.098051,2.3475032,0.24781755,79.0525,-2.7629535,-2.2628949,55.32513181,48.85764499,32.65377856,61.37082601,63.44463972,96.48506151,69.84182777,49.61335677,47.59226714,25.86994728,37.18804921,40.77328647,38.41827768,65.83479789,47.31107206,69.42003515,70.79086116,70.86115993,66.36203866,63.19859402,54.72759227,75.32513181,67.48681898,72.68892794,51.6344464,34.55184534,57.22319859,68.01405975,63.69068541,48.89279438,49.84182777,50.26362039,66.99472759,40.91388401,54.27065026,43.26889279,54.76274165,41.89806678,40.07029877,39.85940246,37.32864675,62.67135325,21.23022847,39.61335677,39.08611599,1.722319859,29.10369069,43.7258348,33.98945518,55.04393673,56.55536028,15.00878735
COc1ccc(C(=O)Nc2ccc(C)c(N)c2)cc1C(C)C(=O)O,328.368,3.02622,4,3,4,0.7323111888,1,101.65,0,1,0,0.26097685,0.23952773,0.8587245,0.09431125,0.11819819,0.24866252,0.15947463,0.063496634,0.04287668,0.35607535,0.1569192,0.20547202,0.35305154,0.8998499,0.938616,0.025928998,0.095949784,0.3090325,0.065814935,0.048204347,0.16038217,0.0326782,0.3115253,0.13015132,0.16596946,0.087028064,0.0207148,0.16482723,0.13281314,0.27516758,0.34422222,-5.2783213,-4.911158,-14.223505,9.910813,-16.505844,2.413322,-0.54288936,75.99329,-3.2739441,0.5208497,48.75219684,61.58172232,48.55887522,78.20738137,63.44463972,79.47275923,55.32513181,69.0685413,47.59226714,66.5202109,37.18804921,55.85237258,15.32513181,65.41300527,54.6572935,54.79789104,79.47275923,72.51318102,34.83304042,46.78383128,42.21441125,64.25307557,60.52724077,83.30404218,82.84710018,29.66608084,72.16168717,90.57996485,87.31107206,68.6115993,74.51669596,77.32864675,74.51669596,26.78383128,56.09841828,57.22319859,84.11247803,55.74692443,70.96660808,77.89103691,18.1370826,54.20035149,31.66959578,11.70474517,12.0913884,39.82425308,27.27592267,48.01405975,23.37434095,51.95079086,46.32688928,40.21089631
COc1cc(NC(=O)c2ccc(OC)c(C(C)C(=O)O)c2)ccc1C,343.379,3.45262,4,2,4,0.8389758339,1,84.86,0,0,0,0.10032846,0.23232739,0.9284318,0.10470478,0.20652795,0.4507223,0.27794433,0.08878728,0.02444,0.4778142,0.16572373,0.22429511,0.18729714,0.9358126,0.9804775,0.013582563,0.061514,0.18529904,0.073980354,0.0441993,0.14098868,0.08697943,0.5404564,0.26238698,0.1702466,0.061241478,0.020004373,0.21600099,0.10425818,0.21528995,0.31197047,-5.0154715,9.312515,3.0629609,3.5760887,-13.995404,2.631156,0.3496687,88.98057,-3.7556407,-2.2238357,52.26713533,68.40070299,48.55887522,61.37082601,63.44463972,93.88400703,55.32513181,57.92618629,47.59226714,25.86994728,37.18804921,27.48681898,15.07908612,89.49033392,56.30931459,65.83479789,96.94200351,79.96485062,44.14762742,38.31282953,53.28646749,65.06151142,64.39367311,68.11950791,88.22495606,36.13356766,55.64147627,82.70650264,79.85940246,70.29876977,72.7943761,72.23198594,86.36203866,35.67662566,66.57293497,57.6801406,79.68365554,55.18453427,74.79789104,74.05975395,12.89982425,51.24780316,44.60456942,25.06151142,27.27592267,28.54130053,41.37082601,62.03866432,35.53602812,67.73286467,37.29349736,15.39543058
CCC(O)CN1CCC(n2c(C(C)C(=O)O)nc3ccc(Cl)cc32)CC1,379.888,3.2856,4,2,4,0.8047350999,2,78.59,0,0,0,0.021868953,0.59306425,0.7749028,0.015669832,0.057645865,0.1194516,0.038846873,0.1380499,0.37901625,0.24321194,0.009256154,0.24256985,0.21745884,0.18220393,0.87609273,0.0054722354,0.029113222,0.005325572,0.005905224,0.015322024,0.09157146,0.0068860403,0.2906627,0.051233012,0.04921295,0.0009345062,0.004023325,0.006730683,0.0068260976,0.42870504,0.34924302,-5.275156,-2.5909157,-20.2092,24.792992,-15.29614,2.4937813,-0.03763926,66.46338,-2.1802382,8.168062,60.63268893,65.79964851,48.55887522,61.37082601,63.44463972,89.87697715,69.84182777,53.11072056,47.59226714,25.86994728,37.18804921,6.010544815,39.68365554,45.76449912,34.86818981,42.21441125,45.16695958,51.6344464,58.24253076,80.77328647,31.88049209,33.91915641,67.2056239,71.81019332,32.26713533,25.27240773,30.08787346,55.14938489,28.33040422,32.02108963,47.27592267,51.95079086,51.45869947,25.86994728,46.08084359,26.78383128,14.6572935,24.14762742,31.84534271,24.25307557,37.75043937,54.55184534,31.84534271,13.39191564,8.014059754,63.90158172,33.67311072,53.4973638,29.98242531,42.53075571,67.80316344,85.3427065
COCc1cn(Cc2cc(=O)oc3cc(C)cc(C(C)C(=O)O)c23)nn1,357.366,2.07572,6,1,4,0.6729154134,1,107.45,0,1,0,0.049503114,0.18409112,0.9222601,0.0011095309,0.018667633,0.32371622,0.028014028,0.011451706,0.0021227025,0.21190555,0.008850221,0.24336597,0.05848323,0.9586061,0.8951148,0.009540308,0.04030074,0.004098852,0.0053495043,0.0059267106,0.04392355,0.017180812,0.1441614,0.028120939,0.051705472,0.004826373,0.002910881,0.0034795231,0.02338688,0.22718532,0.027479704,-5.2223177,5.5371156,-0.5000347,-7.0004745,-14.789942,2.591665,-0.5285705,80.32576,-2.7386703,-2.863896,55.21968366,45.76449912,72.46045694,36.59050967,63.44463972,70.72056239,55.32513181,72.40773286,47.59226714,66.5202109,37.18804921,13.18101933,12.5483304,86.85413005,14.62214411,24.28822496,90.01757469,46.85413005,13.77855888,6.889279438,27.97891037,33.63796134,67.48681898,35.78207381,91.70474517,26.08084359,46.01054482,69.45518453,24.28822496,30.86115993,22.03866432,16.20386643,65.86994728,19.47275923,40.98418278,28.22495606,37.82073814,19.2970123,24.4288225,45.02636204,13.81370826,17.15289982,34.58699473,20.35149385,23.79613357,11.03690685,36.48506151,59.43760984,23.55008787,56.09841828,56.90685413,10.72056239
Cc1cc(F)ccc1N1CCN(CCSC(C)C(=O)O)CC1,326.437,2.46242,4,1,4,0.8698415651,1,43.78,0,0,0,0.1279593,0.7207785,0.83551466,0.004435703,0.017619252,0.100161135,0.0049614063,0.21983418,0.083257645,0.2508884,0.0026333972,0.1715106,0.17725298,0.103730366,0.93986046,0.006584643,0.024845509,0.004480823,0.002178243,0.013573205,0.09994743,0.003585257,0.46201688,0.021126565,0.033877216,0.0017038913,0.0034208044,0.0037938054,0.005433825,0.64621556,0.22221887,-5.0361924,15.189489,4.8669596,-14.858815,-12.677802,2.6226192,-0.0661933,68.295395,-2.5597236,-2.2134836,48.3655536,51.77504394,48.55887522,36.59050967,63.44463972,96.9771529,55.32513181,26.16871705,47.59226714,25.86994728,37.18804921,33.60281195,50.29876977,59.43760984,23.55008787,23.58523726,37.32864675,22.42530756,70.15817223,57.01230228,32.44288225,24.07732865,52.05623902,66.53778559,19.68365554,29.73637961,35.39543058,48.96309315,25.51845343,19.57820738,44.39367311,56.80140598,39.71880492,32.37258348,38.8400703,18.69947276,22.10896309,21.30052724,25.69420035,21.44112478,66.85413005,44.49912127,43.16344464,31.52899824,28.89279438,4.147627417,49.94727592,61.4059754,29.56063269,44.07732865,60.31634446,15.50087873
COc1ccc(CCc2ccc(C(C)C(=O)O)cc2)cc1C,298.382,3.97692,2,1,4,0.8772141433,1,46.53,0,0,0,0.043085344,0.35069197,0.8864743,0.0776814,0.33629054,0.5140878,0.41584945,0.15324906,0.057233185,0.69640267,0.25943774,0.22236681,0.08315667,0.74378574,0.9953724,0.010938776,0.023977062,0.037422013,0.1511888,0.1162708,0.17731373,0.4091192,0.77844256,0.5818727,0.3440542,0.024734791,0.109157324,0.5106402,0.15099216,0.38418168,0.45703658,-4.7503014,39.25067,20.552593,-19.26862,-9.127032,2.6792245,1.6929941,98.1202,-4.0720625,-4.929433,39.89455185,76.87170475,17.10017575,36.59050967,63.44463972,97.46924429,55.32513181,28.26010545,47.59226714,25.86994728,37.18804921,11.42355009,22.24956063,73.77855888,52.16168717,76.48506151,98.5940246,86.29173989,61.08963093,51.42355009,80.14059754,71.59929701,64.07732865,45.65905097,68.54130053,45.06151142,49.80667838,47.9086116,58.27768014,81.75746924,88.33040422,80.31634446,98.55887522,49.87697715,80.49209139,73.81370826,67.38137083,85.30755712,88.40070299,79.96485062,31.70474517,60.42179262,62.81195079,56.30931459,45.44815466,2.284710018,76.02811951,64.67486819,56.62565905,85.13181019,30.79086116,3.444639719
COc1ccc(C=Cc2ccc(C(C)C(=O)O)cc2)cc1C,296.366,4.36212,2,1,4,0.8337274736,1,46.53,0,1,0,0.16934247,0.3482119,0.89265186,0.1658608,0.19713783,0.47149974,0.227402,0.119972184,0.028129097,0.5289315,0.082162514,0.27536017,0.12786706,0.8156517,0.9764692,0.023413464,0.04463575,0.10745003,0.07784754,0.09485314,0.19125386,0.24756226,0.597896,0.19538113,0.2229716,0.08004631,0.05209701,0.21491997,0.13799879,0.41066605,0.25164533,-4.732797,22.58527,8.488826,-5.622215,-10.625873,2.9045393,1.539798,97.82648,-4.3253345,-4.895697,39.40246046,82.07381371,17.10017575,36.59050967,63.44463972,93.32161687,55.32513181,28.26010545,47.59226714,66.5202109,37.18804921,41.05448155,22.14411248,76.13356766,62.88224956,64.71001757,97.6801406,77.39894552,53.14586995,40.456942,58.91036907,55.46572935,73.32161687,57.46924429,73.91915641,34.83304042,69.94727592,73.2513181,72.12653779,71.42355009,86.0456942,82.39015817,95.99297012,38.06678383,61.89806678,64.49912127,82.88224956,73.28646749,74.76274165,78.62917399,35.46572935,46.60808436,64.21792619,40.87873462,32.16168717,12.89982425,65.83479789,77.89103691,54.34094903,84.60456942,25.76449912,3.444639719
CCn1cc(C)c(-c2ccc(NC(=O)N(C)C(C)C(=O)O)cc2)n1,330.388,2.81522,3,2,4,0.882242617,1,87.46,0,0,0,0.1527491,0.447327,0.87950957,0.03902305,0.08425389,0.30831388,0.05836492,0.06018164,0.03318917,0.26095513,0.013362455,0.32716447,0.3021781,0.79321384,0.8656599,0.017605279,0.05500115,0.064595066,0.013443751,0.027019572,0.11947101,0.026910733,0.21324892,0.021864196,0.0827249,0.02522623,0.0114830155,0.014652228,0.047689524,0.28434345,0.14209923,-5.296045,-1.5050827,-9.302611,-0.23800106,-14.685579,2.3701317,-0.5175961,75.22002,-2.3050916,1.375849,49.17398946,58.48857645,32.65377856,61.37082601,63.44463972,97.99648506,55.32513181,59.64850615,47.59226714,25.86994728,37.18804921,38.45342707,28.92794376,71.35325132,44.04217926,48.96309315,88.26010545,57.53954306,33.77855888,42.70650264,33.74340949,37.04745167,80.52724077,79.22671353,71.70474517,24.6397188,62.84710018,79.89455185,66.29173989,44.60456942,61.30052724,66.0456942,72.16168717,22.81195079,39.15641476,39.47275923,67.55711775,43.7258348,39.40246046,59.50790861,19.19156415,36.48506151,30.9314587,14.30579965,15.25483304,21.65202109,37.08260105,44.99121265,23.58523726,51.28295255,65.37785589,50.40421793
CC(C(=O)O)c1cn(CC(=O)N2CCN(C)CC2)c2ccc(F)cc12,347.39,1.7425,3,1,4,0.9149901334,1,65.78,0,0,0,0.10819396,0.53089505,0.89632577,0.0027291332,0.01715371,0.099499114,0.0075402735,0.0632504,0.023707086,0.20585123,0.004384882,0.14563629,0.20100482,0.35172492,0.9264337,0.009742158,0.04914518,0.0034905015,0.0011376867,0.0069765085,0.08279832,0.0035009813,0.2412678,0.01142792,0.01986041,0.0021281312,0.0011148688,0.0008985998,0.0060971454,0.44338804,0.10306416,-5.065385,-5.140886,-14.569959,-8.119881,-14.661916,2.6367843,-0.6885546,50.11246,-2.007567,-3.9173794,52.89982425,40.63268893,32.65377856,36.59050967,63.44463972,99.71880492,55.32513181,43.51493849,47.59226714,25.86994728,37.18804921,29.38488576,35.1142355,77.57469244,20.35149385,23.37434095,37.08260105,27.73286467,34.72759227,37.85588752,27.2056239,28.11950791,44.60456942,70.08787346,46.85413005,28.26010545,46.71353251,76.02811951,22.07381371,12.12653779,25.51845343,46.99472759,39.33216169,23.97188049,34.16520211,9.806678383,24.6397188,9.947275923,12.0913884,22.88224956,39.57820738,31.95079086,41.58172232,11.6344464,11.91564148,9.736379613,37.32864675,62.3198594,21.26537786,28.18980668,70.96660808,5.975395431
COc1ccc(C(=O)NCC2(C(C)C(=O)O)CCCCC2)cc1,319.401,3.0962,3,2,4,0.8445940591,1,75.63,0,0,0,0.12021998,0.64727867,0.8787894,0.049571097,0.096284136,0.32311493,0.10631094,0.21252885,0.07171982,0.5541667,0.15694737,0.18852338,0.2980041,0.4992835,0.98951405,0.033385433,0.06694856,0.03263817,0.030100614,0.033084843,0.12679026,0.057232987,0.7254604,0.20676616,0.1293838,0.018219883,0.025202608,0.046595417,0.043153603,0.41460586,0.35560918,-5.012534,30.02564,16.236364,-19.558483,-12.994711,2.2906375,0.72516185,78.83567,-3.4633682,-3.6640136,46.92442882,62.60105448,32.65377856,61.37082601,63.44463972,94.51669596,55.32513181,51.1599297,47.59226714,25.86994728,37.18804921,32.02108963,44.04217926,70.89630931,46.78383128,51.14235501,89.91212654,66.60808436,69.34973638,54.6572935,61.89806678,64.25307557,56.13356766,78.94551845,55.71177504,39.43760984,76.80140598,84.78031634,56.55536028,55.74692443,65.79964851,68.50615114,81.79261863,45.65905097,62.84710018,50.61511424,62.84710018,59.12126538,53.81370826,57.60984183,36.16871705,54.93848858,44.6397188,48.50615114,40.456942,2.214411248,48.04920914,40.17574692,41.93321617,54.83304042,42.91739895,6.713532513
Cc1cc(F)ccc1N1CCN(CCNC(C)C(=O)O)CC1,309.385,1.31882,4,2,4,0.8299131967,1,55.81,0,0,0,0.08433704,0.6504381,0.77098835,0.013062367,0.033915065,0.034090128,0.005763825,0.29037118,0.11736997,0.116579875,0.004021087,0.17551495,0.07118026,0.044064585,0.8778642,0.004134679,0.036796525,0.0063048205,0.0011963109,0.007921371,0.1109999,0.00037395442,0.43271542,0.0071562217,0.01951252,0.00086834386,0.0006360827,0.0012098963,0.0015606405,0.66371125,0.25269312,-5.5050473,5.4408445,-2.9799812,-15.039587,-15.939822,2.5765986,-0.37336808,52.141407,-2.1698747,-2.6839986,43.40949033,35.46572935,48.55887522,61.37082601,63.44463972,92.82952548,55.32513181,35.07908612,47.59226714,25.86994728,37.18804921,23.7258348,44.25307557,44.8857645,32.86467487,33.88400703,17.29349736,24.21792619,76.2741652,63.05799649,17.78558875,27.73286467,52.89982425,40.87873462,8.611599297,25.44815466,23.62038664,65.76449912,30.68541301,12.68892794,29.10369069,61.8629174,10.43936731,31.21265378,30.33391916,9.666080844,13.53251318,7.205623902,14.34094903,7.908611599,68.75219684,46.64323374,23.65553603,20.07029877,21.23022847,3.971880492,29.87697715,58.45342707,25.16695958,29.94727592,68.11950791,11.77504394
CC(C(=O)O)c1cn(CC(=O)N2CCN(C)CC2)c2ccc(Cl)cc12,363.845,2.2568,3,1,4,0.9044554988,1,65.78,0,0,0,0.086741835,0.546564,0.8976221,0.00848323,0.036227684,0.13726777,0.018249543,0.07705248,0.057062257,0.26434582,0.011009733,0.18615192,0.24496153,0.4202649,0.93289965,0.010156501,0.0468648,0.006515856,0.0021306756,0.00914723,0.08307648,0.0074549043,0.3042785,0.021687934,0.029452166,0.0029965313,0.001662226,0.0020530107,0.009259885,0.41910505,0.17259197,-5.0459976,-3.924127,-15.774144,10.734825,-15.00265,2.7271934,-0.10670276,66.742455,-2.473086,1.3276047,57.11775044,48.29525483,32.65377856,36.59050967,63.44463972,99.26186292,55.32513181,43.51493849,47.59226714,25.86994728,37.18804921,24.28822496,36.37961336,77.78558875,29.0685413,34.79789104,51.73989455,40.03514938,40.24604569,51.35325132,34.23550088,35.28998243,55.43057996,74.62214411,50.96660808,28.96309315,47.76801406,74.69244288,31.52899824,19.2970123,32.93497364,47.13532513,52.89982425,26.5026362,39.05096661,15.64147627,30.19332162,12.68892794,18.80492091,28.71704745,36.5202109,39.57820738,42.67135325,12.51318102,11.21265378,41.65202109,35.28998243,67.97891037,28.82249561,42.77680141,62.10896309,49.87697715
CC(C(=O)O)c1cn(CC(=O)N2CCN(C)CC2)c2cc(F)c(Cl)cc12,381.835,2.3959,3,1,4,0.8827694299,1,65.78,0,0,0,0.11509558,0.5120378,0.90291864,0.012406576,0.03975966,0.13161469,0.021255683,0.071697995,0.050070025,0.28323442,0.016177278,0.17232804,0.24272723,0.5070866,0.9253708,0.013972046,0.056687545,0.008681878,0.0030001733,0.01012706,0.0856055,0.00822096,0.31445616,0.028481226,0.036275677,0.0042946665,0.0019373943,0.0024706705,0.014950044,0.4046835,0.16965602,-4.8494673,-10.278872,-16.723324,12.746908,-14.405462,3.0315962,0.06292252,63.702015,-2.5752654,0.6185716,61.08963093,50.4745167,32.65377856,36.59050967,63.44463972,97.99648506,55.32513181,43.51493849,47.59226714,25.86994728,37.18804921,31.14235501,33.60281195,80.10544815,32.33743409,36.69595782,50.12302285,42.14411248,38.17223199,49.03339192,36.30931459,38.69947276,52.19683656,74.48154657,55.95782074,28.11950791,56.66080844,80.63268893,36.90685413,23.30404218,36.06326889,48.40070299,54.44639719,26.81898067,41.08963093,19.92970123,36.2741652,14.13005272,20.80843585,36.37961336,34.48154657,39.15641476,55.71177504,8.646748682,10.65026362,45.09666081,38.5940246,83.30404218,31.81019332,39.78910369,60.14059754,41.4059754
Cc1cc(F)ccc1N1CCN(CCOC(C)C(=O)O)CC1,310.369,1.74582,4,1,4,0.8673235924,1,53.01,0,0,0,0.1630495,0.77834475,0.8458416,0.009155566,0.029501984,0.09605919,0.00661515,0.20200384,0.13515323,0.251612,0.0024815784,0.19414562,0.24806194,0.14977162,0.9282913,0.006958014,0.029281806,0.0052043907,0.0033661884,0.01623851,0.124745116,0.00439747,0.4395156,0.027392974,0.04253433,0.0024817302,0.0032102286,0.005991204,0.0068635317,0.6260973,0.23692158,-5.074561,13.085587,-3.4953732,-14.872442,-13.019548,2.4608657,-0.42962965,58.243183,-1.9398973,-1.8877615,43.86643234,40.63268893,48.55887522,36.59050967,63.44463972,96.90685413,55.32513181,33.05799649,47.59226714,25.86994728,37.18804921,39.78910369,55.18453427,62.14411248,29.59578207,31.66959578,36.06326889,26.01054482,68.04920914,65.69420035,32.51318102,23.65553603,57.57469244,74.79789104,27.66256591,28.54130053,36.83655536,55.43057996,28.22495606,24.85061511,48.89279438,67.87346221,43.19859402,31.49384886,40.66783831,23.23374341,27.02987698,20.56239016,30.43936731,24.4288225,64.14762742,45.51845343,41.19507909,29.34973638,20.63268893,4.112478032,47.94376098,51.49384886,24.49912127,34.62214411,72.30228471,18.34797891
CC(=O)OCc1cn(Cc2ccc(F)cc2C(C)C(=O)O)nn1,321.308,1.7167,5,1,4,0.814117592,1,94.31,0,0,0,0.07279682,0.45994154,0.9302139,0.0022968699,0.038138397,0.33646253,0.024743844,0.02430289,0.0077934437,0.29589975,0.007606917,0.33192596,0.06601904,0.82396203,0.9599972,0.00684172,0.021095032,0.002224867,0.0032892178,0.0050289845,0.05015552,0.014096608,0.3518644,0.018207246,0.04786109,0.0023742393,0.0027053922,0.0018362334,0.011256853,0.40225762,0.040279914,-5.082464,5.526989,2.2639427,-24.361263,-13.508352,2.7366703,-0.57507217,67.75337,-2.2807534,-4.4035954,47.24077329,40.38664323,61.88049209,36.59050967,63.44463972,91.07205624,55.32513181,64.14762742,47.59226714,25.86994728,37.18804921,20.10544815,29.98242531,89.94727592,18.91036907,35.92267135,91.28295255,44.78031634,19.96485062,21.8629174,37.18804921,32.47803163,81.1599297,39.22671353,74.44639719,32.16168717,36.30931459,42.74165202,15.64147627,24.53427065,18.62917399,21.58172232,63.40949033,28.11950791,37.64499121,26.08084359,26.43233743,18.06678383,17.92618629,31.73989455,34.20035149,21.58172232,40.87873462,20.31634446,26.5026362,1.265377856,44.56942004,68.3655536,22.91739895,43.69068541,66.01054482,4.46397188
CC(C(=O)O)c1cn(CC(=O)N2CCN(C)CC2)c2cc(Cl)c(Cl)cc12,398.29,2.9102,3,1,4,0.8604189165,1,65.78,0,0,0,0.105288185,0.48129925,0.89100677,0.036749147,0.09575243,0.17379805,0.0647341,0.082602546,0.09202173,0.3780047,0.05962981,0.21327066,0.27619538,0.5929869,0.92373407,0.019212734,0.061400913,0.018686395,0.007909188,0.015971012,0.08994883,0.020846304,0.38752353,0.06144964,0.06658311,0.008653294,0.0039960304,0.007750997,0.030770611,0.3809571,0.27611938,-4.836871,-8.288248,-15.332517,32.2614,-14.752269,3.1975155,0.62935865,76.145065,-3.0587413,5.0030675,65.02636204,60.03514938,32.65377856,36.59050967,63.44463972,96.34446397,55.32513181,43.51493849,47.59226714,25.86994728,37.18804921,28.68189807,31.42355009,75.53602812,43.4797891,50.9314587,63.62038664,59.26186292,42.35500879,58.94551845,44.07732865,51.98594025,62.39015817,77.25834798,60.21089631,28.08435852,64.81546573,82.63620387,48.47100176,36.37961336,48.40070299,50.9314587,68.71704745,29.56063269,47.87346221,33.4973638,47.73286467,24.04217926,33.2513181,51.14235501,31.52899824,48.75219684,56.59050967,9.736379613,11.49384886,70.01757469,36.69595782,88.08435852,40.7029877,52.02108963,51.59929701,74.34094903
COc1ccc(C(=O)NCC2CC(C)=NO2)cc1C(C)C(=O)O,320.345,1.7779,5,2,4,0.8324375402,2,97.22,0,0,0,0.25278786,0.42132655,0.8926531,0.0008633998,0.0067902193,0.15726571,0.0030853695,0.03816696,0.007366796,0.22042792,0.0020891486,0.18569896,0.18452746,0.4861034,0.8739705,0.0133365495,0.037079543,0.0033945672,0.002256389,0.008898516,0.07504921,0.0048548626,0.14654632,0.00469192,0.029344052,0.003962196,0.0041353833,0.0011773861,0.018468821,0.42956766,0.046703596,-5.36604,-15.807871,-14.4751835,-8.726407,-15.678772,2.6146004,-1.2676613,47.89845,-1.7680718,-4.104644,47.13532513,41.23022847,61.88049209,61.37082601,63.44463972,93.14586995,69.84182777,66.0456942,47.59226714,25.86994728,37.18804921,54.6572935,27.24077329,76.13356766,13.18101933,11.17750439,58.5940246,17.75043937,25.86994728,21.08963093,29.13884007,22.5659051,55.21968366,67.69771529,55.07908612,25.13181019,55.07908612,66.25659051,21.44112478,20.03514938,32.23198594,42.53075571,45.02636204,19.57820738,26.43233743,15.60632689,34.93848858,24.53427065,14.16520211,40.14059754,37.92618629,23.44463972,27.80316344,6.537785589,11.98594025,9.033391916,31.03690685,61.08963093,14.6572935,26.39718805,74.30579965,5.623901582
C#CCN(C)Cc1ccc2nc(C(C)C(C)C(=O)O)[nH]c(=O)c2c1,327.384,1.8123,4,2,4,0.7903904605,2,86.29,0,1,0,0.25757873,0.45497745,0.67746073,0.056273043,0.057869293,0.1243248,0.04904778,0.09733114,0.12586586,0.25133073,0.02812624,0.35076967,0.29631543,0.29043975,0.61856574,0.046128742,0.050278027,0.03946795,0.012886392,0.045186248,0.1103137,0.018769484,0.17433502,0.014939596,0.12262317,0.021978328,0.027755832,0.0092152525,0.06272338,0.5249452,0.20586225,-5.568925,-6.3325806,-4.820525,-11.622129,-17.660679,2.6654162,-0.51789653,63.755363,-2.6383746,-1.9142678,48.57644991,41.8629174,48.55887522,61.37082601,63.44463972,87.55711775,69.84182777,58.91036907,47.59226714,66.5202109,37.18804921,55.46572935,29.73637961,30.29876977,48.18980668,42.28471002,47.24077329,55.1142355,46.7486819,64.21792619,32.51318102,43.65553603,83.19859402,78.8400703,42.39015817,17.50439367,82.49560633,76.94200351,58.98066784,44.04217926,73.14586995,61.68717047,66.95957821,21.05448155,36.16871705,49.20913884,65.79964851,60.66783831,35.07908612,64.00702988,50.43936731,42.98769772,22.3198594,10.96660808,19.26186292,6.572934974,23.26889279,63.76098418,23.58523726,39.78910369,59.01581722,18.1370826
CC(C)CC(CCNS(=O)(=O)N1CCC(C)CC1)C(C)C(=O)O,348.509,2.3258,3,2,4,0.6693590931,2,86.71,0,0,0,0.37490395,0.6732918,0.8255006,0.0037898435,0.19278677,0.19174488,0.071879566,0.09856187,0.049856357,0.5834838,0.060550302,0.38486928,0.13667856,0.38353392,0.98511744,0.0109622795,0.008441537,0.003021976,0.019804176,0.030616805,0.10567077,0.03284013,0.8395435,0.12621139,0.17291203,0.005398595,0.03257291,0.043702815,0.023480166,0.7563377,0.30432728,-4.913044,52.08192,30.424175,-19.691782,-10.294729,1.9934757,0.5142704,59.85365,-2.2501037,-2.4293437,53.21616872,49.10369069,32.65377856,61.37082601,63.44463972,69.91212654,69.84182777,59.15641476,47.59226714,25.86994728,37.18804921,67.83831283,46.25659051,56.87170475,22.46045694,64.39367311,68.01405975,60.63268893,47.38137083,48.99824253,65.30755712,52.0913884,86.36203866,59.68365554,48.75219684,37.11775044,49.84182777,14.30579965,19.36731107,50.01757469,64.04217926,59.61335677,74.51669596,56.20386643,55.67662566,57.89103691,39.61335677,63.40949033,52.82952548,45.06151142,79.61335677,50.61511424,51.66959578,65.44815466,54.62214411,2.214411248,68.18980668,23.30404218,38.73462214,36.06326889,66.60808436,13.74340949
Cc1cc(Br)ccc1OCc1ccc(OC(C)C(=O)O)cc1,365.223,4.18842,3,1,4,0.8342206546,1,55.76,0,0,0,0.021339735,0.49467558,0.92983115,0.23249273,0.39978522,0.6210481,0.37717652,0.121824265,0.04899616,0.58170897,0.033525802,0.3746508,0.06646128,0.8737669,0.99197894,0.0060907234,0.020921964,0.047090642,0.064279206,0.052531816,0.14035608,0.40755707,0.75805616,0.3215402,0.21016178,0.019280408,0.02746594,0.32560083,0.07305087,0.34060422,0.27798182,-4.736345,27.031946,7.057115,12.937437,-9.693741,2.718723,0.9669979,100.15574,-4.0131164,-2.8235593,57.22319859,79.71880492,32.65377856,36.59050967,63.44463972,93.32161687,55.32513181,35.04393673,47.59226714,25.86994728,37.18804921,5.940246046,32.47803163,89.84182777,68.29525483,81.05448155,99.82425308,85.02636204,53.56766257,48.85764499,65.06151142,45.27240773,85.41300527,39.50790861,79.26186292,41.1599297,33.07557118,42.3198594,61.79261863,68.40070299,76.2741652,72.16168717,98.55887522,48.15465729,69.73637961,62.74165202,63.58523726,60.52724077,80.24604569,67.10017575,25.90509666,48.85764499,63.97188049,45.41300527,30.96660808,45.48330404,72.37258348,67.2056239,45.23725835,89.27943761,32.23198594,11.00175747
CNCCN1CCN(c2ccc(F)cc2C(C)C(=O)O)CC1,309.385,1.3552,4,2,4,0.8307760378,1,55.81,0,0,0,0.040406663,0.51438165,0.76978755,0.0022284554,0.0092794355,0.028173786,0.002556868,0.18492477,0.05460735,0.08665373,0.0011327019,0.1024219,0.06619656,0.041917898,0.8063499,0.0036907191,0.04090068,0.0017382993,0.00061708,0.007146038,0.097617015,0.00042436068,0.24374545,0.004885656,0.010745563,0.00037431234,0.0004370044,0.00060155627,0.0011686787,0.6073229,0.113776624,-5.3364897,-15.600372,-25.91161,0.4317583,-15.446108,2.7016838,-1.4711025,27.753864,-1.6137779,-3.158048,43.40949033,36.13356766,48.55887522,61.37082601,63.44463972,93.00527241,55.32513181,35.07908612,47.59226714,25.86994728,37.18804921,10.75571178,33.84885764,44.67486819,18.76977153,14.6572935,15.00878735,15.71177504,65.86994728,50.50966608,13.9543058,18.8400703,30.9314587,39.36731107,8.260105448,22.77680141,21.08963093,69.98242531,13.46221441,7.381370826,26.22144112,55.43057996,11.31810193,24.04217926,26.78383128,4.182776801,7.135325132,5.940246046,9.630931459,6.0456942,62.10896309,33.00527241,29.20913884,6.572934974,4.639718805,22.98769772,32.61862917,65.97539543,12.65377856,13.88400703,76.09841828,9.103690685
CC(=O)NC(CC(C)NC(=O)Nc1cccc(C)c1)C(C)C(=O)O,335.404,2.12052,3,4,4,0.6119258103,3,107.53,0,0,0,0.06891451,0.41185737,0.90975475,0.0020828128,0.023706261,0.24211335,0.010474262,0.041353934,0.0084965695,0.24403484,0.0062021227,0.24126145,0.13457601,0.54672205,0.9528202,0.006428284,0.025010595,0.0053950115,0.0021068729,0.008155609,0.06416797,0.0070709675,0.23895422,0.005797668,0.023299217,0.0023922506,0.0030690548,0.0018773621,0.007423942,0.3905458,0.05849889,-5.7052746,1.8708928,-3.1786416,-5.7214923,-18.415543,2.2371852,-0.35174343,61.037914,-2.3151555,0.19374709,50.36906854,46.36203866,32.65377856,86.90685413,63.44463972,61.51142355,76.60808436,72.40773286,47.59226714,25.86994728,37.18804921,18.98066784,26.46748682,82.60105448,18.24253076,27.9086116,78.24253076,32.61862917,27.31107206,23.16344464,31.95079086,31.07205624,67.06502636,59.15641476,57.53954306,31.07205624,34.93848858,49.17398946,28.57644991,19.15641476,30.01757469,33.98945518,51.91564148,23.86643234,28.26010545,12.19683656,26.57293497,20.03514938,18.1370826,25.51845343,32.65377856,25.94024605,19.36731107,16.34446397,20.91388401,12.75922671,20.49209139,37.11775044,25.37785589,37.01230228,65.16695958,36.90685413
Cc1csc(NN=Cc2cn(C(C)C(=O)O)nc2-c2ccccc2)n1,355.423,3.40662,6,2,4,0.5220772385,1,92.4,0,2,0,0.28073496,0.32592368,0.81402886,0.73372823,0.8209883,0.36211,0.8508016,0.05622698,0.21940005,0.5131075,0.48333707,0.45363706,0.15311174,0.97099334,0.9890292,0.018625498,0.026432743,0.7108017,0.29500228,0.13048561,0.2710625,0.26640442,0.7193817,0.4642973,0.6621914,0.23385029,0.16534951,0.74818647,0.29348636,0.4851551,0.463653,-5.3248105,14.421948,7.529081,-1.3036492,-14.863324,2.4310193,0.43482667,93.13455,-3.636467,-1.776522,54.72759227,67.55711775,72.46045694,61.37082601,63.44463972,49.31458699,55.32513181,62.91739895,47.59226714,87.92618629,37.18804921,58.1370826,20.84358524,53.74340949,88.57644991,95.18453427,93.14586995,97.22319859,32.47803163,72.33743409,57.50439367,81.96836555,91.10720562,62.60105448,93.77855888,38.98066784,64.14762742,51.03690685,96.94200351,91.77504394,89.31458699,89.0685413,96.41476274,45.37785589,76.34446397,92.44288225,95.1142355,90.26362039,95.18453427,90.12302285,44.74516696,60.66783831,29.771529,30.72056239,31.35325132,20,35.74692443,49.17398946,37.08260105,74.79789104,39.61335677,19.22671353
COc1cc(OC)c(C(C)C(=O)O)cc1NC(=O)Nc1cccc(C)c1,358.394,3.84432,4,3,4,0.7287782167,1,96.89,0,0,0,0.074183226,0.21611282,0.9288241,0.09404503,0.19279851,0.42394033,0.2676862,0.06619458,0.025935385,0.4242198,0.108622625,0.23946539,0.19081804,0.9414238,0.9763365,0.009043852,0.052141685,0.19652863,0.043743994,0.036003612,0.14017177,0.06940061,0.46237165,0.19799802,0.14357586,0.046894748,0.014202425,0.16407418,0.07988113,0.20828235,0.2894894,-5.0628877,9.678628,6.0716786,4.575025,-14.494342,2.704945,0.7926105,91.0841,-4.000176,-2.005492,55.46572935,74.51669596,48.55887522,78.20738137,63.44463972,78.94551845,55.32513181,65.94024605,47.59226714,25.86994728,37.18804921,20.52724077,14.37609842,89.59578207,54.62214411,64.39367311,95.99297012,79.68365554,35.67662566,39.50790861,48.18980668,59.33216169,66.67838313,68.89279438,89.13884007,34.79789104,44.4288225,78.10193322,80.87873462,61.23022847,67.9086116,72.16168717,84.14762742,32.47803163,62.03866432,53.18101933,76.37961336,47.87346221,70.86115993,69.03339192,12.12653779,49.70123023,41.68717047,25.48330404,30.05272408,30.33391916,38.1370826,66.18629174,42.77680141,71.35325132,32.51318102,17.25834798
CC(C)CC(CCNC(=O)N1CCC(C)CC1)C(C)C(=O)O,312.454,3.201,2,2,4,0.7581827284,2,69.64,0,0,0,0.044491507,0.67114305,0.8575245,0.003761286,0.09499152,0.20734438,0.03936076,0.117139295,0.043186925,0.47611254,0.017662114,0.20810159,0.09682094,0.24579445,0.9920351,0.0043005175,0.011148036,0.0015170181,0.0057157553,0.019139698,0.08587704,0.02368118,0.8183274,0.073993765,0.07433934,0.0013253054,0.009132537,0.018664854,0.006642786,0.6224251,0.23072901,-4.7253466,56.689526,31.355923,-16.603138,-9.390328,2.193684,1.1749728,70.22249,-2.6888337,-1.1211245,44.74516696,64.28822496,17.10017575,61.37082601,63.44463972,83.37434095,69.84182777,46.39718805,47.59226714,25.86994728,37.18804921,11.91564148,46.11599297,65.20210896,22.39015817,50.82601054,71.59929701,51.88049209,52.16168717,46.92442882,53.07557118,39.40246046,61.08963093,49.80667838,38.87521968,41.19507909,24.74516696,21.01933216,12.51318102,31.70474517,53.56766257,48.50615114,70.43936731,53.63796134,49.73637961,36.13356766,18.66432337,39.36731107,42.03866432,23.97188049,63.4797891,45.09666081,64.81546573,68.26010545,55.21968366,3.09314587,74.4112478,34.4112478,47.97891037,46.18629174,57.92618629,24.74516696
COc1ccc(C(=O)Nc2ccc(C)nc2)cc1C(C)C(=O)O,314.341,2.83902,4,2,4,0.8856225658,1,88.52,0,0,0,0.05536602,0.2642434,0.9228595,0.040612586,0.045660745,0.39335197,0.08005353,0.047056567,0.010787131,0.24427421,0.027071733,0.24124618,0.2453123,0.9167549,0.95471793,0.009135047,0.05199154,0.09657971,0.016858319,0.016834296,0.08853569,0.017820356,0.22195558,0.031665165,0.062318604,0.019020861,0.007478635,0.023982158,0.040148202,0.16903354,0.10923829,-5.248157,-4.456842,-12.19273,1.877861,-15.601023,2.4865937,-0.54211146,73.41524,-2.9082344,-0.33441344,45.09666081,58.73462214,48.55887522,61.37082601,63.44463972,98.17223199,55.32513181,60.14059754,47.59226714,25.86994728,37.18804921,14.90333919,16.55536028,87.17047452,44.39367311,38.94551845,95.04393673,62.49560633,29.27943761,25.97539543,31.98594025,43.30404218,67.06502636,74.62214411,85.13181019,31.24780316,44.74516696,77.99648506,70.72056239,47.76801406,49.84182777,50.228471,66.18629174,23.19859402,41.75746924,32.30228471,63.33919156,35.14938489,44.71001757,56.13356766,8.752196837,32.44288225,33.46221441,11.98594025,13.28646749,25.20210896,31.49384886,53.04042179,23.37434095,49.31458699,54.51669596,32.47803163
CC1CCN(S(=O)(=O)NCCC(N=C(N)N)C(C)C(=O)O)CC1,349.457,-0.6945,4,4,4,0.336032268,2,151.11,0,2,0,0.4294502,0.2759149,0.5004365,0.00047898517,0.02483004,0.015948076,0.0041136728,0.07347135,0.058169495,0.10135291,0.004692103,0.26866475,0.036127225,0.036082476,0.36529356,0.012165825,0.026159769,0.001256944,0.0025084747,0.024318151,0.12731251,0.00054539513,0.11346396,0.0029054782,0.04764239,0.001467311,0.0029468038,0.0016724395,0.0061212387,0.79575837,0.121523336,-6.4260225,6.981491,11.504598,-13.780649,-21.908506,2.0264258,-1.7489307,12.188344,-1.2866694,-2.9915156,53.39191564,16.5202109,48.55887522,86.90685413,63.44463972,24.74516696,69.84182777,86.11599297,47.59226714,87.92618629,37.18804921,72.72407733,17.46924429,17.01230228,10.79086116,28.47100176,11.07205624,20.56239016,39.05096661,51.59929701,15.50087873,28.6115993,72.40773286,23.90158172,7.416520211,13.2513181,52.68892794,50.72056239,10.4745167,21.33567663,59.08611599,68.6115993,13.28646749,17.99648506,22.60105448,26.0456942,20.24604569,19.47275923,16.94200351,22.91739895,84.60456942,33.67311072,9.13884007,22.03866432,35.3602812,4.710017575,13.35676626,24.78031634,10.33391916,5.413005272,80.42179262,9.841827768
CCCC(Oc1cnn(-c2ccc(C)nc2)c1)C(C)C(=O)O,303.362,2.84392,4,1,4,0.850713972,2,77.24,0,0,0,0.029331293,0.5472738,0.9574137,0.038020357,0.12079535,0.48859143,0.12244365,0.09270768,0.006533778,0.43774667,0.044390924,0.21162395,0.14355788,0.89203185,0.99764836,0.0044901627,0.021323761,0.044553436,0.017654888,0.008726361,0.053176243,0.017046804,0.7189942,0.03559849,0.05280327,0.0097259795,0.0071110576,0.011967955,0.013264386,0.16200547,0.1337129,-5.0124717,27.259817,13.588394,-14.4826145,-11.786518,2.5622256,0.6386605,84.68564,-2.9163694,1.5274068,41.68717047,58.87521968,48.55887522,36.59050967,63.44463972,95.21968366,69.84182777,52.26713533,47.59226714,25.86994728,37.18804921,7.873462214,36.41476274,97.71528998,43.76098418,55.25483304,98.1370826,68.6115993,45.20210896,19.36731107,49.13884007,48.3655536,62.00351494,60.94903339,81.72231986,49.42003515,25.5887522,43.09314587,60.7029877,48.43585237,31.52899824,24.00702988,65.72934974,45.27240773,42.81195079,28.68189807,50.50966608,34.20035149,37.22319859,34.76274165,8.330404218,35.46572935,44.6397188,45.69420035,37.82073814,4.358523726,56.66080844,57.32864675,40.77328647,60.87873462,54.44639719,51.56414763
COCCCNC(=O)c1cc2ccccc2cc1OC(C)C(=O)O,331.368,2.458,4,2,4,0.7259249808,1,84.86,0,1,0,0.11640247,0.52178323,0.9338605,0.03873864,0.04336198,0.40417075,0.04674832,0.052802492,0.00876842,0.22130437,0.004802534,0.3546955,0.18445845,0.86441994,0.945749,0.010277063,0.036779046,0.037427913,0.00605247,0.013588066,0.09448232,0.033154804,0.2705813,0.025381455,0.04994049,0.013243054,0.0057431115,0.007207951,0.021923775,0.31875288,0.07190484,-5.1387863,14.355116,-2.6932693,-3.2971103,-13.7689085,2.0670636,-0.97468245,82.31212,-2.7560012,-1.1805708,49.49033392,51.70474517,48.55887522,61.37082601,63.44463972,78.55887522,55.32513181,57.92618629,47.59226714,66.5202109,37.18804921,31.45869947,34.34094903,91.35325132,43.97188049,38.17223199,95.39543058,54.62214411,31.14235501,23.62038664,29.31458699,28.82249561,83.4797891,67.69771529,78.10193322,30.4745167,48.18980668,65.76449912,58.27768014,32.33743409,44.4288225,53.77855888,74.58699473,25.20210896,40.07029877,27.06502636,56.80140598,30.19332162,32.61862917,44.00702988,23.7258348,28.08435852,38.76977153,30.50966608,21.54657293,16.76625659,43.0228471,26.57293497,17.96133568,58.34797891,56.62565905,24.56942004
CCCN1CCN(c2cc(N3CCCC3)nc(C(C)C(=O)O)n2)CC1,347.463,1.7969,6,1,4,0.8409415187,1,72.8,0,0,0,0.049863774,0.7634846,0.88804495,0.024182115,0.05350595,0.13505793,0.026525414,0.19171765,0.2186555,0.3482955,0.0071047796,0.20530176,0.3782403,0.3535873,0.962942,0.005057089,0.024942646,0.008285989,0.0030883402,0.012541214,0.104528904,0.0046428144,0.58399194,0.07957718,0.054294508,0.0018531687,0.0022394909,0.006956505,0.008030644,0.44270343,0.39993268,-5.292163,-3.2628448,11.290072,-14.706198,-14.090482,3.3080468,0.23288465,68.22908,-3.212543,-1.9950225,52.97012302,41.6168717,72.46045694,36.59050967,63.44463972,94.05975395,55.32513181,48.57644991,47.59226714,25.86994728,37.18804921,13.28646749,53.91915641,74.30579965,38.98066784,40.98418278,51.24780316,46.01054482,66.92442882,72.26713533,41.58172232,31.88049209,60.52724077,85.13181019,46.88927944,32.47803163,28.11950791,49.13884007,36.13356766,23.65553603,42.10896309,59.05096661,44.00702988,37.60984183,50.40421793,29.45518453,23.19859402,15.67662566,32.19683656,26.32688928,39.543058,57.6801406,31.10720562,12.93497364,35.14938489,4.217926186,40.80843585,90.4745167,33.77855888,44.04217926,47.69771529,17.32864675
C#CCN(C)Cc1ccc2nc(OC(C)C(=O)O)[nH]c(=O)c2c1,315.329,0.84,5,2,4,0.767051162,1,95.52,0,1,0,0.16971949,0.49778342,0.6729444,0.057702553,0.051731788,0.108119346,0.04846463,0.035676684,0.09658067,0.12673245,0.008490307,0.45022792,0.4049302,0.5090633,0.45217928,0.022684868,0.043629214,0.049350638,0.007972439,0.032533735,0.11095037,0.012295968,0.05655979,0.008583367,0.10837071,0.02089386,0.013842829,0.0057985187,0.05658973,0.37911344,0.09438218,-5.5134783,-4.1000547,-5.5813155,-4.977677,-16.541285,2.3354335,-1.3911874,72.47959,-2.4419484,0.12833805,45.5887522,30.15817223,61.88049209,61.37082601,63.44463972,84.35852373,55.32513181,65.13181019,47.59226714,66.5202109,37.18804921,41.19507909,32.7943761,29.59578207,48.50615114,40.59753954,39.82425308,55.04393673,24.99121265,59.78910369,19.01581722,33.42706503,90.79086116,86.81898067,55.99297012,14.90333919,69.31458699,72.33743409,62.46045694,36.62565905,65.65905097,61.8629174,61.26537786,14.13005272,31.84534271,46.22144112,65.06151142,47.4516696,30.15817223,62.14411248,31.24780316,30.89630931,23.4797891,12.37258348,18.55887522,13.98945518,27.17047452,42.98769772,13.21616872,48.50615114,62.60105448,36.37961336
COc1ccc(C(=O)CSc2nnc(C)o2)cc1C(C)C(=O)O,336.369,2.54972,7,1,4,0.6076602506,1,102.52,0,0,0,0.21795662,0.36711457,0.8758461,0.016754577,0.09631979,0.35155064,0.0826269,0.03274742,0.013128352,0.38346913,0.039438467,0.36020452,0.06356259,0.9106801,0.9015759,0.026070455,0.028840775,0.012607379,0.022952111,0.018049557,0.06658692,0.07269074,0.3538335,0.046695344,0.15886357,0.019082345,0.021453682,0.018238004,0.07917148,0.5175978,0.061384838,-5.089449,8.746971,8.975331,-17.834576,-12.852974,2.8278084,-0.5051764,82.60704,-2.4563117,-1.7939694,50.61511424,53.2513181,79.85940246,36.59050967,63.44463972,61.23022847,55.32513181,69.59578207,47.59226714,25.86994728,37.18804921,49.66608084,23.05799649,70.228471,35.18453427,51.14235501,92.33743409,63.0228471,23.97188049,28.68189807,44.60456942,46.95957821,83.86643234,38.06678383,84.07732865,26.29173989,72.33743409,54.76274165,42.95254833,52.30228471,51.81019332,36.09841828,84.56942004,28.18980668,45.16695958,56.06326889,63.40949033,56.55536028,41.68717047,68.78734622,49.27943761,26.64323374,40.73813708,24.04217926,32.5483304,2.636203866,48.71704745,73.67311072,23.65553603,58.5940246,62.39015817,19.12126538
C#CCN(C)Cc1ccc2nc(C(F)(F)C(C)C(=O)O)[nH]c(=O)c2c1,349.337,1.8006,4,2,4,0.7769122376,1,86.29,0,1,0,0.29620183,0.46304888,0.6588441,0.06126939,0.07830569,0.16196153,0.0671025,0.077822074,0.15494922,0.2621766,0.02682997,0.4143199,0.37412733,0.38205218,0.5228028,0.06303732,0.056348503,0.042227834,0.021666134,0.06525765,0.13504128,0.03913675,0.13839832,0.021243056,0.1787248,0.045712568,0.045494847,0.013566996,0.115736045,0.5163355,0.17834584,-5.7916985,-13.864256,7.7272477,-9.53574,-18.49902,3.3387961,0.14682536,64.68181,-2.4843972,-2.273003,53.2513181,41.65202109,48.55887522,61.37082601,63.44463972,85.83479789,55.32513181,58.91036907,47.59226714,66.5202109,37.18804921,59.64850615,30.26362039,27.97891037,49.10369069,47.66256591,60.10544815,59.78910369,40.63268893,68.01405975,33.84885764,43.19859402,88.54130053,84.74516696,48.75219684,15.8172232,86.11599297,80.42179262,60.03514938,51.21265378,80.42179262,70.79086116,76.94200351,19.2970123,38.87521968,58.73462214,75.99297012,70.61511424,38.62917399,75.28998243,49.20913884,40.14059754,17.53954306,7.100175747,31.56414763,8.224956063,20.38664323,91.3884007,33.00527241,40.63268893,61.72231986,15.00878735
CCc1nn(C(C)C(=O)O)c(=NC(=O)c2ccc(OC)cc2)s1,335.385,1.9023,5,1,4,0.9004895878,1,93.78,0,0,0,0.10813987,0.29937226,0.85734236,0.17030811,0.48703575,0.45303836,0.5743038,0.038678706,0.022838494,0.424996,0.13309272,0.35734534,0.04467299,0.963375,0.96321183,0.016321417,0.027379822,0.10129911,0.09343687,0.052849997,0.1285548,0.2202779,0.5523883,0.17677806,0.3328935,0.06964453,0.054434605,0.25220242,0.13319066,0.38316685,0.117263615,-5.087815,20.24786,14.200414,-16.293903,-12.824201,2.4043965,-0.40053564,89.821,-2.9861977,-1.35121,50.33391916,43.19859402,61.88049209,36.59050967,63.44463972,99.15641476,55.32513181,63.86643234,47.59226714,25.86994728,37.18804921,29.38488576,19.19156415,65.20210896,63.05799649,84.53427065,97.04745167,92.12653779,26.01054482,37.25834798,48.26010545,62.10896309,83.65553603,29.42003515,92.65377856,32.47803163,60.94903339,52.5483304,71.28295255,74.16520211,76.44991213,68.99824253,95.07908612,36.20386643,60.14059754,72.97012302,81.33567663,74.05975395,76.90685413,78.03163445,31.6344464,33.32161687,40.77328647,37.78558875,38.48857645,3.233743409,48.96309315,47.41652021,24.8857645,69.17398946,53.07557118,23.09314587
CNCC1CCN(C(=O)CN(CC2CC2)C(C)C(=O)O)CC1,311.426,0.6295,4,2,4,0.6877398213,1,72.88,0,0,0,0.091932274,0.53331906,0.672046,0.0004580797,0.028845215,0.03952887,0.005358724,0.09485576,0.03493941,0.13175148,0.0028360994,0.27221793,0.059886195,0.037471384,0.8073505,0.0059138285,0.019711744,0.00048146173,0.0005754252,0.008509321,0.10387214,0.0007865632,0.3334364,0.005239385,0.026901448,0.000802399,0.0011830288,0.00023480027,0.0023989605,0.7720614,0.11514364,-5.424453,5.139447,-19.995502,-9.572815,-15.288638,2.0049267,-2.165382,2.8959427,-0.47704524,-4.2689333,44.21792619,28.29525483,48.55887522,61.37082601,63.44463972,73.04042179,55.32513181,48.89279438,47.59226714,25.86994728,37.18804921,25.69420035,35.21968366,29.34973638,10.65026362,31.24780316,18.94551845,23.05799649,45.83479789,43.76098418,19.64850615,24.74516696,72.93497364,36.30931459,7.662565905,22.77680141,32.16168717,39.78910369,6.362038664,7.135325132,30.96660808,58.8400703,16.23901582,27.55711775,27.38137083,14.62214411,12.58347979,10.33391916,5.096660808,11.73989455,81.96836555,33.21616872,25.79964851,19.71880492,8.154657293,8.119507909,33.67311072,23.83128295,7.592267135,3.0228471,90.05272408,4.920913884
COc1ccc(C(=O)Nc2ccc(C)cn2)cc1C(C)C(=O)O,314.341,2.83902,4,2,4,0.8856225658,1,88.52,0,0,0,0.044313595,0.2619031,0.9283044,0.050969847,0.05685817,0.41031772,0.0952573,0.04100085,0.012604627,0.23356819,0.022965439,0.2709626,0.24329755,0.9312488,0.9521221,0.007032603,0.04620866,0.10121791,0.016468465,0.017832464,0.0936362,0.020982092,0.23441258,0.0335728,0.07006762,0.019151038,0.007178046,0.03131073,0.039116487,0.16685574,0.1130238,-5.119891,2.170382,-6.4293356,-1.8631836,-14.390966,2.4818177,-0.1941454,80.08067,-3.136663,-1.2086704,45.09666081,58.73462214,48.55887522,61.37082601,63.44463972,98.17223199,55.32513181,60.14059754,47.59226714,25.86994728,37.18804921,11.88049209,16.2741652,89.38488576,46.99472759,42.10896309,95.60632689,65.16695958,27.06502636,27.9086116,31.28295255,41.65202109,72.75922671,74.55184534,87.13532513,31.07205624,37.11775044,74.23550088,71.28295255,47.48681898,51.45869947,53.4973638,68.82249561,23.79613357,42.17926186,34.69244288,63.4797891,34.44639719,48.11950791,55.71177504,8.576449912,33.00527241,39.543058,16.66080844,17.64499121,19.26186292,38.73462214,52.7943761,27.48681898,55.85237258,49.59578207,24.39367311
COc1ccc(C(=O)Nc2ccc(C)cc2[N+](=O)[O-])cc1C(C)C(=O)O,358.35,3.35222,5,2,4,0.6035896692,1,118.77,0,2,0,0.37556177,0.21737011,0.89014846,0.09870508,0.24672899,0.34890154,0.34784266,0.033285484,0.02689306,0.44538993,0.1247414,0.38909286,0.08167102,0.97798824,0.95704794,0.017025271,0.043461934,0.1334888,0.07628958,0.04224028,0.12802103,0.11023841,0.45400006,0.2784218,0.28654617,0.052300878,0.02704429,0.41802925,0.13656111,0.5274194,0.2080265,-4.911685,11.017141,7.3318467,-2.710379,-13.994242,2.5771446,0.13996415,86.8628,-3.7186027,-3.1724987,55.46572935,66.5026362,61.88049209,61.37082601,63.44463972,60.63268893,55.32513181,78.17223199,47.59226714,87.92618629,37.18804921,67.83831283,14.48154657,75.25483304,55.39543058,69.70123023,92.19683656,83.55008787,24.28822496,39.82425308,50.12302285,61.05448155,86.88927944,45.02636204,95.28998243,31.45869947,62.00351494,72.0913884,75.60632689,70.86115993,71.81019332,68.89279438,89.13884007,32.0913884,67.52196837,69.59578207,78.1370826,60.31634446,84.46397188,78.41827768,50.89630931,43.0228471,51.77504394,27.10017575,31.10720562,17.6801406,41.37082601,58.55887522,32.97012302,64.04217926,37.85588752,9.033391916
CCCC(Oc1cnn(-c2ccc(C)cn2)c1)C(C)C(=O)O,303.362,2.84392,4,1,4,0.850713972,2,77.24,0,0,0,0.0107217105,0.5370072,0.96245635,0.01735093,0.111973464,0.49130526,0.10041354,0.05916015,0.0048113037,0.35786414,0.014232827,0.20864081,0.10045304,0.90100795,0.9979431,0.0024526557,0.0149248345,0.017800385,0.009946474,0.005869559,0.040422924,0.015915206,0.66113037,0.022954866,0.03597818,0.0041615623,0.004084399,0.008949126,0.007638756,0.13184792,0.08222838,-4.9474435,36.785065,20.585516,-16.959381,-10.987842,2.478521,0.91910726,88.90109,-3.1173499,0.9928788,41.68717047,58.87521968,48.55887522,36.59050967,63.44463972,95.21968366,69.84182777,52.26713533,47.59226714,25.86994728,37.18804921,2.917398946,35.43057996,98.34797891,35.50087873,53.74340949,98.20738137,65.83479789,33.60281195,15.25483304,42.24956063,37.71528998,61.26537786,50.89630931,82.95254833,50.228471,14.62214411,30.33391916,47.66256591,40.31634446,21.82776801,13.42706503,64.81546573,41.65202109,39.36731107,19.85940246,35.60632689,24.28822496,34.79789104,25.94024605,5.553602812,29.42003515,49.20913884,54.6572935,45.44815466,2.882249561,62.88224956,52.61862917,44.56942004,67.59226714,50.05272408,45.51845343
CNc1nc(NNc2nc(C(C)C(=O)O)c(C#N)c(=O)[nH]2)cs1,335.349,0.76688,9,5,4,0.4808907719,1,155.82,1,1,1,0.32867214,0.11230546,0.49934244,0.17213225,0.2667849,0.061754245,0.45336708,0.007683794,0.11138837,0.26196265,0.31565228,0.32471082,0.30722302,0.9571125,0.6524023,0.018863542,0.042148143,0.5239967,0.084956564,0.08594036,0.11895742,0.03783892,0.13223547,0.040603466,0.5391449,0.164551,0.1251464,0.34215608,0.3861309,0.43770164,0.21785577,-5.7704196,-12.912613,-8.813258,24.349407,-21.664227,2.1585333,-1.5468261,81.91046,-3.8358917,0.53578913,50.33391916,29.70123023,88.08435852,91.49384886,63.44463972,43.44463972,55.32513181,86.64323374,97.39894552,66.5202109,83.09314587,63.16344464,8.576449912,16.94200351,63.16344464,71.59929701,25.62390158,88.26010545,11.70474517,62.14411248,33.77855888,75.04393673,80.28119508,79.96485062,91.31810193,18.48857645,64.46397188,70.82601054,93.88400703,72.65377856,84.60456942,65.86994728,76.34446397,18.91036907,43.86643234,85.97539543,92.02108963,87.06502636,80.91388401,93.56766257,38.91036907,43.86643234,17.89103691,7.55711775,15.8172232,63.26889279,13.77855888,32.19683656,11.91564148,57.92618629,35.39543058,40.28119508
COc1ccc(C(=O)Nc2ccc(C)c([N+](=O)[O-])c2)cc1C(C)C(=O)O,358.35,3.35222,5,2,4,0.6035896692,1,118.77,0,2,0,0.34380168,0.24581203,0.8842665,0.096408725,0.20218325,0.32986763,0.28106275,0.037181858,0.0371047,0.4167234,0.11247728,0.3718223,0.116407886,0.9656166,0.9491434,0.017572667,0.04847441,0.13653037,0.058060817,0.037263535,0.12335195,0.06962137,0.38734403,0.19303718,0.22828305,0.04146018,0.022594677,0.2933585,0.11540383,0.49479985,0.21479936,-4.995844,4.613555,1.4563129,6.4728727,-15.111125,2.6213837,0.07427368,85.00508,-3.7757707,-2.64136,55.46572935,66.5026362,61.88049209,61.37082601,63.44463972,60.63268893,55.32513181,78.17223199,47.59226714,87.92618629,37.18804921,64.60456942,15.43057996,73.14586995,54.93848858,65.23725835,90.68541301,80.21089631,25.44815466,44.49912127,47.9086116,59.82425308,85.23725835,54.97363796,93.07557118,30.82601054,62.81195079,75.74692443,75.99297012,66.78383128,68.99824253,67.13532513,84.1827768,29.56063269,61.79261863,65.09666081,74.51669596,57.25834798,78.76977153,75.25483304,45.5887522,43.65553603,45.69420035,19.2970123,25.69420035,33.77855888,34.51669596,61.4059754,32.02108963,61.33567663,36.76625659,12.0913884
COc1ccc(C(=O)Nc2cc(OC)ccc2C(C)C(=O)O)cc1,329.352,3.1442,4,2,4,0.850236992,1,84.86,0,0,0,0.081856556,0.2335593,0.92086923,0.07878802,0.16265064,0.44889116,0.2448957,0.07257761,0.02103793,0.419947,0.13768923,0.2109489,0.14659253,0.92557544,0.9813261,0.015124038,0.0664569,0.11585401,0.06582932,0.047202993,0.14812128,0.10051606,0.45725775,0.2018126,0.15026401,0.056061864,0.021417212,0.17846136,0.09685604,0.2232894,0.22443184,-4.995285,9.782563,0.316988,-5.1626363,-13.575495,2.450307,-0.017359162,85.542336,-3.4826164,-3.143316,48.99824253,63.16344464,48.55887522,61.37082601,63.44463972,95.18453427,55.32513181,57.92618629,47.59226714,25.86994728,37.18804921,23.26889279,15.1142355,86.25659051,52.44288225,61.05448155,96.94200351,78.20738137,38.48857645,35.88752197,47.94376098,62.5659051,61.72231986,61.51142355,86.39718805,36.41476274,59.15641476,84.49912127,73.00527241,68.6115993,73.9543058,73.88400703,88.01405975,32.23198594,62.28471002,54.58699473,78.76977153,56.5202109,72.0913884,72.68892794,13.46221441,44.6397188,45.76449912,25.62390158,24.71001757,13.81370826,44.28822496,50.79086116,30.33391916,61.93321617,42.39015817,9.173989455
Cc1ccc(S(=O)(=O)NC(=O)c2ccc(Br)cc2C(C)C(=O)O)cc1,426.288,3.06432,4,2,4,0.7656723715,1,100.54,0,0,0,0.0024179,0.18083218,0.93416756,0.021929333,0.14272563,0.60781616,0.31433684,0.014691239,0.009759294,0.22358069,0.05519647,0.48801273,0.029625133,0.9662636,0.962942,0.0048254044,0.030550271,0.006044797,0.01836161,0.010260941,0.051852297,0.06688425,0.2567925,0.06902014,0.068509355,0.002194054,0.0040425695,0.03191652,0.016095016,0.16714936,0.0403732,-5.230123,-9.244859,-5.6020794,59.54947,-14.397684,2.6646414,-0.98650587,92.91849,-3.4296298,-3.5457172,71.24780316,62.10896309,48.55887522,61.37082601,63.44463972,84.25307557,55.32513181,68.11950791,47.59226714,25.86994728,37.18804921,0.6678383128,12.26713533,91.42355009,37.99648506,58.69947276,99.75395431,81.8629174,15.00878735,24.71001757,29.87697715,50.96660808,93.18101933,18.98066784,93.2513181,32.47803163,26.99472759,57.29349736,30.15817223,48.92794376,36.62565905,22.81195079,83.55008787,24.56942004,49.0685413,34.16520211,25.20210896,24.21792619,48.3655536,37.89103691,8.646748682,21.58172232,34.16520211,9.314586995,18.55887522,85.69420035,38.62917399,63.69068541,17.75043937,74.37609842,43.79613357,7.135325132
CCCC(C)=NOCc1ccc(C(F)(F)C(C)C(=O)O)cc1,313.344,4.1917,3,1,4,0.5780107513,1,58.89,0,2,0,0.10380842,0.5444624,0.90347433,0.007820697,0.034106147,0.2941672,0.021813532,0.14958315,0.02840653,0.5148214,0.015826965,0.20426841,0.114458956,0.35698137,0.9788227,0.012119952,0.023550747,0.0052813655,0.0146552995,0.026427884,0.086738065,0.059473246,0.6815907,0.058805723,0.08280103,0.0047931196,0.016320867,0.031387232,0.022618828,0.5608762,0.15530507,-4.5869055,63.399178,34.625984,-12.949369,-8.015701,2.2261634,1.7413118,89.193596,-3.3019834,-0.6577688,44.8857645,79.78910369,32.65377856,36.59050967,63.44463972,57.36379613,55.32513181,37.46924429,47.59226714,87.92618629,37.18804921,28.29525483,36.13356766,80.21089631,28.50615114,33.88400703,86.67838313,42.60105448,60.28119508,40.49209139,57.64499121,38.48857645,60.38664323,54.34094903,47.02987698,35.67662566,52.61862917,46.92442882,28.29525483,45.97539543,60.77328647,49.20913884,82.21441125,42.81195079,47.55711775,39.543058,37.6801406,50.89630931,48.15465729,44.74516696,55.32513181,38.03163445,75.07908612,71.66959578,57.78558875,5.342706503,83.69068541,36.55536028,57.36379613,68.08435852,45.97539543,28.96309315
Cc1ccc(NC(=O)Nc2ccc(F)cc2C(C)C(=O)O)cn1,317.32,3.36122,3,3,4,0.8060607969,1,91.32,0,0,0,0.066647366,0.24059191,0.8901119,0.06077186,0.07477286,0.3423156,0.12096958,0.03247534,0.020837417,0.21960667,0.028437704,0.28723842,0.24233195,0.9161854,0.9294243,0.008704142,0.04873564,0.14417759,0.021011326,0.025980273,0.10952405,0.028114114,0.18910094,0.033072613,0.096767105,0.026590127,0.01446526,0.051937856,0.0596988,0.22994769,0.11759849,-5.123881,-9.348801,-18.35561,9.722934,-15.071269,2.6423626,-0.031380724,75.096924,-3.1081653,-0.030150319,46.15114236,66.64323374,32.65377856,78.20738137,63.44463972,90.26362039,55.32513181,62.35500879,47.59226714,25.86994728,37.18804921,18.24253076,15.3602812,75.25483304,49.0685413,47.02987698,91.81019332,68.3655536,23.90158172,35.5711775,29.03339192,43.79613357,75.18453427,74.4112478,84.99121265,28.68189807,43.26889279,75.85237258,76.76625659,50.9314587,60.17574692,61.33567663,72.72407733,21.72231986,42.07381371,43.37434095,68.3655536,48.26010545,55.32513181,63.23374341,13.88400703,33.35676626,39.50790861,9.314586995,9.420035149,39.40246046,34.86818981,62.70650264,30.01757469,51.17750439,50.36906854,34.79789104
COc1ccc(C(=O)Nc2cccc(OC)c2C(C)C(=O)O)cc1,329.352,3.1442,4,2,4,0.850236992,1,84.86,0,0,0,0.076967396,0.25723884,0.9267422,0.07817048,0.13825125,0.44581336,0.19812496,0.064652346,0.015577475,0.3666064,0.061826278,0.22672573,0.13181092,0.93017167,0.97856724,0.011370292,0.057565592,0.11186514,0.041101262,0.035800733,0.13806607,0.07862069,0.41728148,0.1485192,0.11717574,0.040080212,0.013965709,0.12130089,0.06689484,0.23409045,0.17151849,-4.9548597,8.038905,-2.347777,-2.474823,-13.343018,2.4498749,-0.07662101,82.98982,-3.2837996,-2.7015643,48.99824253,63.16344464,48.55887522,61.37082601,63.44463972,95.18453427,55.32513181,57.92618629,47.59226714,25.86994728,37.18804921,21.75746924,16.02811951,88.68189807,52.19683656,57.89103691,96.87170475,75.43057996,35.14938489,31.24780316,42.95254833,52.16168717,64.8857645,58.52372583,86.85413005,35.60632689,50.65026362,81.1599297,72.68892794,60.28119508,67.73286467,71.77504394,85.27240773,30.61511424,57.89103691,48.40070299,74.02460457,47.66256591,66.95957821,65.20210896,14.34094903,39.40246046,48.68189807,23.30404218,21.65202109,17.99648506,45.5887522,50.79086116,29.31458699,59.08611599,46.08084359,11.56414763
CC1CCN(CCOc2ccc(Br)cc2C(C)C(=O)O)CC1,370.287,3.7479,3,1,4,0.8288159494,1,49.77,0,0,0,0.028536508,0.76727843,0.80802023,0.04288561,0.04767234,0.15264186,0.024004275,0.2700522,0.46779728,0.38709176,0.009028753,0.20512906,0.24241266,0.120047376,0.9614624,0.0055333907,0.019825593,0.0053734323,0.010550693,0.022727428,0.09931539,0.017828386,0.5872178,0.08857169,0.07170872,0.0011270234,0.007919855,0.025157701,0.010190427,0.5818074,0.4581147,-4.7523403,-1.1146882,-19.577106,26.77388,-10.830399,2.9774535,0.51260364,76.0036,-2.5943546,5.602629,58.41827768,73.14586995,32.65377856,36.59050967,63.44463972,92.65377856,55.32513181,30.54481547,47.59226714,25.86994728,37.18804921,7.69771529,54.13005272,52.40773286,45.06151142,39.68365554,56.80140598,44.25307557,74.79789104,84.11247803,44.85061511,33.70826011,60.52724077,74.4112478,22.10896309,32.33743409,30.29876977,40.03514938,28.54130053,41.05448155,57.82073814,56.5202109,66.18629174,37.6801406,51.59929701,35.14938489,16.30931459,36.34446397,45.27240773,29.94727592,57.85588752,60.49209139,62.74165202,14.58699473,8.506151142,65.90509666,64.11247803,81.08963093,38.69947276,51.95079086,59.89455185,77.15289982
CNCCN1CCN(c2ccc(Cl)cc2C(C)C(=O)O)CC1,325.84,1.8695,4,2,4,0.8360032209,1,55.81,0,0,0,0.03263129,0.5705627,0.77172625,0.0076577105,0.017308004,0.037971865,0.005003641,0.21461937,0.13708647,0.11218776,0.0025790092,0.12574463,0.08457835,0.053917818,0.8420021,0.0038577064,0.038802817,0.0030463575,0.0010783658,0.008248152,0.09298464,0.00079814484,0.30541143,0.008696346,0.014943841,0.000482842,0.0006225094,0.0012210256,0.0017516175,0.5891963,0.19588374,-5.3342705,-13.16467,-25.243446,12.894376,-15.882635,2.758472,-0.9397131,45.05801,-2.0145402,2.079909,48.29525483,42.46045694,48.55887522,61.37082601,63.44463972,93.4973638,55.32513181,35.07908612,47.59226714,25.86994728,37.18804921,8.822495606,38.34797891,45.06151142,28.18980668,23.4797891,18.5940246,22.49560633,69.56063269,65.90509666,17.25834798,23.97188049,38.69947276,46.25659051,10.50966608,23.90158172,21.8629174,68.01405975,19.543058,11.56414763,30.19332162,52.97012302,16.34446397,26.53778559,31.88049209,6.221441125,8.717047452,7.100175747,14.37609842,8.892794376,58.80492091,41.96836555,29.27943761,7.416520211,5.061511424,45.3427065,30.08787346,69.45518453,18.3831283,24.49912127,70.96660808,55.99297012
CNc1ccc(NC(=O)c2cc([N+](=O)[O-])cn2C(C)C(=O)O)cc1,332.316,2.3359,5,3,4,0.5502562748,1,126.5,0,2,0,0.6959025,0.29599652,0.7811429,0.1579706,0.34216216,0.1842766,0.38596115,0.0241241,0.10513534,0.4233243,0.19081628,0.47032315,0.16363138,0.9638399,0.90371305,0.02390258,0.030126024,0.26090208,0.08427218,0.06567149,0.16858907,0.05446466,0.31469256,0.13471773,0.44706923,0.07897051,0.04511487,0.50269717,0.19997987,0.7034883,0.27988705,-5.4208755,-6.2614603,-8.820773,22.322138,-18.577497,2.4473379,-0.5306066,76.6631,-3.4948413,3.3852334,49.63093146,49.24428822,61.88049209,78.20738137,63.44463972,53.63796134,55.32513181,80.80843585,47.59226714,87.92618629,37.18804921,91.10720562,19.12126538,47.02987698,62.17926186,77.18804921,66.43233743,85.20210896,19.82425308,61.44112478,48.15465729,67.06502636,92.0913884,64.35852373,92.72407733,26.46748682,70.54481547,56.76625659,85.27240773,72.58347979,80.56239016,79.01581722,81.12478032,26.81898067,56.66080844,80.59753954,82.77680141,70.50966608,87.9086116,84.67486819,73.39191564,49.0685413,25.90509666,11.07205624,15.8172232,61.12478032,20.07029877,50.57996485,23.51493849,52.61862917,42.21441125,65.37785589
COc1ccc(COc2ccc(Br)cc2C(C)C(=O)O)cc1,365.223,4.2248,3,1,4,0.832729763,1,55.76,0,0,0,0.031116446,0.39363226,0.91393864,0.23208466,0.5466769,0.5719293,0.56364524,0.11966419,0.05591206,0.62484723,0.18683745,0.2815836,0.07218379,0.8703271,0.9951544,0.009748825,0.02700054,0.0819736,0.12928976,0.07368706,0.14854059,0.39310843,0.7858763,0.4158637,0.27995655,0.032858603,0.05060981,0.44162083,0.13390663,0.31961292,0.34571937,-4.6112256,19.318184,1.9976265,12.177673,-9.975107,3.1173701,1.6682749,96.633675,-4.0701356,-1.3526058,57.22319859,80.28119508,32.65377856,36.59050967,63.44463972,93.2513181,55.32513181,35.04393673,47.59226714,25.86994728,37.18804921,8.295254833,25.09666081,83.86643234,68.29525483,86.88927944,99.40246046,91.84534271,53.04042179,50.79086116,70.33391916,66.60808436,74.37609842,41.23022847,78.94551845,44.71001757,46.71353251,51.95079086,68.99824253,79.543058,82.17926186,73.88400703,98.45342707,50.65026362,74.37609842,69.27943761,71.21265378,72.7943761,85.16695958,78.10193322,23.79613357,54.27065026,73.21616872,36.55536028,26.36203866,44.00702988,71.03690685,86.18629174,56.06326889,82.14411248,30.89630931,23.09314587
COC(=O)C(CCNC(=O)N1CCC(C)CC1)C(C)C(=O)O,314.382,1.3279,4,2,4,0.7210384693,2,95.94,0,0,0,0.15566844,0.6986855,0.810517,0.0021819961,0.121680714,0.20560065,0.031048734,0.054027982,0.021356303,0.38441518,0.01696287,0.26487643,0.10609533,0.33634034,0.9716446,0.014683798,0.019480258,0.0026953672,0.005796969,0.020433942,0.09477766,0.023408718,0.57837045,0.025996203,0.0967813,0.00649904,0.015259932,0.005353396,0.018596444,0.62789196,0.09869596,-5.03786,26.181376,9.947695,-25.460865,-12.50547,2.2187877,-0.5177635,53.378284,-1.6034205,-4.225028,45.20210896,35.64147627,48.55887522,61.37082601,63.44463972,77.92618629,69.84182777,65.65905097,47.59226714,25.86994728,37.18804921,38.87521968,48.11950791,52.97012302,18.5940246,55.46572935,71.17750439,48.50615114,31.66959578,35.95782074,44.67486819,38.91036907,71.88049209,52.33743409,45.79964851,33.9543058,58.27768014,39.43760984,17.78558875,31.84534271,54.97363796,53.9543058,70.40421793,37.22319859,40.21089631,43.37434095,42.88224956,49.24428822,29.42003515,40.24604569,64.39367311,31.49384886,43.09314587,44.81546573,33.53251318,1.019332162,50.89630931,36.16871705,23.58523726,30.89630931,76.30931459,5.096660808
COC(=O)C1(C(C)C(=O)O)CCN(CCn2nnc(C)n2)CC1,325.369,-0.04258,7,1,4,0.7252898385,1,110.44,0,0,0,0.37462595,0.77217823,0.8087379,0.00012189123,0.0074053267,0.072796665,0.0010364599,0.024928564,0.013257079,0.24259666,0.00073016074,0.29726285,0.07896908,0.20076165,0.93688023,0.008142076,0.0126287015,0.00015651903,0.00043325103,0.0042458326,0.060861938,0.0010298083,0.3375014,0.0017829954,0.031242425,0.001060344,0.0017603388,0.00015614656,0.006187168,0.7563313,0.033174276,-5.9243493,-10.194483,1.915889,-23.357655,-18.952381,2.7543998,-2.0422378,31.958157,-1.3576927,-5.131894,48.01405975,21.79261863,79.85940246,36.59050967,63.44463972,78.45342707,55.32513181,73.9543058,47.59226714,25.86994728,37.18804921,67.80316344,54.58699473,52.5483304,7.486818981,12.12653779,28.71704745,8.049209139,20.42179262,28.82249561,31.88049209,16.20386643,76.55536028,43.83128295,34.37609842,29.42003515,41.44112478,25.3427065,3.901581722,5.623901582,15.5711775,31.49384886,19.08611599,27.59226714,18.5940246,16.9771529,15.99297012,13.28646749,4.112478032,23.0228471,79.61335677,19.47275923,15.32513181,8.752196837,26.18629174,1.335676626,18.76977153,69.13884007,8.295254833,15.85237258,79.2970123,3.233743409
CCCCC(=O)NCc1ccc(OC)c(C(C)C(=O)O)c1,293.363,2.6897,3,2,4,0.7723946231,1,75.63,0,0,0,0.04209244,0.4772888,0.9089387,0.0119220065,0.049692173,0.3240411,0.042236455,0.088461,0.01798305,0.3536442,0.031572334,0.20794196,0.1270301,0.49455157,0.9772107,0.011445797,0.03255329,0.009576939,0.006918952,0.014134698,0.06896462,0.024947241,0.49698734,0.030233294,0.048032433,0.004165412,0.009204686,0.006780649,0.01374888,0.38091022,0.10378772,-4.975882,18.475052,5.778126,-20.961979,-11.980746,2.4952133,-0.28439704,63.974205,-2.2213948,-3.862494,38.31282953,56.23901582,32.65377856,61.37082601,63.44463972,85.30755712,55.32513181,51.1599297,47.59226714,25.86994728,37.18804921,11.10720562,31.17750439,82.42530756,31.91564148,40.03514938,90.05272408,53.28646749,44.11247803,33.46221441,41.96836555,44.8857645,60.98418278,57.32864675,55.32513181,35.18453427,50.79086116,59.92970123,38.69947276,34.62214411,45.44815466,38.31282953,70.9314587,34.09490334,41.65202109,26.08084359,35.64147627,39.47275923,31.91564148,35.07908612,31.52899824,32.0913884,47.38137083,35.28998243,29.66608084,1.792618629,55.07908612,53.56766257,26.22144112,40.03514938,67.17047452,6.151142355
CCCCNC(=O)c1ccc(C(C)C(=O)O)c(NC(=O)C2CC2)c1,332.4,2.7531,3,3,4,0.6378784493,1,95.5,0,1,0,0.06796159,0.29165673,0.8462936,0.0051022517,0.024271077,0.25557765,0.026751067,0.034131784,0.013026746,0.22952266,0.009897659,0.20344138,0.12740639,0.6257547,0.8618903,0.022894602,0.05550462,0.008636015,0.010571252,0.02662085,0.10016509,0.035153765,0.15858646,0.020061683,0.06983302,0.011380499,0.017004458,0.008637051,0.036716737,0.35227042,0.05379943,-5.063614,-11.014479,-10.794126,-1.0247301,-14.831663,2.7535815,-0.34516612,67.55573,-2.9685016,-2.5467,49.66608084,57.60984183,32.65377856,78.20738137,63.44463972,64.85061511,55.32513181,65.04393673,47.59226714,66.5202109,37.18804921,18.69947276,18.73462214,62.24956063,24.71001757,28.18980668,80.91388401,46.15114236,24.56942004,28.6115993,30.82601054,34.48154657,60.21089631,57.32864675,61.82776801,24.46397188,69.45518453,80.10544815,36.87170475,41.05448155,60.84358524,56.94200351,75.39543058,20.28119508,38.41827768,34.48154657,54.20035149,51.66959578,34.55184534,54.27065026,27.59226714,25.06151142,41.68717047,8.260105448,14.30579965,20.35149385,36.06326889,69.13884007,25.41300527,43.4797891,53.39191564,12.89982425
CNC(=O)C(CCNC(=O)N1CCC(C)CC1)C(C)C(=O)O,313.398,0.9009,3,3,4,0.6782582393,2,98.74,0,0,0,0.19378021,0.6333772,0.80400074,0.0012496652,0.05884985,0.14872327,0.012228831,0.049943686,0.019320462,0.30661407,0.00892044,0.23808694,0.12064922,0.23475213,0.9271757,0.013694825,0.02237895,0.0020513278,0.002636403,0.015287782,0.09871109,0.007949343,0.38732755,0.011777291,0.05699446,0.004091229,0.00848103,0.0018861888,0.012060664,0.6296685,0.088348076,-5.435565,5.7965927,-4.876143,-19.007687,-15.344759,2.265984,-0.9167105,34.74487,-1.105123,-4.409892,44.92091388,30.79086116,32.65377856,78.20738137,63.44463972,71.56414763,69.84182777,66.88927944,47.59226714,25.86994728,37.18804921,45.72934974,42.91739895,51.81019332,15.1142355,42.74165202,55.50087873,34.90333919,30.228471,34.44639719,38.06678383,33.70826011,66.46748682,55.88752197,37.96133568,28.3655536,56.13356766,44.85061511,14.58699473,21.6168717,47.27592267,56.09841828,53.9543058,29.56063269,34.4112478,30.57996485,35.3602812,37.75043937,18.17223199,33.21616872,64.60456942,30.01757469,25.55360281,20.73813708,19.22671353,2.355008787,33.39191564,39.05096661,18.69947276,17.39894552,82.28471002,4.46397188
CC1CCN(C(=O)NCCC(N=C(N)N)C(C)C(=O)O)CC1,313.402,0.1807,3,4,4,0.4097607155,2,134.04,0,2,0,0.07542662,0.28767484,0.5430765,0.0006522356,0.014315218,0.01794838,0.0027994413,0.09369396,0.07020632,0.07479347,0.0022922242,0.13480231,0.027555743,0.02030357,0.4171311,0.006250682,0.034175444,0.0010638058,0.0010791201,0.016382072,0.118572176,0.0003127956,0.11230998,0.0020373147,0.019756578,0.00052770035,0.0009878648,0.0009586525,0.0016182829,0.6710996,0.095309734,-6.231898,6.6119967,7.244429,-17.94649,-20.8408,2.1983945,-1.4106178,19.65194,-1.2520189,-2.2112164,44.92091388,24.46397188,32.65377856,86.90685413,63.44463972,34.20035149,69.84182777,82.49560633,47.59226714,87.92618629,37.18804921,21.08963093,18.3831283,19.43760984,11.88049209,20.91388401,11.81019332,16.73110721,45.37785589,54.4112478,12.26713533,22.98769772,41.65202109,17.4340949,5.272407733,14.30579965,33.9543058,62.28471002,9.20913884,11.56414763,49.0685413,65.72934974,9.490333919,17.92618629,19.71880492,9.806678383,9.13884007,9.033391916,12.51318102,8.365553603,69.45518453,31.14235501,10.9314587,21.72231986,31.03690685,2.565905097,15.00878735,34.76274165,12.93497364,8.822495606,80.91388401,15.5711775
CCC=CCNC(=O)c1cc(C(C)C(=O)O)ccc1OCCF,323.364,2.919,3,2,4,0.685211118,1,75.63,0,1,0,0.07455493,0.3700393,0.8682144,0.0588364,0.14603178,0.37727252,0.15052894,0.073833145,0.03742404,0.42774087,0.07073415,0.31050235,0.10577456,0.67090046,0.9475691,0.025799852,0.033321105,0.023049716,0.034306385,0.04254051,0.09924511,0.13715701,0.4825034,0.058776416,0.14810544,0.021210326,0.04376534,0.038398758,0.07782865,0.43470502,0.13372631,-4.880951,1.6396564,4.958348,-14.12721,-12.154442,3.136023,0.32155386,73.9679,-2.9744008,-3.3882763,47.41652021,60.10544815,32.65377856,61.37082601,63.44463972,72.68892794,55.32513181,51.17750439,47.59226714,66.5202109,37.18804921,20.66783831,23.19859402,68.04920914,48.64674868,59.19156415,94.13005272,71.59929701,39.15641476,44.60456942,48.50615114,53.74340949,78.41827768,52.26713533,64.07732865,30.68541301,72.0913884,61.12478032,51.35325132,57.6801406,72.02108963,56.41476274,91.24780316,33.39191564,47.55711775,54.13005272,65.3427065,69.56063269,51.49384886,68.57644991,38.52372583,35.46572935,53.91915641,16.16871705,28.89279438,4.428822496,53.9543058,86.7486819,35.07908612,49.91212654,53.35676626,7.83831283
Cc1ccc(NC(=O)Nc2ccc(F)cc2C(C)C(=O)O)nc1,317.32,3.36122,3,3,4,0.8060607969,1,91.32,0,0,0,0.04788791,0.25925642,0.90911925,0.07270044,0.084344484,0.36898237,0.12767883,0.026773652,0.018863795,0.20127857,0.017635852,0.3124941,0.2207518,0.9372672,0.9387789,0.005434611,0.039644685,0.13937385,0.017651867,0.02274127,0.10890214,0.028352296,0.20049715,0.029659072,0.096896626,0.022921514,0.011650014,0.056929898,0.051208936,0.21490625,0.10655828,-4.99449,-2.8112724,-12.543609,6.6938705,-13.721777,2.6379824,0.29082343,82.09123,-3.3732224,-0.9075534,46.15114236,66.64323374,32.65377856,78.20738137,63.44463972,90.26362039,55.32513181,62.35500879,47.59226714,25.86994728,37.18804921,12.75922671,16.13356766,82.49560633,51.03690685,48.99824253,93.70826011,69.17398946,21.19507909,34.13005272,26.71353251,39.36731107,78.69947276,72.33743409,88.3655536,29.66608084,29.91212654,68.82249561,76.41476274,48.40070299,57.85588752,60.87873462,72.7943761,22.28471002,41.51142355,43.40949033,66.32688928,44.07732865,56.48506151,60.87873462,12.82952548,32.19683656,45.86994728,13.21616872,13.11072056,34.16520211,43.26889279,62.35500879,34.44639719,58.06678383,44.49912127,26.46748682
CCCN(C1CCN(C(=O)c2ccc(C)cc2)C1)C(C)C(=O)O,318.417,2.39462,3,1,4,0.8747314257,2,60.85,0,0,0,0.044739958,0.6050265,0.8730651,0.00833779,0.16669853,0.25201118,0.09722407,0.09102325,0.07951515,0.34441274,0.023295918,0.27606776,0.13010047,0.4557376,0.9861264,0.0063361987,0.023139179,0.005284412,0.003874895,0.012450533,0.088778764,0.016907647,0.5667291,0.049680524,0.043720312,0.002329991,0.0049583777,0.0051921457,0.00616764,0.45084128,0.22663713,-5.0927725,30.216892,9.737622,-20.80543,-13.499903,2.2561944,-0.09986391,56.614796,-2.0241628,-2.9519475,46.53778559,50.4745167,32.65377856,36.59050967,63.44463972,97.29349736,69.84182777,39.50790861,47.59226714,25.86994728,37.18804921,11.98594025,40.59753954,69.45518453,28.89279438,61.54657293,80.24604569,65.44815466,44.74516696,56.16871705,41.33567663,41.75746924,73.39191564,58.03163445,53.07557118,37.6801406,34.34094903,46.22144112,28.33040422,26.46748682,41.79261863,50.29876977,65.65905097,36.73110721,45.76449912,23.90158172,26.01054482,27.87346221,29.10369069,23.0228471,40.456942,44.85061511,40.63268893,48.75219684,33.32161687,1.862917399,44.60456942,38.31282953,29.03339192,33.2513181,70.82601054,10.15817223
COc1ccc(C=CC(=O)c2cccc(C)c2)cc1C(C)C(=O)O,324.376,4.08782,3,1,4,0.6419741479,1,63.6,0,1,0,0.098316394,0.30369037,0.89002025,0.17574027,0.28100035,0.5170589,0.3948528,0.08752506,0.02985965,0.4940785,0.14014561,0.32732016,0.09580358,0.8935248,0.9757496,0.023020573,0.047811285,0.11069174,0.07891558,0.07347102,0.16100651,0.28415942,0.5717925,0.23483995,0.23026653,0.067837976,0.050159354,0.21690503,0.1278812,0.37198082,0.22565648,-4.8229775,23.643665,13.908493,-5.051733,-11.617475,2.7846217,1.044693,96.71471,-4.058543,-4.480392,47.59226714,78.17223199,32.65377856,36.59050967,63.44463972,65.5887522,55.32513181,41.91564148,47.59226714,66.5202109,37.18804921,26.95957821,19.57820738,75.25483304,63.4797891,72.68892794,98.69947276,85.62390158,43.90158172,41.05448155,55.28998243,62.84710018,80.52724077,49.45518453,82.07381371,34.6572935,69.63093146,75.32513181,72.47803163,71.59929701,82.14411248,77.60984183,96.80140598,36.87170475,64.56942004,65.30755712,81.01933216,72.51318102,74.90333919,76.94200351,30.4745167,44.85061511,57.50439367,42.35500879,38.10193322,13.9543058,57.85588752,70.82601054,45.94024605,82.39015817,31.14235501,4.253075571
CCCCNC(=O)CN1C(=O)C(C(C)C(=O)O)SC1c1ccncc1,365.455,1.6612,5,2,4,0.6798675637,3,99.6,0,1,0,0.014095321,0.27782196,0.7298251,0.004310768,0.33646578,0.29740283,0.31762877,0.023723848,0.035711396,0.3261977,0.25328925,0.30193633,0.11237894,0.6525749,0.9538719,0.011155676,0.01676539,0.010527183,0.03310656,0.023165818,0.06451655,0.03300989,0.2803879,0.07518377,0.13387772,0.0062101856,0.03741102,0.0069864383,0.020917239,0.25688595,0.15336105,-5.5705924,25.155796,14.663864,-18.756056,-15.768712,1.9113649,-0.98147094,53.696465,-1.7370598,-1.8220425,57.32864675,39.75395431,61.88049209,61.37082601,63.44463972,71.88049209,76.60808436,67.59226714,47.59226714,66.5202109,37.18804921,3.620386643,17.75043937,37.4340949,23.40949033,76.5202109,87.10017575,81.93321617,19.57820738,44.00702988,39.89455185,71.28295255,77.29349736,54.05975395,62.98769772,31.17750439,50.228471,34.55184534,40.14059754,57.25834798,57.99648506,34.4112478,74.58699473,25.51845343,49.84182777,51.52899824,41.93321617,66.32688928,32.30228471,43.05799649,16.16871705,37.82073814,22.3198594,43.69068541,38.98066784,2.355008787,30.61511424,19.47275923,17.89103691,31.03690685,74.69244288,18.91036907
CCCC(Oc1ccc(-n2cc(C)c(C)n2)cc1)C(C)C(=O)O,316.401,3.75734,3,1,4,0.8445077879,2,64.35,0,0,0,0.07632356,0.5393826,0.93103504,0.16917913,0.39069092,0.5213322,0.38819677,0.19026586,0.03906141,0.6440738,0.12932439,0.23601249,0.16642395,0.8636319,0.9953085,0.011222042,0.033469625,0.1480368,0.08291391,0.04260704,0.13786939,0.16486436,0.811118,0.37645474,0.18880169,0.038387716,0.026273703,0.19212684,0.06298247,0.29882318,0.38396588,-4.890057,30.53922,16.992523,-9.745231,-10.700071,2.6824272,1.3169734,92.61017,-3.4460182,0.7364632,45.97539543,73.35676626,32.65377856,36.59050967,63.44463972,94.48154657,69.84182777,42.63620387,47.59226714,25.86994728,37.18804921,21.51142355,35.67662566,90.29876977,62.98769772,80.456942,98.69947276,85.27240773,66.67838313,45.41300527,73.00527241,61.51142355,66.32688928,65.16695958,78.10193322,44.95606327,50.40421793,61.4059754,77.04745167,72.40773286,72.02108963,71.77504394,92.89982425,52.89982425,72.61862917,60.10544815,73.56766257,59.96485062,73.2513181,64.00702988,21.12478032,56.87170475,53.18101933,49.17398946,41.08963093,7.978910369,65.23725835,64.85061511,50.19332162,73.77855888,43.40949033,42.88224956
CCCOC(=O)C=Cc1ccc(OC)c(C(C)C(=O)O)c1,292.331,2.8497,4,1,4,0.6176847169,1,72.83,0,1,0,0.079557836,0.35664696,0.85473526,0.0664198,0.11998645,0.4051814,0.14841568,0.068182275,0.016544785,0.38811332,0.036338486,0.2802381,0.09256813,0.6900883,0.93387127,0.027629202,0.03877891,0.03644725,0.030709933,0.053257287,0.10091063,0.18551192,0.42507377,0.054196298,0.16373858,0.035890967,0.044692162,0.045553274,0.07919111,0.4179213,0.08694892,-4.6536546,31.447424,18.614546,-22.1874,-10.331316,2.652372,0.41394725,84.909706,-2.9402912,-2.8669314,38.20738137,59.05096661,48.55887522,36.59050967,63.44463972,62.49560633,55.32513181,48.66432337,47.59226714,66.5202109,37.18804921,22.53075571,22.53075571,64.71001757,50.12302285,55.00878735,95.46572935,71.42355009,36.83655536,32.16168717,44.95606327,46.22144112,74.23550088,48.68189807,65.13181019,29.0685413,73.67311072,68.01405975,57.92618629,55.99297012,76.62565905,57.29349736,93.98945518,31.00175747,46.67838313,56.73110721,72.51318102,70.228471,53.56766257,68.78734622,36.41476274,29.98242531,70.12302285,49.91212654,43.09314587,1.616871705,67.9086116,63.19859402,36.94200351,61.26537786,53.88400703,10.68541301
COc1ccc(COC(=O)C2(C(C)C(=O)O)CCNCC2)cc1,321.373,1.8289,5,2,4,0.7776772378,1,84.86,0,0,0,0.14833227,0.6926966,0.87426966,0.017449852,0.112807706,0.25329095,0.05223338,0.1422058,0.060049515,0.47539896,0.14334917,0.19677177,0.20779864,0.39103028,0.98970497,0.017931866,0.046840753,0.019836064,0.016295219,0.016422834,0.08309595,0.018180218,0.6995608,0.073350236,0.08212082,0.0089735845,0.013900964,0.013681674,0.02091201,0.4280975,0.2789365,-5.332786,14.478752,-6.630545,-16.73313,-14.080002,2.205178,-1.3494918,50.030106,-1.4614619,-3.3292065,47.27592267,41.89806678,61.88049209,61.37082601,63.44463972,85.90509666,55.32513181,57.92618629,47.59226714,25.86994728,37.18804921,37.50439367,47.52196837,69.80667838,35.53602812,53.84885764,80.456942,55.95782074,59.01581722,52.19683656,52.97012302,63.23374341,58.20738137,70.86115993,49.13884007,39.57820738,63.44463972,74.69244288,49.03339192,47.27592267,49.13884007,47.13532513,66.39718805,44.00702988,49.66608084,39.22671353,48.68189807,47.55711775,38.66432337,43.05799649,37.6801406,48.92794376,29.31458699,30.79086116,17.4340949,2.987697715,40.80843585,35.21968366,13.84885764,28.08435852,77.96133568,8.189806678
CC1CCN(C(=O)NCCC(C(=O)N(C)C)C(C)C(=O)O)CC1,327.425,1.2431,3,2,4,0.7679379311,2,89.95,0,0,0,0.22842884,0.60504776,0.8258213,0.0004230529,0.021790609,0.11263617,0.003952933,0.05542758,0.013937324,0.29652557,0.0040991176,0.1956714,0.11989073,0.18134885,0.91503906,0.011917667,0.021803375,0.0009489929,0.0013103096,0.01275527,0.09077996,0.0045856484,0.40673867,0.007401829,0.04142242,0.0028398256,0.0050125825,0.001004796,0.008711364,0.6604975,0.08114265,-5.2501917,11.53124,-1.5531197,-21.261831,-14.62101,2.259354,-1.04372,32.153564,-0.9624604,-4.9517927,48.6115993,34.58699473,32.65377856,61.37082601,63.44463972,84.53427065,69.84182777,61.1599297,47.59226714,25.86994728,37.18804921,51.3884007,40.59753954,56.90685413,10.33391916,26.64323374,41.54657293,20.03514938,32.16168717,29.66608084,37.18804921,27.80316344,57.96133568,55.74692443,32.12653779,27.4516696,51.91564148,43.86643234,8.576449912,13.4973638,42.63620387,51.3884007,43.83128295,30.29876977,30.79086116,22.60105448,29.42003515,28.08435852,12.89982425,27.62741652,68.29525483,29.31458699,33.42706503,27.41652021,22.77680141,1.757469244,37.4340949,38.55887522,16.94200351,16.09841828,84.07732865,3.444639719
COc1ccc(C(=O)Nc2ccc(C)cc2Cl)cc1C(C)C(=O)O,347.798,4.09742,3,2,4,0.8534486836,1,75.63,0,0,0,0.09209808,0.21404049,0.90763474,0.08438282,0.19546308,0.4756368,0.29925486,0.06172076,0.017869217,0.42859665,0.097075984,0.29540414,0.11580664,0.9450618,0.9656256,0.014983649,0.059529908,0.12226699,0.06784326,0.049352504,0.13666661,0.16439508,0.46987706,0.23487799,0.19148813,0.050843455,0.026787404,0.22542986,0.11747743,0.27852792,0.20008266,-4.916979,18.044243,6.0961356,12.815977,-13.0991335,2.5938172,0.8520153,93.19304,-3.9049263,-1.2896466,52.97012302,78.31282953,32.65377856,61.37082601,63.44463972,95.50087873,55.32513181,51.1599297,47.59226714,25.86994728,37.18804921,25.72934974,14.30579965,82.07381371,53.14586995,64.49912127,97.75043937,80.98418278,34.23550088,33.42706503,48.54130053,57.6801406,76.37961336,54.83304042,89.70123023,32.97012302,58.94551845,81.72231986,73.88400703,69.03339192,75.07908612,71.28295255,92.86467487,32.75922671,64.56942004,60.49209139,77.82073814,60.17574692,75.46572935,75.60632689,18.55887522,42.24956063,51.45869947,34.76274165,30.05272408,45.16695958,47.34622144,59.543058,43.55008787,74.93848858,34.09490334,23.7258348
Cc1ccc(S(=O)(=O)NC(=O)c2ccc(F)cc2C(C)C(=O)O)cc1,365.382,2.44092,4,2,4,0.8475589102,1,100.54,0,0,0,0.0032028616,0.19763651,0.93723375,0.007365984,0.0614586,0.563708,0.14629297,0.013082439,0.004946588,0.17946479,0.023831995,0.45139632,0.03308985,0.955757,0.9554695,0.0049719536,0.0353942,0.0034118542,0.008926371,0.0075555965,0.05053712,0.032499485,0.19524673,0.039906997,0.045856524,0.0016142005,0.0028017946,0.011256933,0.009643252,0.16842528,0.0268629,-5.2350564,-8.641959,-3.8941338,39.597847,-14.207056,2.5419037,-1.3437506,88.04423,-3.1319556,-4.241803,57.22319859,51.31810193,48.55887522,61.37082601,63.44463972,94.83304042,55.32513181,68.11950791,47.59226714,25.86994728,37.18804921,0.8084358524,13.21616872,92.02108963,27.87346221,43.4797891,99.40246046,71.24780316,14.4112478,15.50087873,24.56942004,41.89806678,90.9314587,21.75746924,91.07205624,31.24780316,27.66256591,64.04217926,21.65202109,38.31282953,27.66256591,21.72231986,74.44639719,22.00351494,43.76098418,25.06151142,21.26537786,18.66432337,36.76625659,29.34973638,8.646748682,16.66080844,33.98945518,9.595782074,20.28119508,75.5711775,39.92970123,55.99297012,13.84885764,66.32688928,49.63093146,4.991212654
COc1ccc(C(=O)Nc2ccc(C)cc2C)cc1C(C)C(=O)O,327.38,3.75244,3,2,4,0.8766860113,1,75.63,0,0,0,0.09533584,0.26385015,0.9302567,0.04963226,0.115228534,0.44894916,0.15887101,0.081625,0.014674743,0.4331456,0.070713796,0.22805908,0.1546339,0.91214263,0.9757899,0.0138248205,0.05816539,0.08820395,0.043218493,0.036905948,0.12934437,0.09055432,0.4674726,0.17909685,0.122092865,0.037781153,0.015274471,0.1264647,0.07333695,0.2514496,0.21055098,-5.01117,9.825579,1.965696,-1.7524068,-13.065068,2.6152267,0.3611758,87.81076,-3.4284985,-2.286272,48.54130053,73.28646749,32.65377856,61.37082601,63.44463972,97.46924429,55.32513181,51.1599297,47.59226714,25.86994728,37.18804921,26.39718805,16.55536028,89.94727592,46.78383128,54.20035149,96.94200351,72.40773286,42.07381371,30.33391916,48.96309315,53.74340949,65.02636204,62.91739895,84.28822496,34.6572935,56.30931459,81.26537786,69.771529,60.94903339,68.78734622,69.03339192,86.7486819,32.68892794,60.35149385,49.10369069,73.39191564,49.31458699,67.52196837,67.17047452,15.67662566,43.30404218,44.67486819,25.72934974,26.29173989,19.40246046,47.62741652,61.1599297,35.74692443,65.83479789,43.79613357,14.97363796
Cc1ccc(NS(=O)(=O)c2ccc([N+](=O)[O-])c(C(C)C(=O)O)c2)cc1,364.379,2.89212,5,2,4,0.5992365536,1,126.61,0,2,0,0.029473895,0.19889684,0.9026041,0.03125959,0.32598716,0.47965604,0.44482142,0.021403112,0.048234787,0.33363622,0.13447198,0.5281399,0.050878327,0.96206427,0.96286833,0.008885376,0.028120676,0.01897562,0.038723547,0.020183358,0.092812926,0.04535217,0.27454886,0.13823973,0.11908601,0.0044535175,0.010530429,0.13187066,0.03443665,0.32906282,0.12433199,-5.3091087,7.995201,12.222242,14.22081,-15.086424,2.6414814,-0.19715273,91.1207,-3.3429024,-3.9853458,57.11775044,59.71880492,61.88049209,61.37082601,63.44463972,60.03514938,55.32513181,80.80843585,47.59226714,87.92618629,37.18804921,7.873462214,13.32161687,80,41.44112478,75.85237258,97.78558875,87.83831283,18.31282953,48.64674868,40.38664323,62.21441125,94.62214411,32.58347979,92.44288225,32.47803163,43.83128295,53.77855888,48.68189807,59.43760984,54.51669596,52.72407733,78.80492091,25.27240773,56.87170475,48.75219684,36.87170475,42.14411248,67.9086116,52.86467487,24.81546573,34.20035149,30.40421793,23.23374341,36.20386643,47.66256591,34.83304042,62.60105448,27.4516696,71.42355009,44.85061511,5.799648506
Cc1ccc(C(=O)Nc2ccc(C#N)c(C(C)C(=O)O)c2)cc1,308.337,3.3071,3,2,4,0.9063083219,1,90.19,0,0,0,0.10549122,0.1928058,0.8800725,0.11231466,0.18110764,0.4244604,0.32240796,0.04263372,0.018420903,0.33758864,0.08189581,0.31318176,0.09632255,0.94683444,0.9498271,0.016424816,0.06760087,0.13939372,0.058231734,0.06175934,0.15678462,0.1412789,0.36885732,0.15896973,0.19714071,0.059247542,0.032265674,0.21828024,0.116738856,0.33739692,0.15372054,-4.958169,3.941503,-5.6705756,7.801875,-14.149637,2.5016747,0.031589173,86.44356,-3.843409,-3.6701381,43.12829525,66.01054482,32.65377856,61.37082601,63.44463972,99.50790861,55.32513181,61.37082601,47.59226714,25.86994728,37.18804921,28.75219684,12.89982425,71.6344464,57.46924429,63.16344464,96.06326889,82.07381371,27.69771529,33.77855888,40.77328647,55.28998243,78.87521968,49.59578207,89.98242531,30.86115993,61.12478032,84.95606327,76.41476274,66.81898067,79.57820738,76.5202109,91.42355009,28.99824253,58.91036907,61.05448155,79.40246046,63.26889279,74.97363796,75.46572935,25.51845343,37.89103691,48.33040422,18.41827768,18.45342707,35.85237258,40.38664323,53.9543058,31.28295255,63.4797891,35.18453427,6.713532513
COc1ccc(C(=O)Nc2ccc(C)c(Cl)c2)cc1C(C)C(=O)O,347.798,4.09742,3,2,4,0.8534486836,1,75.63,0,0,0,0.088340275,0.2498875,0.9112359,0.23470154,0.32822523,0.51577854,0.4393044,0.08471831,0.040487736,0.47911578,0.16879416,0.33454195,0.1425145,0.9433387,0.9749174,0.0143108815,0.05432702,0.2108647,0.104154035,0.06431331,0.15942158,0.19355789,0.5845493,0.3111272,0.2483685,0.0651693,0.03739169,0.3392087,0.14905165,0.2836852,0.29642603,-4.898698,11.854675,-2.4962285,28.689762,-13.552055,2.6038651,0.90176666,92.6756,-4.028516,0.30990544,52.97012302,78.31282953,32.65377856,61.37082601,63.44463972,95.50087873,55.32513181,51.1599297,47.59226714,25.86994728,37.18804921,24.71001757,15.74692443,82.95254833,68.3655536,75.88752197,98.66432337,87.62741652,43.0228471,45.94024605,53.4973638,65.30755712,81.54657293,60.66783831,89.45518453,34.55184534,57.57469244,79.2970123,81.79261863,75.88752197,80.31634446,77.22319859,94.27065026,37.60984183,69.27943761,66.67838313,80.456942,66.32688928,80.84358524,79.71880492,19.19156415,50.19332162,52.75922671,27.66256591,21.6168717,67.55711775,44.32337434,60.35149385,44.32337434,73.98945518,31.98594025,38.3831283
COc1ccc(C(=O)Nc2ccc(C)c(C)c2)cc1C(C)C(=O)O,327.38,3.75244,3,2,4,0.8766860113,1,75.63,0,0,0,0.09745466,0.29805166,0.9266264,0.16843125,0.2765929,0.50268584,0.34386796,0.10942187,0.032756764,0.5063962,0.15069969,0.27148685,0.16699246,0.9255622,0.9844247,0.014781391,0.05635954,0.17619903,0.08539657,0.058497082,0.16473576,0.14252427,0.6195022,0.30566674,0.19312885,0.060094815,0.027806628,0.27244318,0.111191235,0.26408237,0.32350248,-5.025998,14.181134,5.252107,4.912853,-13.273529,2.5651484,0.6522242,91.9525,-3.813223,-2.1260266,48.54130053,73.28646749,32.65377856,61.37082601,63.44463972,97.46924429,55.32513181,51.1599297,47.59226714,25.86994728,37.18804921,26.85413005,19.15641476,88.57644991,62.98769772,72.37258348,98.34797891,83.37434095,50.08787346,42.24956063,56.83655536,63.7258348,72.82952548,65.20210896,86.39718805,37.01230228,58.3831283,80.42179262,79.40246046,72.82952548,78.66432337,78.34797891,91.59929701,39.15641476,69.03339192,60.73813708,79.47275923,60.73813708,77.78558875,74.83304042,16.76625659,52.16168717,43.79613357,30.33391916,29.03339192,30.89630931,46.08084359,57.6801406,40.94903339,72.68892794,35.92267135,16.30931459
CCCC(C)NC(=O)Nc1cc(C(C)C(=O)O)cc(C(C)(C)C(=O)O)c1,364.442,3.547,3,4,4,0.5628738982,2,115.73,0,0,0,0.006423096,0.10619956,0.83662874,0.0032312148,0.042647373,0.19996561,0.07478349,0.009025393,0.011024795,0.16221488,0.008507081,0.26709577,0.07581818,0.5617514,0.70225346,0.0038652588,0.02599349,0.0024974723,0.0038921118,0.022176947,0.072807334,0.018684613,0.052464932,0.008663481,0.039376393,0.0020152214,0.0051641166,0.00269798,0.009238962,0.21907258,0.028262472,-5.5803566,-17.030752,-10.445227,9.25752,-17.44172,2.6695137,-1.1757746,66.73765,-2.8353746,-2.4916372,57.18804921,70.08787346,32.65377856,86.90685413,63.44463972,55.3602812,69.84182777,76.53778559,47.59226714,25.86994728,37.18804921,1.757469244,7.978910369,59.75395431,21.37082601,37.89103691,69.70123023,61.51142355,12.30228471,26.25659051,22.84710018,33.42706503,72.16168717,42.67135325,58.24253076,19.71880492,21.8629174,50.50966608,17.01230228,26.5026362,57.18804921,41.26537786,66.92442882,13.77855888,31.88049209,21.47627417,24.00702988,28.71704745,21.68717047,28.71704745,13.18101933,17.39894552,22.17926186,6.11599297,14.44639719,38.48857645,23.86643234,63.97188049,15.74692443,42.77680141,55.60632689,13.28646749
CCCCNC(=O)CN1C(=O)C(C(C)C(=O)O)SC1C1CCCCC1,370.515,2.4738,4,2,4,0.6411205963,3,86.71,0,1,0,0.05119223,0.4913364,0.6841314,0.0047915583,0.19064498,0.25952286,0.13133028,0.057393968,0.077649444,0.51393026,0.13628855,0.3080051,0.1156268,0.3295679,0.91652524,0.023402669,0.018015664,0.0032894295,0.037379798,0.06533851,0.124244295,0.17744823,0.5711069,0.15100352,0.29053968,0.0128572285,0.082990274,0.03870543,0.056375206,0.56770784,0.24621859,-5.180751,54.000683,36.40861,-27.764639,-12.209434,1.8665692,0.41725627,76.24137,-2.966067,-3.6296935,58.62917399,51.95079086,48.55887522,61.37082601,63.44463972,65.51845343,76.60808436,59.15641476,47.59226714,66.5202109,37.18804921,13.46221441,32.23198594,31.28295255,24.07732865,64.25307557,81.82776801,69.91212654,33.04042179,55.92267135,57.60984183,62.42530756,78.06678383,54.6572935,45.23725835,27.62741652,69.94727592,36.76625659,20.91388401,58.87521968,80.42179262,67.59226714,93.67311072,36.83655536,58.1370826,69.80667838,56.48506151,80.84358524,51.59929701,62.14411248,55.92267135,45.97539543,36.83655536,66.64323374,59.08611599,0.7381370826,53.32161687,16.90685413,36.9771529,52.12653779,53.4973638,6.783831283
CSCCN1CCN(c2ccc(F)cc2C(C)C(=O)O)CC1,326.437,2.4988,4,1,4,0.870008546,1,43.78,0,0,0,0.06569018,0.63784885,0.8096312,0.0036990151,0.015034077,0.095083416,0.006615126,0.17658466,0.08983084,0.22457321,0.0025890633,0.1580192,0.16988489,0.10339079,0.91503227,0.008132948,0.031774987,0.0033908852,0.002647126,0.016678875,0.10284623,0.0048495,0.3671262,0.020171827,0.035070904,0.001601203,0.003792854,0.0036518984,0.0062151216,0.5890012,0.18198217,-4.872384,-3.8270576,-6.726989,-4.3407,-12.26239,3.158271,-0.081614256,57.336548,-2.5647857,-2.8251998,48.3655536,52.47803163,48.55887522,36.59050967,63.44463972,97.01230228,55.32513181,26.16871705,47.59226714,25.86994728,37.18804921,18.03163445,43.30404218,52.89982425,22.24956063,21.4059754,35.71177504,26.01054482,64.81546573,58.34797891,30.01757469,24.00702988,48.22495606,65.5887522,19.57820738,27.4516696,41.37082601,58.94551845,21.44112478,21.75746924,49.49033392,58.31282953,45.02636204,28.89279438,38.45342707,19.26186292,21.12478032,22.98769772,25.23725835,23.12829525,58.76977153,40.59753954,54.37609842,12.5483304,17.36379613,15.25483304,52.82952548,87.27592267,29.24428822,33.77855888,60.21089631,11.00175747
CCCCN1CCC(c2ccc(F)cc2C(C)C(=O)O)CC1,307.409,3.9933,2,1,4,0.8635164492,1,40.54,0,0,0,0.021312157,0.7624934,0.7778485,0.004230133,0.010862219,0.10938342,0.006054134,0.27862993,0.29708818,0.29366347,0.0016950627,0.14544359,0.17075881,0.051599078,0.9572083,0.002962247,0.016159208,0.001447694,0.0042367117,0.016076034,0.09187601,0.007949279,0.50475913,0.051016796,0.039092798,0.00039421284,0.004696576,0.012939979,0.003527378,0.63300973,0.318644,-4.836629,-14.252121,-22.93237,11.054296,-10.619612,3.247169,0.14118917,58.49173,-2.3734004,-0.24961086,42.81195079,77.01230228,17.10017575,36.59050967,63.44463972,96.76625659,55.32513181,23.62038664,47.59226714,25.86994728,37.18804921,5.940246046,53.88400703,46.25659051,23.30404218,16.69595782,40.38664323,24.85061511,75.32513181,77.15289982,37.11775044,21.51142355,44.56942004,65.83479789,10.15817223,31.45869947,17.32864675,32.97012302,12.02108963,27.69771529,48.57644991,52.19683656,53.9543058,34.44639719,46.08084359,21.37082601,7.486818981,26.81898067,38.20738137,15.95782074,65.02636204,51.81019332,56.59050967,6.959578207,6.291739895,42.00351494,65.86994728,89.0685413,32.97012302,34.72759227,64.25307557,32.97012302
COc1ccc(NC(=O)C2CN(S(C)(=O)=O)CC2C(C)C(=O)O)cc1,370.427,0.862,5,2,4,0.7679212589,3,113.01,0,0,0,0.47581205,0.41733265,0.8494876,0.0055682743,0.09794556,0.25379258,0.052302927,0.03707031,0.017510738,0.34464282,0.028183207,0.33389997,0.18194656,0.79400814,0.87801826,0.02059903,0.03642931,0.019246187,0.02184423,0.026326302,0.12824067,0.02446598,0.20977685,0.044214416,0.12239368,0.020441692,0.0153493015,0.018766586,0.05924288,0.5132417,0.11373784,-5.5143886,-7.9161825,0.29547423,-10.425209,-16.67196,2.8012326,-0.49579486,56.749073,-2.0372872,-2.9424875,58.48857645,30.40421793,61.88049209,61.37082601,63.44463972,84.53427065,76.60808436,75.51845343,47.59226714,25.86994728,37.18804921,76.9771529,26.92442882,63.26889279,25.30755712,51.49384886,80.56239016,55.95782074,25.37785589,33.11072056,41.37082601,43.69068541,81.47627417,67.27592267,71.73989455,25.44815466,66.95957821,65.3427065,48.75219684,51.49384886,60.63268893,68.92794376,70.79086116,22.60105448,44.78031634,49.20913884,64.81546573,49.38488576,42.03866432,63.0228471,48.78734622,33.00527241,23.4797891,10.05272408,24.71001757,7.732864675,26.64323374,71.98594025,23.69068541,33.39191564,70.57996485,10.19332162
CCOC(=O)C(C)NCCON1CCN(C(C)C(=O)O)CC1,317.386,-0.4501,7,2,4,0.4363891668,2,91.34,0,1,0,0.2818569,0.48979205,0.68075585,0.0011581874,0.03678438,0.031943593,0.007089831,0.07746218,0.014230897,0.11212951,0.0022932617,0.30813068,0.038093437,0.072209,0.72742844,0.009053654,0.025505703,0.0017912965,0.0007726657,0.009541889,0.10410986,0.00048365825,0.23586568,0.0029654775,0.030862663,0.0016151716,0.0012665773,0.00030262241,0.0034016096,0.74801385,0.073169775,-5.406657,22.921429,-6.0976434,-15.194345,-15.651065,1.806147,-1.6289078,16.158203,-0.43403292,-3.07305,46.22144112,18.24253076,79.85940246,61.37082601,63.44463972,37.99648506,69.84182777,62.35500879,47.59226714,66.5202109,37.18804921,58.24253076,32.0913884,30.79086116,14.79789104,35.14938489,16.5202109,26.99472759,40.56239016,29.94727592,17.22319859,22.98769772,78.10193322,25.27240773,13.91915641,20.28119508,44.4288225,49.91212654,13.46221441,8.646748682,34.34094903,58.87521968,12.33743409,23.83128295,22.88224956,16.62565905,21.26537786,10.61511424,5.975395431,15.53602812,78.66432337,28.26010545,26.25659051,41.1599297,18.10193322,3.901581722,31.17750439,14.20035149,11.17750439,7.205623902,90.4745167,9.455184534
C=C(C(=O)OC)C(CCON1CCN(C(C)C(=O)O)CC1)C(C)O,344.408,0.125,7,2,4,0.4495739412,3,99.54,0,1,2,0.34573406,0.5107205,0.6129165,0.0008002239,0.08005655,0.055159748,0.019984541,0.04782415,0.028691024,0.23169585,0.008005972,0.27492684,0.07051658,0.09090932,0.73145854,0.030914266,0.02356504,0.0016798662,0.0029208816,0.030495549,0.109075464,0.007582861,0.23325484,0.008840575,0.09919307,0.010477372,0.014864169,0.0014271456,0.022911787,0.75992113,0.107806966,-5.3923187,18.09055,7.3628144,-19.490494,-16.53953,2.25903,-1.0612248,29.35809,-1.1812797,-4.528163,52.44288225,24.04217926,79.85940246,61.37082601,63.44463972,39.61335677,76.60808436,67.4516696,47.59226714,66.5202109,95.07908612,64.8857645,33.56766257,23.62038664,12.75922671,48.01405975,23.86643234,41.33567663,29.38488576,40.63268893,31.00175747,32.93497364,73.2513181,40.66783831,17.71528998,20.35149385,75.85237258,46.95957821,13.18101933,22.91739895,63.93673111,60.98418278,53.18101933,23.7258348,32.05623902,43.97188049,52.16168717,48.64674868,15.92267135,44.8857645,80.21089631,32.26713533,27.02987698,34.76274165,31.24780316,2.249560633,27.17047452,38.55887522,16.76625659,14.48154657,81.51142355,4.147627417
CC(Cn1cncn1)NCCON1CCN(C(C)C(=O)O)CC1,326.401,-0.7215,7,2,4,0.5740833203,2,95.75,0,1,0,0.15810737,0.22455554,0.6387207,0.00021305133,0.038836278,0.020346355,0.019367004,0.02830701,0.010246461,0.089118816,0.015862038,0.35079205,0.0451048,0.2643442,0.89756906,0.002220166,0.011011334,0.0026350548,0.0011704789,0.004015021,0.048777074,5.17E-05,0.08444167,0.0015223449,0.026976984,0.00054143975,0.0011468091,0.00012659086,0.0022599702,0.43274432,0.11692965,-6.034177,3.7428367,-10.097565,-9.4573145,-20.542631,1.9746555,-2.133118,2.8781648,-0.714639,-2.2209373,48.33040422,16.37961336,79.85940246,61.37082601,63.44463972,56.90685413,69.84182777,65.23725835,47.59226714,66.5202109,37.18804921,39.15641476,14.76274165,25.97539543,8.471001757,36.23901582,12.72407733,40.77328647,22.03866432,25.23725835,14.27065026,38.48857645,83.19859402,29.66608084,40.52724077,26.15114236,12.97012302,20.66783831,17.53954306,12.40773286,14.51669596,20.17574692,4.46397188,16.48506151,17.57469244,14.6572935,9.27943761,10.19332162,3.796133568,10.89630931,38.3831283,33.32161687,13.4973638,18.17223199,14.76274165,8.224956063,15.74692443,22.46045694,7.803163445,3.0228471,87.24077329,15.43057996
CCOP(=O)(OCC)C(C)NCCON1CCN(C(C)C(=O)O)CC1,381.41,1.2104,8,2,4,0.3814989252,2,100.57,0,2,0,0.3564003,0.37608957,0.7323826,0.00019812286,0.028726876,0.026943332,0.0066915117,0.07474188,0.0070517845,0.16798638,0.009720315,0.15746906,0.060086273,0.1331534,0.8920888,0.0065675103,0.03006282,0.0015213465,0.0012943263,0.009032942,0.09696193,0.00050423766,0.27736315,0.010027388,0.032582887,0.0014391429,0.0012623284,0.0005678813,0.004001104,0.63902795,0.11859287,-5.711133,3.237123,-6.147079,-8.775701,-17.161472,2.3786612,-1.5515168,5.781047,-0.09267597,-2.5034726,61.01933216,34.27065026,84.51669596,61.37082601,63.44463972,30.75571178,69.84182777,68.11950791,47.59226714,87.92618629,37.18804921,66.22144112,23.83128295,37.75043937,8.400702988,31.10720562,14.69244288,26.22144112,39.50790861,20.52724077,23.40949033,34.37609842,47.9086116,36.34446397,24.4288225,25.94024605,35.3602812,56.69595782,12.51318102,13.32161687,32.61862917,55.21968366,12.68892794,25.51845343,33.07557118,17.85588752,19.82425308,10.61511424,9.173989455,17.36379613,66.18629174,33.42706503,19.26186292,17.46924429,17.99648506,8.963093146,24.78031634,45.5887522,11.91564148,3.866432337,93.07557118,13.21616872
COC(=O)CC(C)NCCON1CCN(C(C)C(=O)O)CC1,317.386,-0.4501,7,2,4,0.4363891668,2,91.34,0,1,0,0.27269283,0.48690638,0.6635488,0.0007417095,0.031451177,0.023174684,0.0062205503,0.07351029,0.012271094,0.09959165,0.002002249,0.29439133,0.034712546,0.056926083,0.7384929,0.007457851,0.022474984,0.0012209764,0.0006382883,0.0076150335,0.09702231,0.00022218346,0.21596916,0.0032120296,0.024583517,0.0010190152,0.00085735245,0.0001825537,0.0022721197,0.76413316,0.07898407,-5.531953,14.931885,-8.178069,-12.120021,-16.635773,1.888232,-1.8124638,13.716934,-0.8403617,-3.5779202,46.22144112,18.24253076,79.85940246,61.37082601,63.44463972,37.99648506,69.84182777,62.35500879,47.59226714,66.5202109,37.18804921,57.4340949,31.98594025,28.43585237,12.47803163,32.68892794,13.81370826,25.06151142,39.05096661,27.55711775,15.21968366,22.46045694,76.23901582,22.95254833,10.9314587,20.59753954,39.15641476,45.02636204,10.26362039,7.521968366,27.83831283,55.25483304,7.69771529,22.88224956,23.62038664,12.86467487,15.67662566,8.400702988,4.428822496,11.03690685,80.94903339,29.03339192,23.12829525,31.24780316,16.20386643,6.010544815,26.78383128,18.34797891,9.806678383,5.940246046,85.51845343,6.924428822
CC(NCCON1CCN(C(C)C(=O)O)CC1)c1nnnn1C(C)(C)C,369.47,0.101,8,2,4,0.616699364,2,108.64,0,1,0,0.46966943,0.38412255,0.7534987,0.00070367026,0.18655086,0.029441884,0.03756576,0.03967198,0.02556529,0.2635218,0.022654336,0.30866563,0.034430057,0.29892024,0.89679563,0.010338256,0.014486546,0.001469448,0.0025961688,0.020414164,0.10098052,0.0015988022,0.42495522,0.00990111,0.07689749,0.0038255644,0.0025615126,0.0015372088,0.010909006,0.6900008,0.16479173,-5.903071,18.582043,22.648508,-24.867336,-18.769444,2.3824105,-0.7938017,42.469032,-2.033031,-2.932907,58.31282953,23.86643234,84.51669596,61.37082601,63.44463972,62.3198594,69.84182777,73.11072056,47.59226714,66.5202109,37.18804921,76.55536028,24.21792619,41.33567663,12.23198594,63.76098418,15.50087873,51.07205624,26.29173989,39.12126538,34.13005272,41.58172232,78.20738137,22.67135325,42.95254833,26.11599297,48.3655536,29.66608084,12.0913884,21.47627417,54.86818981,57.32864675,24.53427065,31.00175747,32.93497364,37.36379613,34.23550088,17.46924429,16.2741652,31.03690685,71.66959578,38.73462214,15.85237258,35.46572935,47.24077329,1.124780316,19.50790861,45.76449912,19.89455185,22.3198594,70.72056239,10.26362039
CC(NCCON1CCN(C(C)C(=O)O)CC1)c1cccnc1,322.409,0.7545,6,2,4,0.6840209773,2,77.93,0,1,0,0.05248766,0.31361827,0.69126016,0.00090157194,0.02572589,0.043515593,0.015240945,0.07885996,0.025738064,0.10949786,0.01551761,0.26938885,0.056470506,0.18015978,0.88593876,0.0030295525,0.01939303,0.0033498711,0.001628036,0.0047447793,0.055915844,0.00018658098,0.17942084,0.0059867436,0.02094588,0.0004674207,0.0013859691,0.0004335382,0.0012646007,0.44887432,0.18555376,-5.733275,2.907415,-15.527697,-4.4598517,-17.111883,2.1397548,-1.7958393,12.8352785,-0.54723644,-0.60674703,47.34622144,29.56063269,72.46045694,61.37082601,63.44463972,72.51318102,69.84182777,52.68892794,47.59226714,66.5202109,37.18804921,13.88400703,20.03514938,32.23198594,13.4973638,29.27943761,20.24604569,37.50439367,41.08963093,39.2970123,16.66080844,38.31282953,72.47803163,34.79789104,32.05623902,25.76449912,17.89103691,39.40246046,21.19507909,15.85237258,17.4340949,26.39718805,7.065026362,21.33567663,28.54130053,10.40421793,8.435852373,11.45869947,7.592267135,6.432337434,40.14059754,40.91388401,18.73462214,17.15289982,11.42355009,14.93848858,25.09666081,30.65026362,9.912126538,5.623901582,89.20913884,29.59578207
COC(CCON1CCN(C(C)C(=O)O)CC1)n1c(=O)cc[nH]c1=O,356.379,-0.906,7,2,4,0.615038669,2,117.1,0,0,0,0.16084054,0.30828393,0.7349666,9.00E-05,0.01081078,0.06428639,0.0052323607,0.011696307,0.0081563145,0.10231353,0.0010510092,0.19391349,0.09847351,0.38201597,0.6302269,0.01076219,0.034589954,0.000689069,0.00086699834,0.008373725,0.10085781,0.0014415468,0.03591328,0.0041701393,0.026883256,0.0019358431,0.0023686136,0.00026729656,0.0101129,0.4600122,0.03433527,-5.732623,5.532933,-13.841388,-7.7861166,-20.173275,1.6464765,-2.064914,17.002428,-1.1870322,-2.3034167,54.86818981,15.50087873,79.85940246,61.37082601,63.44463972,62.14411248,69.84182777,77.11775044,47.59226714,25.86994728,37.18804921,39.47275923,19.78910369,38.27768014,6.783831283,16.59050967,26.25659051,22.98769772,13.91915641,22.60105448,15.78207381,18.34797891,57.57469244,50.33391916,48.75219684,17.78558875,49.13884007,62.88224956,7.451669596,9.490333919,30.57996485,57.18804921,23.40949033,12.30228471,25.69420035,14.58699473,23.55008787,16.44991213,5.553602812,29.87697715,41.79261863,19.71880492,18.76977153,20.31634446,12.37258348,10.08787346,16.69595782,8.752196837,8.154657293,7.521968366,81.47627417,14.86818981
CC(NCCON1CCN(C(C)C(=O)O)CC1)c1cccc(F)c1,339.411,1.4986,5,2,4,0.6999841056,2,65.04,0,1,0,0.1838459,0.6128447,0.68043506,0.013272514,0.09163867,0.050484926,0.024391595,0.20995435,0.20390758,0.18161826,0.022186141,0.32260877,0.08306181,0.08206928,0.8844026,0.007002437,0.029744308,0.008134642,0.004461061,0.01202893,0.11471988,0.0011973233,0.4531873,0.024320945,0.04516952,0.0018096104,0.0023884987,0.002976853,0.0039129173,0.70916253,0.42342252,-5.4353766,13.461447,-7.8991327,-6.5190086,-14.908177,2.1800604,-0.86094874,36.310356,-1.3277601,-0.22212514,51.35325132,37.46924429,61.88049209,61.37082601,63.44463972,75.18453427,69.84182777,43.19859402,47.59226714,66.5202109,37.18804921,44.07732865,41.19507909,30.65026362,32.97012302,50.43936731,22.63620387,44.60456942,69.17398946,71.45869947,24.81546573,41.37082601,79.92970123,45.62390158,15.88752197,25.69420035,37.04745167,56.09841828,35.5711775,28.6115993,40.49209139,63.65553603,21.1599297,32.0913884,39.92970123,24.60456942,22.91739895,16.55536028,22.67135325,17.04745167,73.98945518,58.62917399,25.55360281,29.63093146,16.41476274,11.66959578,35.60632689,33.39191564,19.19156415,18.31282953,79.68365554,33.21616872
CC(NCCON1CCN(C(C)C(=O)O)CC1)c1ccccn1,322.409,0.7545,6,2,4,0.6840209773,2,77.93,0,1,0,0.14646378,0.43359977,0.6614727,0.0016607279,0.035067335,0.033281118,0.009536945,0.102507494,0.036996737,0.099319145,0.0058413306,0.33328637,0.05299946,0.082030505,0.8046605,0.0052930387,0.02430688,0.0035281493,0.001817907,0.0070893667,0.08165996,0.00033230818,0.19982263,0.004955099,0.02737986,0.0008964508,0.0012805026,0.00056025723,0.0022373062,0.6432627,0.16913998,-5.6397734,8.890398,-10.946932,-8.876459,-16.568357,2.115582,-1.5670332,19.063076,-0.7767841,-1.8065021,47.34622144,29.56063269,72.46045694,61.37082601,63.44463972,72.51318102,69.84182777,52.68892794,47.59226714,66.5202109,37.18804921,37.18804921,28.08435852,28.26010545,16.76625659,34.30579965,16.87170475,30.9314587,48.11950791,44.46397188,15.21968366,30.68541301,81.37082601,33.39191564,15.88752197,22.70650264,29.27943761,48.3655536,22.17926186,17.39894552,26.0456942,46.5026362,9.771528998,22.28471002,26.88927944,15.00878735,14.05975395,10.68541301,8.927943761,10.89630931,66.64323374,39.15641476,20.66783831,24.28822496,14.16520211,8.752196837,27.06502636,29.45518453,11.73989455,8.506151142,86.53778559,19.01581722
CC(NCCON1CCN(C(C)C(=O)O)CC1)c1ccccc1F,339.411,1.4986,5,2,4,0.6999841056,2,65.04,0,1,0,0.1790842,0.6326276,0.67683053,0.011078535,0.101980664,0.051617306,0.024249304,0.19559583,0.21050894,0.18418288,0.018473534,0.32412493,0.08143981,0.077961735,0.89131844,0.006917884,0.028365279,0.0068956614,0.004032885,0.012468494,0.116172075,0.0013605151,0.44613308,0.024009593,0.044881415,0.001926009,0.0025321108,0.002692876,0.003969036,0.7210084,0.4191131,-5.4290457,11.660795,-7.311657,-10.819632,-14.799059,2.272676,-0.94617593,33.55326,-1.240363,-1.7674545,51.35325132,37.46924429,61.88049209,61.37082601,63.44463972,75.18453427,69.84182777,43.19859402,47.59226714,66.5202109,37.18804921,42.88224956,42.74165202,30.26362039,31.31810193,52.19683656,22.88224956,44.49912127,67.2056239,71.81019332,25.13181019,39.75395431,80.21089631,45.02636204,15.07908612,25.94024605,36.69595782,54.09490334,32.86467487,26.85413005,41.93321617,64.39367311,22.77680141,31.98594025,39.89455185,24.4288225,23.55008787,17.32864675,21.65202109,17.29349736,75.25483304,58.45342707,25.72934974,27.4516696,16.83655536,7.486818981,36.41476274,39.36731107,18.27768014,16.9771529,81.12478032,19.2970123
CC(NCCON1CCN(C(C)C(=O)O)CC1)c1ccncc1,322.409,0.7545,6,2,4,0.6840209773,2,77.93,0,1,0,0.08534798,0.3553783,0.6497487,0.006720719,0.13998345,0.052085757,0.103745624,0.10681389,0.087345175,0.1626297,0.12561402,0.31090644,0.09062321,0.2376667,0.9553665,0.0049815387,0.024039242,0.015260899,0.0074780313,0.009385146,0.07159468,0.00044999263,0.2686246,0.029481059,0.053016424,0.0014363051,0.0036956072,0.0016421257,0.0032606279,0.4168175,0.42992392,-5.779569,1.665876,-14.722852,-3.5004692,-17.571264,2.1746104,-1.7551279,14.252286,-0.67195696,-0.51858443,47.34622144,29.56063269,72.46045694,61.37082601,63.44463972,72.51318102,69.84182777,52.68892794,47.59226714,66.5202109,37.18804921,23.93673111,22.46045694,26.95957821,26.99472759,58.20738137,22.98769772,66.25659051,49.24428822,57.99648506,22.84710018,61.1599297,78.48857645,48.26010545,38.31282953,31.24780316,27.69771529,48.04920914,45.79964851,35.8172232,33.91915641,40.24604569,11.66959578,25.16695958,41.47627417,28.71704745,19.82425308,22.39015817,16.76625659,15.14938489,36.37961336,59.08611599,17.6801406,16.16871705,11.84534271,16.48506151,23.51493849,33.00527241,10.228471,6.25659051,87.76801406,30.50966608
CC(O)C(CCON1CCN(C(C)C(=O)O)CC1)Cn1ccnn1,341.412,-0.3125,7,2,4,0.6301733055,3,103.95,0,0,0,0.17803058,0.3618915,0.6829924,0.00046037944,0.04426756,0.055305503,0.026075583,0.029362071,0.022412078,0.15674427,0.008443234,0.30023122,0.07823362,0.20130174,0.83620214,0.0075922287,0.014393875,0.0017629706,0.002189454,0.013584323,0.081664644,0.002704652,0.13546291,0.0065915226,0.05415662,0.0020789406,0.0052490598,0.0011293312,0.0074012885,0.589886,0.10136481,-5.8089175,6.6347404,-8.708359,-10.753675,-19.28284,2.0631886,-1.6072077,17.185995,-0.967482,-1.1367834,51.91564148,19.12126538,79.85940246,61.37082601,63.44463972,64.14762742,76.60808436,70.08787346,47.59226714,25.86994728,37.18804921,42.74165202,22.77680141,31.07205624,10.65026362,38.52372583,23.86643234,45.69420035,22.42530756,36.80140598,22.39015817,33.32161687,76.9771529,43.65553603,34.55184534,23.76098418,39.64850615,29.34973638,13.46221441,19.57820738,44.4288225,46.5026362,34.37609842,19.05096661,29.45518453,29.45518453,24.39367311,29.13884007,13.84885764,25.51845343,59.05096661,31.73989455,17.39894552,21.72231986,15.95782074,7.521968366,18.20738137,26.43233743,11.35325132,7.62741652,83.93673111,24.67486819
CCS(=O)(=O)CC(CCON1CCN(C(C)C(=O)O)CC1)OC,352.453,-0.1515,7,1,4,0.5797447917,2,96.38,0,0,0,0.5491065,0.48415518,0.7080044,6.37E-05,0.013580573,0.03851082,0.002657963,0.03995449,0.00469444,0.15951693,0.0010732209,0.2911492,0.048120048,0.09960071,0.73911816,0.019768339,0.019737763,0.000340247,0.0010793323,0.014641832,0.11674631,0.0012851891,0.19707635,0.0056511015,0.058633246,0.0026634072,0.0051974105,0.00037781286,0.011897728,0.80264235,0.04571102,-5.39395,16.930132,-8.810387,-4.7439117,-16.333445,1.5855598,-1.7467463,11.9835,-0.6586918,-3.5222702,53.88400703,20.87873462,79.85940246,36.59050967,63.44463972,57.6801406,69.84182777,65.83479789,47.59226714,25.86994728,37.18804921,82.77680141,31.56414763,34.44639719,6.291739895,20.14059754,18.73462214,16.16871705,26.60808436,14.79789104,22.53075571,18.34797891,75.64147627,31.35325132,18.94551845,20.66783831,65.76449912,39.85940246,5.518453427,11.56414763,46.36203866,64.71001757,22.21441125,22.14411248,28.11950791,31.03690685,28.68189807,28.82249561,6.889279438,33.00527241,85.20210896,23.33919156,26.95957821,33.42706503,15.8172232,14.37609842,27.94376098,7.170474517,10.36906854,5.377855888,87.80316344,7.311072056
CCC(CCON1CCN(C(C)C(=O)O)CC1)N(C)C(=O)OC,331.413,0.8756,6,1,4,0.7066016408,2,82.55,0,0,0,0.19812647,0.50339323,0.7242087,0.00062010775,0.055566825,0.062420107,0.015823249,0.07167483,0.0223446,0.1991358,0.0053774705,0.25029737,0.06855236,0.10701366,0.8692247,0.009972673,0.022212237,0.0013272224,0.0014608817,0.015751395,0.10804675,0.00288411,0.3538196,0.009093796,0.047797482,0.0027682725,0.003874587,0.00094108173,0.005577831,0.7302555,0.10392003,-5.20641,23.487228,1.3348881,-14.96623,-14.234177,2.118113,-1.0849568,25.11015,-0.816332,-3.1261945,49.49033392,30.61511424,72.46045694,36.59050967,63.44463972,76.20386643,69.84182777,55.88752197,47.59226714,25.86994728,37.18804921,46.60808436,33.18101933,36.83655536,11.81019332,41.65202109,25.79964851,37.89103691,38.17223199,36.80140598,26.60808436,29.80667838,68.75219684,40.07029877,20.28119508,24.71001757,47.34622144,44.6397188,11.17750439,14.55184534,48.11950791,60.59753954,35.64147627,28.18980668,32.23198594,26.08084359,29.0685413,23.4797891,12.37258348,21.75746924,76.41476274,32.0913884,35.50087873,42.07381371,25.5887522,4.007029877,39.68365554,29.63093146,16.5202109,12.02108963,85.79964851,9.244288225
COC(=O)NC(CCON1CCN(C(C)C(=O)O)CC1)C(C)C,331.413,0.7794,6,2,4,0.6788972789,2,91.34,0,0,0,0.15637308,0.50842476,0.77593565,0.0012808696,0.077264965,0.06885171,0.024547711,0.07632545,0.025060588,0.1918269,0.0057704626,0.26261288,0.06385717,0.1504257,0.90453273,0.008087115,0.022650229,0.002133689,0.0016569473,0.015875444,0.116419256,0.0029955185,0.38934678,0.010283276,0.046933778,0.00257299,0.0033779112,0.00152606,0.0052737067,0.66663677,0.10954233,-5.450109,10.836032,-3.4839053,-11.975718,-15.572355,2.1380582,-1.0820371,28.07699,-1.0797765,-2.1076152,49.49033392,29.73637961,72.46045694,61.37082601,63.44463972,71.77504394,69.84182777,62.35500879,47.59226714,25.86994728,37.18804921,39.01581722,33.4973638,46.01054482,15.18453427,47.4516696,27.69771529,44.6397188,40.10544815,38.62917399,25.86994728,30.54481547,71.24780316,38.34797891,27.73286467,26.57293497,41.26537786,45.37785589,14.97363796,16.09841828,48.29525483,64.53427065,36.20386643,29.66608084,33.28646749,25.41300527,27.97891037,21.12478032,16.20386643,20.98418278,69.17398946,32.44288225,25.06151142,26.92442882,20.66783831,6.11599297,31.59929701,30.50966608,16.55536028,13.9543058,82.49560633,16.5202109
CC(C(=O)O)N1CCN(OCCC(=O)C(C)(O)Cn2cnnc2)CC1,355.395,-0.9894,8,2,4,0.5748752066,2,121.02,0,0,0,0.32912263,0.28904337,0.6801751,8.62E-05,0.026921526,0.045329835,0.01619902,0.016126066,0.01022965,0.14823028,0.006767801,0.23068926,0.08859952,0.35576457,0.7941449,0.006727124,0.01391277,0.0011364247,0.0015582514,0.009822017,0.06999895,0.00077757373,0.053886555,0.0037115864,0.045098525,0.0020472151,0.005092224,0.0002453341,0.012930277,0.48798665,0.058689512,-6.075972,6.91405,2.3829098,-17.118837,-21.766232,2.123494,-1.8331642,8.066919,-0.83678657,-4.00419,54.72759227,14.90333919,84.51669596,61.37082601,63.44463972,56.94200351,69.84182777,79.19156415,47.59226714,25.86994728,37.18804921,63.16344464,18.48857645,30.57996485,6.783831283,30.08787346,21.05448155,38.20738137,15.5711775,25.23725835,21.72231986,31.52899824,65.44815466,47.73286467,46.95957821,22.39015817,35.95782074,28.08435852,9.630931459,15.39543058,35.07908612,39.26186292,16.16871705,13.91915641,24.74516696,24.56942004,24.25307557,28.47100176,5.237258348,34.30579965,44.95606327,26.08084359,12.75922671,21.96836555,26.53778559,2.741652021,13.56766257,29.80667838,9.771528998,4.358523726,85.65905097,5.799648506
CCC(CCON1CCN(C(C)C(=O)O)CC1)NS(=O)(=O)CCl,371.887,0.2931,6,2,4,0.5323888233,2,99.18,0,1,1,0.73263323,0.51158,0.5641686,0.0006513966,0.089033276,0.047507863,0.01930584,0.03920249,0.02741851,0.23693375,0.008114863,0.5152093,0.073467076,0.14520328,0.55626047,0.0346124,0.013282454,0.0015496552,0.0038964972,0.04134918,0.13757232,0.00655724,0.17600735,0.010200167,0.18646796,0.017878985,0.02013036,0.0018705854,0.053465843,0.86062956,0.10845399,-5.7295237,10.826979,5.6222067,-9.810176,-16.911993,2.1515718,-1.0430921,27.534878,-1.2155559,-3.0000439,59.12126538,25.37785589,72.46045694,61.37082601,63.44463972,50.75571178,69.84182777,67.27592267,47.59226714,66.5202109,83.09314587,92.51318102,33.56766257,20.35149385,11.88049209,49.80667838,21.72231986,40.73813708,26.08084359,40.14059754,31.49384886,33.11072056,94.30579965,41.82776801,26.7486819,16.48506151,77.53954306,26.46748682,12.61862917,26.53778559,71.14235501,71.66959578,50.43936731,21.08963093,33.2513181,59.89455185,62.28471002,55.25483304,18.1370826,61.4059754,91.07205624,32.30228471,18.8400703,26.92442882,29.56063269,7.978910369,25.90509666,31.77504394,16.94200351,13.74340949,81.26537786,9.771528998
C=CS(=O)(=O)NC(CC)CCON1CCN(C(C)C(=O)O)CC1,349.453,0.2403,6,2,4,0.5827114292,2,99.18,0,0,0,0.4050129,0.45796576,0.5907418,0.00067462854,0.0797531,0.052855738,0.024588043,0.050103653,0.024159495,0.18845198,0.008625132,0.39744195,0.054228883,0.10373952,0.6950346,0.023488369,0.018624272,0.0013210452,0.0032145686,0.028894076,0.12938815,0.004462258,0.22605415,0.011810001,0.11204128,0.0056422153,0.0111955395,0.0010604204,0.015857698,0.78380287,0.109753564,-5.6938353,10.778486,5.7245793,-11.406406,-16.527378,2.1456883,-0.9334191,30.956097,-1.3535974,-3.296296,53.39191564,24.8857645,72.46045694,61.37082601,63.44463972,57.96133568,69.84182777,67.27592267,47.59226714,25.86994728,37.18804921,70.72056239,29.87697715,21.82776801,12.0913884,47.97891037,23.26889279,44.67486819,30.26362039,38.17223199,25.5887522,33.53251318,87.4516696,33.84885764,19.68365554,19.47275923,70.08787346,37.71528998,11.07205624,24.00702988,62.60105448,69.03339192,43.51493849,23.37434095,34.44639719,47.27592267,40.21089631,43.16344464,13.2513181,37.64499121,83.44463972,32.5483304,19.75395431,26.88927944,29.59578207,6.818980668,27.24077329,31.07205624,18.52372583,15.3602812,79.36731107,8.330404218
CCC(CCON1CCN(C(C)C(=O)O)CC1)NC(=O)OC,317.386,0.5334,6,2,4,0.674625492,2,91.34,0,0,0,0.19169447,0.5478288,0.77529687,0.0010957271,0.047703438,0.06640601,0.012842318,0.07156168,0.01798813,0.15845622,0.0029318954,0.26208574,0.06345324,0.14203969,0.8928052,0.008891584,0.024278484,0.0019527951,0.0011457509,0.011679279,0.10734688,0.0018091176,0.31663516,0.007450658,0.037619747,0.0022431226,0.0027089373,0.00069746445,0.0050376495,0.6784879,0.0809938,-5.480891,10.098835,-7.2532897,-10.572382,-15.785869,2.0565681,-1.3112265,23.516306,-0.84115016,-1.9310796,46.22144112,27.4516696,72.46045694,61.37082601,63.44463972,70.89630931,69.84182777,62.35500879,47.59226714,25.86994728,37.18804921,45.44815466,36.41476274,45.90509666,14.44639719,39.68365554,26.99472759,35.50087873,38.17223199,33.46221441,22.49560633,24.8857645,71.14235501,37.99648506,26.0456942,25.94024605,43.83128295,48.3655536,14.20035149,12.26713533,39.82425308,60.31634446,26.15114236,26.85413005,30.86115993,20.7029877,25.3427065,18.06678383,10.4745167,20.31634446,70.61511424,29.24428822,24.21792619,26.11599297,16.90685413,7.62741652,30.50966608,26.22144112,14.27065026,11.10720562,85.51845343,17.99648506
CC=C(CCON1CCN(C(C)C(=O)O)CC1)NC(=O)OC,315.37,0.6586,6,2,4,0.7127844796,1,91.34,0,0,0,0.2423933,0.56775975,0.7759707,0.0017012004,0.040294714,0.062253606,0.009983428,0.06569799,0.025246302,0.16932882,0.0028824885,0.24771003,0.07528827,0.13399872,0.8404724,0.012975698,0.030952374,0.0025485838,0.0011981388,0.013095677,0.10401516,0.001499779,0.25931183,0.0047308234,0.036579914,0.0031161355,0.0032422352,0.000661585,0.007927614,0.659603,0.07559962,-5.373887,14.542929,-2.7862442,-15.761597,-15.300028,1.9868679,-1.2721088,32.369076,-1.0365841,-2.631749,45.62390158,28.6115993,72.46045694,61.37082601,63.44463972,76.94200351,55.32513181,62.35500879,47.59226714,25.86994728,37.18804921,53.46221441,38.06678383,46.0456942,16.80140598,36.87170475,25.76449912,31.81019332,35.5711775,38.87521968,23.51493849,24.85061511,68.04920914,42.53075571,24.49912127,23.86643234,54.23550088,57.82073814,17.11775044,12.72407733,43.26889279,58.8400703,23.86643234,24.67486819,26.53778559,20.17574692,30.68541301,20.73813708,10.05272408,26.22144112,68.29525483,28.54130053,27.59226714,30.82601054,21.47627417,3.409490334,33.60281195,23.12829525,14.62214411,16.30931459,82.88224956,12.0913884
Cc1[nH]c2ccncc2c(=O)c1CCON1CCN(C(C)C(=O)O)CC1,360.414,0.79632,6,2,4,0.7858946216,1,98.76,0,0,0,0.21736181,0.5315614,0.8003538,0.022647267,0.09558741,0.16031119,0.09572426,0.097680815,0.060048264,0.33916736,0.10970132,0.24498737,0.40840977,0.6306109,0.97281617,0.015664916,0.040380124,0.053755127,0.009870845,0.014327308,0.083579294,0.003454589,0.28444687,0.04153212,0.07146396,0.01297719,0.010855326,0.003651845,0.031338975,0.28530312,0.41098484,-5.838764,1.9412887,-4.142543,-8.655179,-19.853928,2.2819924,-1.1287448,43.12694,-2.0551238,0.36306936,56.09841828,29.80667838,72.46045694,61.37082601,63.44463972,87.10017575,55.32513181,66.88927944,47.59226714,25.86994728,37.18804921,49.5254833,35.18453427,50.61511424,38.3831283,50.89630931,59.47275923,65.20210896,46.99472759,52.19683656,41.01933216,59.50790861,67.80316344,86.99472759,62.00351494,34.13005272,60.03514938,69.56063269,63.7258348,40.21089631,45.79964851,47.34622144,39.05096661,25.65905097,44.28822496,35.07908612,56.59050967,42.67135325,25.23725835,51.56414763,19.2970123,58.1370826,16.73110721,16.34446397,19.92970123,9.103690685,17.29349736,39.71880492,16.2741652,22.77680141,70.29876977,38.73462214
Cc1[nH]c2ccc(F)c(F)c2c1CCON1CCN(C(C)C(=O)O)CC1,367.396,2.31932,4,2,4,0.8201747937,1,68.8,0,0,0,0.46079668,0.77261347,0.8164339,0.3388109,0.3734176,0.18951342,0.18787467,0.3008736,0.3919108,0.51729244,0.22046109,0.33687338,0.35648626,0.41894418,0.97540414,0.032738026,0.045937154,0.16638556,0.03541081,0.03461627,0.13209811,0.024022859,0.7216029,0.18984649,0.16201302,0.032588597,0.021996275,0.04048373,0.064641275,0.59429586,0.6710478,-5.0174804,11.911478,-1.1975574,-1.1728464,-14.025647,2.6782098,0.43440127,65.40252,-2.4481049,1.9198049,57.75043937,48.96309315,48.55887522,61.37082601,63.44463972,91.59929701,55.32513181,45.62390158,47.59226714,25.86994728,37.18804921,75.64147627,54.6572935,54.37609842,74.48154657,79.05096661,67.48681898,74.76274165,76.94200351,81.37082601,57.99648506,69.03339192,81.8629174,83.51493849,50.9314587,34.62214411,76.48506151,74.13005272,78.66432337,58.48857645,66.85413005,69.94727592,70.65026362,45.48330404,61.51142355,56.41476274,71.07205624,56.90685413,52.02108963,64.6397188,59.64850615,70.75571178,44.4288225,27.76801406,23.12829525,20.14059754,41.12478032,64.53427065,37.08260105,41.37082601,62.53075571,54.51669596
COc1ccccc1C(CCON1CCN(C(C)C(=O)O)CC1)C(C)O,366.458,1.572,6,2,4,0.6863795618,3,82.47,0,0,0,0.0915347,0.5981368,0.782817,0.0075307563,0.19295914,0.12158946,0.08588596,0.13374119,0.14528531,0.3729528,0.07251133,0.25386363,0.11192898,0.21167417,0.9729816,0.006244221,0.018597782,0.007560591,0.008887258,0.017969325,0.096019015,0.012002433,0.5680381,0.103778854,0.077942684,0.0032611354,0.008664341,0.010240177,0.00793566,0.5922664,0.44594222,-5.4408107,9.4727,-2.9444442,-12.853335,-16.13088,2.406917,-0.5385179,39.857155,-1.5788988,-3.0587692,57.50439367,38.8400703,72.46045694,61.37082601,63.44463972,72.82952548,76.60808436,55.88752197,47.59226714,25.86994728,37.18804921,25.62390158,40.14059754,47.31107206,28.04920914,64.39367311,45.97539543,63.62038664,57.25834798,66.88927944,43.4797891,53.9543058,69.56063269,53.9543058,35.74692443,34.13005272,33.9543058,37.64499121,34.30579965,38.27768014,51.59929701,54.72759227,60.98418278,36.76625659,53.28646749,37.71528998,31.35325132,38.17223199,35.99297012,26.22144112,59.47275923,60.21089631,25.44815466,25.23725835,21.33567663,5.342706503,29.03339192,47.55711775,23.37434095,20.38664323,76.59050967,9.455184534
CNC(CCON1CCN(C(C)C(=O)O)CC1)CC(=O)OC,317.386,-0.4501,7,2,4,0.5526520681,2,91.34,0,0,0,0.21055217,0.540012,0.7390127,0.0008430068,0.028590193,0.035973787,0.007063631,0.089848265,0.013996328,0.11810722,0.0019563925,0.24981444,0.042817164,0.07133202,0.8637331,0.005967718,0.021859992,0.0015984429,0.0005642633,0.0070977584,0.090454996,0.0003244151,0.29636306,0.0034616769,0.020542448,0.00094429887,0.0010152853,0.00028910307,0.0018885512,0.7280302,0.08928782,-5.6568346,11.944486,-10.119642,-10.012384,-17.718344,1.8414333,-2.067737,9.068443,-0.7852496,-3.3870773,46.22144112,18.24253076,79.85940246,61.37082601,63.44463972,54.02460457,69.84182777,62.35500879,47.59226714,25.86994728,37.18804921,48.47100176,35.78207381,39.05096661,13.07557118,31.07205624,18.03163445,26.88927944,44.35852373,29.80667838,17.99648506,22.39015817,68.6115993,28.18980668,13.70826011,24.56942004,32.5483304,43.93673111,12.89982425,7.100175747,26.08084359,51.17750439,9.666080844,26.25659051,24.1827768,10.26362039,14.76274165,9.420035149,5.764499121,9.666080844,76.16871705,30.08787346,20.35149385,27.87346221,14.76274165,7.83831283,22.95254833,15.74692443,8.084358524,4.710017575,86.43233743,7.83831283
Cc1[nH]c(=O)c(C(C)C)nc1CCON1CCN(C(C)C(=O)O)CC1,352.435,0.76652,6,2,4,0.7475258786,1,98.76,0,0,0,0.26721635,0.53063035,0.8379568,0.002712982,0.05010768,0.088197686,0.020045279,0.09088853,0.038164686,0.286547,0.016607244,0.24413256,0.12878889,0.30063623,0.92919385,0.012675142,0.028846819,0.0043188194,0.0028810813,0.01125202,0.087857485,0.0026482118,0.43896246,0.020005796,0.05162382,0.0036646933,0.003878483,0.0016234614,0.011337665,0.57572335,0.17469318,-5.555963,18.997028,7.9892564,-23.757862,-17.217829,2.1640573,-0.8162815,40.653603,-1.7070763,-3.3098145,53.88400703,29.70123023,72.46045694,61.37082601,63.44463972,81.96836555,55.32513181,66.88927944,47.59226714,25.86994728,37.18804921,56.87170475,35.04393673,59.85940246,20.31634446,40.17574692,33.46221441,41.4059754,44.71001757,44.95606327,36.59050967,38.73462214,67.55711775,57.57469244,43.16344464,28.6115993,53.81370826,54.83304042,24.92091388,22.67135325,39.05096661,49.94727592,33.84885764,31.49384886,38.41827768,28.11950791,33.46221441,23.51493849,16.62565905,31.91564148,57.01230228,39.71880492,22.5659051,36.02811951,31.70474517,1.335676626,24.56942004,32.61862917,19.68365554,21.01933216,74.90333919,8.330404218
CC(C(=O)O)N1CCN(OCCC(=O)C(C)(O)Cn2cncn2)CC1,355.395,-0.9894,8,2,4,0.5748752066,2,121.02,0,0,0,0.1792855,0.28861555,0.7274001,0.00012578364,0.05035446,0.05710111,0.037171416,0.020449845,0.011189244,0.17755602,0.025640097,0.21676886,0.09823857,0.41024834,0.9375784,0.0034832384,0.01080113,0.0017605498,0.0017282467,0.0053877877,0.049480606,0.00039263107,0.08673688,0.0052936557,0.036531337,0.0010157,0.0042189797,0.00018619242,0.0060994527,0.3540976,0.09554853,-5.9818716,11.689909,1.664738,-14.691843,-21.070938,1.9567366,-1.7259209,10.703743,-0.81065214,-2.555821,54.72759227,14.90333919,84.51669596,61.37082601,63.44463972,56.94200351,69.84182777,79.19156415,47.59226714,25.86994728,37.18804921,42.91739895,18.41827768,37.25834798,7.55711775,40.31634446,24.49912127,50.86115993,17.99648506,26.53778559,24.35852373,42.77680141,62.95254833,50.33391916,50.29876977,29.49033392,20.21089631,20.14059754,13.46221441,16.80140598,20.07029877,20.87873462,10.82601054,16.73110721,27.41652021,20.14059754,15.64147627,24.78031634,4.46397188,22.88224956,27.83831283,31.14235501,14.44639719,27.48681898,25.83479789,4.217926186,14.72759227,21.26537786,10.57996485,5.131810193,85.97539543,12.72407733
CCOC(=O)C(CCON1CCN(C(C)C(=O)O)CC1)C(C)O,332.397,-0.0411,7,2,4,0.567485631,3,99.54,0,0,0,0.1645105,0.5991188,0.739897,0.0014279938,0.0579167,0.0629188,0.012154217,0.06843668,0.030144205,0.1938795,0.0032604174,0.26094985,0.05824715,0.10647674,0.8680235,0.011055266,0.022167409,0.0015505882,0.0017237768,0.014465442,0.099035546,0.003254632,0.34627992,0.008170101,0.047946204,0.0027561944,0.0041880403,0.001125216,0.006375818,0.71320695,0.09962822,-5.2775517,24.202627,-3.0157185,-15.510562,-15.80504,1.8484539,-1.298983,20.96941,-0.63648486,-3.383316,49.66608084,21.79261863,79.85940246,61.37082601,63.44463972,55.95782074,76.60808436,67.4516696,47.59226714,25.86994728,37.18804921,40,40.24604569,39.2970123,15.78207381,42.3198594,25.97539543,34.83304042,36.83655536,41.19507909,26.0456942,25.86994728,70.89630931,35.64147627,20.21089631,24.71001757,50.01757469,44.56942004,12.61862917,16.69595782,46.01054482,56.34446397,37.75043937,27.9086116,31.45869947,26.08084359,29.0685413,24.74516696,13.81370826,23.37434095,74.4112478,31.66959578,31.70474517,42.88224956,21.23022847,3.585237258,30.43936731,16.13356766,14.4112478,9.525483304,87.97891037,7.908611599
CC(C(=O)O)N1CCN(OCCC(=O)C(C)(O)Cn2ccnc2)CC1,354.407,-0.3844,7,2,4,0.6175803679,2,108.13,0,0,0,0.16170835,0.26166326,0.59892935,0.00048336555,0.14324413,0.06971722,0.13788728,0.040668108,0.049549002,0.21370836,0.1605446,0.23872085,0.13218018,0.30020517,0.9265911,0.007929723,0.01774932,0.0066343984,0.008271226,0.013649586,0.06444523,0.001220397,0.13143608,0.034649704,0.07336825,0.0023498046,0.011987915,0.001111737,0.008293862,0.36367688,0.28296894,-5.841822,9.361037,-4.6683645,-12.793587,-19.78609,2.0112586,-1.7379135,7.311389,-0.5536231,-3.254642,54.44639719,18.45342707,79.85940246,61.37082601,63.44463972,62.46045694,69.84182777,72.75922671,47.59226714,25.86994728,37.18804921,39.61335677,16.2741652,22.53075571,10.79086116,58.69947276,27.80316344,70.61511424,26.85413005,48.89279438,28.08435852,64.60456942,66.60808436,58.55887522,43.05799649,28.33040422,41.05448155,36.30931459,31.84534271,37.29349736,44.60456942,34.34094903,21.44112478,18.87521968,42.49560633,35.71177504,26.18629174,44.49912127,13.70826011,26.7486819,29.38488576,49.31458699,16.73110721,25.13181019,19.2970123,5.413005272,17.39894552,24.14762742,10.43936731,4.112478032,89.10369069,8.541300527
Cc1[nH]c2cc(F)cc(F)c2c1CCON1CCN(C(C)C(=O)O)CC1,367.396,2.31932,4,2,4,0.8201747937,1,68.8,0,0,0,0.43944186,0.7539126,0.81381667,0.23888278,0.3119417,0.17653292,0.15099911,0.27787575,0.33853143,0.48457256,0.17049551,0.324354,0.34334594,0.4005885,0.97081745,0.031136487,0.04616978,0.1296561,0.026371917,0.030992214,0.124134734,0.018971998,0.6790878,0.15281872,0.13848388,0.02697792,0.01792301,0.029268105,0.055529278,0.58162355,0.6298787,-4.944208,13.89065,-1.174052,4.9340954,-13.692434,2.6203492,0.705111,72.5667,-2.7699122,3.0014758,57.75043937,48.96309315,48.55887522,61.37082601,63.44463972,91.59929701,55.32513181,45.62390158,47.59226714,25.86994728,37.18804921,73.4973638,53.2513181,53.74340949,68.64674868,75.04393673,64.21792619,71.59929701,75.32513181,79.26186292,53.88400703,65.44815466,80.21089631,82.67135325,49.80667838,33.81370826,75.92267135,74.23550088,75.04393673,54.02460457,64.39367311,67.59226714,67.17047452,42.63620387,58.45342707,52.23198594,68.57644991,52.61862917,47.10017575,61.96836555,57.85588752,68.78734622,49.5254833,30.05272408,23.12829525,30.9314587,43.4797891,61.37082601,41.51142355,48.54130053,56.41476274,62.81195079
COC(CCON1CCN(C(C)C(=O)O)CC1)c1cnccn1,324.381,0.5765,7,1,4,0.742672648,2,88.02,0,0,0,0.044543926,0.4201529,0.8662788,0.0006816763,0.028536487,0.11674762,0.02644357,0.050797235,0.0074622286,0.19903493,0.016836638,0.214223,0.11872872,0.4857196,0.99290216,0.0022459193,0.012188401,0.0038487134,0.002313274,0.0035889284,0.037692726,0.00070365425,0.28203854,0.005871614,0.028020695,0.0007553151,0.0039294288,0.0004058304,0.0029383171,0.25841013,0.10678355,-5.6499553,5.943359,-11.791599,-9.478781,-17.217388,2.0982633,-1.6761068,13.120918,-0.47709885,-2.2920392,47.69771529,27.69771529,79.85940246,36.59050967,63.44463972,81.30052724,69.84182777,59.85940246,47.59226714,25.86994728,37.18804921,11.91564148,27.02987698,67.55711775,12.0913884,31.03690685,43.79613357,45.97539543,30.54481547,21.30052724,26.60808436,38.8400703,62.53075571,55.50087873,55.04393673,42.17926186,13.14586995,23.93673111,23.51493849,20.17574692,12.65377856,11.17750439,15.32513181,25.62390158,28.3655536,15.07908612,12.23198594,23.76098418,7.205623902,13.84885764,16.2741652,32.19683656,20.456942,20.87873462,13.53251318,8.224956063,24.56942004,28.26010545,10.89630931,5.694200351,90.05272408,14.93848858
COC(=O)N1CCC(C)C1CCON1CCN(C(C)C(=O)O)CC1,343.424,0.8756,6,1,4,0.7662415066,3,82.55,0,0,0,0.16918056,0.5681742,0.74205196,0.0014667535,0.17508672,0.09229676,0.059915297,0.065486334,0.05313032,0.28383723,0.01856492,0.26122013,0.10759123,0.21766016,0.9540982,0.009371961,0.020710465,0.0026062739,0.0037501424,0.019510673,0.11622026,0.008292486,0.46895045,0.037673943,0.08045451,0.004162795,0.006485189,0.003570129,0.009915044,0.6291626,0.19398086,-5.252786,21.665705,0.33181077,-19.601624,-14.337904,2.0769901,-0.98806095,29.22984,-0.9827852,-4.2028184,52.26713533,30.61511424,72.46045694,36.59050967,63.44463972,84.25307557,76.60808436,55.88752197,47.59226714,25.86994728,37.18804921,41.05448155,38.1370826,39.61335677,16.16871705,62.77680141,34.72759227,57.92618629,35.46572935,50.19332162,36.37961336,39.78910369,70.9314587,52.65377856,36.34446397,31.17750439,45.44815466,41.79261863,17.39894552,26.08084359,53.84885764,64.4288225,54.62214411,32.75922671,43.16344464,38.69947276,35.60632689,32.44288225,24.85061511,29.56063269,64.56942004,41.72231986,33.35676626,39.71880492,24.71001757,2.214411248,39.05096661,27.2056239,17.71528998,14.44639719,83.55008787,5.202108963
CCC(C)C(CCON1CCN(C(C)C(=O)O)CC1)NC(=O)OC,345.44,1.1695,6,2,4,0.6479624212,3,91.34,0,0,0,0.16685969,0.52818626,0.7441286,0.001709365,0.121539354,0.075945236,0.044116963,0.08725479,0.039702334,0.2395707,0.016379083,0.26766986,0.07229397,0.15156804,0.9201328,0.008851318,0.021535639,0.0026660296,0.002443358,0.01896051,0.11886591,0.004097744,0.465573,0.021461694,0.05935347,0.0029311073,0.0051914053,0.002232417,0.006771085,0.6903818,0.17905274,-5.386341,18.407269,4.8361025,-13.021988,-14.874501,2.2086189,-0.5860155,38.62748,-1.4591858,-1.5091131,52.7943761,33.84885764,72.46045694,61.37082601,63.44463972,66.5026362,76.60808436,62.35500879,47.59226714,25.86994728,37.18804921,40.59753954,34.86818981,40.03514938,16.83655536,55.46572935,29.59578207,53.84885764,43.86643234,45.69420035,31.73989455,38.69947276,72.26713533,41.26537786,27.83831283,27.87346221,43.62038664,43.40949033,17.60984183,21.08963093,53.32161687,65.86994728,41.96836555,32.65377856,38.98066784,31.21265378,30.01757469,28.82249561,19.543058,24.21792619,71.66959578,40.31634446,27.2056239,35.21968366,28.89279438,5.272407733,35.71177504,35.46572935,22.84710018,19.543058,77.96133568,21.82776801
CC(NCCON1CCN(C(C)C(=O)O)CC1)c1cccc(Br)c1,400.317,2.122,5,2,4,0.6522539053,2,65.04,0,1,0,0.17125407,0.66683507,0.68838376,0.046879638,0.19048679,0.06636201,0.056377124,0.23584104,0.43332586,0.24160579,0.05687625,0.35777757,0.101040505,0.11218838,0.91875565,0.008359879,0.027690047,0.014520222,0.008708127,0.014014619,0.10964086,0.002534666,0.54890126,0.052416228,0.066818446,0.0026795568,0.0038285635,0.0067494563,0.0069076247,0.6815438,0.5886447,-5.4493856,14.868906,-6.407065,5.925056,-15.455713,2.2416253,-0.26412827,56.20341,-1.733187,5.4967113,65.41300527,46.43233743,61.88049209,61.37082601,63.44463972,67.24077329,69.84182777,43.19859402,47.59226714,66.5202109,37.18804921,41.4059754,45.51845343,31.88049209,46.11599297,64.21792619,26.92442882,56.80140598,71.77504394,83.05799649,31.81019332,51.45869947,83.69068541,51.03690685,20.80843585,27.87346221,42.14411248,52.97012302,45.13181019,37.85588752,45.3427065,61.47627417,33.07557118,36.09841828,46.32688928,33.53251318,28.71704745,23.23374341,31.84534271,24.53427065,71.03690685,67.02987698,25.09666081,31.17750439,17.6801406,32.5483304,32.5483304,37.50439367,26.46748682,32.97012302,74.72759227,76.76625659
CC(NCCON1CCN(C(C)C(=O)O)CC1)c1cccc(Cl)c1,355.866,2.0129,5,2,4,0.6954208629,2,65.04,0,1,0,0.1540315,0.65686506,0.69011563,0.038693205,0.16462977,0.06331364,0.046683628,0.2404671,0.40000454,0.22726145,0.046030104,0.35270214,0.10308542,0.10492834,0.9161695,0.007201222,0.027326727,0.013420196,0.00754243,0.012851203,0.10973768,0.0019638096,0.5354355,0.045176048,0.0598455,0.0021813659,0.0032374456,0.0055709193,0.005649979,0.68249464,0.57528627,-5.4665313,15.862172,-6.52238,4.60135,-15.482811,2.220668,-0.40210873,52.605885,-1.6803496,4.6024323,54.76274165,44.99121265,61.88049209,61.37082601,63.44463972,74.55184534,69.84182777,43.19859402,47.59226714,66.5202109,37.18804921,38.69947276,44.6397188,32.0913884,43.97188049,61.19507909,26.0456942,54.62214411,72.19683656,81.75746924,30.36906854,48.78734622,83.37434095,51.59929701,19.85940246,27.55711775,37.99648506,52.40773286,44.21792619,35.92267135,42.84710018,61.51142355,27.52196837,35.5711775,44.85061511,31.52899824,25.09666081,20.73813708,29.94727592,21.93321617,71.07205624,66.53778559,24.71001757,32.26713533,17.50439367,30.33391916,32.30228471,36.2741652,24.85061511,30.33391916,75.21968366,72.37258348
Cc1cccc(C(C)NCCON2CCN(C(C)C(=O)O)CC2)c1,335.448,1.66792,5,2,4,0.7047201572,2,65.04,0,1,0,0.17808717,0.60382956,0.68845665,0.014671986,0.117218375,0.05486536,0.032495704,0.24734206,0.23947485,0.22201899,0.04364028,0.30009645,0.09243335,0.08945646,0.91216546,0.0067105964,0.029251423,0.009849559,0.006745952,0.013584962,0.11578151,0.0015014313,0.5452021,0.04226811,0.055061113,0.0019888922,0.002889847,0.004979427,0.0042608352,0.69761574,0.5308592,-5.572718,22.140759,3.5592709,-12.408129,-15.208899,2.1441379,-0.6287475,44.567436,-1.5559199,-0.19910164,50.36906854,39.75395431,61.88049209,61.37082601,63.44463972,75.95782074,69.84182777,43.19859402,47.59226714,66.5202109,37.18804921,42.77680141,40.59753954,31.88049209,34.20035149,54.62214411,23.76098418,49.0685413,72.7943761,73.77855888,29.45518453,48.08435852,76.94200351,48.64674868,17.29349736,27.31107206,35.92267135,55.39543058,39.01581722,34.27065026,44.4288225,64.28822496,23.86643234,35.88752197,44.35852373,29.73637961,23.86643234,19.08611599,28.64674868,18.52372583,72.72407733,64.53427065,22.3198594,40.28119508,27.80316344,5.694200351,34.05975395,31.07205624,22.07381371,24.11247803,76.90685413,33.53251318
CC(C(=O)O)N1CCN(OCCNC(C)(C)c2ccccc2)CC1,335.448,1.5336,5,2,4,0.7026724853,1,65.04,0,1,0,0.09040631,0.6098463,0.6668707,0.009507756,0.086809315,0.04544104,0.0232074,0.2271463,0.23311427,0.166531,0.012313542,0.3100506,0.060583133,0.051742394,0.87339354,0.004279883,0.023654817,0.0037345733,0.004127317,0.014201021,0.123971105,0.0012220822,0.50895125,0.021728883,0.042200528,0.00092362065,0.0019483488,0.003343305,0.002026416,0.7406254,0.39376152,-5.479745,17.164923,-0.25869408,-11.815899,-14.867285,2.2573524,-0.7404138,37.64277,-1.4754078,-1.5280766,50.36906854,37.99648506,61.88049209,61.37082601,63.44463972,75.5711775,55.32513181,43.19859402,47.59226714,66.5202109,37.18804921,25.30755712,40.87873462,28.78734622,29.73637961,49.59578207,21.08963093,43.76098418,71.07205624,73.46221441,23.26889279,36.20386643,78.34797891,36.66080844,10.15817223,25.06151142,24.6397188,47.24077329,22.91739895,27.27592267,45.5887522,67.52196837,21.44112478,34.62214411,39.05096661,23.12829525,14.4112478,14.13005272,23.93673111,10.08787346,77.78558875,57.29349736,24.25307557,33.67311072,24.07732865,6.291739895,35.74692443,38.41827768,20.66783831,19.08611599,77.82073814,21.54657293
CC(NCCON1CCN(C(C)C(=O)O)CC1)c1ccccc1,321.421,1.3595,5,2,4,0.7050013825,2,65.04,0,1,0,0.15231124,0.6064308,0.65926474,0.008035043,0.071419954,0.047876716,0.01868815,0.18499073,0.17667536,0.15058726,0.009995924,0.33750936,0.07211839,0.06389682,0.84797513,0.0057327435,0.026609808,0.004891106,0.0032458268,0.01164675,0.11985501,0.0010682514,0.38956037,0.017112393,0.037664816,0.0015113887,0.0020384744,0.0019821576,0.0026417295,0.7327978,0.34347707,-5.5627193,15.427852,-4.856248,-10.2420225,-15.40097,2.1589248,-0.9915981,34.727123,-1.2917963,-1.173365,47.27592267,36.16871705,61.88049209,61.37082601,63.44463972,75.99297012,69.84182777,43.19859402,47.59226714,66.5202109,37.18804921,38.41827768,40.63268893,28.01405975,28.78734622,46.36203866,21.82776801,40.28119508,65.90509666,69.84182777,21.79261863,34.51669596,81.93321617,41.23022847,12.26713533,24.11247803,31.24780316,51.31810193,27.13532513,24.28822496,39.78910369,66.29173989,19.33216169,29.70123023,37.25834798,20.73813708,20.52724077,14.79789104,18.48857645,12.75922671,76.76625659,54.20035149,22.39015817,31.66959578,19.26186292,7.76801406,32.93497364,32.19683656,17.6801406,17.39894552,80.24604569,24.56942004
COCCN(CCON1CCN(C(C)C(=O)O)CC1)C(C)=N,316.402,-0.04573,6,2,4,0.4553634312,1,89.33,0,2,0,0.40894088,0.4875423,0.51358175,0.0005654856,0.02177287,0.009691989,0.002517109,0.11654583,0.013438496,0.072093666,0.0008453561,0.24097924,0.02585944,0.014454493,0.42716894,0.00808197,0.021791477,0.0012162492,0.0005966372,0.012447162,0.111996256,0.000178411,0.18349725,0.0013599055,0.030881962,0.0015535585,0.00096276467,0.00026188965,0.0024075818,0.86420363,0.08814419,-5.8297663,15.998453,-10.334269,-14.903091,-19.680496,1.6239926,-2.352313,-11.560913,0.16872887,-3.4731278,45.97539543,21.72231986,72.46045694,61.37082601,63.44463972,40.77328647,55.32513181,60.84358524,47.59226714,87.92618629,37.18804921,71.07205624,31.98594025,17.82073814,11.35325132,26.64323374,9.525483304,15.46572935,51.95079086,28.92794376,11.84534271,17.18804921,66.92442882,16.44991213,4.569420035,14.48154657,41.26537786,43.83128295,10.228471,7.275922671,41.75746924,62.42530756,7.029876977,21.54657293,16.59050967,16.69595782,20.7029877,8.892794376,5.483304042,11.77504394,91.45869947,30.01757469,16.9771529,32.40773286,14.55184534,4.112478032,17.50439367,8.365553603,6.221441125,1.44112478,95.00878735,7.55711775
COC(CCON1CCN(C(C)C(=O)O)CC1)CC(=O)NO,319.358,-0.6907,7,3,4,0.3781324457,2,111.57,0,2,1,0.7515879,0.5721703,0.6909421,0.00046156097,0.018937461,0.022409176,0.0027797376,0.035434276,0.007270633,0.12867631,0.00062079245,0.28971082,0.07286132,0.10616173,0.5779348,0.011934376,0.01836018,0.0018670527,0.0007154661,0.013380468,0.11111933,0.0009843238,0.123093404,0.0012655891,0.044441532,0.006837395,0.0024770882,0.00047017162,0.013720116,0.8425385,0.043467775,-5.8220286,11.014971,-12.996496,-9.202494,-19.285751,1.4949628,-2.0472996,12.6139555,-0.71679,-2.6073287,46.92442882,16.5202109,79.85940246,78.20738137,63.44463972,30.26362039,69.84182777,74.48154657,47.59226714,87.92618629,83.09314587,93.28646749,38.41827768,32.19683656,10.65026362,24.53427065,13.63796134,16.55536028,24.85061511,20.94903339,19.26186292,15.14938489,75.46572935,41.47627417,20.17574692,16.83655536,51.98594025,37.25834798,13.91915641,8.014059754,44.04217926,61.93321617,18.62917399,18.41827768,16.16871705,24.25307557,43.51493849,16.94200351,7.873462214,35.04393673,88.92794376,22.5659051,17.08260105,27.10017575,12.82952548,8.400702988,18.17223199,5.202108963,8.295254833,5.623901582,87.24077329,12.33743409
CC=C(CCON1CCN(C(C)C(=O)O)CC1)c1cncnc1,320.393,1.2923,6,1,4,0.8107525306,1,78.79,0,0,0,0.05364556,0.41414863,0.7922389,0.0030989698,0.091663554,0.124395035,0.096232966,0.071639396,0.03870111,0.2922715,0.1720279,0.21921849,0.2072649,0.49760884,0.9943312,0.0045367912,0.017086545,0.012929785,0.010736899,0.007011971,0.040191047,0.0010827177,0.32287925,0.024815688,0.058399223,0.0019057508,0.012318299,0.0014474199,0.0066913115,0.22627449,0.325947,-5.678968,15.09671,2.2723956,-17.747799,-17.176128,2.123716,-1.1132647,30.085714,-1.0918887,-2.2426872,47.13532513,35.00878735,72.46045694,36.59050967,63.44463972,90.72056239,55.32513181,53.2513181,47.59226714,25.86994728,37.18804921,14.27065026,26.67838313,49.20913884,21.30052724,50.43936731,47.27592267,65.27240773,38.17223199,45.30755712,36.90685413,65.5887522,63.40949033,70.82601054,55.60632689,43.37434095,25.69420035,35.1142355,43.40949033,41.23022847,25.79964851,13.14586995,19.57820738,27.02987698,40.03514938,30.9314587,23.44463972,45.16695958,15.95782074,24.07732865,13.77855888,52.33743409,19.96485062,31.3884007,26.5026362,2.636203866,24.71001757,29.80667838,16.34446397,14.86818981,82.39015817,15.1142355
COC(CCON1CCN(C(C)C(=O)O)CC1)c1cc(C)no1,327.381,1.08292,7,1,4,0.7587649985,2,88.27,0,0,0,0.34838226,0.64975464,0.8733719,0.0018863461,0.054896683,0.09408711,0.012709759,0.092697784,0.01738342,0.28006408,0.0054445365,0.24141228,0.096272156,0.27402323,0.96792173,0.009621894,0.021982446,0.0039501432,0.002499179,0.0108911265,0.08661249,0.0036117285,0.5340249,0.012437345,0.048370235,0.004168053,0.0042757792,0.0017091014,0.01051532,0.6487997,0.11433399,-5.4414186,8.698196,-6.277468,-13.41142,-15.5289,2.3544269,-1.1042979,27.610788,-0.8396288,-2.505993,48.57644991,32.51318102,79.85940246,36.59050967,63.44463972,83.40949033,69.84182777,59.92970123,47.59226714,25.86994728,37.18804921,65.30755712,44.21792619,69.56063269,17.53954306,41.37082601,35.43057996,35.32513181,45.20210896,33.07557118,35.95782074,29.87697715,67.10017575,49.56063269,41.12478032,33.46221441,46.32688928,44.11247803,23.79613357,21.33567663,38.24253076,49.03339192,40,35.50087873,34.93848858,26.46748682,35.64147627,24.8857645,17.11775044,30.36906854,67.06502636,33.00527241,25.41300527,24.04217926,17.85588752,4.850615114,31.98594025,44.14762742,16.41476274,13.81370826,85.55360281,13.14586995
COC(CCON1CCN(C(C)C(=O)O)CC1)n1cnc(C)c1,326.397,0.74892,6,1,4,0.7548058618,2,80.06,0,0,0,0.10693599,0.38336354,0.85363406,0.00012485267,0.01207688,0.05626127,0.005530057,0.051079202,0.0039104777,0.14199527,0.0026807673,0.17574105,0.055969257,0.22612754,0.95765173,0.002631129,0.014300294,0.0011251083,0.0007332176,0.0035225726,0.047607835,0.00037356836,0.23937711,0.0026473957,0.016728668,0.00046414073,0.0012391587,0.00020221132,0.001909933,0.46901274,0.054887872,-5.6199007,10.257459,-9.369206,-9.670362,-16.714418,2.0405595,-1.5513818,14.757355,-0.49043217,-1.687186,48.33040422,29.56063269,72.46045694,36.59050967,63.44463972,82.84710018,69.84182777,53.84885764,47.59226714,25.86994728,37.18804921,28.92794376,24.21792619,64.46397188,7.521968366,18.34797891,24.32337434,23.58523726,30.57996485,12.65377856,20.94903339,24.11247803,53.00527241,34.6572935,37.01230228,31.49384886,15.43057996,29.03339192,9.630931459,8.295254833,12.26713533,19.01581722,10.43936731,23.86643234,21.8629174,7.62741652,8.400702988,10.50966608,4.639718805,9.701230228,42.95254833,25.27240773,21.19507909,26.36203866,15.25483304,7.978910369,26.5026362,25.37785589,11.91564148,6.397188049,89.84182777,20.07029877
CC(C(=O)O)N1CCN(OCCCC(C)(O)Cn2cncn2)CC1,341.412,-0.1684,7,2,4,0.5968639303,2,103.95,0,1,0,0.09427427,0.28717947,0.6941344,0.00019241965,0.09862031,0.055908013,0.07288124,0.026497224,0.0154459,0.14970157,0.02508067,0.29537907,0.08988964,0.31588912,0.9404663,0.0034403286,0.010123697,0.0020158214,0.002697256,0.008494588,0.058517147,0.00071764213,0.12870786,0.008473492,0.05208706,0.00090566307,0.004906901,0.0004578194,0.0053255525,0.394634,0.13240163,-5.9075203,6.7714524,-9.228355,-9.641991,-20.008991,1.9147484,-1.8755531,5.8420014,-0.6446527,-2.1228967,51.91564148,20.7029877,79.85940246,61.37082601,63.44463972,59.50790861,69.84182777,70.08787346,47.59226714,66.5202109,37.18804921,26.22144112,18.31282953,32.58347979,8.330404218,51.66959578,24.28822496,61.05448155,21.08963093,31.10720562,21.75746924,42.46045694,76.34446397,48.08435852,44.32337434,29.771529,19.89455185,18.34797891,14.44639719,22.10896309,30.9314587,29.34973638,15.50087873,18.73462214,31.81019332,28.3655536,14.16520211,27.76801406,7.732864675,21.12478032,32.97012302,35.25483304,15.78207381,21.89806678,15.32513181,7.978910369,17.15289982,19.57820738,9.490333919,3.866432337,87.9086116,16.30931459
CC(NCCON1CCN(C(C)C(=O)O)CC1)c1ccccc1Cl,355.866,2.0129,5,2,4,0.6954208629,2,65.04,0,1,0,0.18655804,0.6536012,0.6756815,0.025930885,0.18419428,0.07028763,0.04661969,0.20705512,0.3372522,0.24688251,0.040677458,0.3639582,0.10279001,0.10124715,0.914785,0.00928638,0.026262354,0.010920212,0.007428798,0.017148782,0.12056287,0.003431489,0.5215977,0.04064914,0.07108879,0.0035397024,0.004712172,0.005984578,0.0074706986,0.70587736,0.54970217,-5.4575343,16.782402,-4.2454023,-4.0420265,-15.21562,2.2224793,-0.6012138,46.923756,-1.4817517,2.1729038,54.76274165,44.99121265,61.88049209,61.37082601,63.44463972,74.55184534,69.84182777,43.19859402,47.59226714,66.5202109,37.18804921,44.67486819,44.4288225,30.08787346,39.68365554,63.4797891,27.9086116,54.55184534,68.75219684,79.22671353,32.12653779,47.27592267,84.1827768,51.56414763,19.19156415,27.4516696,45.16695958,50.79086116,40.87873462,35.64147627,50.228471,66.57293497,38.87521968,35.04393673,43.90158172,35.00878735,32.7943761,26.88927944,30.43936731,25.62390158,73.70826011,65.48330404,24.92091388,33.32161687,19.71880492,15.8172232,34.02460457,36.2741652,22.70650264,25.79964851,77.64499121,56.76625659
Cc1ccccc1C(C)NCCON1CCN(C(C)C(=O)O)CC1,335.448,1.66792,5,2,4,0.7047201572,2,65.04,0,1,0,0.17081194,0.6371866,0.6742939,0.011991913,0.11425395,0.05353444,0.026383435,0.23232703,0.25341493,0.21128075,0.027581254,0.3104611,0.08901107,0.07400357,0.910907,0.006224344,0.026196327,0.0073090433,0.005058537,0.013213918,0.11617707,0.0014721539,0.52913696,0.03439949,0.051080592,0.0018507795,0.0027123375,0.0038714502,0.003899964,0.7262691,0.5169398,-5.5439453,16.278866,-1.4104007,-12.472623,-15.27813,2.2398267,-0.78359675,39.107594,-1.4166615,-1.1110437,50.36906854,39.75395431,61.88049209,61.37082601,63.44463972,75.95782074,69.84182777,43.19859402,47.59226714,66.5202109,37.18804921,41.33567663,43.30404218,29.84182777,31.95079086,54.02460457,23.37434095,45.97539543,71.42355009,74.72759227,27.83831283,43.4797891,78.41827768,47.83831283,14.23550088,27.24077329,33.81370826,50.72056239,33.81370826,30.29876977,43.69068541,64.4288225,23.65553603,35.28998243,42.42530756,27.76801406,23.19859402,18.06678383,26.0456942,17.04745167,75.88752197,63.65553603,22.77680141,32.75922671,23.0228471,5.694200351,33.81370826,37.4340949,20.03514938,19.89455185,78.52372583,24.74516696
COC(=O)c1[nH]cc(C)c1CCON1CCN(C(C)C(=O)O)CC1,339.392,0.67452,6,2,4,0.705212497,1,95.1,0,0,0,0.2370873,0.6400927,0.80721396,0.01838488,0.17204054,0.12124902,0.07770431,0.120555714,0.11830668,0.32631624,0.032070912,0.31006637,0.16397189,0.30049863,0.9584955,0.014870842,0.029102232,0.014989259,0.005364249,0.01864469,0.106771134,0.0050930995,0.4786149,0.029520709,0.07374704,0.0067926934,0.007175275,0.0039147795,0.017231163,0.57866776,0.27540556,-5.3312826,29.112768,17.629726,-27.65149,-15.547224,2.3761675,-0.54612106,50.245316,-1.7654335,-2.7391582,51.28295255,28.85764499,72.46045694,61.37082601,63.44463972,76.06326889,55.32513181,64.8857645,47.59226714,25.86994728,37.18804921,52.51318102,43.40949033,52.19683656,36.09841828,62.14411248,45.86994728,62.03866432,53.28646749,63.23374341,39.89455185,44.95606327,78.34797891,64.46397188,43.09314587,31.84534271,58.73462214,55.14938489,45.69420035,30.9314587,52.89982425,59.92970123,45.76449912,33.14586995,41.47627417,35.92267135,43.51493849,34.44639719,26.15114236,38.8400703,57.57469244,48.64674868,29.42003515,47.59226714,41.89806678,0.7381370826,31.81019332,45.41300527,23.30404218,28.29525483,74.34094903,11.42355009
CC(C(=O)O)N1CCN(OCCC(O)(Cn2cncn2)C(C)O)CC1,357.411,-1.1976,8,3,4,0.4997963653,3,124.18,0,0,0,0.106387496,0.22893187,0.68343246,0.000104396066,0.048348058,0.04214743,0.04080712,0.019114876,0.006684816,0.13231525,0.01910135,0.18409328,0.07357509,0.32974416,0.91936654,0.0027122474,0.011063242,0.00198435,0.0016575527,0.005322478,0.048392892,0.00047824578,0.06806562,0.004386195,0.031656317,0.00072300504,0.0031028043,0.0002604193,0.003975326,0.331227,0.08606954,-6.142373,7.84597,-3.747874,-7.7419524,-22.752417,1.781184,-1.8594608,6.6314607,-0.73068094,-1.0014956,55.21968366,13.42706503,84.51669596,78.20738137,63.44463972,46.36203866,76.60808436,80.31634446,47.59226714,25.86994728,37.18804921,28.82249561,14.90333919,31.17750439,7.135325132,39.78910369,19.71880492,52.5483304,17.29349736,19.68365554,19.68365554,39.89455185,54.76274165,41.8629174,45.23725835,27.87346221,15.85237258,20.84358524,14.27065026,16.13356766,19.85940246,19.92970123,12.30228471,15.14938489,26.01054482,17.22319859,11.73989455,20.21089631,5.448154657,17.29349736,25.09666081,29.80667838,11.84534271,22.91739895,20.38664323,10.12302285,12.12653779,13.14586995,9.560632689,3.936731107,87.02987698,25.69420035
CCOc1c(C)[nH]c(C)c1CCON1CCN(C(C)C(=O)O)CC1,339.436,1.59504,5,2,4,0.7489248233,1,78.03,0,0,0,0.23218067,0.6708282,0.7826848,0.028014963,0.17356694,0.09312192,0.06794319,0.26269725,0.21882948,0.41964555,0.085583106,0.21608713,0.1337659,0.17026436,0.96183556,0.01122803,0.026550034,0.01596839,0.011334901,0.021698369,0.09915535,0.0056439443,0.7108078,0.08166353,0.08887945,0.0043781744,0.008824332,0.0115542635,0.014382106,0.6714128,0.5081642,-5.2923493,14.107025,3.173914,-18.044199,-14.591817,2.5467877,-0.37416077,47.664062,-1.6209236,-1.4142617,51.3884007,39.08611599,61.88049209,61.37082601,63.44463972,82.03866432,55.32513181,52.75922671,47.59226714,25.86994728,37.18804921,51.95079086,46.08084359,47.27592267,40.56239016,62.35500879,35.07908612,59.96485062,74.16520211,72.26713533,47.94376098,55.99297012,62.77680141,58.98066784,30.61511424,32.40773286,50.40421793,51.31810193,46.32688928,42.03866432,56.59050967,56.37961336,47.41652021,44.56942004,50.68541301,40.77328647,36.66080844,38.55887522,36.9771529,35.5711775,69.5254833,63.16344464,31.10720562,30.228471,27.31107206,2.530755712,37.50439367,56.30931459,25.13181019,26.22144112,76.02811951,22.5659051
CCCCC(C)NCCON1CCN(C(C)C(=O)O)CC1,301.431,1.177,5,2,4,0.5907621377,2,65.04,0,1,0,0.14282195,0.5677406,0.6089531,0.0060688322,0.052833576,0.025721211,0.014016124,0.23184378,0.07309659,0.10969994,0.0036844339,0.31021225,0.037568778,0.032996796,0.7297594,0.0050019594,0.021923387,0.0030430816,0.002241975,0.011946323,0.12085003,0.00047199434,0.4484616,0.010080489,0.039390206,0.00096928765,0.001236983,0.001356033,0.0016891977,0.82152736,0.1987553,-5.3659763,16.040369,-9.358663,-1.733608,-13.892021,2.1333694,-1.3032808,18.4024,-1.1069697,-1.1150576,40.94903339,33.91915641,61.88049209,61.37082601,63.44463972,58.8400703,69.84182777,43.19859402,47.59226714,66.5202109,37.18804921,36.5202109,38.06678383,23.23374341,26.22144112,40.80843585,14.48154657,36.59050967,71.42355009,55.07908612,16.66080844,26.92442882,78.3831283,25.02636204,6.889279438,20.31634446,27.80316344,44.04217926,19.50790861,19.92970123,40.28119508,66.60808436,12.0913884,32.05623902,33.18101933,21.47627417,15.28998243,10.50966608,15.32513181,8.646748682,86.95957821,42.17926186,27.80316344,32.51318102,15.25483304,19.40246046,42.17926186,30.33391916,14.37609842,8.084358524,82.28471002,24.74516696
Cc1[nH]c2c(F)cc(F)cc2c1CCON1CCN(C(C)C(=O)O)CC1,367.396,2.31932,4,2,4,0.8201747937,1,68.8,1,0,0,0.44572392,0.7713627,0.8259959,0.16782387,0.21962957,0.15696445,0.08308432,0.29821157,0.30287725,0.46426296,0.11148658,0.31065777,0.31125766,0.32348397,0.9712869,0.027806675,0.04567098,0.086647496,0.017868582,0.025843462,0.11823243,0.01396435,0.6892395,0.10748725,0.11601438,0.01943647,0.0133590475,0.019395504,0.042938508,0.62634146,0.5908076,-4.949553,12.055283,1.1490151,0.5246767,-13.379042,2.8692489,0.9114426,74.06212,-2.7854362,2.4751606,57.75043937,48.96309315,48.55887522,61.37082601,63.44463972,91.59929701,55.32513181,45.62390158,97.39894552,25.86994728,37.18804921,73.98945518,54.48154657,56.94200351,62.95254833,67.2056239,58.3831283,63.12829525,76.73110721,77.36379613,51.88049209,59.71880492,78.41827768,80.28119508,44.71001757,33.88400703,73.70826011,73.91915641,69.5254833,48.57644991,60.07029877,65.48330404,63.23374341,43.30404218,53.70826011,48.18980668,63.79613357,46.5026362,42.28471002,57.60984183,64.14762742,67.13532513,48.99824253,27.94376098,25.3427065,23.16344464,45.30755712,75.88752197,44.4288225,50.05272408,56.34446397,58.91036907
CC(C(=O)O)N1CCN(OCCNN(C)CCC#N)CC1,299.375,-0.64122,7,2,4,0.4289203767,1,92.07,0,2,2,0.53901637,0.40001002,0.4848377,0.00046414678,0.007936058,0.003818692,0.0008402962,0.12945843,0.003346967,0.04511461,0.00031813554,0.25834203,0.013211837,0.010186059,0.31769636,0.005876209,0.022342399,0.0013024042,0.00015368065,0.005914144,0.10347531,2.42E-05,0.12179849,0.0002538985,0.016791767,0.00071105146,0.00021355956,5.61E-05,0.0015783363,0.89105004,0.04753172,-5.545269,9.8742895,-17.456036,-5.125448,-16.692007,1.7645359,-2.2109838,2.0096984,-0.55505675,-3.4563842,40.24604569,16.80140598,79.85940246,61.37082601,63.44463972,37.01230228,55.32513181,62.74165202,47.59226714,87.92618629,95.07908612,82.00351494,25.65905097,16.34446397,10.65026362,13.00527241,7.381370826,6.959578207,55.92267135,10.54481547,7.978910369,10.43936731,70.228471,8.822495606,3.971880492,12.5483304,31.98594025,44.78031634,10.89630931,2.776801406,21.96836555,58.62917399,3.550087873,18.3831283,5.272407733,7.732864675,11.56414763,4.393673111,2.390158172,8.014059754,94.48154657,23.58523726,22.74165202,25.76449912,10.05272408,13.84885764,26.53778559,12.58347979,7.205623902,2.882249561,89.10369069,7.592267135
CSCCC(C)NCCON1CCN(C(C)C(=O)O)CC1,319.471,0.7399,6,2,4,0.5758059256,2,65.04,0,1,0,0.22233415,0.49817353,0.586987,0.0014247757,0.023116717,0.015064699,0.0046607354,0.17618077,0.023934204,0.08342411,0.0011412142,0.293027,0.02762658,0.021452129,0.59244865,0.0061579007,0.020100024,0.001667743,0.00092682225,0.009936107,0.10224118,0.00024119909,0.3050161,0.0027922387,0.0319881,0.0009909042,0.0009362241,0.0004991449,0.0016911039,0.84113455,0.101743065,-5.497915,14.216001,-10.217833,-3.140187,-15.32692,2.0578601,-1.5769192,13.8776245,-0.92566,-1.1198034,46.92442882,29.5254833,72.46045694,61.37082601,63.44463972,57.04745167,69.84182777,43.19859402,47.59226714,66.5202109,37.18804921,50.40421793,32.86467487,21.47627417,15.71177504,27.4516696,10.89630931,21.75746924,64.67486819,38.03163445,13.4973638,18.8400703,76.13356766,17.53954306,5.448154657,17.08260105,33.42706503,40.7029877,13.14586995,10.15817223,35.3602812,57.92618629,8.189806678,26.5026362,22.42530756,17.32864675,15.39543058,8.822495606,8.119507909,8.646748682,88.75219684,31.77504394,23.90158172,30.33391916,14.62214411,16.87170475,33.39191564,26.25659051,11.59929701,6.0456942,84.53427065,24.74516696
CC(O)C(CCON1CCN(C(C)C(=O)O)CC1)c1ccccc1,336.432,1.5634,5,2,4,0.7505641152,3,73.24,0,0,0,0.08603497,0.6481838,0.7488436,0.0057678916,0.1508394,0.124679565,0.06980926,0.11443959,0.16164736,0.29654536,0.026618445,0.32342678,0.10369414,0.16012287,0.94675285,0.0061752833,0.017454889,0.0041453573,0.0065944195,0.019295746,0.11525421,0.013944121,0.4779261,0.067733735,0.07343431,0.0029557976,0.008877799,0.007092192,0.006851951,0.66039526,0.3550399,-5.435813,11.852692,-7.4328537,-11.762537,-15.677832,2.261118,-0.48473006,40.84774,-1.5084414,-2.6557648,50.65026362,38.62917399,61.88049209,61.37082601,63.44463972,82.3198594,76.60808436,49.10369069,47.59226714,25.86994728,37.18804921,24.14762742,44.14762742,40.66783831,25.65905097,59.543058,47.4516696,60.35149385,51.42355009,68.64674868,37.18804921,43.09314587,80,51.77504394,29.31458699,30.61511424,33.56766257,35.67662566,24.32337434,33.77855888,53.70826011,63.93673111,63.19859402,33.14586995,48.99824253,35.74692443,30.01757469,38.80492091,32.47803163,24.39367311,68.29525483,54.93848858,25.55360281,27.66256591,16.66080844,6.362038664,31.03690685,38.62917399,23.93673111,21.12478032,77.25834798,11.98594025
CCS(=O)(=O)c1nc(CCON2CCN(C(C)C(=O)O)CC2)c(C)[nH]1,374.463,0.07652,7,2,4,0.6570143578,1,115.83,0,0,0,0.4189941,0.3752517,0.68821347,0.00047577755,0.04291607,0.05103452,0.016583914,0.038659737,0.032634035,0.19862351,0.013322776,0.37759852,0.060399126,0.2466249,0.7110922,0.015458209,0.021111423,0.0012214752,0.0020000287,0.013109706,0.09806011,0.00085471815,0.16719688,0.01184998,0.069916986,0.002420563,0.004533176,0.0006587242,0.013555248,0.6704349,0.116144225,-6.0714617,-7.252275,9.528879,-15.260953,-19.575348,2.692434,-1.0312164,38.67245,-1.4482298,-3.5132535,59.543058,23.44463972,79.85940246,61.37082601,63.44463972,68.04920914,55.32513181,76.62565905,47.59226714,25.86994728,37.18804921,71.77504394,23.76098418,31.88049209,10.79086116,37.92618629,22.67135325,38.5940246,26.01054482,42.24956063,26.60808436,37.01230228,85.65905097,36.5202109,38.91036907,20,59.82425308,42.77680141,10.26362039,18.62917399,43.33919156,55.60632689,17.25834798,20.80843585,34.44639719,34.58699473,26.67838313,26.01054482,10.05272408,34.97363796,69.45518453,33.2513181,12.82952548,10.54481547,33.07557118,3.831282953,17.60984183,65.3427065,17.15289982,19.61335677,78.06678383,7.311072056
CC(C(=O)O)N1CCN(OCCC2OCC(=O)N(CC3CC3)C2C)CC1,369.462,0.4247,6,1,4,0.6640704262,3,82.55,0,0,0,0.44031018,0.55040264,0.6860014,0.0003045387,0.06603091,0.053494178,0.012430988,0.04893094,0.02969661,0.25466,0.0066303476,0.25932488,0.09807286,0.14682078,0.8606159,0.016713139,0.020375397,0.0008448805,0.0024938348,0.019940041,0.12180835,0.0051650414,0.32393727,0.019194791,0.0876557,0.0063133975,0.0070356526,0.0013426645,0.016717726,0.75305533,0.13887665,-5.3791847,21.901169,0.32716942,-14.191905,-15.471425,1.9128056,-1.1255386,22.17133,-1.0767395,-3.338162,58.27768014,26.32688928,72.46045694,36.59050967,63.44463972,69.24428822,76.60808436,55.88752197,47.59226714,25.86994728,37.18804921,73.56766257,36.62565905,31.6344464,9.173989455,44.8857645,23.33919156,35.1142355,29.66608084,41.01933216,32.68892794,31.42355009,70.40421793,50.29876977,27.06502636,24.46397188,61.58172232,41.26537786,8.049209139,21.33567663,54.30579965,66.85413005,46.01054482,27.06502636,38.06678383,40.49209139,42.14411248,34.05975395,15.18453427,38.45342707,79.19156415,36.09841828,27.34622144,40,24.71001757,4.393673111,32.40773286,19.50790861,16.2741652,10.26362039,82.53075571,8.154657293
CC1=C(CCON2CCN(C(C)C(=O)O)CC2)CC(C#N)C(=O)N1,336.392,0.33248,6,2,4,0.7198588259,2,105.9,0,0,0,0.29640144,0.47779387,0.7235253,0.002991103,0.070088014,0.058081795,0.023056772,0.05842487,0.036404666,0.2003628,0.010079995,0.23063764,0.09665416,0.17229109,0.72773933,0.023767218,0.04196652,0.0039028178,0.0025675164,0.024045503,0.12371818,0.0030400327,0.19764814,0.012003353,0.061759166,0.0069648502,0.0066048885,0.0011092129,0.020644551,0.6528619,0.101939306,-5.5265856,-6.1353707,-8.006216,-12.794502,-17.128672,2.355473,-1.2949852,32.213936,-1.5144236,-5.0287757,50.61511424,25.65905097,72.46045694,61.37082601,63.44463972,77.82073814,69.84182777,71.14235501,47.59226714,25.86994728,37.18804921,59.68365554,31.21265378,36.5202109,21.12478032,46.01054482,24.74516696,43.55008787,33.35676626,44.21792619,26.71353251,34.51669596,65.41300527,49.70123023,30.96660808,20.28119508,70.4745167,70.72056239,23.7258348,21.47627417,58.87521968,67.38137083,36.44991213,22.21441125,34.62214411,32.26713533,43.86643234,32.86467487,13.70826011,42.77680141,67.41652021,31.77504394,23.23374341,11.10720562,16.34446397,5.413005272,24.95606327,44.21792619,14.44639719,16.13356766,77.18804921,3.304042179
CCC(CCON1CCN(C(C)C(=O)O)CC1)NS(=O)(=O)C(F)(F)F,391.412,0.6166,6,2,4,0.5943292354,2,99.18,0,0,0,0.45353952,0.5165199,0.64838654,0.0010759283,0.13765718,0.064959124,0.037333123,0.047307365,0.05685839,0.25465274,0.013825236,0.4456727,0.083712816,0.18440667,0.76187253,0.018919708,0.017642781,0.0017626748,0.005170922,0.03284743,0.1563184,0.0052635595,0.27955574,0.022945005,0.13482313,0.006883625,0.013128082,0.0026962655,0.025348281,0.7633053,0.16158333,-5.617232,5.0438204,9.199957,-11.0467005,-15.100626,2.380814,-0.48374033,41.6616,-1.4188011,-2.4388387,63.55008787,28.15465729,72.46045694,61.37082601,63.44463972,59.26186292,69.84182777,67.27592267,47.59226714,25.86994728,37.18804921,74.93848858,33.84885764,26.78383128,14.30579965,57.75043937,26.39718805,50.89630931,29.34973638,51.21265378,32.68892794,37.46924429,90.43936731,45.90509666,32.58347979,21.47627417,64.46397188,36.09841828,13.46221441,30.50966608,65.79964851,76.37961336,46.29173989,25.51845343,39.36731107,51.66959578,43.69068541,46.32688928,21.65202109,46.78383128,80.73813708,38.3831283,21.23022847,19.64850615,32.68892794,7.275922671,34.6572935,45.69420035,23.93673111,21.54657293,78.52372583,13.70826011
CCS(=O)(=O)c1nc(C)c(CCON2CCN(C(C)C(=O)O)CC2)[nH]1,374.463,0.07652,7,2,4,0.6570143578,1,115.83,0,0,0,0.4516813,0.36183602,0.6743514,0.0003140286,0.025171075,0.043796428,0.008668057,0.04057544,0.025690015,0.17170371,0.007956984,0.3571291,0.056617923,0.20034346,0.66599405,0.013945435,0.020703726,0.0010257477,0.0014117106,0.011370762,0.09846103,0.0005475552,0.14129233,0.008232367,0.057894133,0.002034916,0.0036361874,0.00041350134,0.011616662,0.6933308,0.10236076,-6.1045656,-7.3570747,9.574305,-15.255567,-19.656197,2.6565738,-1.0689676,38.94569,-1.4133822,-3.40717,59.543058,23.44463972,79.85940246,61.37082601,63.44463972,68.04920914,55.32513181,76.62565905,47.59226714,25.86994728,37.18804921,74.69244288,22.77680141,29.84182777,9.20913884,28.68189807,20.42179262,29.56063269,26.85413005,39.26186292,23.7258348,32.89982425,83.65553603,34.83304042,34.30579965,18.80492091,56.62565905,41.79261863,8.927943761,14.30579965,39.36731107,55.99297012,13.35676626,19.43760984,31.59929701,30.79086116,24.1827768,22.07381371,7.240773286,32.44288225,72.16168717,31.77504394,12.5483304,10.40421793,33.11072056,3.831282953,17.57469244,63.37434095,16.66080844,19.85940246,78.52372583,7.76801406
CCC(O)(CCON1CCN(C(C)C(=O)O)CC1)Cn1cncn1,341.412,-0.1684,7,2,4,0.6380429953,2,103.95,0,0,0,0.119469404,0.30246466,0.6881008,0.000274263,0.1053497,0.055606395,0.088151135,0.027146569,0.014894853,0.16512302,0.039345734,0.2657571,0.09383869,0.32872742,0.94636405,0.003951531,0.010874864,0.0028307426,0.0031193155,0.0092071835,0.0600694,0.0007140659,0.13438825,0.009753784,0.05604633,0.001276945,0.005572065,0.00053889473,0.0067739757,0.38345417,0.13939366,-5.870787,10.00154,-4.382931,-9.360678,-19.75412,1.9501178,-1.7583176,8.227541,-0.701746,-1.5263689,51.91564148,20.7029877,79.85940246,61.37082601,63.44463972,64.92091388,69.84182777,70.08787346,47.59226714,25.86994728,37.18804921,31.91564148,19.50790861,31.88049209,8.927943761,52.65377856,24.00702988,64.07732865,21.4059754,30.61511424,23.09314587,46.95957821,71.98594025,48.99824253,45.23725835,30.57996485,22.28471002,20.24604569,18.41827768,23.7258348,33.28646749,30.82601054,15.46572935,18.98066784,32.82952548,30.228471,18.20738137,29.63093146,8.681898067,24.21792619,31.66959578,36.23901582,16.37961336,25.94024605,19.57820738,8.295254833,17.46924429,21.01933216,10.228471,4.393673111,87.34622144,21.54657293
Cc1[nH]c2ccc(Cl)c(F)c2c1CCON1CCN(C(C)C(=O)O)CC1,383.851,2.83362,4,2,4,0.8023934075,1,68.8,0,0,0,0.3960983,0.777973,0.81202936,0.5344013,0.50912505,0.22952946,0.29390058,0.30927545,0.53865814,0.5851849,0.3346808,0.37519878,0.3968554,0.5002507,0.97915995,0.035276275,0.041089676,0.22220857,0.06426983,0.03840701,0.13176507,0.043326594,0.76635236,0.29239345,0.21775997,0.038759585,0.03151808,0.07435118,0.09263383,0.5692223,0.75398093,-4.9762444,16.80507,2.2428768,13.806337,-14.167366,2.7201495,1.076854,81.26079,-3.1373024,5.617227,61.58172232,58.66432337,48.55887522,61.37082601,63.44463972,89.66608084,55.32513181,45.62390158,47.59226714,25.86994728,37.18804921,69.91212654,55.14938489,53.2513181,81.89806678,85.62390158,75.85237258,80.77328647,77.39894552,86.39718805,65.72934974,75.88752197,85.48330404,86.15114236,55.71177504,35.71177504,78.03163445,70.01757469,82.49560633,68.40070299,69.56063269,69.87697715,78.34797891,48.71704745,68.43585237,63.86643234,73.60281195,62.98769772,60.03514938,71.95079086,56.2741652,75.8172232,47.27592267,33.35676626,26.46748682,47.06502636,40.31634446,67.41652021,46.60808436,57.11775044,49.59578207,77.15289982
Cc1[nH]c2c(c1CCON1CCN(C(C)C(=O)O)CC1)C(=O)CCCC2,363.458,1.79702,5,2,4,0.7497955243,1,85.87,0,0,0,0.29487503,0.671434,0.7588146,0.016622249,0.1503652,0.108508155,0.06020528,0.17975275,0.2168316,0.4229024,0.0893487,0.2414314,0.21404365,0.23994681,0.9652785,0.025318146,0.040394492,0.01832855,0.012169207,0.024609314,0.113800906,0.009399346,0.5863583,0.09831893,0.106576,0.0090117315,0.012503657,0.009965746,0.025873486,0.61542165,0.48626938,-5.3723483,14.98736,5.7163343,-16.278437,-15.800728,2.3456872,-0.3314476,56.85304,-2.4286084,-1.520231,57.04745167,41.6168717,61.88049209,61.37082601,63.44463972,82.17926186,55.32513181,58.48857645,47.59226714,25.86994728,37.18804921,59.61335677,46.11599297,42.3198594,35.18453427,59.50790861,39.92970123,58.06678383,65.20210896,72.16168717,48.15465729,56.62565905,67.10017575,71.59929701,38.5940246,32.97012302,71.73989455,69.59578207,48.08435852,43.0228471,59.19156415,63.09314587,57.04745167,37.6801406,52.72407733,45.69420035,48.82249561,45.37785589,35.74692443,47.13532513,62.70650264,62.03866432,27.69771529,31.35325132,29.59578207,3.233743409,30.50966608,43.65553603,25.5887522,33.46221441,62.81195079,21.72231986
COc1cccc2[nH]c(C)c(CCON3CCN(C(C)C(=O)O)CC3)c12,361.442,2.04972,5,2,4,0.7859161753,1,78.03,0,0,0,0.39325804,0.75170577,0.8210975,0.19057144,0.3197134,0.17422354,0.14681861,0.31840038,0.35466853,0.5203075,0.24661458,0.27259055,0.35464776,0.3881846,0.98431456,0.021955779,0.042394266,0.14200675,0.024299782,0.025878241,0.112920746,0.012900327,0.71162957,0.19032772,0.12497399,0.022250494,0.015752627,0.026219105,0.039583012,0.5445596,0.71425146,-5.34056,19.138401,8.5322075,-13.063446,-15.612513,2.4682345,0.18092585,69.32824,-2.6163747,1.2563899,56.5202109,45.37785589,61.88049209,61.37082601,63.44463972,87.10017575,55.32513181,52.75922671,47.59226714,25.86994728,37.18804921,69.73637961,53.11072056,55.60632689,64.60456942,75.43057996,63.7258348,71.24780316,77.92618629,79.96485062,58.03163445,70.9314587,72.97012302,83.44463972,48.96309315,37.01230228,68.50615114,71.03690685,76.62565905,53.00527241,60.14059754,62.81195079,62.03866432,44.67486819,61.65202109,49.73637961,65.86994728,50.05272408,45.79964851,56.06326889,53.18101933,73.14586995,28.96309315,36.23901582,32.16168717,5.237258348,31.45869947,51.84534271,33.39191564,45.16695958,59.543058,48.71704745
CCC(O)(CCON1CCN(C(C)C(=O)O)CC1)c1cccnc1,337.42,1.0916,6,2,4,0.7342102278,2,86.13,0,0,0,0.06405081,0.383742,0.746938,0.0010480499,0.059059452,0.090226725,0.051188122,0.07689129,0.03560882,0.19957535,0.023949275,0.22217119,0.09526131,0.21546991,0.9379379,0.008253487,0.02699018,0.0035293468,0.004825855,0.014255805,0.080485255,0.0022538425,0.25514552,0.02795803,0.047457747,0.0015989228,0.0068489807,0.0018741738,0.0052723517,0.42738575,0.18815306,-5.5510798,9.538788,-8.34292,-7.4206796,-16.345858,2.1733289,-1.3163735,19.325415,-0.74549496,-1.660495,50.89630931,32.75922671,72.46045694,61.37082601,63.44463972,79.85940246,69.84182777,58.5940246,47.59226714,25.86994728,37.18804921,17.60984183,24.21792619,40.49209139,14.13005272,42.77680141,34.05975395,55.67662566,40.21089631,44.00702988,26.64323374,41.96836555,64.00702988,49.27943761,36.09841828,29.59578207,41.8629174,51.95079086,22.21441125,29.63093146,45.65905097,45.72934974,30.57996485,24.32337434,40.91388401,25.86994728,21.12478032,33.56766257,18.1370826,20.98418278,37.57469244,41.1599297,22.67135325,25.30755712,16.16871705,10.40421793,27.80316344,32.93497364,14.23550088,8.611599297,86.95957821,20.35149385
Cc1[nH]c2ccc(F)cc2c1CCON1CCN(C(C)C(=O)O)CC1,349.406,2.18022,4,2,4,0.8366074169,1,68.8,1,0,0,0.40958333,0.7907995,0.8204185,0.21324451,0.28639066,0.17163527,0.1151426,0.30937213,0.35491213,0.461001,0.132018,0.33293778,0.3092293,0.32994542,0.97949266,0.021691063,0.040445596,0.106431626,0.018850442,0.025168097,0.123496935,0.01354163,0.70138067,0.12654302,0.11514199,0.018749913,0.013651216,0.022035118,0.03520398,0.61646646,0.63858247,-5.194846,18.534286,2.4763408,-4.570138,-14.542168,2.5571105,0.5755378,73.172615,-2.5832243,3.3176353,53.28646749,47.2056239,48.55887522,61.37082601,63.44463972,93.53251318,55.32513181,45.62390158,97.39894552,25.86994728,37.18804921,71.10720562,56.30931459,55.43057996,66.57293497,73.2513181,62.95254833,67.80316344,77.39894552,79.96485062,51.45869947,61.93321617,81.37082601,80.07029877,45.23725835,35.85237258,68.11950791,69.63093146,71.95079086,49.27943761,59.78910369,67.2056239,62.70650264,44.1827768,55.71177504,47.97891037,63.19859402,47.10017575,43.76098418,53.39191564,62.81195079,69.38488576,36.13356766,35.3602812,26.53778559,14.69244288,37.89103691,56.90685413,39.78910369,49.03339192,60.10544815,65.02636204
CC(C=CC(=O)O)NCCON1CCN(C(C)C(=O)O)CC1,315.37,-0.3724,6,3,4,0.391092326,2,102.34,0,2,0,0.2192497,0.2709645,0.3609536,0.00029636282,0.021034326,0.005107626,0.004079345,0.010384726,0.0072327266,0.024516504,0.00012722853,0.20277986,0.027878124,0.026224133,0.038496554,0.008327724,0.03151898,0.000828634,0.00027941025,0.0154971685,0.12371504,0.00024950528,0.008697027,0.00037973016,0.0232149,0.0021801381,0.00065197644,0.00011117603,0.00285958,0.69232094,0.013557221,-6.2154245,-6.44022,-10.973358,-1.5217997,-20.91425,1.8402565,-2.7530673,23.19431,-1.3959215,-2.2780852,45.62390158,18.73462214,72.46045694,78.20738137,63.44463972,32.0913884,69.84182777,69.5254833,47.59226714,87.92618629,37.18804921,49.91212654,16.87170475,11.17750439,9.13884007,26.0456942,7.908611599,20.52724077,13.04042179,20.87873462,4.850615114,5.869947276,60.07029877,17.71528998,6.010544815,6.221441125,42.03866432,58.5940246,7.978910369,3.866432337,47.52196837,67.38137083,8.365553603,7.451669596,7.662565905,12.12653779,25.09666081,7.275922671,3.620386643,13.56766257,71.95079086,8.224956063,11.21265378,10.9314587,14.13005272,19.75395431,14.97363796,15.67662566,4.217926186,10.72056239,78.76977153,15.00878735
CC(CCC(=O)O)NCCON1CCN(C(C)C(=O)O)CC1,317.386,-0.1484,6,3,4,0.4782306918,2,102.34,0,1,0,0.11209734,0.32624164,0.47532877,0.00015309945,0.007966148,0.0038544969,0.0014549876,0.020925203,0.005163525,0.020372327,4.03E-05,0.19587635,0.019455587,0.014782131,0.112599835,0.0032044705,0.023320723,0.00032345456,9.19E-05,0.0058160624,0.114270136,4.77E-05,0.017244076,0.00027066877,0.010368882,0.0003626488,0.00016843858,4.22E-05,0.0005890485,0.7381856,0.011136121,-6.064214,-0.8075363,-19.298016,-2.888397,-20.299969,1.6487153,-2.8696408,7.7270036,-0.78578585,-1.4721539,46.22144112,20.91388401,72.46045694,78.20738137,63.44463972,43.33919156,69.84182777,69.5254833,47.59226714,66.5202109,37.18804921,30.29876977,20.91388401,15.67662566,7.908611599,13.00527241,7.381370826,11.14235501,18.1370826,16.16871705,4.182776801,2.811950791,58.03163445,12.65377856,4.639718805,8.260105448,18.76977153,46.53778559,5.448154657,2.214411248,21.68717047,63.30404218,4.428822496,9.420035149,5.518453427,3.936731107,7.029876977,3.866432337,2.179261863,3.690685413,77.60984183,6.713532513,13.00527241,14.76274165,8.752196837,17.36379613,16.23901582,8.787346221,3.796133568,4.182776801,86.43233743,22.17926186
CC(NCCON1CCN(C(C)C(=O)O)CC1)SCC(=O)O,335.426,-0.2379,7,3,4,0.3686252999,2,102.34,0,2,1,0.27794126,0.30913273,0.46135482,0.00011910277,0.009084122,0.0042822408,0.0017588247,0.014253788,0.0032520145,0.021720652,6.29E-05,0.25144613,0.020899175,0.022680765,0.08066455,0.0050431024,0.020494616,0.00047194562,0.00011963277,0.008584646,0.10340452,7.78E-05,0.013137114,0.00020016097,0.018034253,0.0008209667,0.0003876209,5.76E-05,0.0020497346,0.7507194,0.012038705,-6.2060814,-4.0230293,-12.832642,0.053419493,-21.125385,1.6499977,-2.965947,20.645369,-0.993697,-1.4610356,50.36906854,19.89455185,79.85940246,78.20738137,63.44463972,29.10369069,69.84182777,69.5254833,47.59226714,87.92618629,83.09314587,57.85588752,19.78910369,15.07908612,7.416520211,14.37609842,7.55711775,12.40773286,14.90333919,9.947275923,4.393673111,3.585237258,68.85764499,13.21616872,5.553602812,7.381370826,28.04920914,41.37082601,6.326889279,2.425307557,31.10720562,58.62917399,5.166959578,8.471001757,4.358523726,8.330404218,13.18101933,5.659050967,2.390158172,10.08787346,78.91036907,7.381370826,11.28295255,12.40773286,13.00527241,22.49560633,14.6572935,8.822495606,3.479789104,9.314586995,83.55008787,22.21441125
CC(O)C(CCON1CCN(C(C)C(=O)O)CC1)N1CCOCC1,345.44,-0.5196,7,2,4,0.6078829657,3,85.71,0,0,0,0.12216071,0.4321145,0.6172806,0.0003313743,0.057605196,0.027197007,0.012962094,0.06417174,0.015664611,0.093800716,0.0022280975,0.2225264,0.038776655,0.057776917,0.7642161,0.0051102894,0.023077348,0.0008293039,0.00067142735,0.010060625,0.11984967,0.0006757806,0.22118135,0.0065054656,0.03301113,0.001404584,0.0011552082,0.0003811526,0.0017756385,0.72232515,0.10412729,-5.6253343,14.768,-13.195447,-4.9124537,-17.749083,1.6974388,-1.7312273,3.0782592,-0.6222574,-2.089817,52.7943761,17.75043937,79.85940246,61.37082601,63.44463972,61.23022847,76.60808436,58.41827768,47.59226714,25.86994728,37.18804921,32.33743409,28.01405975,24.11247803,9.34973638,42.21441125,14.76274165,35.5711775,34.97363796,31.35325132,14.62214411,22.81195079,64.11247803,25.69420035,11.07205624,21.54657293,28.64674868,46.08084359,7.978910369,7.69771529,35.88752197,66.29173989,15.07908612,23.16344464,29.34973638,18.20738137,19.57820738,10.29876977,6.959578207,9.033391916,75.3602812,32.0913884,21.12478032,31.14235501,12.65377856,14.02460457,22.70650264,10.43936731,10.50966608,3.0228471,88.26010545,16.66080844
CC(=O)ONC(C)CCCON1CCN(C(C)C(=O)O)CC1,317.386,0.2451,7,2,4,0.4616737313,2,91.34,0,2,0,0.49471587,0.536561,0.71355283,0.00032984215,0.020291816,0.028689366,0.0029389956,0.0586712,0.009088167,0.11949005,0.00070409535,0.29834738,0.057153534,0.072099425,0.6586181,0.010075266,0.019260783,0.00073220686,0.00062471913,0.011549193,0.11444576,0.00090308103,0.20250043,0.0020176847,0.035197087,0.0026942114,0.0015943792,0.00026723003,0.006429543,0.81792927,0.043663364,-5.5540676,6.707736,-6.263447,-12.805392,-15.816956,2.2830997,-1.3410838,23.895634,-1.0048279,-2.8227537,46.22144112,24.92091388,79.85940246,61.37082601,63.44463972,41.6168717,69.84182777,62.35500879,47.59226714,87.92618629,37.18804921,78.52372583,35.43057996,35.04393673,9.34973638,25.62390158,15.14938489,17.22319859,33.39191564,23.93673111,18.24253076,15.92267135,76.80140598,34.97363796,13.91915641,18.66432337,47.59226714,39.05096661,7.662565905,7.416520211,39.71880492,63.40949033,17.82073814,22.3198594,19.57820738,19.33216169,28.82249561,12.26713533,5.553602812,23.51493849,86.60808436,22.5659051,22.60105448,21.82776801,17.85588752,5.342706503,30.36906854,39.82425308,13.84885764,11.31810193,83.37434095,11.00175747
CC(C(=O)O)N1CCN(OCCNC(C)C23CC4CC(CC(C4)C2)C3)CC1,379.545,2.2032,5,2,4,0.6305817632,2,65.04,0,1,0,0.04748511,0.5516395,0.4716169,0.001735551,0.09682434,0.03149817,0.042974923,0.16952617,0.21441719,0.19804224,0.022302601,0.19508259,0.08953688,0.0419491,0.9007532,0.004171788,0.017787036,0.0015153058,0.0053249197,0.02167353,0.13297935,0.0020215788,0.4755084,0.09723919,0.08668065,0.001317096,0.0033558845,0.005986567,0.0030172423,0.7265535,0.54137474,-5.551825,23.652784,17.918621,-11.126734,-14.209605,2.3883307,0.33648363,59.917553,-2.9225028,-1.0274687,60.63268893,47.52196837,61.88049209,61.37082601,63.44463972,64.14762742,69.84182777,43.19859402,47.59226714,66.5202109,37.18804921,12.72407733,36.80140598,15.53602812,16.87170475,51.35325132,16.34446397,53.46221441,63.62038664,72.02108963,26.60808436,41.47627417,57.92618629,48.04920914,8.260105448,26.25659051,23.93673111,36.34446397,12.51318102,30.86115993,56.59050967,70.26362039,28.15465729,33.11072056,52.5483304,40.38664323,18.52372583,21.08963093,30.43936731,13.9543058,75.92267135,65.02636204,22.63620387,42.39015817,42.28471002,7.205623902,39.92970123,46.11599297,35.32513181,36.16871705,54.34094903,25.30755712
C=CCN1C(=O)C(CCON2CCN(C(C)C(=O)O)CC2)C1C,325.409,0.4317,5,1,4,0.5153581892,3,73.32,0,1,1,0.34984443,0.5554317,0.6504842,0.0003836577,0.062397175,0.05278758,0.012131467,0.057587825,0.0312343,0.22997263,0.005973007,0.28138727,0.076536104,0.08067226,0.8536785,0.018387742,0.020626852,0.0011659855,0.0018773038,0.019821435,0.10470097,0.003137375,0.2841902,0.009482266,0.06636779,0.0045288736,0.007007599,0.00078910775,0.010661111,0.7731399,0.13857596,-5.3114824,11.860217,-7.1055984,-17.799616,-14.973244,2.1839752,-1.3081722,19.205872,-0.6961224,-5.118158,48.04920914,26.39718805,61.88049209,36.59050967,63.44463972,48.29525483,76.60808436,49.10369069,47.59226714,66.5202109,83.09314587,65.41300527,37.08260105,27.10017575,9.841827768,43.76098418,23.23374341,34.83304042,33.07557118,41.58172232,30.86115993,30.86115993,74.37609842,42.91739895,15.67662566,24.28822496,63.86643234,41.6168717,9.806678383,17.85588752,54.23550088,59.12126538,36.83655536,25.62390158,32.51318102,33.42706503,37.01230228,33.98945518,11.31810193,30.68541301,82.10896309,36.09841828,30.26362039,27.69771529,16.94200351,2.636203866,35.39543058,33.4973638,14.27065026,8.541300527,87.4516696,3.233743409
CCCN1C(=O)C(CCON2CCN(C(C)C(=O)O)CC2)C1C,327.425,0.6557,5,1,4,0.6602490811,3,73.32,0,0,1,0.33888453,0.5476472,0.69330037,0.00045981622,0.05949682,0.05398611,0.013260993,0.07022895,0.030765172,0.24426255,0.007948322,0.24434301,0.078792326,0.10175806,0.8685581,0.016158247,0.023393003,0.0012988305,0.0023531655,0.020596743,0.11432354,0.0032097916,0.3527453,0.015472394,0.063124165,0.0041546575,0.0062767593,0.0012011414,0.010213435,0.7484501,0.15124175,-5.2851996,16.325052,-4.8967476,-15.386438,-14.932121,2.1022313,-1.275431,18.230309,-0.788414,-4.4495635,48.6115993,28.6115993,61.88049209,36.59050967,63.44463972,68.57644991,76.60808436,49.10369069,47.59226714,25.86994728,83.09314587,64.28822496,36.41476274,32.40773286,10.65026362,42.95254833,23.62038664,35.88752197,37.60984183,41.37082601,31.98594025,32.89982425,67.55711775,43.76098418,19.33216169,24.71001757,60.77328647,46.57293497,10.86115993,20.28119508,55.1142355,63.33919156,37.22319859,28.15465729,36.62565905,32.51318102,35.60632689,31.84534271,14.30579965,29.94727592,78.73462214,37.53954306,31.35325132,32.86467487,19.22671353,3.725834798,35.53602812,28.50615114,14.58699473,8.049209139,86.29173989,4.358523726
CC(C(=O)O)N1CCN(OCCCC(C)(O)c2cccnc2)CC1,337.42,1.0916,6,2,4,0.6868245643,2,86.13,0,1,0,0.044975862,0.37873387,0.7422846,0.0011776872,0.05030314,0.09258056,0.040838193,0.08299474,0.03978808,0.1866517,0.019304927,0.24080102,0.095763534,0.21007113,0.934419,0.007250718,0.025814984,0.0040569743,0.0047698,0.013169904,0.07775383,0.0026721465,0.24999332,0.02520004,0.046100937,0.0013546001,0.006107329,0.0021240646,0.004202326,0.4359526,0.18736623,-5.5987186,9.123208,-11.394971,-7.3846207,-16.725101,2.0558856,-1.442888,17.674248,-0.72827756,-1.6669655,50.89630931,32.75922671,72.46045694,61.37082601,63.44463972,72.86467487,69.84182777,58.5940246,47.59226714,66.5202109,37.18804921,12.0913884,23.97188049,39.68365554,14.79789104,40.24604569,34.86818981,52.58347979,42.60105448,45.72934974,25.3427065,39.89455185,66.85413005,49.38488576,35.50087873,29.20913884,38.24253076,50.43936731,24.1827768,29.42003515,43.62038664,43.93673111,34.05975395,24.21792619,40.07029877,25.20210896,19.01581722,31.31810193,19.15641476,18.20738137,38.73462214,41.05448155,21.75746924,24.71001757,13.77855888,10.50966608,26.5026362,26.15114236,12.82952548,7.803163445,87.02987698,20.35149385
CC(C(=O)O)N1CCN(OCCC(O)(Cn2ccnc2)C(C)O)CC1,356.423,-0.5926,7,3,4,0.5382487999,3,111.29,0,0,0,0.09547241,0.19921383,0.5535741,0.00056719827,0.14806736,0.05298649,0.16767776,0.037642483,0.034458943,0.15731096,0.1420066,0.21299346,0.09381208,0.25406238,0.8940773,0.0059207617,0.018347144,0.007608862,0.007846212,0.012160443,0.061852753,0.0015013443,0.1113026,0.028866598,0.066395715,0.0016230803,0.010000328,0.0016212102,0.0054070996,0.34412044,0.26428655,-6.0148916,5.3923383,-10.417383,-6.6089964,-21.601055,1.8166835,-1.8927498,3.5192184,-0.4893024,-1.7013159,54.90333919,17.18804921,79.85940246,78.20738137,63.44463972,51.59929701,76.60808436,74.44639719,47.59226714,25.86994728,37.18804921,26.39718805,13.32161687,19.85940246,11.35325132,59.2970123,23.26889279,73.07557118,25.65905097,43.33919156,22.39015817,63.09314587,62.28471002,48.99824253,39.68365554,26.0456942,32.19683656,37.22319859,34.37609842,36.34446397,40.94903339,32.33743409,23.86643234,17.82073814,41.23022847,33.46221441,21.37082601,41.51142355,16.62565905,21.26537786,26.29173989,47.83831283,13.84885764,19.96485062,14.44639719,11.49384886,13.81370826,14.58699473,9.420035149,3.16344464,89.84182777,19.85940246
CC(C(=O)O)N1CCN(OCCC(O)(Cn2cncn2)C(C)(C)O)CC1,371.438,-0.8075,8,3,4,0.5111456911,2,124.18,0,0,0,0.14231774,0.21700315,0.68241227,0.00014188555,0.08085772,0.04854856,0.081989504,0.021618765,0.008119361,0.16521795,0.035308998,0.1860236,0.085982874,0.33061153,0.9113245,0.0037928126,0.012257029,0.0025130797,0.0030444416,0.008646568,0.05464118,0.0014687504,0.09871395,0.007882999,0.04758029,0.0011325657,0.0056183347,0.0006805704,0.0054365564,0.36076382,0.10379012,-6.0585113,11.227291,1.3948387,-9.346235,-21.780422,1.8726623,-1.6091915,9.90255,-0.90203744,-0.9418564,59.01581722,15.95782074,84.51669596,78.20738137,63.44463972,47.69771529,69.84182777,80.31634446,47.59226714,25.86994728,37.18804921,36.41476274,14.48154657,31.00175747,7.732864675,48.26010545,22.17926186,62.91739895,18.34797891,22.49560633,23.09314587,45.72934974,55.32513181,46.7486819,45.30755712,27.24077329,21.44112478,24.11247803,17.04745167,23.51493849,31.35325132,25.51845343,23.58523726,17.29349736,31.21265378,25.97539543,16.30931459,29.771529,10.40421793,21.44112478,28.78734622,32.0913884,13.21616872,27.27592267,25.65905097,8.295254833,13.56766257,17.4340949,11.35325132,4.885764499,84.71001757,26.11599297
CCCN1COCC(CCON2CCN(C(C)C(=O)O)CC2)C1C,343.468,1.1032,6,1,4,0.7078850605,3,65.48,0,0,0,0.33608627,0.5514872,0.54670787,0.00024866714,0.017818313,0.011870307,0.0023466418,0.14137252,0.03128376,0.093879506,0.0007873272,0.2359238,0.038201086,0.013688537,0.62439567,0.004204072,0.016194781,0.0005152462,0.000616629,0.009145813,0.11247983,0.00025570096,0.2770292,0.0049730837,0.031188492,0.0008396845,0.0012236629,0.0004492902,0.0024593615,0.88771325,0.15775333,-5.44163,14.620875,-8.834349,-6.1298113,-14.979416,2.019627,-1.2767775,17.592127,-1.0343454,-2.0065086,52.26713533,33.04042179,72.46045694,36.59050967,63.44463972,76.44991213,76.60808436,43.30404218,47.59226714,25.86994728,37.18804921,63.90158172,36.76625659,19.543058,8.646748682,23.62038664,10.08787346,14.86818981,58.98066784,41.58172232,14.62214411,16.66080844,66.29173989,25.3427065,4.46397188,17.57469244,24.04217926,33.04042179,6.537785589,7.381370826,32.89982425,62.63620387,8.435852373,25.44815466,26.95957821,16.94200351,13.35676626,10.50966608,7.732864675,12.0913884,94.16520211,38.10193322,25.41300527,31.03690685,15.78207381,12.33743409,35.3602812,24.49912127,14.58699473,7.76801406,82.91739895,17.25834798
CC(C(=O)O)N1CCN(OCCC2C(=O)C=CN(C(=O)C3CC3)C2C)CC1,379.457,0.7385,6,1,4,0.6975781258,3,90.39,0,0,0,0.38589054,0.402711,0.59271556,0.00023459402,0.05050038,0.05414512,0.013432549,0.030222466,0.022792079,0.28896,0.014544679,0.15876834,0.102382675,0.14720039,0.7593605,0.041821055,0.034937773,0.001625323,0.003799603,0.036396585,0.11811334,0.008000575,0.1557276,0.020973664,0.098402984,0.01170289,0.014932278,0.0019449577,0.033092253,0.63259625,0.12608282,-5.463562,-5.9880323,-11.626482,-11.738693,-17.395233,2.4970238,-1.2249962,23.773205,-1.2589823,-5.1898184,60.56239016,29.5254833,72.46045694,36.59050967,63.44463972,74.93848858,76.60808436,61.51142355,47.59226714,25.86994728,37.18804921,68.92794376,25.83479789,21.93321617,8.576449912,40.38664323,23.65553603,36.02811951,22.70650264,37.25834798,36.69595782,37.85588752,48.40070299,51.3884007,27.13532513,21.37082601,81.08963093,63.26889279,12.93497364,26.29173989,68.22495606,65.44815466,54.02460457,20.03514938,38.76977153,43.83128295,54.76274165,48.75219684,18.27768014,52.33743409,64.95606327,34.51669596,24.74516696,11.24780316,13.56766257,6.432337434,23.97188049,53.67311072,15.18453427,11.24780316,80.84358524,3.09314587
COC(CCON1CCN(C(C)C(=O)O)CC1)C1CNCCO1,331.413,-0.5978,7,2,4,0.6101941115,3,83.5,0,0,0,0.35386157,0.3417981,0.6961018,6.67E-05,0.009202143,0.014149278,0.0012068532,0.04851084,0.0021525281,0.072366156,0.0005117327,0.1609352,0.028789286,0.064586535,0.6952199,0.0050774524,0.024243481,0.00049127603,0.00034883496,0.0052685677,0.09174317,0.000110737026,0.14502677,0.0011268927,0.016299188,0.0008551332,0.0005184627,9.08E-05,0.0019616252,0.7252242,0.03238965,-5.7398767,3.2286296,-24.037346,-4.219266,-18.069515,1.7756326,-2.3990293,-7.7979155,-0.18721671,-2.7508368,49.49033392,17.15289982,79.85940246,61.37082601,63.44463972,61.33567663,76.60808436,56.66080844,47.59226714,25.86994728,37.18804921,65.90509666,21.79261863,32.89982425,6.467486819,14.58699473,10.65026362,9.27943761,29.66608084,7.065026362,11.95079086,14.09490334,48.89279438,18.3831283,12.37258348,19.47275923,28.3655536,48.33040422,6.362038664,4.815465729,19.64850615,52.12653779,5.729349736,19.50790861,15.25483304,7.451669596,13.46221441,6.362038664,3.0228471,9.876977153,75.78207381,19.26186292,18.55887522,17.46924429,5.694200351,15.46572935,21.4059754,12.97012302,6.010544815,1.687170475,92.47803163,11.3884007
CC(O)C(CCON1CCN(C(C)C(=O)O)CC1)NC(=O)CS,349.453,-0.8058,7,4,4,0.4040312021,3,102.34,0,1,0,0.41843182,0.37737128,0.62095106,0.00023322254,0.034217007,0.023367308,0.0064056097,0.03664551,0.0073024207,0.10920046,0.0028787232,0.24074392,0.042528428,0.06828953,0.5326888,0.015489009,0.024447225,0.0012807765,0.0008192674,0.016471785,0.10425441,0.0010680687,0.10527092,0.0029925215,0.043506447,0.003830161,0.0033034808,0.00031315928,0.008870382,0.75705034,0.056276985,-5.911806,-4.954618,-12.257906,-7.1301317,-19.904068,2.2784839,-1.7119843,7.424197,-0.4822615,-2.913735,53.39191564,15.95782074,79.85940246,86.90685413,63.44463972,33.39191564,76.60808436,69.5254833,47.59226714,66.5202109,37.18804921,71.77504394,23.83128295,24.32337434,8.576449912,33.91915641,13.88400703,25.51845343,25.30755712,20.98418278,16.59050967,24.85061511,66.85413005,27.97891037,13.14586995,16.09841828,59.82425308,48.57644991,10.72056239,9.13884007,49.20913884,58.94551845,19.33216169,17.50439367,23.05799649,23.83128295,34.23550088,20.94903339,6.080843585,28.01405975,79.61335677,25.76449912,15.74692443,11.70474517,13.28646749,10.82601054,17.22319859,39.57820738,10.61511424,4.147627417,90.01757469,10.43936731
CCC(CCON1CCN(C(C)C(=O)O)CC1)N1CC(O)C1=O,329.397,-0.6195,6,2,4,0.5733128733,3,93.55,0,0,1,0.27789307,0.47565526,0.6695258,0.00089832954,0.07716357,0.052799247,0.019041542,0.05697593,0.026565116,0.20635435,0.010623475,0.21033332,0.064969346,0.13353106,0.8155985,0.01821462,0.032104377,0.0024226182,0.0030662243,0.023537043,0.12589884,0.0038317956,0.24952106,0.020772638,0.06917054,0.0061713126,0.006428501,0.0014872917,0.011921024,0.67668927,0.12394241,-5.4863386,15.312971,-8.415033,-9.997545,-16.868938,1.8927006,-1.4350796,15.222247,-0.62791425,-2.8607602,49.0685413,17.01230228,72.46045694,61.37082601,63.44463972,56.76625659,76.60808436,63.86643234,47.59226714,25.86994728,83.09314587,57.82073814,31.00175747,29.10369069,13.4973638,47.41652021,23.23374341,40.49209139,32.82952548,39.75395431,27.34622144,35.00878735,61.58172232,38.98066784,24.46397188,22.98769772,63.79613357,59.40246046,16.59050967,23.51493849,58.34797891,68.15465729,40.63268893,24.21792619,38.66432337,34.30579965,41.72231986,32.30228471,16.13356766,33.00527241,70.29876977,34.13005272,24.11247803,31.59929701,16.06326889,7.83831283,26.18629174,18.5940246,12.89982425,6.572934974,88.11950791,10.75571178
COc1cccc2c(CCON3CCN(C(C)C(=O)O)CC3)c(C)[nH]c12,361.442,2.04972,5,2,4,0.7859161753,1,78.03,1,0,0,0.37627032,0.7617498,0.84286654,0.2296849,0.33784634,0.18298832,0.1519098,0.34152487,0.36450595,0.5474802,0.26683465,0.2649394,0.34859496,0.40301123,0.98720706,0.02004972,0.042460468,0.1465655,0.02553615,0.025113802,0.1148087,0.013547214,0.76144063,0.21124947,0.12643936,0.020232743,0.013650423,0.030879617,0.0371489,0.539906,0.7287582,-5.346488,21.069044,11.864981,-18.62727,-15.318115,2.5547767,0.30375776,71.00743,-2.643793,-0.08911204,56.5202109,45.37785589,61.88049209,61.37082601,63.44463972,87.10017575,55.32513181,52.75922671,97.39894552,25.86994728,37.18804921,67.9086116,53.84885764,61.19507909,68.11950791,76.66080844,65.94024605,71.59929701,79.50790861,80.35149385,60.94903339,71.98594025,71.88049209,82.98769772,49.98242531,38.24253076,66.11599297,71.10720562,76.9771529,53.63796134,59.75395431,63.65553603,62.70650264,48.29525483,63.16344464,50.12302285,64.56942004,47.10017575,48.04920914,54.55184534,52.40773286,73.91915641,28.68189807,38.76977153,35.78207381,2.355008787,33.46221441,56.76625659,34.72759227,47.13532513,58.94551845,34.37609842
COC(CCON1CCN(C(C)C(=O)O)CC1)c1ccccc1F,340.395,1.9256,5,1,4,0.7801594331,2,62.24,0,0,0,0.16941151,0.7429055,0.8544879,0.013944386,0.20052612,0.16311172,0.0646843,0.1549712,0.104250744,0.3963463,0.032902163,0.2769546,0.13886793,0.29339498,0.9873006,0.00697188,0.020309627,0.010455428,0.0071825846,0.015623,0.103315495,0.014140541,0.707217,0.08370093,0.07145637,0.0048183165,0.0070232763,0.010303206,0.009557123,0.6054487,0.36502245,-5.135239,17.90116,-3.408656,-13.3211155,-13.343765,2.3491755,-0.2807823,45.40502,-1.5224625,-2.368164,51.66959578,43.55008787,61.88049209,36.59050967,63.44463972,86.22144112,69.84182777,40.03514938,47.59226714,25.86994728,37.18804921,41.05448155,52.44288225,64.67486819,33.56766257,65.13181019,60.77328647,59.26186292,61.4059754,61.23022847,45.83479789,45.13181019,73.67311072,60.03514938,42.60105448,38.34797891,36.83655536,41.1599297,40.14059754,35.14938489,47.87346221,58.55887522,63.4797891,44.4288225,50.96660808,35.07908612,37.78558875,34.02460457,35.99297012,29.24428822,61.6168717,55.5711775,39.05096661,34.58699473,20.73813708,4.956063269,45.5887522,43.83128295,26.36203866,24.74516696,77.11775044,14.48154657
Cc1[nH]c2ccccc2c(=O)c1CCON1CCN(C(C)C(=O)O)CC1,359.426,1.40132,5,2,4,0.8109278259,1,85.87,0,0,0,0.42291468,0.69906723,0.8112408,0.11450307,0.2616191,0.19032785,0.16622083,0.17053856,0.18133827,0.40468484,0.10922146,0.3471698,0.3567229,0.5105366,0.9591284,0.029713536,0.053451907,0.09447111,0.016275892,0.030674854,0.14198965,0.01603465,0.48752442,0.10590055,0.10559116,0.02656754,0.014547015,0.013719524,0.04348153,0.52330595,0.50051945,-5.5343337,13.582065,1.6177746,-13.284439,-17.402834,2.3501143,-0.36471048,60.263733,-2.4878654,0.07055001,55.85237258,36.69595782,61.88049209,61.37082601,63.44463972,90.75571178,55.32513181,58.48857645,47.59226714,25.86994728,37.18804921,72.12653779,48.15465729,53.04042179,57.75043937,71.00175747,67.66256591,73.04042179,63.69068541,70.29876977,46.57293497,59.47275923,82.84710018,83.55008787,56.06326889,31.84534271,75.14938489,78.76977153,70.65026362,47.24077329,64.11247803,72.5483304,64.92091388,33.67311072,53.4973638,45.44815466,68.3655536,48.33040422,38.69947276,57.71528998,50.33391916,62.84710018,23.0228471,29.70123023,25.79964851,5.026362039,23.97188049,43.90158172,25.23725835,36.5202109,61.65202109,35.71177504
COC(=O)c1c(N)sc(C)c1CCON1CCN(C(C)C(=O)O)CC1,371.459,0.99012,8,2,4,0.6838239116,1,105.33,1,0,0,0.2616224,0.5709511,0.78344965,0.04294827,0.2351161,0.13820447,0.11924736,0.12129851,0.14823437,0.40818825,0.094196126,0.25164494,0.1976021,0.4045168,0.9485742,0.03001506,0.04196919,0.034616355,0.012487976,0.027879393,0.10080786,0.011425426,0.47246775,0.053878088,0.09839985,0.014475927,0.013354426,0.00974693,0.036594074,0.5081026,0.34011286,-5.2043276,34.931026,23.719004,-25.827423,-15.207845,2.269332,-0.11330738,66.018326,-2.6575065,-1.972625,59.01581722,31.77504394,84.51669596,61.37082601,63.44463972,72.51318102,55.32513181,71.00175747,97.39894552,25.86994728,37.18804921,55.92267135,38.34797891,47.41652021,45.09666081,68.50615114,52.02108963,68.15465729,53.4973638,67.31107206,46.99472759,57.18804921,68.92794376,69.59578207,50.01757469,30.72056239,75.39543058,70.72056239,57.08260105,43.40949033,61.89806678,57.15289982,60.03514938,32.89982425,46.60808436,43.83128295,58.55887522,46.5026362,35.5711775,54.23550088,47.87346221,53.81370826,35.60632689,52.97012302,47.97891037,0.9490333919,34.05975395,39.19156415,28.71704745,41.96836555,58.66432337,17.60984183
CCCc1c(C)n(CCON2CCN(C(C)C(=O)O)CC2)c(=O)[nH]c1=O,368.434,-0.18018,6,2,4,0.6552211315,1,107.87,0,0,0,0.41783077,0.4783458,0.76340115,0.0013981859,0.031436957,0.067814104,0.012306228,0.037215315,0.029840523,0.21147299,0.00721599,0.24170499,0.12695901,0.3435003,0.7716924,0.024005106,0.040384788,0.0026525573,0.002173259,0.016708557,0.117216505,0.0027910627,0.17061813,0.012827779,0.062088378,0.007370068,0.0046807136,0.0010070823,0.026334777,0.61529577,0.09227755,-5.54496,25.626896,5.706829,-26.40158,-18.65891,1.6805671,-1.069487,42.135338,-1.9808922,-4.063856,57.96133568,20.59753954,72.46045694,61.37082601,63.44463972,67.94376098,55.32513181,72.68892794,47.59226714,25.86994728,37.18804921,71.73989455,31.31810193,43.33919156,15.64147627,32.65377856,27.34622144,34.93848858,25.48330404,41.05448155,27.9086116,32.02108963,67.17047452,57.29349736,46.32688928,21.8629174,70.57996485,69.56063269,17.60984183,19.543058,49.5254833,64.99121265,34.97363796,20.84358524,35.21968366,32.26713533,44.95606327,26.71353251,12.89982425,47.69771529,62.70650264,30.65026362,22.77680141,44.1827768,29.59578207,0.8435852373,19.78910369,9.771528998,16.66080844,21.93321617,71.45869947,5.623901582
CC#Cc1c(C)n(CCON2CCN(C(C)C(=O)O)CC2)c(=O)[nH]c1=O,364.402,-0.76128,6,2,4,0.6388799007,1,107.87,0,1,0,0.49135938,0.42986503,0.71122766,0.0020414232,0.049451638,0.06621559,0.023593228,0.025417212,0.021387193,0.21842346,0.010658477,0.2332499,0.1308907,0.44199938,0.5926515,0.041149803,0.048356313,0.0042773467,0.0044261534,0.026924442,0.120370224,0.005769972,0.11405257,0.016098775,0.10120235,0.0145984385,0.010317124,0.0014928805,0.058380324,0.6152503,0.07261573,-5.520288,8.756111,-5.0724287,-12.652632,-19.135805,1.7015135,-1.7502687,48.446285,-2.1002855,-2.9723194,57.11775044,16.20386643,72.46045694,61.37082601,63.44463972,64.99121265,55.32513181,72.68892794,47.59226714,66.5202109,37.18804921,78.17223199,27.83831283,34.69244288,18.10193322,40,26.85413005,44.04217926,20.7029877,35.95782074,28.89279438,35.00878735,65.94024605,58.20738137,52.33743409,17.08260105,80.91388401,75.64147627,24.74516696,28.54130053,61.1599297,66.46748682,47.94376098,17.99648506,36.90685413,44.56942004,58.73462214,41.96836555,16.13356766,62.88224956,62.70650264,28.26010545,23.37434095,24.04217926,19.01581722,5.623901582,18.34797891,10.50966608,10.33391916,26.88927944,69.45518453,9.947275923
C=CCc1c(C)n(CCON2CCN(C(C)C(=O)O)CC2)c(=O)[nH]c1=O,366.418,-0.40418,6,2,4,0.6026076538,1,107.87,0,1,0,0.40938705,0.47641593,0.707952,0.0009776463,0.029425407,0.064935304,0.011619436,0.028286556,0.026885282,0.20121181,0.006542561,0.25150052,0.124771014,0.30203754,0.7004166,0.025291005,0.036676418,0.002309478,0.0018729348,0.016217198,0.11160858,0.0033179615,0.11827268,0.011664662,0.06954058,0.008365205,0.0057273945,0.0007272942,0.028900776,0.6367732,0.079894155,-5.6168838,17.710064,3.2254467,-26.24054,-19.186285,1.862251,-1.1758896,41.8052,-2.0119574,-4.591215,57.46924429,18.3831283,72.46045694,61.37082601,63.44463972,60.56239016,55.32513181,72.68892794,47.59226714,66.5202109,37.18804921,71.07205624,31.10720562,34.44639719,13.81370826,31.66959578,26.39718805,34.16520211,22.00351494,39.82425308,26.71353251,31.3884007,68.89279438,56.94200351,43.37434095,19.64850615,71.73989455,65.69420035,15.99297012,17.85588752,48.78734622,62.17926186,38.24253076,18.24253076,34.34094903,34.44639719,47.06502636,30.12302285,10.72056239,50.01757469,65.83479789,29.17398946,21.23022847,34.37609842,27.38137083,0.8435852373,18.31282953,16.76625659,15.74692443,21.6168717,70.96660808,4.042179262
Cc1nc(S(=O)(=O)C(F)F)[nH]c1CCON1CCN(C(C)C(=O)O)CC1,396.416,0.27922,7,2,4,0.643770916,1,115.83,0,0,0,0.5520195,0.39708957,0.6290984,0.0012576869,0.050278902,0.06534083,0.01624952,0.04022739,0.056422044,0.24704263,0.015270528,0.42022222,0.09474462,0.28852937,0.59564906,0.019712128,0.017905878,0.0023656301,0.0036906232,0.023860443,0.122691676,0.0019009135,0.15770082,0.01576103,0.11157922,0.0059183496,0.009693542,0.0013508305,0.02890108,0.70183,0.13827579,-6.0450516,-3.2943413,15.103708,-13.178708,-18.787716,2.6486754,-0.7612157,48.91625,-1.7703409,-3.3608623,64.67486819,25.23725835,79.85940246,61.37082601,63.44463972,65.86994728,55.32513181,76.62565905,47.59226714,25.86994728,37.18804921,83.12829525,25.48330404,25.09666081,15.1142355,40.21089631,26.46748682,38.24253076,26.78383128,51.00175747,32.12653779,38.10193322,88.92794376,49.20913884,42.14411248,17.08260105,65.65905097,36.5202109,16.2741652,25.90509666,58.69947276,67.10017575,27.10017575,20.17574692,36.76625659,47.10017575,41.08963093,40.66783831,15.32513181,50.01757469,73.21616872,36.06326889,13.35676626,12.93497364,39.2970123,5.131810193,19.43760984,63.0228471,20.38664323,27.31107206,74.30579965,7.978910369
CC(CCCON1CCN(C(C)C(=O)O)CC1)NC(=O)CF,319.377,0.2631,5,2,4,0.5935245767,2,82.11,0,1,1,0.2814717,0.56543976,0.74798566,0.00058653037,0.04786376,0.060160667,0.009934634,0.057508457,0.018947849,0.17264125,0.002937772,0.28956187,0.06122945,0.12835458,0.8586728,0.013130148,0.02268644,0.0011608338,0.0015501461,0.01412341,0.11016838,0.0023471373,0.28449312,0.008943983,0.046913307,0.0027797832,0.0039662295,0.0006112697,0.0073603764,0.7377295,0.0749474,-5.6289463,-16.668545,-6.14746,-8.965476,-16.482588,3.3592007,-1.050666,14.489838,-0.88598424,-4.5940657,46.92442882,25.09666081,61.88049209,61.37082601,63.44463972,59.19156415,69.84182777,55.71177504,47.59226714,66.5202109,83.09314587,58.20738137,37.99648506,40.59753954,11.6344464,39.75395431,25.27240773,31.73989455,33.04042179,34.23550088,23.83128295,24.92091388,75.43057996,36.90685413,23.55008787,24.39367311,54.76274165,45.44815466,9.771528998,15.28998243,45.44815466,61.68717047,31.56414763,25.65905097,32.0913884,25.41300527,29.13884007,23.97188049,9.806678383,25.44815466,77.36379613,28.43585237,20.91388401,6.221441125,17.99648506,8.611599297,27.31107206,91.88049209,16.87170475,6.362038664,85.02636204,4.042179262
Cc1[nH]c2c(c1CCON1CCN(C(C)C(=O)O)CC1)C(=O)CC(C)(C)C2,377.485,2.04302,5,2,4,0.789096872,1,85.87,0,0,0,0.245678,0.5585343,0.78714097,0.012015358,0.25332886,0.10898093,0.14425702,0.13367029,0.13670115,0.48838386,0.15878074,0.22517745,0.17334858,0.34268385,0.9610217,0.018842362,0.02904672,0.014715629,0.015592585,0.032230906,0.10971997,0.013244122,0.6434383,0.13607785,0.11871947,0.009251918,0.012711771,0.017382955,0.02429265,0.5536602,0.48735243,-5.308843,8.869674,10.973758,-13.186816,-15.525055,2.749355,0.091578506,60.83208,-2.7112005,-1.3739437,60.14059754,45.27240773,61.88049209,61.37082601,63.44463972,87.4516696,55.32513181,58.48857645,47.59226714,25.86994728,37.18804921,53.9543058,37.32864675,48.15465729,31.95079086,70.15817223,40.17574692,71.17750439,57.25834798,65.86994728,54.55184534,64.4288225,64.60456942,66.18629174,46.25659051,32.33743409,64.4288225,55.00878735,45.44815466,46.7486819,65.51845343,61.51142355,62.39015817,40.80843585,56.73110721,48.71704745,49.59578207,45.69420035,41.1599297,45.69420035,54.62214411,62.03866432,30.40421793,24.25307557,34.83304042,5.131810193,32.02108963,68.92794376,32.19683656,36.87170475,57.22319859,22.84710018
Cc1cccc(C(CCON2CCN(C(C)C(=O)O)CC2)C(C)O)c1,350.459,1.87182,5,2,4,0.7456729245,3,73.24,0,0,0,0.10726382,0.6369027,0.7701367,0.0112390425,0.25521544,0.14100435,0.13004263,0.15219161,0.19541213,0.42520648,0.11818427,0.2913077,0.1254272,0.21570027,0.97165096,0.007236642,0.017995365,0.008739438,0.014310345,0.023593683,0.10895076,0.0241044,0.6455084,0.15554774,0.110473014,0.004209565,0.0132305175,0.020957856,0.011234262,0.6266545,0.5159363,-5.449034,18.603262,1.731522,-13.322324,-15.437053,2.2652595,-0.10306368,50.845974,-1.8004353,-1.572196,53.60281195,42.46045694,61.88049209,61.37082601,63.44463972,81.65202109,76.60808436,49.10369069,47.59226714,25.86994728,37.18804921,28.99824253,43.30404218,44.78031634,31.3884007,70.40421793,53.14586995,69.73637961,60.84358524,71.17750439,48.33040422,60.28119508,75.64147627,57.01230228,36.09841828,33.9543058,38.20738137,36.69595782,37.04745167,45.41300527,58.41827768,60.94903339,70.68541301,40.91388401,58.55887522,46.88927944,35.78207381,46.36203866,43.0228471,31.6344464,64.21792619,63.62038664,25.09666081,35.46572935,26.01054482,4.956063269,32.72407733,38.98066784,28.96309315,28.89279438,73.91915641,21.08963093
Cc1ccccc1C(CCON1CCN(C(C)C(=O)O)CC1)C(C)O,350.459,1.87182,5,2,4,0.7456729245,3,73.24,0,0,0,0.11144604,0.67141104,0.76141346,0.011301597,0.25955504,0.13584347,0.11299996,0.14710334,0.22085412,0.41212994,0.08202867,0.30677375,0.1205398,0.18963566,0.97039604,0.006341464,0.015633909,0.0075671263,0.012611645,0.023426991,0.11270561,0.021609697,0.64056593,0.14189021,0.10669909,0.0038123422,0.01290063,0.018913656,0.010678342,0.6588638,0.50662446,-5.4247828,13.913298,-1.5186173,-13.047872,-15.508107,2.3555923,-0.18164858,47.48877,-1.7249066,-2.111137,53.60281195,42.46045694,61.88049209,61.37082601,63.44463972,81.65202109,76.60808436,49.10369069,47.59226714,25.86994728,37.18804921,30.08787346,46.11599297,42.84710018,31.45869947,70.82601054,51.31810193,67.41652021,59.89455185,72.61862917,47.52196837,55.43057996,77.92618629,55.85237258,33.14586995,33.74340949,34.34094903,31.77504394,34.30579965,43.58523726,58.24253076,62.70650264,69.24428822,40.49209139,57.08260105,45.79964851,34.16520211,45.86994728,42.10896309,30.68541301,68.15465729,63.05799649,25.79964851,30.05272408,22.88224956,5.272407733,32.0913884,44.25307557,27.52196837,26.0456942,74.72759227,16.48506151
CC(O)C(CCON1CCN(C(C)C(=O)O)CC1)c1cccc(Cl)c1,370.877,2.2168,5,2,4,0.7306044456,3,73.24,0,0,0,0.08724857,0.68280494,0.7595936,0.03227433,0.35469082,0.16160691,0.17871872,0.1502234,0.3642716,0.43089685,0.11838175,0.34718698,0.14517912,0.23922053,0.971171,0.007823897,0.016328417,0.012374704,0.017798716,0.023524513,0.10714114,0.028080652,0.6311525,0.15327644,0.121123075,0.0045674583,0.0146438405,0.023925085,0.014971974,0.62122583,0.5648289,-5.2899923,11.775202,-9.690475,9.69172,-15.537829,2.3795962,0.22103651,59.42925,-1.9962113,4.4050736,58.76977153,47.80316344,61.88049209,61.37082601,63.44463972,79.15641476,76.60808436,49.10369069,47.59226714,25.86994728,37.18804921,24.4288225,46.88927944,42.49560633,41.8629174,78.10193322,60,73.88400703,60.38664323,80.35149385,48.75219684,60.28119508,82.84710018,61.30052724,38.48857645,33.84885764,40.59753954,33.4973638,42.77680141,48.54130053,58.34797891,60.14059754,72.68892794,39.96485062,58.45342707,48.92794376,37.25834798,48.3655536,44.71001757,36.44991213,63.33919156,66.08084359,31.21265378,27.52196837,15.04393673,39.40246046,31.88049209,45.5887522,33.70826011,35.78207381,71.17750439,71.49384886
CC(O)C(CCON1CCN(C(C)C(=O)O)CC1)c1ccccc1Cl,370.877,2.2168,5,2,4,0.7306044456,3,73.24,0,0,0,0.10397174,0.6657115,0.7531385,0.027560765,0.35821003,0.16426036,0.1700196,0.12878612,0.29370806,0.44736043,0.101396464,0.3474192,0.13975546,0.24198644,0.96896106,0.008829475,0.016052546,0.012270024,0.018739965,0.028498063,0.11684741,0.037805878,0.6131463,0.14874712,0.13435096,0.005912217,0.018329903,0.027214134,0.018180754,0.62617457,0.52353764,-5.2864003,11.373922,-7.301268,2.8114493,-15.588992,2.4625268,0.1255416,55.97811,-1.9163975,2.1200194,58.76977153,47.80316344,61.88049209,61.37082601,63.44463972,79.15641476,76.60808436,49.10369069,47.59226714,25.86994728,37.18804921,28.33040422,45.44815466,41.26537786,40.456942,78.41827768,61.01933216,73.2513181,55.78207381,76.94200351,50.26362039,58.48857645,82.91739895,60.24604569,38.5940246,33.60281195,43.58523726,32.75922671,42.63620387,49.27943761,62.35500879,64.74516696,76.34446397,38.87521968,57.92618629,51.59929701,41.08963093,52.97012302,46.29173989,39.75395431,64.14762742,64.14762742,31.35325132,27.31107206,16.83655536,26.81898067,31.56414763,51.59929701,32.75922671,32.75922671,72.51318102,56.30931459
COC(=O)CC(CCON1CCN(C(C)C(=O)O)CC1)SC,334.438,0.6935,7,1,4,0.6172443902,2,79.31,0,0,0,0.19985408,0.6249169,0.7508557,0.0022804046,0.09088055,0.086119846,0.02796197,0.086518034,0.027805055,0.24060622,0.0066085183,0.28454706,0.076258145,0.14648056,0.92465246,0.0136254,0.019534823,0.0026142462,0.002383836,0.019218596,0.102320746,0.0057277866,0.4584476,0.011725602,0.06644049,0.005492496,0.006931638,0.0015822124,0.010028883,0.73007184,0.12171811,-5.207914,31.912958,8.941907,-19.000463,-14.652524,2.0320826,-0.96119547,32.750664,-1.2729177,-3.6208503,50.228471,28.92794376,79.85940246,36.59050967,63.44463972,62.42530756,69.84182777,53.60281195,47.59226714,25.86994728,37.18804921,46.99472759,42.14411248,40.84358524,18.87521968,50.228471,32.5483304,46.85413005,43.79613357,40.31634446,31.77504394,31.3884007,74.83304042,42.77680141,27.06502636,28.11950791,55.85237258,39.47275923,17.4340949,20.59753954,53.67311072,58.06678383,47.66256591,32.23198594,34.37609842,33.4973638,39.82425308,33.77855888,16.41476274,29.70123023,76.30931459,33.70826011,35.39543058,50.29876977,32.5483304,2.355008787,37.36379613,25.02636204,18.17223199,16.55536028,80.7029877,6.783831283
CCC(CCON1CCN(C(C)C(=O)O)CC1)CC(=O)OC,316.398,0.9881,6,1,4,0.6353688391,2,79.31,0,0,0,0.15155546,0.6635893,0.75082743,0.00376216,0.10676636,0.09293394,0.037219994,0.1093757,0.04433174,0.2457253,0.0089364005,0.2791484,0.08560957,0.14238994,0.94823754,0.010712094,0.021197213,0.003086792,0.0026238938,0.017649941,0.108993985,0.0052722394,0.54280216,0.019810861,0.059261214,0.0039196787,0.0055997325,0.0022320936,0.006824184,0.72722524,0.17235918,-5.1049333,32.956726,10.100073,-16.664373,-13.490596,2.1735523,-0.53759235,40.43981,-1.5369933,-2.8819795,45.97539543,31.77504394,72.46045694,36.59050967,63.44463972,64.60456942,69.84182777,53.60281195,47.59226714,25.86994728,37.18804921,38.27768014,45.27240773,40.84358524,22.39015817,52.93497364,34.97363796,50.86115993,50.08787346,47.27592267,32.0913884,33.70826011,74.05975395,46.57293497,26.15114236,30.68541301,48.99824253,42.84710018,19.75395431,21.54657293,51.14235501,60.94903339,46.29173989,35.71177504,38.31282953,31.17750439,34.69244288,29.70123023,19.543058,24.25307557,75.95782074,39.543058,40.10544815,51.3884007,33.63796134,3.09314587,44.6397188,32.93497364,23.40949033,21.01933216,77.04745167,10.57996485
CC=C(CCON1CCN(C(C)C(=O)O)CC1)CC(=O)OC,314.382,0.9082,6,1,4,0.5266838525,1,79.31,0,1,0,0.26139587,0.65548897,0.7539891,0.003062624,0.08520513,0.08371537,0.02147016,0.0933529,0.04073299,0.25782216,0.0067514637,0.29297125,0.092370436,0.13028881,0.91963196,0.016217073,0.0239865,0.0029600603,0.0024873847,0.018724497,0.1072823,0.00441264,0.4490784,0.010926286,0.06317252,0.005249162,0.0067532463,0.0014502462,0.010868652,0.74105364,0.13295269,-5.172279,32.40516,11.781962,-22.38014,-14.246617,2.0940003,-0.7858494,38.67823,-1.3304985,-4.12953,45.20210896,30.82601054,72.46045694,36.59050967,63.44463972,49.94727592,55.32513181,53.60281195,47.59226714,66.5202109,37.18804921,55.85237258,44.53427065,41.54657293,21.30052724,49.17398946,31.95079086,42.46045694,45.3427065,46.08084359,33.32161687,31.52899824,76.13356766,48.64674868,23.79613357,27.87346221,60.84358524,47.9086116,19.05096661,21.26537786,53.11072056,60.21089631,43.26889279,32.05623902,33.81370826,32.5483304,39.2970123,33.32161687,15.95782074,31.00175747,77.82073814,35.32513181,37.01230228,50.82601054,35.60632689,1.58172232,39.68365554,28.08435852,19.96485062,19.61335677,79.68365554,5.588752197
CC(O)=C(C=CC#N)CCON1CCN(C(C)C(=O)O)CC1,309.366,1.31058,6,2,4,0.4155381976,1,97.03,0,3,0,0.45865616,0.45983595,0.5204385,0.0035977247,0.073194966,0.038492136,0.022596935,0.04736739,0.03496163,0.1720873,0.0045377812,0.2620642,0.08504523,0.07341852,0.32012552,0.06101525,0.036392298,0.003823332,0.0041723647,0.06892327,0.13138427,0.012906546,0.11577113,0.0036821247,0.13361743,0.03868682,0.022251304,0.0027196384,0.04655236,0.7553254,0.089156434,-5.4256296,10.447622,-4.7945147,-23.578617,-16.389112,2.0749717,-1.5747569,25.538685,-1.1479471,-5.514993,43.40949033,35.39543058,72.46045694,61.37082601,63.44463972,35.18453427,55.32513181,65.97539543,47.59226714,96.62565905,37.18804921,75.39543058,29.98242531,18.17223199,22.24956063,46.60808436,18.73462214,43.19859402,29.38488576,43.79613357,23.79613357,28.26010545,71.14235501,46.43233743,14.09490334,12.58347979,85.86994728,65.27240773,23.33919156,27.48681898,81.30052724,69.87697715,62.03866432,18.17223199,24.53427065,51.52899824,73.60281195,57.04745167,21.93321617,59.12126538,79.40246046,30.05272408,25.76449912,26.57293497,19.26186292,1.335676626,27.69771529,27.10017575,11.6344464,12.44288225,81.82776801,2.636203866
CCCCC(CCON1CCN(C(C)C(=O)O)CC1)C(C)O,316.442,1.586,5,2,4,0.6374604607,3,73.24,0,0,0,0.10471413,0.65532935,0.72432286,0.010371013,0.09341852,0.08133227,0.03900567,0.19464928,0.07559427,0.24020424,0.010048708,0.26271334,0.06990763,0.08897809,0.92229784,0.0063611865,0.017846148,0.0047336416,0.0044505834,0.02082936,0.1238174,0.008246347,0.6434039,0.03770521,0.072520554,0.0028236131,0.006334507,0.006960664,0.0053049214,0.7740584,0.26317352,-5.122739,34.12957,1.6376575,-6.905221,-12.917532,1.8734121,-0.44042644,36.32434,-1.6022394,-0.354307,46.0456942,39.05096661,61.88049209,61.37082601,63.44463972,64.81546573,76.60808436,49.10369069,47.59226714,25.86994728,37.18804921,28.47100176,44.53427065,36.83655536,30.50966608,50.72056239,31.45869947,51.70474517,67.10017575,55.5711775,31.77504394,34.51669596,71.28295255,40.31634446,17.22319859,27.97891037,34.51669596,36.37961336,26.43233743,28.57644991,55.43057996,67.41652021,54.51669596,40.80843585,43.19859402,35.50087873,29.38488576,32.02108963,32.19683656,21.05448155,82.14411248,47.73286467,39.50790861,52.23198594,25.79964851,11.17750439,48.33040422,17.46924429,24.35852373,18.31282953,76.30931459,32.30228471
CCSCC(CCON1CCN(C(C)C(=O)O)CC1)C(C)O,334.482,1.1489,6,2,4,0.6206646981,3,73.24,0,0,0,0.15853794,0.6054748,0.7126868,0.0027395568,0.04251341,0.053203423,0.013114527,0.15745378,0.036614645,0.18757436,0.003578622,0.24141285,0.05497833,0.059188128,0.85769856,0.00785757,0.016994614,0.0023932997,0.002031635,0.016752403,0.10754768,0.0035142761,0.50273013,0.011935726,0.055158865,0.002760704,0.00453212,0.002345338,0.0050290106,0.8007693,0.16241562,-5.294262,24.819431,-5.07805,-5.0694857,-14.74071,1.8597991,-0.96869946,25.369595,-1.1825554,-0.7536901,50.228471,33.42706503,72.46045694,61.37082601,63.44463972,62.98769772,76.60808436,49.10369069,47.59226714,25.86994728,37.18804921,39.15641476,40.63268893,34.97363796,20.38664323,37.85588752,23.26889279,35.71177504,61.93321617,44.32337434,25.51845343,26.67838313,67.10017575,34.13005272,11.45869947,24.35852373,40.80843585,35.04393673,16.5202109,18.80492091,49.63093146,60.42179262,39.43760984,34.4112478,34.48154657,29.87697715,29.0685413,26.01054482,20.31634446,20.28119508,85.02636204,38.45342707,31.00175747,43.40949033,19.01581722,13.91915641,36.76625659,16.62565905,18.06678383,12.23198594,81.51142355,27.83831283
Cc1[nH]c(C(=O)C(F)(F)F)cc1CCON1CCN(C(C)C(=O)O)CC1,377.363,1.63292,5,2,4,0.7028835352,1,85.87,0,0,1,0.33911902,0.62042105,0.8120023,0.04595106,0.19239835,0.12484105,0.084291235,0.13666597,0.17681432,0.37054968,0.06388636,0.3276344,0.1982201,0.34978312,0.91128904,0.024991728,0.038760014,0.021398732,0.010021472,0.02743738,0.13032527,0.009613734,0.53378505,0.05404033,0.1168855,0.014619706,0.0096062375,0.008277889,0.036164492,0.6015243,0.32382685,-5.3948026,1.713015,2.2970119,-14.779848,-14.837257,2.7437105,-0.1759911,51.161724,-1.7310183,-1.9856198,60.10544815,39.57820738,61.88049209,61.37082601,63.44463972,75.5711775,55.32513181,58.48857645,47.59226714,25.86994728,83.09314587,64.28822496,41.8629174,53.2513181,45.97539543,64.39367311,47.55711775,63.30404218,58.03163445,69.84182777,43.30404218,52.51318102,80.56239016,69.66608084,46.71353251,27.24077329,71.59929701,68.01405975,50.15817223,40.38664323,61.65202109,69.49033392,57.32864675,35.50087873,46.67838313,48.29525483,58.80492091,40.456942,34.27065026,54.02460457,61.01933216,52.16168717,26.95957821,16.16871705,26.53778559,4.217926186,35.99297012,68.68189807,27.62741652,29.10369069,74.72759227,17.46924429
Cc1[nH]c2cc(F)c(F)cc2c1CCON1CCN(C(C)C(=O)O)CC1,367.396,2.31932,4,2,4,0.8201747937,1,68.8,1,0,0,0.4474768,0.7713721,0.831751,0.26252487,0.29366913,0.17536512,0.13699476,0.31208318,0.33308813,0.48595947,0.1653486,0.31127772,0.32998496,0.3858122,0.97679836,0.027610237,0.04661155,0.13047674,0.024440052,0.028327331,0.12462501,0.015159456,0.7114222,0.14103127,0.12900886,0.022944873,0.015376541,0.02630418,0.04847831,0.58934706,0.6350138,-5.0400667,11.40308,-0.70301473,1.2740963,-14.073845,2.7955403,0.6995475,70.72274,-2.5645785,3.8167672,57.75043937,48.96309315,48.55887522,61.37082601,63.44463972,91.59929701,55.32513181,45.62390158,97.39894552,25.86994728,37.18804921,74.27065026,54.48154657,58.48857645,70.65026362,73.88400703,64.00702988,70.40421793,77.53954306,78.91036907,54.13005272,65.02636204,78.55887522,81.72231986,48.82249561,35.00878735,73.67311072,74.58699473,75.21968366,53.00527241,62.3198594,67.80316344,64.21792619,44.67486819,57.08260105,50.50966608,66.39718805,49.38488576,45.79964851,59.71880492,58.91036907,69.20913884,42.91739895,27.31107206,23.62038664,24.56942004,40.84358524,71.52899824,41.44112478,46.57293497,60.21089631,68.26010545
COC(=O)C1OC(C)C1CCON1CCN(C(C)C(=O)O)CC1,330.381,-0.0247,7,1,4,0.6514658004,4,88.54,0,0,0,0.32401556,0.5276042,0.82019174,0.00045632245,0.039923914,0.06911545,0.007855689,0.035977654,0.009907697,0.18547514,0.0016635926,0.25119585,0.067520976,0.23800607,0.86322725,0.009070767,0.019920778,0.00090043416,0.0011676319,0.010188232,0.09805867,0.0028427723,0.25436726,0.0067537455,0.0407416,0.0030337234,0.0026202947,0.0005601103,0.007685783,0.6848097,0.047439404,-5.3689413,13.517283,-5.1917796,-15.392133,-15.535051,2.0339417,-1.3990071,26.914759,-0.85422194,-3.2155464,49.17398946,21.8629174,79.85940246,36.59050967,63.44463972,67.13532513,81.28295255,60.17574692,47.59226714,25.86994728,37.18804921,62.67135325,34.79789104,55.3602812,10.65026362,36.73110721,27.73286467,28.26010545,25.06151142,24.8857645,25.20210896,21.4059754,68.82249561,39.75395431,38.3831283,24.53427065,44.49912127,40.31634446,8.330404218,12.40773286,36.30931459,55.60632689,35.43057996,24.32337434,29.73637961,22.3198594,30.33391916,17.71528998,8.927943761,26.01054482,71.35325132,23.58523726,27.76801406,29.66608084,18.94551845,3.725834798,31.91564148,25.06151142,13.14586995,13.07557118,85.30755712,8.717047452
COC(=O)CN(CCON1CCN(C(C)C(=O)O)CC1)C(C)=O,331.369,-0.9698,7,1,4,0.5672802289,1,99.62,0,0,0,0.4769935,0.6410325,0.6842756,0.00028813686,0.033616506,0.038369022,0.0046210317,0.043982424,0.016128639,0.14463854,0.00066081004,0.3613517,0.064000525,0.072392166,0.7260513,0.012417024,0.016269295,0.00059034,0.00050862087,0.014073016,0.11682423,0.0013708961,0.20474128,0.002309408,0.052099504,0.0039982432,0.0028088451,0.000187096,0.00950825,0.8362501,0.056387227,-5.229973,34.41221,4.2890453,-21.278763,-15.889732,1.6032035,-2.0104456,14.730764,-0.21128821,-4.863508,49.49033392,15.1142355,79.85940246,36.59050967,63.44463972,55.88752197,55.32513181,67.59226714,47.59226714,25.86994728,37.18804921,77.11775044,43.58523726,31.28295255,9.068541301,33.70826011,18.69947276,21.65202109,28.26010545,31.88049209,21.12478032,15.3602812,84.00702988,38.41827768,13.9543058,20.24604569,53.32161687,33.32161687,7.065026362,6.537785589,45.37785589,64.74516696,22.84710018,22.39015817,20.63268893,28.40070299,35.00878735,18.69947276,4.46397188,29.20913884,88.18980668,25.76449912,34.16520211,52.51318102,28.33040422,1.757469244,30.08787346,7.803163445,8.611599297,6.362038664,92.33743409,3.550087873
Cc1[nH]c2cc(F)ccc2c1CCON1CCN(C(C)C(=O)O)CC1,349.406,2.18022,4,2,4,0.8366074169,1,68.8,1,0,0,0.4073306,0.7905258,0.82720506,0.22895177,0.2970836,0.1753435,0.124132395,0.3097793,0.33964095,0.46383315,0.13586955,0.326519,0.31092083,0.35087153,0.9805776,0.021354863,0.040996365,0.1150399,0.019432586,0.025143415,0.12542221,0.013266658,0.7087348,0.13248298,0.113289736,0.019319404,0.013188112,0.022879895,0.034910567,0.60112107,0.6392609,-5.194033,17.731537,2.2517745,-3.623653,-14.53999,2.5628676,0.56850827,73.4799,-2.6185231,3.3938136,53.28646749,47.2056239,48.55887522,61.37082601,63.44463972,93.53251318,55.32513181,45.62390158,97.39894552,25.86994728,37.18804921,70.9314587,56.30931459,57.36379613,67.97891037,74.09490334,64.00702988,68.75219684,77.39894552,79.36731107,51.73989455,62.39015817,80.49209139,80.17574692,46.78383128,36.13356766,67.66256591,69.98242531,72.93497364,49.87697715,59.78910369,68.08435852,62.39015817,44.46397188,56.37961336,47.59226714,63.65553603,46.36203866,44.21792619,53.18101933,60.87873462,69.45518453,36.16871705,34.37609842,26.5026362,16.34446397,37.92618629,57.4340949,39.75395431,49.31458699,59.543058,65.48330404
COC(=O)N1CC2(CC2)CC(C)C1CCON1CCN(C(C)C(=O)O)CC1,383.489,1.6558,6,1,4,0.7467366063,3,82.55,0,0,0,0.2293797,0.48657456,0.6317213,0.0008930686,0.069823466,0.05443266,0.03888545,0.10344571,0.10526881,0.30027065,0.04128671,0.17155562,0.19078478,0.12984273,0.898973,0.020934287,0.040465016,0.0024808177,0.005376833,0.029218834,0.15479875,0.0065084174,0.42379028,0.08568343,0.119534254,0.007623125,0.009991054,0.0044300053,0.02089135,0.6042954,0.3364414,-5.3593593,20.204496,5.3978987,-21.288305,-14.76134,2.1681898,-0.63964075,35.97036,-1.4194742,-4.4679155,61.51142355,39.71880492,72.46045694,36.59050967,63.44463972,81.79261863,76.60808436,55.88752197,47.59226714,25.86994728,37.18804921,51.45869947,31.95079086,25.27240773,13.42706503,45.97539543,23.7258348,51.66959578,48.3655536,61.44112478,37.60984183,47.41652021,52.0913884,68.89279438,23.7258348,26.22144112,67.06502636,69.63093146,16.9771529,30.96660808,62.77680141,76.02811951,50.05272408,30.9314587,51.24780316,48.78734622,45.51845343,41.47627417,27.48681898,43.05799649,61.51142355,53.4973638,27.97891037,37.6801406,29.20913884,1.757469244,36.69595782,32.7943761,21.89806678,18.1370826,78.52372583,4.358523726
CNC(CCON1CCN(C(C)C(=O)O)CC1)Cn1ncnn1,327.389,-1.3265,8,2,4,0.5701556155,2,108.64,0,0,0,0.26273632,0.40932995,0.74426365,8.71E-05,0.013085021,0.028409138,0.004242043,0.013731348,0.0053503914,0.106950246,0.0011135057,0.33454984,0.0342267,0.26008955,0.86367166,0.0023178372,0.006549737,0.00029081682,0.00029802203,0.0036036323,0.05409223,0.00019812184,0.1063032,0.0005159521,0.018789213,0.00043123946,0.0007525995,7.54E-05,0.0024319731,0.629555,0.037631005,-6.2631636,0.58422697,-2.5623193,-10.264681,-21.978695,2.0964377,-2.1852374,12.252768,-1.2262294,-1.3862033,48.57644991,12.7943761,84.51669596,61.37082601,63.44463972,56.23901582,69.84182777,73.11072056,47.59226714,25.86994728,37.18804921,56.09841828,26.25659051,40.03514938,6.783831283,19.61335677,15.04393673,20.84358524,14.79789104,16.5202109,16.34446397,18.48857645,81.54657293,22.53075571,40.14059754,24.56942004,13.67311072,10.12302285,5.237258348,4.253075571,12.72407733,25.06151142,7.275922671,17.53954306,9.34973638,9.13884007,7.943760984,7.732864675,2.741652021,11.88049209,64.60456942,20.73813708,10.65026362,15.43057996,21.6168717,7.76801406,13.21616872,28.18980668,7.451669596,5.448154657,81.23022847,22.77680141
CC(=O)C(O)(CCON1CCN(C(C)C(=O)O)CC1)Cn1cncn1,355.395,-0.9894,8,2,4,0.5748752066,2,121.02,0,0,0,0.15740842,0.32178348,0.7406189,0.00014633368,0.04569844,0.061553944,0.034106888,0.01943047,0.009901578,0.17651966,0.018297626,0.22011557,0.10385104,0.41983756,0.95149165,0.0031328227,0.009832008,0.0017769302,0.001631927,0.0047703073,0.047335863,0.00042101188,0.09204529,0.0044947816,0.03552725,0.00092594,0.003746445,0.00019630042,0.0055194627,0.35056388,0.08147907,-5.988288,11.991041,2.7504349,-14.121115,-21.137789,1.9694417,-1.7551553,10.558887,-0.8205061,-2.314266,54.72759227,14.90333919,84.51669596,61.37082601,63.44463972,56.94200351,69.84182777,79.19156415,47.59226714,25.86994728,37.18804921,39.15641476,20.59753954,39.43760984,7.76801406,38.98066784,25.51845343,49.73637961,17.46924429,24.8857645,24.28822496,39.75395431,63.55008787,51.77504394,50.96660808,31.07205624,18.5940246,17.71528998,13.46221441,15.88752197,17.53954306,18.87521968,11.31810193,17.01230228,26.18629174,19.50790861,14.44639719,22.74165202,4.639718805,21.65202109,27.34622144,29.38488576,14.23550088,27.9086116,26.78383128,4.46397188,14.58699473,22.10896309,10.228471,5.026362039,85.79964851,14.79789104
Cc1[nH]c2cc(Cl)c(F)cc2c1CCON1CCN(C(C)C(=O)O)CC1,383.851,2.83362,4,2,4,0.8023934075,1,68.8,1,0,0,0.4050045,0.77535474,0.8308503,0.47843608,0.44159985,0.22003622,0.23544256,0.322882,0.4898642,0.56709373,0.287572,0.3580967,0.38275367,0.48142034,0.97964895,0.03318105,0.043765344,0.19410071,0.04849439,0.034228113,0.12618661,0.031553775,0.76318395,0.23326483,0.18464923,0.031691395,0.023911092,0.054732792,0.07845079,0.5646044,0.7280188,-5.0090113,14.53197,0.7107636,20.843248,-14.243273,2.8660188,1.344826,84.57223,-3.1855702,8.406385,61.58172232,58.66432337,48.55887522,61.37082601,63.44463972,89.66608084,55.32513181,45.62390158,97.39894552,25.86994728,37.18804921,70.72056239,54.93848858,58.20738137,80.38664323,83.0228471,74.09490334,77.71528998,78.34797891,84.8857645,63.33919156,73.28646749,83.69068541,85.27240773,54.79789104,35.85237258,76.76625659,72.58347979,80.66783831,62.91739895,66.64323374,68.26010545,74.16520211,48.43585237,64.49912127,59.68365554,70.65026362,58.27768014,55.99297012,68.64674868,55.71177504,73.91915641,44.85061511,30.82601054,24.99121265,59.19156415,39.68365554,75.74692443,50.82601054,60.84358524,48.3655536,86.11599297
COC(CCON1CCN(C(C)C(=O)O)CC1)c1ccccn1,323.393,1.1815,6,1,4,0.769716347,2,75.13,0,0,0,0.1238747,0.6149921,0.8633841,0.0021368118,0.05237875,0.122490205,0.017451826,0.09684848,0.022184562,0.2193301,0.0057755434,0.26447123,0.0983695,0.2649377,0.9773215,0.0051438054,0.018638125,0.004134379,0.0020927978,0.0074985363,0.07597594,0.002436167,0.45050287,0.013308209,0.032283537,0.0017949732,0.0035414728,0.001242253,0.004482464,0.5423124,0.14359763,-5.4222717,10.781488,-11.030746,-11.649327,-15.251935,2.1764727,-1.2692277,23.084026,-0.6363705,-2.661343,47.4516696,34.02460457,72.46045694,36.59050967,63.44463972,84.78031634,69.84182777,50.65026362,47.59226714,25.86994728,37.18804921,32.75922671,41.37082601,66.78383128,18.48857645,40.63268893,46.46748682,39.26186292,46.53778559,36.66080844,29.03339192,30.54481547,71.66959578,50.33391916,40.7029877,35.21968366,28.75219684,37.78558875,24.28822496,19.08611599,27.41652021,42.95254833,32.47803163,32.05623902,35.46572935,17.4340949,22.84710018,21.68717047,14.44639719,19.12126538,52.72407733,36.55536028,25.86994728,26.88927944,14.05975395,6.537785589,33.91915641,33.18101933,14.62214411,10.65026362,87.97891037,11.98594025
COC(CCON1CCN(C(C)C(=O)O)CC1)c1cc(C)on1,327.381,1.08292,7,1,4,0.7587649985,2,88.27,0,0,0,0.30988413,0.6236646,0.87970895,0.0019761135,0.057902467,0.09592522,0.014034325,0.08098273,0.015854891,0.27567825,0.0058883973,0.23047669,0.09724013,0.3399238,0.97047913,0.009239214,0.023078581,0.0043367343,0.0023756153,0.009970109,0.08420491,0.002972045,0.4970277,0.013499148,0.044770084,0.0043172403,0.0037449412,0.0015488563,0.010153831,0.59978086,0.1121762,-5.37861,13.010683,-4.531781,-13.857803,-15.045198,2.2678287,-1.0173832,29.999771,-0.87956345,-2.395095,48.57644991,32.51318102,79.85940246,36.59050967,63.44463972,83.40949033,69.84182777,59.92970123,47.59226714,25.86994728,37.18804921,61.30052724,42.10896309,71.45869947,17.85588752,42.3198594,35.95782074,36.59050967,41.79261863,31.59929701,35.67662566,30.75571178,65.37785589,49.98242531,46.0456942,33.74340949,45.09666081,46.08084359,24.92091388,20.456942,35.50087873,47.55711775,36.06326889,34.09490334,35.46572935,24.35852373,36.34446397,22.74165202,16.2741652,29.91212654,60.7029877,32.75922671,27.41652021,29.31458699,19.47275923,4.67486819,35.14938489,39.12126538,17.25834798,14.69244288,85.13181019,14.09490334
CC(C(=O)O)N1CCN(OCCNC(C)(c2ccccc2)c2ccccc2)CC1,397.519,2.562,5,2,4,0.6343106555,1,65.04,0,1,0,0.09054678,0.59633476,0.61496985,0.009543722,0.28475672,0.12345548,0.21324661,0.14366518,0.54758763,0.41878033,0.29427928,0.3747725,0.19152848,0.20442808,0.96037513,0.009847998,0.023742238,0.008240924,0.023401704,0.030081963,0.12537766,0.01660068,0.48847812,0.29967844,0.1431983,0.0031747683,0.018385235,0.023165613,0.012320815,0.549971,0.7922395,-5.561248,29.129654,18.22507,-18.992064,-15.2118635,2.411716,0.45513994,72.59475,-2.6368282,-0.22961679,64.99121265,53.56766257,61.88049209,61.37082601,63.44463972,64.49912127,55.32513181,43.19859402,47.59226714,66.5202109,37.18804921,25.41300527,39.96485062,23.83128295,29.80667838,73.14586995,46.92442882,76.44991213,59.22671353,86.7486819,47.94376098,73.67311072,85.41300527,68.92794376,34.97363796,32.23198594,47.13532513,47.34622144,35.92267135,52.47803163,63.4797891,68.08435852,65.37785589,33.67311072,68.75219684,53.18101933,31.03690685,53.14586995,44.4288225,33.46221441,53.98945518,78.34797891,22.42530756,47.62741652,42.67135325,2.355008787,34.05975395,47.94376098,37.53954306,48.57644991,59.08611599,33.18101933
CCC(CCON1CCN(C(C)C(=O)O)CC1)NC(=O)CF,319.377,0.2631,5,2,4,0.6344732517,2,82.11,0,0,1,0.2753889,0.5431116,0.75249857,0.0005895612,0.04305861,0.059369903,0.009513057,0.060155362,0.014489839,0.16794316,0.0032941978,0.2596777,0.05615593,0.13063096,0.87049913,0.012803704,0.024030171,0.0012874774,0.0013637351,0.0132059585,0.10665943,0.0019989659,0.28878686,0.008055575,0.04282961,0.0027543318,0.0034570806,0.0005929587,0.0067651095,0.7193923,0.07336961,-5.588569,-15.396396,-4.5614834,-9.589073,-16.218204,3.3575966,-1.0143225,15.961252,-0.884404,-4.5540724,46.92442882,25.09666081,61.88049209,61.37082601,63.44463972,64.49912127,69.84182777,55.71177504,47.59226714,25.86994728,83.09314587,57.71528998,36.06326889,41.12478032,11.66959578,37.99648506,24.99121265,30.82601054,33.74340949,30.15817223,23.40949033,25.86994728,70.54481547,34.76274165,23.86643234,24.85061511,53.98945518,48.01405975,10.75571178,13.88400703,43.69068541,59.85940246,27.87346221,25.86994728,31.35325132,23.30404218,29.0685413,21.37082601,9.525483304,24.21792619,75.14938489,28.26010545,22.00351494,6.608084359,19.40246046,8.119507909,28.47100176,91.88049209,17.25834798,7.065026362,85.02636204,4.112478032
CCC(=O)N1CCC(CCON2CCN(C(C)C(=O)O)CC2)C1C,341.452,1.0458,5,1,4,0.7460078561,3,73.32,0,0,0,0.20625094,0.56630224,0.69959146,0.0004815671,0.05816359,0.06547153,0.016588727,0.073999114,0.032035656,0.2487607,0.010526367,0.20881578,0.09777489,0.118575886,0.9255934,0.0147384135,0.025345605,0.0012132826,0.002459642,0.018362764,0.110891774,0.0052430583,0.41053218,0.027427917,0.06852228,0.004300032,0.006194539,0.001658481,0.009683523,0.69460976,0.17336038,-5.297705,18.462368,-6.2146835,-14.233853,-14.932352,1.9315336,-1.3557415,17.686495,-0.8088562,-3.8086877,52.02108963,32.16168717,61.88049209,36.59050967,63.44463972,81.65202109,76.60808436,49.10369069,47.59226714,25.86994728,37.18804921,47.9086116,38.03163445,33.42706503,10.79086116,42.46045694,26.5026362,38.5940246,39.19156415,42.00351494,32.26713533,34.97363796,61.26537786,50.19332162,22.03866432,28.15465729,58.34797891,49.63093146,10.228471,21.08963093,52.5483304,61.82776801,46.29173989,30.36906854,40.7029877,34.20035149,36.34446397,31.52899824,16.87170475,29.45518453,72.47803163,39.61335677,30.86115993,35.28998243,17.92618629,4.393673111,35.53602812,20.456942,13.84885764,7.803163445,86.01054482,6.362038664
CCN(CCON1CCN(C(C)C(=O)O)CC1)CC1OCCO1,331.413,-0.2965,7,1,4,0.6174440075,1,74.71,0,0,0,0.6160635,0.65556663,0.71766984,0.00035540998,0.024465043,0.021699,0.0016697885,0.09249177,0.008373877,0.12004809,0.000730416,0.36699843,0.059224956,0.054302193,0.8227247,0.007673919,0.012846211,0.000554773,0.0004984752,0.007901098,0.102556504,0.00033568038,0.34596014,0.0024292758,0.042878203,0.0033299774,0.0010997511,0.00015474836,0.0062106196,0.88653517,0.07162574,-5.401059,21.583378,-4.833376,5.4470773,-16.088306,1.9106191,-1.6029596,4.515593,-0.49463072,0.46362075,49.49033392,19.26186292,79.85940246,36.59050967,63.44463972,62.42530756,55.32513181,50.43936731,47.59226714,25.86994728,37.18804921,86.78383128,44.53427065,35.50087873,9.630931459,28.26010545,13.46221441,11.98594025,45.16695958,22.98769772,18.27768014,16.20386643,84.53427065,36.09841828,10.57996485,23.19859402,39.96485062,25.72934974,6.713532513,6.326889279,29.0685413,58.1370826,9.876977153,27.9086116,21.01933216,23.33919156,31.66959578,9.806678383,4.112478032,23.09314587,94.02460457,27.97891037,26.60808436,39.61335677,19.26186292,31.81019332,29.17398946,19.47275923,11.3884007,3.514938489,89.771529,39.64850615
COC(CCON1CCN(C(C)C(=O)O)CC1)=Nc1nccs1,342.421,1.2319,8,1,4,0.5888696288,1,87.49,0,2,0,0.43360248,0.65394604,0.78356683,0.03985793,0.22345933,0.12488965,0.11327922,0.105289325,0.100265145,0.33872777,0.032109853,0.3544153,0.23841932,0.48004264,0.9323161,0.021860199,0.027247652,0.048530463,0.013979641,0.036494672,0.119309984,0.0126057435,0.38779154,0.028370108,0.14199941,0.023283528,0.027047908,0.010654989,0.060151834,0.5697057,0.2679434,-5.362702,27.825512,6.553328,-21.819422,-15.326277,2.0669212,-0.8491705,45.088497,-1.3690203,-1.4746015,52.16168717,34.55184534,84.51669596,36.59050967,63.44463972,58.66432337,55.32513181,59.64850615,47.59226714,87.92618629,37.18804921,73.00527241,44.4288225,47.4516696,44.21792619,67.52196837,47.62741652,67.41652021,48.78734622,60.38664323,41.01933216,44.95606327,83.4797891,73.9543058,54.76274165,28.89279438,68.40070299,52.33743409,62.24956063,45.13181019,68.29525483,66.01054482,61.75746924,29.63093146,41.05448155,52.93497364,66.57293497,60.31634446,36.20386643,63.33919156,56.30931459,48.04920914,27.94376098,46.32688928,30.36906854,1.687170475,33.39191564,26.57293497,19.36731107,24.53427065,79.08611599,22.17926186
COCc1n[nH]c(C)c1CCON1CCN(C(C)C(=O)O)CC1,326.397,0.42932,6,2,4,0.715620323,1,90.92,0,0,0,0.25001281,0.47526127,0.7997879,0.000552736,0.026316533,0.038967993,0.0064610867,0.07481268,0.011541061,0.17814901,0.0043688687,0.16433738,0.059360743,0.17757381,0.9396717,0.0076611666,0.023894325,0.002264804,0.0009867179,0.0071693137,0.07087606,0.00047365477,0.2949739,0.0031904902,0.024720544,0.0015161881,0.0014897098,0.00049889926,0.0041669183,0.57697654,0.10314294,-5.6112814,13.429695,-3.9762282,-16.90794,-17.127466,2.0332675,-1.328729,26.881708,-0.9264382,-1.6486164,48.33040422,26.36203866,72.46045694,61.37082601,63.44463972,77.15289982,55.32513181,62.00351494,47.59226714,25.86994728,37.18804921,54.30579965,30.96660808,50.54481547,11.35325132,29.80667838,18.91036907,25.62390158,39.50790861,26.92442882,24.46397188,28.08435852,49.94727592,36.13356766,31.66959578,29.70123023,39.89455185,47.76801406,15.71177504,10.72056239,26.36203866,39.82425308,12.12653779,26.22144112,23.55008787,13.04042179,20.52724077,11.84534271,8.084358524,18.1370826,57.29349736,31.95079086,21.47627417,29.59578207,20.10544815,2.95254833,24.95606327,25.06151142,14.02460457,13.07557118,84.49912127,20.38664323
CC1c2ccccc2S(=O)(=O)NC1CCON1CCN(C(C)C(=O)O)CC1,397.497,0.863,6,2,4,0.7345269324,3,99.18,0,0,0,0.31370822,0.38709876,0.76217216,0.0028812413,0.1070884,0.10195212,0.054356474,0.04675134,0.05336085,0.2583352,0.054872137,0.38095278,0.09788819,0.40211487,0.9000761,0.014730746,0.027416483,0.005364949,0.0053252103,0.01549264,0.11106354,0.0035214792,0.23736951,0.03941663,0.064633474,0.0030401645,0.005295301,0.003301166,0.013592099,0.55585706,0.22891352,-5.8581367,10.878583,11.561169,-9.384455,-18.117483,2.1761253,-0.47690266,51.404915,-2.057761,-3.1310756,64.92091388,30.40421793,72.46045694,61.37082601,63.44463972,79.89455185,76.60808436,67.27592267,47.59226714,25.86994728,37.18804921,61.6168717,24.39367311,42.98769772,20.84358524,52.97012302,37.99648506,56.2741652,29.24428822,50.29876977,33.39191564,50.89630931,85.86994728,50.26362039,49.91212654,26.22144112,58.34797891,52.5483304,28.47100176,30.86115993,47.52196837,61.89806678,39.43760984,23.86643234,43.62038664,32.89982425,30.36906854,29.24428822,23.90158172,34.97363796,54.86818981,44.99121265,16.48506151,26.92442882,35.39543058,8.295254833,21.23022847,33.14586995,24.00702988,29.31458699,70.26362039,9.173989455
CC(C(=O)O)N1CCN(OCCC(O)(Cn2ccnc2)C(C)(C)O)CC1,370.45,-0.2025,7,3,4,0.5479161752,2,111.29,0,0,0,0.12968971,0.21081746,0.5467819,0.0008027996,0.20275602,0.06376683,0.24233827,0.043499194,0.041830778,0.19681856,0.21821073,0.21648212,0.114089034,0.26044637,0.883144,0.007758488,0.019582462,0.009723861,0.011842169,0.017930988,0.07143473,0.004166116,0.16468343,0.049824573,0.09397508,0.002627802,0.017191084,0.0036365222,0.007461682,0.37289384,0.31657547,-5.9186106,8.681726,-5.74104,-7.5806932,-20.535686,1.9125783,-1.6467031,6.2987657,-0.64034855,-1.6082112,58.55887522,20.24604569,79.85940246,78.20738137,63.44463972,53.14586995,69.84182777,74.44639719,47.59226714,25.86994728,37.18804921,33.9543058,14.05975395,19.543058,12.82952548,65.3427065,26.18629174,78.03163445,27.9086116,46.53778559,26.43233743,68.92794376,62.91739895,54.34094903,40.28119508,25.65905097,40.38664323,39.543058,38.91036907,42.70650264,51.52899824,40.21089631,42.17926186,20.63268893,45.86994728,42.3198594,28.40070299,51.91564148,25.16695958,25.62390158,30.50966608,51.66959578,15.53602812,24.04217926,18.3831283,10.19332162,15.74692443,19.50790861,11.00175747,3.866432337,87.97891037,20.77328647
CCNC(=O)N(CCON1CCN(C(C)C(=O)O)CC1)OC,318.374,-0.3984,6,2,4,0.5881411358,1,94.58,0,1,0,0.7429303,0.7112369,0.77432364,0.0019724788,0.031760868,0.038054075,0.0031748519,0.059369575,0.013230984,0.20094326,0.0014583893,0.34871268,0.079945885,0.16646238,0.851549,0.011752045,0.015851296,0.00238085,0.0008636064,0.011670826,0.11640517,0.0006801285,0.30674806,0.0017720175,0.04534588,0.0050816974,0.0029797493,0.0004196546,0.0136490865,0.82995856,0.08727669,-5.3138485,21.144497,-5.535211,-14.452698,-15.81088,1.7799578,-1.5461102,13.266937,-0.4444198,-4.0428514,46.5026362,18.3831283,72.46045694,61.37082601,63.44463972,58.66432337,55.32513181,64.25307557,47.59226714,66.5202109,37.18804921,92.97012302,49.42003515,45.72934974,17.82073814,32.89982425,18.62917399,18.06678383,33.67311072,28.82249561,26.71353251,20.73813708,83.05799649,44.25307557,30.228471,24.28822496,51.6344464,32.37258348,16.37961336,9.455184534,39.82425308,64.53427065,15.1142355,26.53778559,18.55887522,24.71001757,38.73462214,19.57820738,7.311072056,34.97363796,87.87346221,29.98242531,30.12302285,38.80492091,18.5940246,4.358523726,30.36906854,13.11072056,11.91564148,5.729349736,90.40421793,5.729349736
CCNC(=O)C(CCON1CCN(C(C)C(=O)O)CC1)OC,317.386,-0.4501,6,2,4,0.5949557199,2,91.34,0,0,0,0.35006103,0.5953677,0.8018573,0.00038245803,0.021902509,0.045037717,0.0029901369,0.056351352,0.008814699,0.14907283,0.0009178614,0.23899786,0.052396793,0.11757376,0.8978044,0.00827937,0.019856907,0.0009363332,0.0006872684,0.008415852,0.092856124,0.00076200784,0.28163505,0.0023528177,0.026662549,0.0020757238,0.001780051,0.00029602172,0.0049947603,0.72332793,0.055835653,-5.4120994,13.977443,-10.816532,-9.794806,-16.257904,1.8576958,-1.6566517,9.224081,-0.43701372,-3.6019006,46.22144112,18.24253076,72.46045694,61.37082601,63.44463972,59.2970123,69.84182777,62.35500879,47.59226714,25.86994728,37.18804921,65.44815466,39.82425308,50.9314587,9.841827768,26.81898067,20.91388401,17.36379613,32.51318102,23.7258348,21.72231986,17.39894552,66.64323374,33.18101933,21.8629174,26.18629174,41.89806678,40.07029877,8.435852373,7.803163445,30.65026362,52.75922671,15.92267135,25.62390158,20.73813708,14.44639719,24.35852373,13.42706503,5.869947276,20.17574692,75.50087873,25.55360281,26.15114236,30.12302285,14.30579965,7.978910369,28.26010545,16.48506151,11.00175747,4.74516696,90.4745167,6.818980668
CCC(CCON1CCN(C(C)C(=O)O)CC1)N1CC(C)C1=O,327.425,0.6557,5,1,4,0.6602490811,3,73.32,0,0,1,0.27054393,0.5647058,0.68125474,0.0011222565,0.10526717,0.06765923,0.03391224,0.08369891,0.046167877,0.28131512,0.025539648,0.23246512,0.08712355,0.13109721,0.91242427,0.016201606,0.024257807,0.0027468028,0.0037807426,0.023728335,0.113624096,0.005123823,0.45621997,0.035682335,0.081408575,0.005653712,0.008343795,0.00231368,0.011404375,0.7119826,0.21842274,-5.2763886,15.953761,-6.276635,-11.84131,-14.8034,2.0812564,-1.2779665,20.76491,-0.8954638,-3.4945855,48.6115993,28.6115993,61.88049209,36.59050967,63.44463972,68.57644991,76.60808436,49.10369069,47.59226714,25.86994728,83.09314587,57.22319859,37.85588752,30.82601054,14.72759227,52.65377856,27.34622144,49.59578207,42.70650264,47.87346221,36.02811951,42.70650264,65.90509666,47.2056239,23.97188049,27.31107206,60.80843585,48.3655536,17.99648506,26.22144112,58.55887522,63.05799649,45.83479789,32.23198594,42.81195079,38.91036907,40.28119508,37.53954306,20.14059754,32.02108963,74.23550088,43.90158172,31.73989455,32.33743409,17.85588752,6.291739895,36.41476274,27.4516696,14.55184534,9.420035149,84.85061511,7.486818981
CCCCC(C)(CCON1CCN(C(C)C(=O)O)CC1)C(C)O,330.469,1.9761,5,2,4,0.6379619202,3,73.24,0,0,0,0.13407364,0.6296416,0.66141045,0.0084001925,0.09195964,0.064247034,0.042852025,0.2414312,0.07400423,0.25355226,0.015220517,0.23640966,0.08314768,0.064997606,0.87906647,0.0073460303,0.01653685,0.004772684,0.005853796,0.0279957,0.14053316,0.010885136,0.66594964,0.04118174,0.09078084,0.004265147,0.008153411,0.010344535,0.0073763514,0.83412087,0.3028782,-5.082049,44.670876,13.685573,-6.3649983,-12.907242,1.8658535,-0.15535891,42.39301,-1.9546131,0.18079658,49.20913884,44.14762742,61.88049209,61.37082601,63.44463972,64.85061511,76.60808436,49.10369069,47.59226714,25.86994728,37.18804921,34.86818981,42.60105448,28.26010545,28.92794376,50.4745167,26.25659051,53.42706503,72.30228471,55.32513181,32.65377856,38.03163445,66.32688928,45.65905097,12.40773286,25.48330404,38.76977153,33.91915641,26.5026362,31.95079086,61.96836555,72.16168717,59.43760984,41.8629174,44.1827768,41.44112478,36.13356766,36.87170475,36.02811951,25.44815466,88.04920914,50.54481547,40.87873462,60.10544815,37.82073814,11.95079086,48.3655536,16.83655536,27.97891037,22.24956063,72.05623902,36.80140598
Cc1nc2c(CCON3CCN(C(C)C(=O)O)CC3)c(C)[nH]c(=S)n2n1,380.474,0.96853,7,2,4,0.7154838551,1,98.99,0,1,0,0.6883567,0.62593013,0.76890624,0.0051741623,0.093949005,0.08426633,0.04421091,0.04031959,0.059432793,0.37033713,0.027348202,0.30170465,0.23383915,0.62660754,0.84781444,0.033019364,0.025875026,0.010704461,0.0071395626,0.022871166,0.10504619,0.0062674778,0.22879234,0.026281262,0.132063,0.019443203,0.011885798,0.0047467323,0.074173436,0.657484,0.19625452,-6.181192,-10.047975,8.772502,-20.893879,-21.112568,2.851718,-1.1404476,45.75898,-2.1127758,-2.9342031,60.84358524,31.66959578,79.85940246,61.37082601,63.44463972,77.11775044,55.32513181,66.99472759,47.59226714,66.5202109,37.18804921,90.75571178,42.24956063,44.46397188,24.74516696,50.75571178,32.05623902,53.88400703,26.78383128,51.91564148,43.23374341,43.40949033,77.29349736,73.39191564,61.89806678,24.11247803,76.66080844,50.43936731,40.42179262,35.04393673,57.85588752,59.26186292,49.49033392,23.4797891,40.31634446,51.31810193,63.79613357,44.39367311,28.15465729,67.34622144,68.01405975,41.96836555,11.42355009,8.857644991,32.44288225,1.862917399,14.6572935,74.86818981,16.06326889,24.95606327,69.0685413,10.26362039
Cc1[nH]c(=S)n2c(C)nnc2c1CCON1CCN(C(C)C(=O)O)CC1,380.474,0.96853,7,2,4,0.7154838551,1,98.99,0,1,0,0.65686053,0.62815326,0.79529107,0.0024733697,0.032459352,0.07479361,0.015213865,0.040399007,0.035126526,0.32142693,0.014965391,0.2377713,0.21162781,0.54935825,0.8683998,0.030490974,0.030888963,0.0068369107,0.0038985417,0.0144770695,0.09015818,0.0035637696,0.2143676,0.016078357,0.08537917,0.012009563,0.0076329177,0.0020632932,0.05457589,0.6383835,0.15392557,-6.0999565,-3.4862053,5.9941697,-18.98081,-21.073446,2.4744666,-1.2734114,42.6002,-2.0898726,-2.3604462,60.84358524,31.66959578,79.85940246,61.37082601,63.44463972,77.11775044,55.32513181,66.99472759,47.59226714,66.5202109,37.18804921,89.34973638,42.46045694,49.73637961,19.22671353,33.14586995,29.24428822,37.50439367,26.81898067,43.79613357,39.36731107,37.99648506,66.39718805,71.35325132,57.57469244,24.71001757,75.64147627,57.78558875,32.61862917,26.57293497,46.0456942,51.07205624,39.64850615,22.84710018,36.87170475,40.17574692,55.21968366,35.46572935,18.8400703,61.8629174,66.0456942,37.89103691,12.58347979,12.75922671,29.91212654,2.355008787,14.72759227,52.30228471,14.58699473,22.42530756,69.70123023,14.55184534
COC(=O)n1[nH]c(=O)c(C)c1CCON1CCN(C(C)C(=O)O)CC1,356.379,-0.33588,7,2,4,0.7111637684,1,117.1,0,0,0,0.2672597,0.50411093,0.7748254,0.00070373656,0.03372896,0.06141416,0.010596609,0.022956671,0.021214511,0.14880453,0.0019343207,0.29945517,0.086409494,0.3369309,0.75747013,0.010821389,0.026989928,0.0012923835,0.0009507444,0.008737635,0.1037814,0.0010930777,0.117303334,0.006545135,0.04095309,0.0025423407,0.0020611614,0.00033097665,0.010204962,0.60774577,0.04721387,-5.8241396,-0.6512543,-4.7811465,-16.484196,-19.70763,2.086502,-1.8717903,30.385004,-1.3123426,-3.7803829,54.86818981,18.87521968,79.85940246,61.37082601,63.44463972,76.83655536,55.32513181,77.11775044,47.59226714,25.86994728,37.18804921,56.87170475,33.21616872,45.76449912,12.23198594,33.74340949,25.48330404,32.72407733,19.15641476,35.92267135,21.72231986,22.39015817,76.87170475,46.92442882,45.79964851,21.26537786,49.34973638,51.95079086,10.79086116,10.33391916,31.52899824,58.76977153,19.61335677,18.24253076,29.42003515,22.35500879,27.69771529,14.97363796,6.151142355,29.94727592,62.10896309,23.58523726,17.04745167,14.83304042,19.2970123,3.16344464,17.46924429,27.76801406,9.525483304,15.04393673,79.85940246,6.432337434
COC(=O)c1csc(C)c1CCON1CCN(C(C)C(=O)O)CC1,356.444,1.40792,7,1,4,0.7400290854,1,79.31,0,0,0,0.22077756,0.6525349,0.81843424,0.057419933,0.23032221,0.16127352,0.102922186,0.14640938,0.15907669,0.40739846,0.072021976,0.30134934,0.18819872,0.37200338,0.9641903,0.025687596,0.03913944,0.027070662,0.011283857,0.023991534,0.10513413,0.0152102485,0.59240615,0.05759543,0.09810754,0.012132059,0.011301534,0.009676034,0.029533615,0.56020707,0.329442,-5.1546044,50.75479,32.764717,-30.303837,-14.083898,2.2051978,0.03215046,65.97414,-2.208957,-2.3110552,54.93848858,36.76625659,79.85940246,36.59050967,63.44463972,80.91388401,55.32513181,53.60281195,47.59226714,25.86994728,37.18804921,50.26362039,44.35852373,54.90333919,48.40070299,68.15465729,60,66.11599297,59.82425308,68.26010545,46.95957821,53.88400703,77.29349736,68.3655536,48.15465729,32.68892794,71.98594025,68.50615114,53.91915641,42.00351494,58.87521968,59.36731107,64.28822496,37.82073814,47.38137083,43.79613357,55.60632689,43.33919156,35.53602812,50.50966608,55.28998243,52.65377856,37.92618629,64.60456942,56.13356766,0.4920913884,40.80843585,35.21968366,31.28295255,41.82776801,67.38137083,14.79789104
CCCN1C(=O)CCC(CCON2CCN(C(C)C(=O)O)CC2)C1C,355.479,1.4359,5,1,4,0.7101499728,3,73.32,0,0,0,0.15735759,0.5764449,0.7063052,0.0007223092,0.057444323,0.06651463,0.018179422,0.08684002,0.045808073,0.24571061,0.008980609,0.22566009,0.08860431,0.106312856,0.9185112,0.009792099,0.02092315,0.0010915108,0.0021022148,0.016895719,0.1121552,0.0043304083,0.4612232,0.025297072,0.05935659,0.0024380584,0.0046334667,0.001913229,0.006247611,0.71412677,0.19898069,-5.281914,26.0676,-1.9908718,-14.402463,-14.836046,1.8225272,-1.2471836,20.69146,-0.95358086,-3.4200878,54.76274165,37.08260105,61.88049209,36.59050967,63.44463972,76.69595782,76.60808436,49.10369069,47.59226714,25.86994728,37.18804921,39.15641476,38.73462214,34.16520211,12.40773286,42.21441125,26.99472759,39.92970123,43.83128295,47.76801406,32.0913884,33.70826011,64.74516696,47.73286467,20.17574692,27.87346221,46.88927944,42.3198594,9.490333919,19.15641476,49.87697715,62.53075571,43.09314587,32.33743409,40.07029877,31.21265378,26.81898067,26.36203866,18.20738137,23.19859402,74.4112478,42.17926186,31.49384886,44.6397188,22.07381371,4.358523726,35.99297012,14.90333919,14.93848858,9.384885764,84.21792619,7.732864675
CC1=C(CCON2CCN(C(C)C(=O)O)CC2)c2ccccc2S(=O)(=O)N1,395.481,1.1219,6,2,4,0.7446337989,1,99.18,0,0,0,0.074312136,0.45642632,0.83444655,0.009799038,0.10855752,0.18905844,0.094970345,0.057341058,0.10360311,0.26317057,0.053539,0.3925571,0.14238909,0.5337655,0.9392598,0.013945378,0.038938366,0.005087672,0.0039663534,0.010497535,0.09435904,0.0042317286,0.28381068,0.050987937,0.04955817,0.0016756419,0.0031585135,0.0026874684,0.009260865,0.41706055,0.20962194,-5.8114095,4.746461,8.248248,-0.48301047,-18.450575,2.170015,-0.8083374,60.494324,-2.425382,-3.5121942,64.6397188,33.14586995,72.46045694,61.37082601,63.44463972,81.47627417,55.32513181,67.27592267,47.59226714,25.86994728,37.18804921,20.56239016,29.771529,59.26186292,30.05272408,53.11072056,67.31107206,65.16695958,33.00527241,61.01933216,34.05975395,50.65026362,87.13532513,60.63268893,57.04745167,29.66608084,56.62565905,68.18980668,27.76801406,26.7486819,36.9771529,53.74340949,42.70650264,25.62390158,46.08084359,26.85413005,21.75746924,20.42179262,21.65202109,28.71704745,36.37961336,43.30404218,17.39894552,19.43760984,31.91564148,21.23022847,20.456942,32.82952548,19.82425308,36.69595782,62.95254833,7.311072056
CC1NS(=O)(=O)c2ccccc2C1CCON1CCN(C(C)C(=O)O)CC1,397.497,0.863,6,2,4,0.7345269324,3,99.18,0,0,0,0.21483126,0.44466752,0.79230815,0.0028226178,0.09456225,0.123513184,0.05679194,0.048715163,0.06272278,0.24847165,0.03639511,0.4189523,0.101440355,0.41581383,0.91687715,0.011259882,0.024748536,0.0034559872,0.0038858503,0.011197765,0.10377703,0.0038150575,0.26849982,0.04459261,0.054563712,0.0019646955,0.0041013914,0.0026454579,0.009346667,0.5524949,0.20538358,-5.874645,6.934758,6.7685823,-8.031263,-18.42095,2.1373873,-0.6486864,46.100372,-1.9171013,-3.8149147,64.92091388,30.40421793,72.46045694,61.37082601,63.44463972,79.89455185,76.60808436,67.27592267,47.59226714,25.86994728,37.18804921,49.17398946,28.64674868,49.20913884,20.56239016,50.79086116,46.95957821,56.90685413,29.66608084,52.72407733,32.19683656,46.25659051,88.82249561,51.21265378,50.54481547,27.62741652,50.4745167,48.85764499,21.89806678,26.5026362,38.98066784,58.76977153,40.56239016,25.16695958,44.81546573,29.59578207,23.65553603,24.28822496,21.47627417,28.89279438,54.48154657,42.98769772,16.30931459,22.00351494,30.65026362,9.806678383,20.49209139,30.50966608,21.72231986,25.09666081,72.51318102,6.326889279
COc1ncc(C)c(CCON2CCN(C(C)C(=O)O)CC2)n1,324.381,0.35842,7,1,4,0.7689780928,1,88.02,0,0,0,0.14417626,0.652672,0.92695266,0.0017692053,0.018281773,0.10251415,0.008130356,0.088325195,0.013537844,0.27442187,0.0078036287,0.18962526,0.13544819,0.45127305,0.9948896,0.00261561,0.015042154,0.0038930574,0.0008033294,0.0022209745,0.03849522,0.00030530812,0.5241164,0.0045942133,0.017679539,0.0009248747,0.0010481561,0.00026225013,0.0029752285,0.34688205,0.14502913,-5.41215,17.733273,-1.8834041,-20.218966,-15.011479,2.131494,-0.93348634,35.90677,-1.0189202,-2.1381679,47.69771529,25.83479789,79.85940246,36.59050967,63.44463972,84.6397188,55.32513181,59.85940246,47.59226714,25.86994728,37.18804921,36.76625659,44.35852373,88.71704745,17.01230228,24.04217926,38.1370826,28.82249561,44.07732865,29.13884007,35.46572935,32.65377856,56.37961336,59.47275923,52.7943761,44.14762742,15.43057996,30.79086116,23.65553603,8.963093146,6.713532513,11.70474517,9.34973638,35.07908612,26.36203866,8.189806678,14.4112478,9.525483304,5.483304042,13.88400703,26.85413005,36.76625659,26.15114236,34.37609842,22.28471002,2.038664323,35.21968366,30.26362039,18.52372583,18.1370826,83.23374341,16.16871705
Cc1cccc2c1C(=O)N(CCON1CCN(C(C)C(=O)O)CC1)C(C)N2,376.457,1.23102,6,2,4,0.7723423145,2,85.35,0,0,0,0.41020823,0.67327535,0.79468834,0.014304891,0.14527991,0.1027959,0.050526798,0.1238611,0.09371565,0.35289747,0.046330906,0.27766,0.19190553,0.31346118,0.9661118,0.016849365,0.03116799,0.02084155,0.0049181287,0.016443532,0.101361535,0.0043932702,0.46309862,0.041765787,0.06727292,0.009398651,0.0076282397,0.0036959108,0.02060946,0.58626556,0.35429093,-5.4780946,11.774925,-0.9918129,-9.355539,-17.008703,2.1544096,-0.82940245,42.708134,-1.8255169,0.010058403,59.96485062,34.55184534,72.46045694,61.37082601,63.44463972,85.30755712,69.84182777,58.24253076,47.59226714,25.86994728,37.18804921,71.14235501,46.25659051,49.59578207,33.91915641,58.98066784,38.24253076,55.39543058,54.05975395,59.33216169,41.89806678,48.85764499,73.81370826,68.99824253,44.1827768,33.00527241,61.72231986,58.24253076,49.59578207,29.91212654,49.13884007,57.50439367,43.19859402,32.51318102,44.32337434,33.67311072,49.98242531,35.46572935,25.37785589,42.77680141,58.41827768,54.83304042,24.35852373,27.52196837,23.33919156,8.295254833,25.65905097,31.88049209,19.50790861,22.49560633,73.32161687,35.07908612
Cc1cccc2c1NC(C)N(CCON1CCN(C(C)C(=O)O)CC1)C2=O,376.457,1.23102,6,2,4,0.7723423145,2,85.35,0,0,0,0.3637299,0.6446906,0.7946154,0.004859186,0.09645389,0.08436366,0.029927338,0.111386046,0.07433471,0.31483182,0.029328192,0.2454662,0.1585779,0.25418144,0.9584854,0.014924909,0.03165566,0.009709926,0.0033527885,0.0132019,0.095816046,0.0026716378,0.4201948,0.034244847,0.051639654,0.005214866,0.005199697,0.0022126208,0.013275571,0.5955871,0.3130972,-5.49014,9.296781,-1.7615376,-14.273412,-16.852962,2.2611253,-0.93966496,36.88958,-1.4991208,-1.920942,59.96485062,34.55184534,72.46045694,61.37082601,63.44463972,85.30755712,69.84182777,58.22495606,47.59226714,25.86994728,37.18804921,66.7486819,43.86643234,49.56063269,24.1827768,51.24780316,32.05623902,48.01405975,50.61511424,55.46572935,38.94551845,44.00702988,67.83831283,63.62038664,39.68365554,31.84534271,58.8400703,58.80492091,38.91036907,24.85061511,43.69068541,54.62214411,34.05975395,30.79086116,42.35500879,28.15465729,39.08611599,28.89279438,19.543058,34.79789104,59.89455185,51.3884007,24.07732865,25.02636204,22.42530756,4.393673111,26.25659051,38.62917399,18.3831283,18.66432337,77.32864675,18.03163445
Cc1[nH]c(C)c(C(F)(F)F)c(=O)c1CCON1CCN(C(C)C(=O)O)CC1,391.39,1.57534,5,2,4,0.7658999322,1,85.87,0,0,0,0.2498126,0.6138636,0.8332054,0.0095655015,0.08750531,0.105529524,0.035192788,0.13505045,0.085687205,0.425275,0.05596239,0.20582502,0.17265797,0.2925991,0.9624367,0.017229568,0.03415358,0.007843177,0.008072441,0.016815871,0.08699615,0.0066803284,0.6294718,0.059778832,0.08146785,0.005443854,0.007574825,0.0069035604,0.020661619,0.5475427,0.346683,-5.4748282,10.420224,5.29156,-11.537684,-15.295459,2.306459,-0.19884601,54.30548,-2.2244563,-1.345953,63.55008787,38.8400703,61.88049209,61.37082601,63.44463972,84.25307557,55.32513181,58.48857645,47.59226714,25.86994728,37.18804921,54.27065026,41.26537786,58.73462214,29.80667838,49.63093146,39.05096661,50.228471,57.71528998,57.50439367,48.33040422,51.10720562,60.63268893,66.08084359,42.5659051,32.40773286,62.28471002,62.24956063,34.97363796,36.80140598,49.771529,49.27943761,50.79086116,39.82425308,47.73286467,38.94551845,39.71880492,35.3602812,32.12653779,42.77680141,53.63796134,54.30579965,24.49912127,26.53778559,29.10369069,6.572934974,33.67311072,41.19507909,27.4516696,31.52899824,67.13532513,23.16344464
Cc1nc(S(=O)(=O)C(F)(F)F)[nH]c1CCON1CCN(C(C)C(=O)O)CC1,414.406,0.57642,7,2,4,0.6656789442,1,115.83,0,0,0,0.53831637,0.39416978,0.63319415,0.0010348172,0.049362905,0.06601166,0.015497941,0.043147888,0.05646308,0.2827096,0.017338417,0.38695827,0.11283883,0.26882568,0.613502,0.024142599,0.020786855,0.0021750673,0.004976651,0.030810604,0.13261895,0.0027761809,0.19826731,0.016171481,0.1300554,0.0072170235,0.011907335,0.0018496567,0.0360267,0.68765885,0.14603725,-5.9376426,1.5126908,18.857916,-13.64693,-17.417934,2.5812879,-0.55711406,55.422028,-1.9311937,-3.5147386,68.6115993,27.69771529,79.85940246,61.37082601,63.44463972,69.45518453,55.32513181,76.62565905,47.59226714,25.86994728,37.18804921,81.89806678,25.09666081,25.44815466,14.13005272,40,26.7486819,37.71528998,27.76801406,51.00175747,36.09841828,39.08611599,86.53778559,54.16520211,40.98418278,17.4340949,70.89630931,41.96836555,15.43057996,30.05272408,64.28822496,70.08787346,34.83304042,22.21441125,36.9771529,50.96660808,44.53427065,44.46397188,18.06678383,53.98945518,71.42355009,36.80140598,15.1142355,16.09841828,43.4797891,4.780316344,23.97188049,58.8400703,23.16344464,32.40773286,72.44288225,7.311072056
CC(C(=O)O)N1CCN(OCCC2OCCN(CC(=O)O)C2C)CC1,359.423,-0.4273,7,2,4,0.5975409751,3,102.78,0,0,0,0.2582299,0.3882359,0.49864775,0.0006215322,0.076446734,0.011840735,0.015166923,0.014325321,0.025717104,0.047533743,0.00027992314,0.34370995,0.043125253,0.05625645,0.16688058,0.0049497923,0.023151811,0.0008907864,0.0004225063,0.015318091,0.15237805,0.0005651167,0.024524126,0.002026267,0.036394384,0.0027895246,0.0007368728,0.00023700169,0.0033410084,0.7457772,0.02990531,-6.1062107,-2.4716384,-10.700007,-9.794664,-20.741571,1.7445616,-2.5791492,19.742321,-1.170088,-2.978189,55.85237258,18.31282953,79.85940246,61.37082601,63.44463972,59.68365554,76.60808436,69.66608084,47.59226714,25.86994728,37.18804921,55.53602812,24.46397188,16.87170475,11.84534271,47.27592267,10.05272408,37.46924429,14.90333919,39.2970123,8.400702988,9.841827768,82.3198594,28.3655536,10.89630931,9.314586995,27.55711775,46.29173989,8.330404218,5.553602812,47.27592267,75.21968366,13.56766257,10.82601054,19.64850615,20.03514938,29.17398946,7.662565905,5.096660808,15.3602812,78.3831283,18.1370826,12.5483304,13.39191564,14.34094903,7.978910369,15.21968366,11.81019332,5.272407733,8.822495606,81.68717047,9.912126538
CCC(=O)NC(C)C(C)CCON1CCN(C(C)C(=O)O)CC1,329.441,0.9496,5,2,4,0.6553322002,3,82.11,0,0,0,0.12508993,0.5227736,0.7317762,0.0009083093,0.05716195,0.056396037,0.017140936,0.09440796,0.029510042,0.19132058,0.006368912,0.24658182,0.054617662,0.09370285,0.8953031,0.008580351,0.022072788,0.0012603216,0.0016668461,0.015633862,0.1113713,0.0019688031,0.4221694,0.011114901,0.042198263,0.0016634088,0.0030396215,0.0011654389,0.0037032396,0.71680903,0.13740882,-5.4263086,8.47588,-10.178688,-7.367073,-15.669542,2.1184354,-1.2289746,20.366287,-1.0465796,-2.176404,49.10369069,31.45869947,61.88049209,61.37082601,63.44463972,67.97891037,76.60808436,55.71177504,47.59226714,25.86994728,37.18804921,33.11072056,34.44639719,37.6801406,13.53251318,42.14411248,24.35852373,39.05096661,45.55360281,40.98418278,25.76449912,31.24780316,67.9086116,34.05975395,18.03163445,26.08084359,42.84710018,44.28822496,10.50966608,16.16871705,47.9086116,62.10896309,27.52196837,30.9314587,33.9543058,23.12829525,21.58172232,19.92970123,14.05975395,16.5202109,74.6572935,35.95782074,25.76449912,23.7258348,14.69244288,10.57996485,31.03690685,29.66608084,15.14938489,9.13884007,82.81195079,15.92267135
COC(=O)N(C)C(C)CCCON1CCN(C(C)C(=O)O)CC1,331.413,0.8756,6,1,4,0.6609978256,2,82.55,0,1,0,0.26000792,0.5195531,0.71438265,0.0005738977,0.052796744,0.058612715,0.012328636,0.072584406,0.024342256,0.20077722,0.0041064313,0.26928183,0.080082715,0.09857237,0.84781015,0.012787646,0.023082774,0.0012909897,0.00170196,0.01934157,0.11798862,0.0031612446,0.3386162,0.008242349,0.0548747,0.0036776823,0.0046861665,0.0009586181,0.0076794466,0.7514582,0.10498782,-5.2489347,19.020199,-2.4966893,-14.470247,-14.586653,2.158671,-1.1533693,23.016,-0.80962163,-3.4399414,49.49033392,30.61511424,72.46045694,36.59050967,63.44463972,68.71704745,69.84182777,55.88752197,47.59226714,66.5202109,37.18804921,55.71177504,34.20035149,35.07908612,11.49384886,40.80843585,24.81546573,34.97363796,38.48857645,38.24253076,26.71353251,27.80316344,72.47803163,44.35852373,18.62917399,24.11247803,53.9543058,46.08084359,10.79086116,16.59050967,53.74340949,65.41300527,36.9771529,27.66256591,31.59929701,29.66608084,33.46221441,26.71353251,12.51318102,26.01054482,79.01581722,32.12653779,33.46221441,36.02811951,21.6168717,4.358523726,37.60984183,32.19683656,15.85237258,10.61511424,86.01054482,7.662565905
C=CS(=O)(=O)NC(C)CCCON1CCN(C(C)C(=O)O)CC1,349.453,0.2403,6,2,4,0.5451034435,2,99.18,0,1,0,0.40868443,0.48847336,0.58760786,0.00083098526,0.08519584,0.05679158,0.023640374,0.048595283,0.029795438,0.19612975,0.0074294894,0.4432637,0.05757905,0.09903957,0.6659174,0.026552524,0.018114064,0.0011519833,0.0037105784,0.031429105,0.13284561,0.00588384,0.24278851,0.012954858,0.13000612,0.0066824295,0.01355994,0.0011983726,0.019914074,0.8078151,0.10909079,-5.717111,9.989532,3.095326,-12.392863,-16.836285,2.0849566,-1.0135982,29.610098,-1.3519604,-3.8122532,53.39191564,24.8857645,72.46045694,61.37082601,63.44463972,52.75922671,69.84182777,67.27592267,47.59226714,66.5202109,37.18804921,71.03690685,32.05623902,21.47627417,12.97012302,49.17398946,24.46397188,44.07732865,29.66608084,41.01933216,26.36203866,32.30228471,90.29876977,35.28998243,18.76977153,18.80492091,72.58347979,36.90685413,9.701230228,25.94024605,64.92091388,70.19332162,48.33040422,24.04217926,35.32513181,50.96660808,43.26889279,46.92442882,14.27065026,42.10896309,85.72934974,32.40773286,19.08611599,25.94024605,27.27592267,5.694200351,26.29173989,27.62741652,17.25834798,14.58699473,79.36731107,6.326889279
CC(C(=O)O)N1CCN(OCCN2C(=O)c3cc(I)ccc3C2(C)O)CC1,489.31,0.9343,6,2,4,0.5749812047,2,93.55,0,1,0,0.2816726,0.57275605,0.7618459,0.0070931194,0.10688491,0.09947246,0.03507883,0.06781937,0.10029451,0.27867413,0.017573029,0.31058007,0.15524952,0.28976497,0.8892749,0.018390883,0.031509887,0.008354286,0.004801826,0.019985482,0.112921715,0.006751381,0.27947026,0.026362443,0.07111715,0.006727802,0.0074188067,0.00422932,0.021181073,0.58727986,0.23054063,-5.273256,9.156317,-5.010894,23.863062,-16.966005,2.2671854,0.10574548,64.26976,-2.2788892,6.7641206,81.1599297,31.28295255,72.46045694,61.37082601,63.44463972,56.94200351,69.84182777,63.86643234,47.59226714,66.5202109,37.18804921,58.24253076,38.41827768,42.95254833,27.52196837,52.97012302,37.08260105,50.15817223,36.62565905,60.38664323,35.85237258,39.2970123,78.41827768,63.09314587,42.24956063,25.86994728,63.90158172,58.55887522,36.30931459,29.56063269,54.30579965,62.81195079,51.14235501,25.51845343,40.31634446,35.00878735,43.33919156,35.04393673,26.88927944,43.33919156,58.55887522,45.09666081,31.91564148,24.74516696,19.12126538,62.49560633,25.76449912,39.12126538,32.47803163,40.35149385,66.01054482,81.23022847
CC(CCCON1CCN(C(C)C(=O)O)CC1)NS(=O)(=O)CCl,371.887,0.2931,6,2,4,0.4203887553,2,99.18,0,2,1,0.72978455,0.540271,0.5575284,0.00068823097,0.0898476,0.051018488,0.0187333,0.037500255,0.030937504,0.24573357,0.0070563583,0.560332,0.07676424,0.14234456,0.51791286,0.03935681,0.012780255,0.0012292473,0.00418833,0.04461365,0.14136176,0.008487424,0.18654767,0.010510275,0.20907238,0.020867337,0.023643034,0.0018560846,0.063213706,0.8722991,0.10342469,-5.7586694,9.741189,3.1581006,-10.377998,-17.252682,2.1114502,-1.1282074,25.829578,-1.206205,-3.4293263,59.12126538,25.37785589,72.46045694,61.37082601,63.44463972,35.67662566,69.84182777,67.27592267,47.59226714,87.92618629,83.09314587,92.40773286,35.78207381,20.14059754,12.12653779,50.01757469,22.67135325,40.31634446,25.5887522,41.44112478,32.0913884,31.84534271,95.74692443,43.0228471,26.11599297,15.78207381,79.85940246,25.62390158,10.36906854,27.59226714,72.97012302,72.40773286,55.28998243,21.65202109,33.53251318,62.67135325,65.02636204,58.10193322,18.06678383,64.04217926,92.51318102,31.98594025,18.17223199,25.55360281,27.31107206,7.76801406,24.46397188,29.24428822,16.2741652,12.58347979,81.33567663,7.662565905
COC(=O)NC(C)CCCON1CCN(C(C)C(=O)O)CC1,317.386,0.5334,6,2,4,0.6310854058,2,91.34,0,1,0,0.21907517,0.5642298,0.7649463,0.001144713,0.057560433,0.067427054,0.013620672,0.0673041,0.022766316,0.17122754,0.0028695595,0.29505906,0.071673915,0.14146414,0.8852153,0.010380586,0.023714703,0.0018422154,0.001464077,0.013881979,0.113435805,0.0021993057,0.31729227,0.008369985,0.044009153,0.0026078762,0.003493616,0.0007563619,0.00639211,0.6979321,0.08661817,-5.5172577,8.676086,-9.934336,-10.589326,-16.148432,2.0167587,-1.3600956,22.013712,-0.8825537,-2.3682065,46.22144112,27.4516696,72.46045694,61.37082601,63.44463972,64.28822496,69.84182777,62.35500879,47.59226714,66.5202109,37.18804921,49.91212654,37.82073814,43.69068541,14.79789104,42.21441125,27.31107206,36.09841828,36.48506151,37.22319859,23.69068541,24.85061511,76.30931459,41.05448155,25.86994728,25.69420035,48.40070299,47.34622144,13.74340949,14.55184534,45.02636204,63.05799649,30.05272408,26.85413005,31.70474517,23.93673111,28.26010545,21.58172232,11.03690685,23.40949033,72.7943761,29.91212654,23.44463972,24.04217926,14.83304042,7.62741652,28.96309315,24.39367311,13.84885764,10.228471,85.02636204,14.48154657
CC(C(=O)O)N1CCN(OCCC2CCC(=O)N(CC3CC3)C2C)CC1,367.49,1.4359,5,1,4,0.6997584024,3,73.32,0,0,0,0.19028261,0.6102277,0.6082337,0.0009930802,0.06992559,0.062882125,0.0274472,0.09863385,0.10342964,0.2841958,0.019729167,0.23191138,0.13528088,0.08803477,0.9041352,0.01446764,0.020594385,0.001409187,0.0035063077,0.024044761,0.12877175,0.007376702,0.46495074,0.050806414,0.09631845,0.004633826,0.00938459,0.0036615203,0.012099608,0.7449378,0.32407236,-5.3216352,21.97487,-3.6076,-14.891185,-14.822133,1.8716314,-1.0632455,24.457302,-1.165012,-3.6346068,57.78558875,37.08260105,61.88049209,36.59050967,63.44463972,75.14938489,76.60808436,49.10369069,47.59226714,25.86994728,37.18804921,45.27240773,40.94903339,23.19859402,13.91915641,45.97539543,25.97539543,46.5026362,47.41652021,60.98418278,36.44991213,40.07029877,65.76449912,59.43760984,17.15289982,26.53778559,57.96133568,41.51142355,11.73989455,25.37785589,58.87521968,68.99824253,52.65377856,32.58347979,46.0456942,43.30404218,37.46924429,39.92970123,25.23725835,33.2513181,78.31282953,52.16168717,29.87697715,40.07029877,20.52724077,4.112478032,36.16871705,17.18804921,16.76625659,11.70474517,81.82776801,6.783831283
CC(C)CN1C(=O)CCC(CCON2CCN(C(C)C(=O)O)CC2)C1C,369.506,1.6819,5,1,4,0.7017743805,3,73.32,0,0,0,0.12731057,0.5522369,0.6786947,0.00086264,0.12205019,0.061370485,0.039017785,0.09862379,0.09143987,0.28931352,0.01718021,0.26175308,0.08393807,0.09572308,0.9179395,0.007460645,0.015270665,0.0010373393,0.0043736333,0.028402071,0.13548775,0.0062105684,0.5616983,0.045383513,0.08963709,0.0023069263,0.007333579,0.0045375316,0.0069705457,0.73466593,0.31491804,-5.243208,27.93989,2.2818494,-15.858846,-14.535849,1.8981918,-0.9419956,26.413671,-1.1910385,-3.3090515,58.3831283,40,61.88049209,36.59050967,63.44463972,75.50087873,76.60808436,49.10369069,47.59226714,25.86994728,37.18804921,33.4973638,36.87170475,30.40421793,13.18101933,55.53602812,25.48330404,51.73989455,47.38137083,58.87521968,36.69595782,39.01581722,71.07205624,46.01054482,18.34797891,27.76801406,39.15641476,31.17750439,8.998242531,28.18980668,62.3198594,71.00175747,49.27943761,36.62565905,44.8857645,41.01933216,25.90509666,34.93848858,27.69771529,24.81546573,77.01230228,51.56414763,33.74340949,46.46748682,26.5026362,3.409490334,37.96133568,18.8400703,18.34797891,12.93497364,81.47627417,8.330404218
CNC(CCON1CCN(C(C)C(=O)O)CC1)c1nnnn1C(C)(C)C,369.47,0.101,8,2,4,0.6592469229,2,108.64,0,0,0,0.43690395,0.45844278,0.8053668,0.0007961667,0.18349591,0.03933672,0.030048084,0.045874055,0.024022007,0.34115395,0.031304326,0.2692261,0.03910763,0.33746585,0.9380764,0.009404547,0.013723137,0.0019991654,0.002772735,0.018947037,0.09330726,0.0022860947,0.5372688,0.012431152,0.07413755,0.004025182,0.0031124463,0.00203242,0.010527237,0.6852832,0.1651716,-6.0034895,14.681293,22.806274,-23.020924,-19.660227,2.457789,-0.8675046,40.047207,-2.0950599,-2.9552054,58.31282953,23.86643234,84.51669596,61.37082601,63.44463972,68.50615114,69.84182777,73.11072056,47.59226714,25.86994728,37.18804921,73.35676626,29.91212654,51.98594025,12.75922671,63.44463972,18.94551845,48.04920914,28.96309315,38.10193322,41.19507909,44.81546573,72.47803163,25.90509666,45.83479789,29.59578207,45.55360281,27.66256591,14.30579965,22.39015817,53.32161687,53.2513181,30.89630931,35.5711775,34.93848858,36.13356766,35.07908612,20.28119508,18.76977153,30.36906854,71.35325132,38.73462214,13.9543058,31.03690685,47.38137083,1.405975395,17.57469244,51.31810193,19.15641476,20.73813708,69.63093146,10.15817223
CC=C(CCON1CCN(C(C)C(=O)O)CC1)c1nnn(C)n1,324.385,0.0258,7,1,4,0.7499929028,1,96.61,0,0,0,0.488923,0.7253992,0.80359143,0.0013647916,0.06078019,0.05929316,0.008901218,0.04545077,0.04372909,0.26422596,0.0024530056,0.33113295,0.085500896,0.26660743,0.90208805,0.011330269,0.014613941,0.0012137148,0.0011552834,0.009569871,0.08384255,0.0014354849,0.33895,0.0051518576,0.048173722,0.0036315923,0.0028665815,0.0005378428,0.013437356,0.7473677,0.0831076,-5.7905426,-0.2728508,5.0269556,-25.974976,-17.864939,2.5795586,-1.3901037,35.771126,-1.4637381,-4.154838,47.69771529,23.0228471,79.85940246,36.59050967,63.44463972,82.17926186,55.32513181,65.83479789,47.59226714,25.86994728,37.18804921,78.03163445,50.65026362,51.56414763,15.32513181,43.26889279,24.99121265,29.87697715,28.78734622,46.99472759,34.20035149,23.58523726,81.05448155,46.53778559,40.80843585,26.32688928,50.61511424,29.771529,10.228471,12.33743409,34.44639719,47.52196837,23.30404218,27.66256591,27.24077329,26.22144112,33.28646749,18.87521968,8.681898067,34.86818981,78.5940246,29.5254833,17.53954306,15.04393673,28.92794376,0.913884007,22.28471002,58.66432337,13.2513181,18.10193322,77.96133568,5.413005272
CC(C(=O)O)N1CCN(OCCC(C(C)N2CCCCC2)S(C)(=O)=O)CC1,405.561,0.6864,7,1,4,0.5991284269,3,90.39,0,0,0,0.26251644,0.56717074,0.5545123,0.00020548647,0.019834142,0.022903532,0.004271291,0.09112042,0.04770305,0.14192219,0.0018760128,0.24344833,0.067761905,0.02465404,0.7615704,0.007082794,0.016666735,0.00040852698,0.0007865646,0.013760423,0.13062856,0.0008195662,0.29001704,0.007878455,0.04558582,0.0016651216,0.0023556636,0.00075721764,0.0037305034,0.8712808,0.15559225,-5.7143493,4.9924865,-6.7381487,-5.123836,-17.779379,2.0158257,-1.6398284,10.085401,-1.1218599,-3.699079,66.78383128,28.89279438,79.85940246,36.59050967,63.44463972,60,76.60808436,61.51142355,47.59226714,25.86994728,37.18804921,56.06326889,38.06678383,19.89455185,8.471001757,25.3427065,13.77855888,20.91388401,44.78031634,48.29525483,20.94903339,22.14411248,67.48681898,39.82425308,5.694200351,21.44112478,37.39894552,34.27065026,6.010544815,8.822495606,44.8857645,69.63093146,16.69595782,25.86994728,31.21265378,24.8857645,21.65202109,16.41476274,11.07205624,16.5202109,92.40773286,38.03163445,19.15641476,19.57820738,17.36379613,13.84885764,22.63620387,24.25307557,11.03690685,4.885764499,82.10896309,6.608084359
Cc1[nH]c(C(F)(F)F)c(Br)c(=O)c1CCON1CCN(C(C)C(=O)O)CC1,456.259,2.02942,5,2,4,0.6818883143,1,85.87,0,0,0,0.32140252,0.58963615,0.7906479,0.06258929,0.33889675,0.15408207,0.21018858,0.11390351,0.21285796,0.5440232,0.20434156,0.29759365,0.19437388,0.49502507,0.9496101,0.036056068,0.03253704,0.023756072,0.03893677,0.0430741,0.113465026,0.03354128,0.6597652,0.12613374,0.21432276,0.021079663,0.030415636,0.032206424,0.08584564,0.56521136,0.43426448,-5.5784893,4.685855,10.090396,-9.784741,-16.420135,2.6258798,0.0035378218,64.88047,-2.5515394,0.29075256,76.80140598,45.20210896,61.88049209,61.37082601,63.44463972,72.16168717,55.32513181,58.48857645,47.59226714,25.86994728,37.18804921,62.3198594,39.36731107,48.89279438,49.45518453,76.94200351,57.22319859,76.30931459,51.35325132,71.98594025,60.42179262,68.18980668,76.69595782,69.27943761,55.3602812,30.86115993,78.34797891,59.92970123,51.70474517,59.50790861,72.23198594,63.05799649,74.76274165,41.6168717,55.67662566,63.33919156,65.16695958,62.49560633,48.50615114,70.33391916,55.8172232,59.57820738,22.17926186,19.40246046,33.56766257,7.978910369,27.62741652,61.6168717,30.65026362,40.87873462,60.59753954,38.03163445
CNC(CCON1CCN(C(C)C(=O)O)CC1)c1cccnc1,322.409,0.7545,6,2,4,0.7312132147,2,77.93,0,0,0,0.046981275,0.33479246,0.76388323,0.00062036223,0.026989728,0.059025206,0.017770473,0.08339685,0.021329578,0.1317487,0.018521396,0.21639566,0.05807392,0.21065561,0.9342202,0.0027698623,0.018433396,0.003272149,0.0016579127,0.0046584154,0.04841916,0.00023429906,0.23022278,0.00856622,0.019427339,0.0005319933,0.0017095056,0.0005689897,0.0013496738,0.38876638,0.17718676,-5.849912,-4.224317,-20.257128,-3.3381836,-18.294397,2.2058537,-2.122375,4.9601774,-0.48064074,-1.4207683,47.34622144,29.56063269,72.46045694,61.37082601,63.44463972,79.22671353,69.84182777,52.68892794,47.59226714,25.86994728,37.18804921,12.61862917,21.23022847,43.51493849,11.81019332,30.15817223,24.8857645,39.78910369,42.67135325,35.95782074,19.64850615,39.78910369,62.84710018,35.50087873,35.50087873,29.13884007,16.16871705,37.39894552,20.80843585,16.13356766,17.15289982,19.96485062,7.943760984,23.55008787,31.84534271,9.630931459,9.173989455,12.97012302,9.173989455,6.889279438,32.33743409,40.03514938,16.55536028,12.19683656,7.978910369,16.73110721,20.77328647,35.32513181,7.803163445,3.620386643,90.01757469,22.49560633
COC(CCON1CCN(C(C)C(=O)O)CC1)COC(N)=O,319.358,-0.4909,7,2,4,0.5848790578,2,114.56,0,0,0,0.34827262,0.587291,0.7632781,0.00045732842,0.018668745,0.035346813,0.003970339,0.067027405,0.011379118,0.12354314,0.00061338814,0.24029937,0.061100088,0.09240566,0.77288467,0.007657753,0.02348784,0.0009858027,0.0006082651,0.009784779,0.1136692,0.0008018742,0.21970148,0.0025337597,0.026841123,0.0017676044,0.001412833,0.00032883513,0.0041627428,0.7499787,0.049714647,-5.5435047,18.356491,-6.339921,-14.983343,-17.089693,1.7328236,-1.6380316,11.809285,-0.61985314,-3.5710168,46.92442882,17.99648506,79.85940246,61.37082601,63.44463972,58.34797891,69.84182777,76.06326889,47.59226714,25.86994728,37.18804921,65.30755712,39.26186292,43.30404218,10.65026362,24.32337434,17.85588752,20.07029877,36.23901582,26.67838313,18.66432337,15.07908612,66.78383128,36.83655536,17.96133568,21.8629174,39.89455185,46.78383128,8.752196837,7.381370826,35.07908612,63.05799649,16.37961336,23.0228471,21.47627417,14.55184534,22.53075571,11.56414763,6.151142355,18.1370826,78.91036907,24.14762742,22.77680141,35.18453427,17.6801406,4.007029877,25.3427065,11.35325132,11.03690685,5.342706503,88.26010545,6.959578207
COC(=O)NC(CCON1CCN(C(C)C(=O)O)CC1)C(C)C1CCCCC1,399.532,2.3398,6,2,4,0.614776763,3,91.34,0,0,0,0.09375151,0.60669315,0.665704,0.0028419825,0.15228991,0.09881113,0.07873673,0.14433523,0.17431292,0.41295892,0.08219112,0.2658399,0.14945677,0.15036444,0.9596445,0.0063949735,0.016333532,0.0032565736,0.009654642,0.030040506,0.13811293,0.0148581695,0.6463824,0.15287499,0.14101112,0.0024424053,0.013375886,0.016578445,0.010689827,0.69232535,0.51943,-5.4446664,26.92622,22.582943,-19.933304,-14.457499,2.3826134,0.5731786,64.18034,-2.6301904,-1.835046,65.37785589,49.31458699,72.46045694,61.37082601,63.44463972,62.07381371,76.60808436,62.35500879,47.59226714,25.86994728,37.18804921,26.15114236,40.63268893,28.54130053,20.66783831,59.82425308,36.87170475,62.24956063,59.2970123,69.771529,47.55711775,55.46572935,71.98594025,61.89806678,27.73286467,32.05623902,34.6572935,33.4973638,20.73813708,39.82425308,63.4797891,71.77504394,64.14762742,40.98418278,58.45342707,52.61862917,26.85413005,46.53778559,40.59753954,30.72056239,71.95079086,63.90158172,25.23725835,45.30755712,47.24077329,2.179261863,38.31282953,45.76449912,39.78910369,40.28119508,59.22671353,18.8400703
COC(C)(CCON1CCN(C(C)C(=O)O)CC1)C(=O)NS(C)(=O)=O,381.451,-1.1203,8,2,4,0.5106008658,2,125.48,0,0,0,0.08746145,0.36419925,0.8284626,3.53E-05,0.006743216,0.0493152,0.0020708856,0.011236096,0.00229034,0.09439323,0.00056005956,0.23647232,0.02480954,0.33695918,0.8422443,0.00467442,0.019123603,0.00014543923,0.00020076163,0.0028393338,0.063912734,0.00018916017,0.08652991,0.0016562842,0.014217049,0.00032071743,0.0005221386,3.89E-05,0.002003419,0.53437024,0.012041917,-5.74842,-4.03584,-9.232122,-5.181918,-18.839794,1.7738154,-2.3022165,22.984873,-0.93369246,-4.562102,61.01933216,13.88400703,84.51669596,61.37082601,63.44463972,47.62741652,69.84182777,80.7029877,47.59226714,25.86994728,37.18804921,24.49912127,22.91739895,57.53954306,5.413005272,11.03690685,22.42530756,13.9543058,13.67311072,7.311072056,14.6572935,14.76274165,66.32688928,15.88752197,45.79964851,23.90158172,26.25659051,38.62917399,3.796133568,3.339191564,9.595782074,33.9543058,7.135325132,16.73110721,18.1370826,5.729349736,6.326889279,6.362038664,2.073813708,10.01757469,51.70474517,7.381370826,18.3831283,12.40773286,15.32513181,13.81370826,19.22671353,12.93497364,6.537785589,10.57996485,84.4288225,4.112478032
COC(=O)c1c(C)n(CCON2CCN(C(C)C(=O)O)CC2)c(=O)[nH]c1=O,384.389,-1.34608,8,2,4,0.5474025803,1,134.17,0,0,0,0.36054057,0.5013478,0.7743963,0.0013702947,0.027370522,0.0718994,0.012633838,0.020282675,0.02448598,0.16637829,0.0041250205,0.28057367,0.13754965,0.533144,0.699759,0.015856706,0.037656434,0.0024310506,0.001426043,0.009671423,0.1090888,0.0015633457,0.08410295,0.009822243,0.05545779,0.0048230337,0.0027330245,0.0005277897,0.024560759,0.56858134,0.05410401,-5.563611,19.295847,7.985193,-23.369757,-19.57843,1.6203511,-1.8786831,41.820423,-2.087954,-4.3886805,61.65202109,12.51318102,84.51669596,61.37082601,63.44463972,53.00527241,55.32513181,82.49560633,47.59226714,25.86994728,37.18804921,66.5026362,33.04042179,45.76449912,15.39543058,30.4745167,28.43585237,35.25483304,17.92618629,38.34797891,23.26889279,27.80316344,74.34094903,59.85940246,56.9771529,19.61335677,60.28119508,66.81898067,16.62565905,14.34094903,34.69244288,60.98418278,24.28822496,16.41476274,32.89982425,29.98242531,37.78558875,18.41827768,8.541300527,46.0456942,56.13356766,25.09666081,22.35500879,36.55536028,31.70474517,1.335676626,17.60984183,8.260105448,9.455184534,21.6168717,69.70123023,4.499121265
CCC(CCON1CCN(C(C)C(=O)O)CC1)C(=O)N(C)OC,331.413,0.4448,6,1,4,0.6140691524,2,82.55,0,1,0,0.37562117,0.5896929,0.79054165,0.00026279484,0.015962023,0.04373163,0.0022700434,0.06808488,0.0075241416,0.17996183,0.0012710516,0.19122991,0.06355747,0.09437009,0.8748704,0.00998663,0.020831054,0.0007000738,0.00060488866,0.009552624,0.088533536,0.0011077367,0.3570651,0.0023810994,0.028852087,0.002722233,0.002183059,0.00030983068,0.0056833355,0.77274954,0.07332819,-5.185107,13.513918,-8.331057,-11.111478,-14.977992,2.1584053,-1.3905294,12.729799,-0.5882131,-4.5631347,49.49033392,26.53778559,72.46045694,36.59050967,63.44463972,61.82776801,69.84182777,55.88752197,47.59226714,66.5202109,37.18804921,67.83831283,39.36731107,48.89279438,8.717047452,22.39015817,20.38664323,14.62214411,36.80140598,21.4059754,24.6397188,19.82425308,56.69595782,38.06678383,18.10193322,25.16695958,47.34622144,42.07381371,7.451669596,7.381370826,34.37609842,50.228471,19.75395431,28.3655536,20.84358524,15.46572935,29.03339192,15.46572935,6.0456942,22.07381371,82.07381371,28.26010545,36.62565905,29.66608084,16.16871705,7.205623902,35.3602812,32.19683656,13.2513181,5.623901582,88.57644991,4.112478032
CCN(CCON1CCN(C(C)C(=O)O)CC1)c1cnccn1,323.397,0.3252,7,1,4,0.7326158487,1,82.03,0,0,0,0.08097543,0.46649876,0.75180155,0.0023700239,0.07834212,0.07893961,0.057109214,0.07340626,0.036959894,0.1571986,0.016978044,0.34285256,0.13673268,0.32936972,0.96242,0.004264151,0.013957933,0.008266987,0.004262292,0.008495552,0.06400217,0.00080814154,0.22618873,0.010293218,0.05106554,0.0014261242,0.005263172,0.0010242626,0.005660437,0.38984042,0.19266567,-5.555286,21.088057,8.030458,-14.3816395,-16.369968,2.2484505,-0.965967,31.681713,-1.2564462,-1.1255891,47.4516696,25.62390158,79.85940246,36.59050967,63.44463972,79.543058,55.32513181,55.71177504,47.59226714,25.86994728,37.18804921,22.98769772,30.36906854,41.01933216,19.05096661,47.69771529,30.50966608,57.01230228,39.05096661,44.4288225,22.39015817,38.91036907,82.3198594,59.68365554,45.23725835,32.40773286,24.53427065,28.15465729,36.06326889,27.83831283,30.9314587,33.98945518,16.5202109,23.40949033,33.32161687,27.76801406,19.75395431,29.20913884,13.00527241,22.00351494,32.47803163,41.65202109,22.60105448,38.76977153,31.70474517,4.393673111,27.73286467,37.78558875,18.17223199,15.67662566,80.84358524,24.74516696
CC=C(CCON1CCN(C(C)C(=O)O)CC1)c1nc(C)no1,324.381,1.19372,7,1,4,0.7995502731,1,91.93,0,0,0,0.5249924,0.71108216,0.8045491,0.0035766482,0.075056195,0.08196056,0.017328953,0.092146456,0.05083248,0.32073852,0.010372499,0.2812833,0.13642733,0.24501768,0.93199694,0.020297438,0.026225215,0.00498408,0.002755054,0.016851636,0.098042846,0.0031872175,0.44995117,0.013087124,0.068123676,0.007025921,0.008047216,0.0014033609,0.020928347,0.7219449,0.15956537,-5.522509,10.2599745,7.9210024,-25.804499,-15.702415,2.5945592,-0.69534266,44.31434,-1.562527,-4.235945,47.69771529,34.13005272,79.85940246,36.59050967,63.44463972,89.03339192,55.32513181,62.70650264,47.59226714,25.86994728,37.18804921,80.73813708,49.42003515,51.88049209,22.14411248,47.17047452,31.59929701,39.22671353,45.13181019,49.34973638,39.33216169,34.83304042,74.37609842,59.64850615,38.8400703,28.85764499,66.43233743,50.72056239,27.52196837,22.35500879,49.84182777,55.5711775,37.11775044,32.05623902,35.32513181,33.98945518,44.00702988,36.62565905,15.71177504,43.05799649,75.3602812,38.31282953,23.37434095,26.36203866,31.59929701,0.9490333919,30.86115993,59.64850615,21.12478032,23.86643234,76.80140598,4.991212654
CCC(CCON1CCN(C(C)C(=O)O)CC1)c1nnc(C)o1,326.397,1.28402,7,1,4,0.7637186358,2,91.93,0,0,0,0.26070577,0.6262141,0.8125819,0.0007271501,0.04646767,0.084555715,0.011307174,0.05607881,0.028061101,0.29248267,0.0075916722,0.2426881,0.09088294,0.24688014,0.9548009,0.010635589,0.020514043,0.0011778042,0.0018684886,0.0101903165,0.078483425,0.0031291996,0.4336184,0.01666412,0.049265217,0.0022919008,0.0038486782,0.00087504194,0.008045397,0.6579167,0.114511535,-5.508517,8.330702,1.2309303,-20.665854,-15.7040615,2.526183,-0.8143426,38.1627,-1.3149922,-4.1843395,48.33040422,34.90333919,79.85940246,36.59050967,63.44463972,83.93673111,69.84182777,62.70650264,47.59226714,25.86994728,37.18804921,55.78207381,42.28471002,53.2513181,12.44288225,39.26186292,32.05623902,33.81370826,32.40773286,40.456942,37.01230228,32.47803163,67.24077329,48.33040422,38.91036907,31.24780316,48.78734622,41.37082601,9.947275923,17.85588752,36.30931459,44.4288225,36.83655536,31.24780316,37.08260105,26.78383128,25.83479789,23.33919156,11.95079086,26.32688928,68.04920914,33.07557118,23.58523726,23.69068541,25.48330404,1.862917399,30.86115993,55.39543058,19.78910369,19.33216169,79.85940246,5.272407733
CNC(=O)N1C(=O)C(C)C1CCON1CCN(C(C)C(=O)O)CC1,342.396,-0.4149,6,2,4,0.6323989199,3,102.42,0,0,1,0.18055525,0.37658045,0.7437556,0.00033988027,0.05259812,0.05166791,0.016085427,0.023249332,0.011845437,0.15535262,0.0054098805,0.19587108,0.04667283,0.2490598,0.80261564,0.009457039,0.027957788,0.0011636753,0.0010256357,0.009936702,0.0916641,0.0009824156,0.13142888,0.008657177,0.034094382,0.0018555473,0.0022477913,0.0003593429,0.00709314,0.5584433,0.05012185,-5.7047405,4.795911,-8.209254,-12.250619,-18.985773,1.8616245,-1.682061,17.785568,-1.1588749,-3.8836246,52.16168717,18.34797891,72.46045694,61.37082601,63.44463972,64.4288225,76.60808436,69.5254833,47.59226714,25.86994728,83.09314587,43.23374341,23.83128295,39.96485062,9.455184534,40.73813708,22.88224956,38.10193322,19.36731107,27.06502636,22.17926186,29.84182777,58.03163445,30.72056239,39.12126538,22.67135325,45.72934974,53.39191564,9.806678383,11.10720562,35.3602812,52.0913884,18.52372583,18.87521968,31.88049209,18.80492091,23.19859402,15.67662566,6.467486819,25.16695958,55.1142355,24.21792619,19.36731107,19.47275923,16.20386643,5.834797891,18.73462214,16.69595782,10.86115993,7.908611599,81.82776801,6.080843585
CC(CCCON1CCN(C(C)C(=O)O)CC1)NC(=O)C(F)(F)F,355.357,0.8559,5,2,4,0.6286415304,2,82.11,0,1,0,0.17841886,0.57881635,0.747599,0.002448668,0.13750845,0.08330925,0.041389365,0.063927755,0.061680265,0.24792206,0.010811269,0.32474932,0.08708208,0.1867678,0.8950661,0.013889345,0.025990034,0.00249951,0.0042343317,0.024594927,0.1326171,0.00631941,0.40757853,0.023202034,0.088628694,0.0052314764,0.007588108,0.0025706978,0.012840268,0.6533557,0.15305813,-5.4322386,-9.559439,-1.2308846,-6.4616346,-14.741252,3.0649264,-0.4057208,32.663696,-1.3908921,-2.7332172,54.69244288,30.29876977,61.88049209,61.37082601,63.44463972,64.04217926,69.84182777,55.71177504,47.59226714,66.5202109,37.18804921,42.77680141,38.87521968,40.59753954,19.19156415,57.75043937,31.88049209,52.7943761,34.90333919,52.40773286,32.16168717,35.07908612,80.28119508,47.2056239,33.00527241,26.08084359,56.48506151,50.50966608,17.04745167,27.66256591,59.19156415,70.08787346,49.73637961,30.29876977,39.57820738,40.77328647,39.22671353,35.39543058,21.37082601,34.16520211,67.48681898,37.75043937,25.65905097,9.244288225,23.12829525,11.73989455,36.76625659,84.6397188,24.85061511,16.5202109,78.80492091,11.42355009
CC(=O)C(CCON1CCN(C(C)C(=O)O)CC1)N1CCOCC1,343.424,-0.3114,7,1,4,0.642598252,2,82.55,0,0,0,0.21547945,0.54607564,0.70128024,0.0001989329,0.03208538,0.032161564,0.0053496375,0.05529012,0.010466851,0.11799594,0.00091351615,0.22678225,0.049535345,0.079304434,0.83380157,0.006645252,0.02009676,0.0004582848,0.00047147227,0.008015201,0.106337145,0.000520416,0.2623302,0.0056441408,0.0305149,0.0015851788,0.0009921265,0.00016670968,0.002835232,0.7525394,0.066095375,-5.4727664,16.459034,-4.714041,-13.580519,-16.417765,1.9758497,-1.4629242,13.682635,-0.87695456,-4.156777,52.26713533,19.12126538,79.85940246,36.59050967,63.44463972,65.76449912,69.84182777,55.88752197,47.59226714,25.86994728,37.18804921,49.27943761,36.34446397,33.60281195,8.400702988,32.97012302,16.59050967,23.05799649,32.0913884,25.65905097,17.99648506,17.39894552,64.8857645,31.95079086,15.28998243,23.65553603,35.8172232,40.7029877,6.291739895,6.080843585,29.38488576,59.75395431,12.97012302,24.8857645,28.11950791,16.41476274,20.94903339,9.033391916,4.217926186,13.42706503,79.15641476,27.38137083,24.53427065,32.97012302,19.2970123,4.815465729,27.62741652,22.49560633,12.72407733,5.940246046,85.20210896,5.413005272
CNC(=O)OC(CCON1CCN(C(C)C(=O)O)CC1)C(C)C,331.413,0.7794,6,2,4,0.6788972789,2,91.34,0,0,0,0.1475701,0.54505855,0.77598774,0.0039039303,0.1372164,0.071691774,0.05063526,0.09605404,0.046013653,0.20613137,0.008695111,0.2597547,0.067081735,0.16145003,0.9104848,0.008954524,0.025161345,0.0032221414,0.003031176,0.020590123,0.12731943,0.0030848437,0.44198847,0.01972876,0.053527266,0.0027203304,0.0043884865,0.0023781466,0.006036367,0.66988933,0.13042007,-5.4666796,19.312649,5.189208,-18.538198,-15.603666,2.2060294,-0.73852575,30.709316,-1.0657414,-3.021009,49.49033392,29.73637961,72.46045694,61.37082601,63.44463972,71.77504394,69.84182777,62.35500879,47.59226714,25.86994728,37.18804921,37.25834798,36.2741652,46.0456942,22.67135325,57.71528998,28.29525483,55.46572935,46.11599297,47.83831283,27.34622144,33.53251318,70.54481547,39.64850615,29.56063269,27.06502636,44.07732865,49.38488576,20.63268893,23.44463972,55.1142355,68.6115993,36.59050967,31.56414763,38.31282953,29.0685413,29.03339192,25.30755712,20.456942,22.77680141,69.45518453,35.04393673,24.71001757,36.55536028,28.96309315,2.425307557,31.49384886,35.32513181,20.66783831,15.25483304,82.63620387,9.560632689
COC(CCON1CCN(C(C)C(=O)O)CC1)COC(C)=O,318.37,-0.0231,7,1,4,0.5933302602,2,88.54,0,0,0,0.3276794,0.6754703,0.81352127,0.00067725056,0.026369492,0.05772259,0.0051273415,0.09278438,0.014694234,0.17865098,0.000995612,0.25357446,0.076402806,0.12206306,0.8999448,0.0077957166,0.019941563,0.0011189718,0.00077484763,0.009188403,0.10661133,0.0013135785,0.4133111,0.005587053,0.032089368,0.0020645768,0.0019689691,0.0004366852,0.004912049,0.75909245,0.0755216,-5.187511,29.962128,-1.2933983,-14.888898,-14.802005,1.725063,-1.4829878,19.451342,-0.6745356,-3.4446664,46.5026362,21.8629174,79.85940246,36.59050967,63.44463972,59.12126538,69.84182777,60.17574692,47.59226714,25.86994728,37.18804921,63.0228471,46.32688928,53.53251318,12.0913884,29.84182777,24.6397188,22.84710018,45.20210896,30.36906854,24.53427065,18.03163445,69.27943761,42.84710018,22.49560633,26.22144112,40.52724077,40.38664323,9.630931459,8.646748682,33.18101933,59.82425308,22.46045694,30.43936731,28.01405975,17.32864675,24.35852373,14.27065026,7.592267135,19.96485062,80,28.54130053,36.5202109,48.43585237,23.09314587,4.112478032,36.41476274,11.14235501,12.58347979,8.611599297,87.73286467,7.662565905
COC(=O)C(CS)N(CCON1CCN(C(C)C(=O)O)CC1)C(C)=O,377.463,-0.6714,8,2,4,0.4031391742,2,99.62,0,1,1,0.49412593,0.5354854,0.6150087,0.00021465166,0.05568711,0.04013302,0.008193243,0.032023635,0.01784885,0.18933326,0.0026485096,0.34410512,0.057787575,0.08199966,0.6573621,0.02119976,0.015551178,0.00068765355,0.0009261832,0.022145847,0.10341511,0.0036044228,0.15338783,0.0034351815,0.08657229,0.007792727,0.006551405,0.00034428595,0.020419177,0.824738,0.0741422,-5.3583803,35.338417,16.872631,-25.297258,-16.728262,1.9255009,-1.3780072,26.721848,-0.97347844,-4.813128,60.14059754,16.55536028,84.51669596,61.37082601,63.44463972,33.32161687,69.84182777,67.59226714,47.59226714,66.5202109,83.09314587,78.41827768,35.39543058,23.83128295,8.471001757,41.65202109,19.12126538,28.99824253,23.69068541,33.42706503,25.5887522,24.11247803,82.3198594,35.3602812,15.88752197,18.62917399,67.52196837,31.66959578,7.451669596,10.15817223,57.18804921,58.62917399,39.92970123,19.82425308,24.1827768,40.35149385,45.76449912,32.75922671,6.291739895,42.60105448,87.34622144,28.33040422,28.08435852,53.28646749,40.91388401,1.089630931,26.5026362,20.21089631,13.46221441,13.07557118,83.7258348,3.620386643
CC(C(=O)O)N1CCN(OCCC(O)C(C)(O)Cn2cncn2)CC1,357.411,-1.1976,8,3,4,0.4997963653,3,124.18,0,0,0,0.0833914,0.21711962,0.7095168,7.53E-05,0.042674914,0.040617235,0.034526836,0.01667265,0.0057160268,0.11814244,0.0125748785,0.18760516,0.066144995,0.33622175,0.91337764,0.0024326518,0.010957392,0.0014440154,0.00132076,0.0045379223,0.045698084,0.00034273096,0.061721545,0.0036061003,0.025299758,0.0005170871,0.002172884,0.00019488661,0.003130228,0.31673175,0.0705279,-6.150505,6.7947617,-5.7553835,-7.1655006,-22.61134,1.7755258,-1.8830726,6.4934707,-0.73037386,-1.1600611,55.21968366,13.42706503,84.51669596,78.20738137,63.44463972,46.36203866,76.60808436,80.31634446,47.59226714,25.86994728,37.18804921,23.55008787,14.48154657,34.55184534,6.502636204,37.89103691,19.26186292,50.05272408,16.02811951,17.4340949,17.99648506,36.62565905,55.95782074,39.2970123,45.76449912,27.34622144,14.58699473,20.456942,12.02108963,13.53251318,16.66080844,17.50439367,10.01757469,14.83304042,24.4288225,13.35676626,9.033391916,15.39543058,4.639718805,14.6572935,23.44463972,27.80316344,11.66959578,21.93321617,18.3831283,10.82601054,12.19683656,12.97012302,9.455184534,3.901581722,87.02987698,24.6397188
COC(CCON1CCN(C(C)C(=O)O)CC1)c1c(F)cccc1Cl,374.84,2.579,5,1,4,0.7542627563,2,62.24,0,0,0,0.19136915,0.73737156,0.8438363,0.061287016,0.40049776,0.19842562,0.16519578,0.1702079,0.2593162,0.52895623,0.12010558,0.30596694,0.1896693,0.3776114,0.9884766,0.01126145,0.020294126,0.026314938,0.02222325,0.024256421,0.10476861,0.035585355,0.7754444,0.17307624,0.13341567,0.010078131,0.015351376,0.035142433,0.027263865,0.579834,0.5209582,-4.961191,17.09579,-5.141295,6.4811277,-13.124474,2.4716015,0.38237432,61.66813,-1.9718649,3.3333926,59.61335677,53.91915641,61.88049209,36.59050967,63.44463972,82.81195079,69.84182777,40.03514938,47.59226714,25.86994728,37.18804921,45.41300527,51.81019332,61.4059754,49.13884007,81.08963093,69.17398946,72.97012302,63.65553603,75.3602812,58.91036907,60.59753954,77.89103691,68.6115993,48.40070299,38.73462214,50.4745167,41.1599297,53.42706503,51.84534271,59.01581722,59.19156415,75.46572935,49.59578207,59.96485062,51.52899824,51.21265378,49.38488576,50.08787346,48.26010545,57.60984183,63.97188049,48.08435852,33.63796134,19.01581722,33.77855888,47.27592267,52.12653779,36.20386643,37.64499121,71.77504394,65.16695958
COc1ccccc1C(CCON1CCN(C(C)C(=O)O)CC1)OC,352.431,1.7951,6,1,4,0.7263887857,2,71.47,0,0,0,0.15256175,0.68375593,0.869959,0.00916007,0.16677195,0.1445382,0.053034563,0.16849244,0.0794628,0.42368,0.04613033,0.21794021,0.14361402,0.2976959,0.9911109,0.0059069404,0.02039836,0.01185824,0.006814096,0.013490761,0.0888332,0.010664322,0.72000563,0.09005993,0.06416523,0.0045935474,0.005983843,0.010340464,0.008498596,0.5462097,0.40284318,-5.276275,20.92712,3.6492915,-17.681705,-14.240728,2.3425212,-0.42692867,45.795776,-1.5723386,-2.7955391,53.88400703,41.58172232,72.46045694,36.59050967,63.44463972,78.55887522,69.84182777,47.55711775,47.59226714,25.86994728,37.18804921,38.45342707,46.92442882,68.6115993,29.59578207,61.58172232,54.09490334,56.02811951,63.58523726,56.16871705,48.15465729,48.78734622,63.12829525,60.94903339,42.84710018,40.31634446,32.16168717,41.30052724,42.17926186,34.37609842,44.28822496,50.40421793,59.01581722,45.41300527,51.66959578,32.82952548,37.39894552,31.14235501,36.02811951,27.2056239,53.4973638,57.85588752,31.73989455,38.55887522,27.87346221,2.636203866,39.68365554,43.40949033,24.56942004,24.99121265,76.69595782,11.17750439
COC(=O)c1cccc(C)c1CCON1CCN(C(C)C(=O)O)CC1,350.415,1.34642,6,1,4,0.7436212163,1,79.31,0,0,0,0.1421025,0.70367825,0.8537308,0.038897008,0.22269337,0.18331787,0.10828821,0.17440028,0.17843647,0.42746767,0.07872431,0.28220558,0.2089659,0.36969256,0.98546755,0.013563392,0.035581965,0.02030021,0.009442372,0.01771781,0.10348064,0.012109433,0.674326,0.093552984,0.076083556,0.00632071,0.0070389537,0.010531821,0.014147431,0.5163845,0.4207437,-5.1660295,48.067734,29.859777,-29.10849,-13.87763,2.2275872,0.14150319,66.1653,-2.2030544,-2.6160903,53.56766257,35.92267135,72.46045694,36.59050967,63.44463972,81.37082601,55.32513181,53.60281195,47.59226714,25.86994728,37.18804921,36.41476274,48.54130053,64.49912127,43.97188049,67.4516696,66.08084359,66.92442882,64.4288225,70.01757469,48.47100176,54.83304042,74.51669596,70.96660808,47.94376098,37.29349736,55.64147627,64.39367311,49.27943761,39.36731107,51.21265378,58.62917399,61.08963093,42.42530756,52.33743409,37.04745167,42.17926186,34.09490334,36.13356766,35.3602812,49.20913884,58.48857645,37.29349736,62.5659051,54.02460457,0.5975395431,42.24956063,36.59050967,32.97012302,42.10896309,67.62741652,12.23198594
CCN(CCON1CCN(C(C)C(=O)O)CC1)N1C(=O)C=C(C)C1=O,354.407,-0.4393,7,1,4,0.5866118694,1,93.63,0,1,0,0.47952428,0.49985504,0.67707783,0.001397023,0.12060698,0.06589495,0.039098166,0.035401653,0.036884718,0.24820276,0.01193558,0.30975294,0.0817393,0.29328737,0.76623684,0.024399322,0.024579873,0.002932305,0.004079341,0.028658275,0.12944528,0.0048909793,0.18900648,0.019327193,0.09924793,0.01002426,0.009604671,0.0018695167,0.027509397,0.69038814,0.105972156,-5.3764563,8.245886,1.6476707,-13.341571,-15.8522215,2.25971,-1.4198258,30.524097,-1.4414666,-3.1282508,54.44639719,18.27768014,79.85940246,36.59050967,63.44463972,58.55887522,55.32513181,63.86643234,47.59226714,66.5202109,37.18804921,77.32864675,32.93497364,30.29876977,15.60632689,55.21968366,26.7486819,51.81019332,24.85061511,44.4288225,32.19683656,35.85237258,78.31282953,45.02636204,42.5659051,21.6168717,71.14235501,48.71704745,18.91036907,26.99472759,62.49560633,69.0685413,45.13181019,21.72231986,38.1370826,43.97188049,51.07205624,40.456942,18.1370826,48.54130053,71.66959578,32.19683656,27.52196837,23.62038664,25.79964851,4.956063269,30.12302285,38.55887522,12.93497364,15.1142355,78.17223199,9.244288225
CC=C(CCON1CCN(C(C)C(=O)O)CC1)c1c(F)cccc1F,354.397,2.7805,4,1,4,0.8160282324,1,53.01,0,0,0,0.2355609,0.7658113,0.7780906,0.1169555,0.40518475,0.18757744,0.19449243,0.21050277,0.35964903,0.5318664,0.20722985,0.3366151,0.21286991,0.28042737,0.98128814,0.020612637,0.026990155,0.03870979,0.031869274,0.03578232,0.123077415,0.0316799,0.7564999,0.19225399,0.16730258,0.012554492,0.026808921,0.034879558,0.035652507,0.6478809,0.58836955,-4.8713355,26.75108,14.167871,-17.233856,-12.039087,2.632415,0.5501318,62.182056,-2.378857,-3.1665196,54.44639719,57.99648506,48.55887522,36.59050967,63.44463972,91.17750439,55.32513181,33.05799649,47.59226714,25.86994728,37.18804921,52.37258348,54.05975395,46.25659051,58.31282953,81.4059754,67.06502636,75.07908612,69.27943761,80.24604569,59.2970123,68.33040422,81.82776801,71.56414763,41.51142355,36.41476274,66.95957821,51.95079086,58.73462214,56.55536028,67.73286467,67.13532513,74.16520211,48.08435852,61.68717047,57.32864675,56.13356766,60.17574692,49.91212654,53.77855888,66.99472759,67.02987698,54.48154657,45.27240773,38.45342707,2.706502636,54.62214411,62.03866432,39.40246046,38.1370826,64.07732865,9.033391916
CNC(CCON1CCN(C(C)C(=O)O)CC1)Cn1cncn1,326.401,-0.7215,7,2,4,0.6136906968,2,95.75,0,0,0,0.138181,0.27054214,0.7044504,0.0003552448,0.040903617,0.03030781,0.025143242,0.03390953,0.009043203,0.10945509,0.027214432,0.31003466,0.058656253,0.31265277,0.9457933,0.001894701,0.009721788,0.0045065386,0.001248948,0.0035679094,0.04466314,8.74E-05,0.12940063,0.0021503414,0.024581855,0.0005842155,0.0016355095,0.00019419195,0.0019990893,0.3956513,0.13301253,-6.1198053,2.0698097,-11.2049055,-6.2062416,-21.315582,1.9383032,-2.3025599,-0.6492645,-0.71121955,-1.3445336,48.33040422,16.37961336,79.85940246,61.37082601,63.44463972,61.72231986,69.84182777,65.23725835,47.59226714,25.86994728,37.18804921,35.74692443,16.83655536,33.9543058,9.630931459,37.15289982,15.85237258,44.95606327,24.53427065,23.86643234,16.66080844,43.37434095,78.34797891,35.85237258,44.11247803,30.4745167,11.03690685,17.4340949,25.65905097,12.97012302,12.51318102,16.73110721,5.377855888,18.80492091,19.96485062,12.86467487,9.982425308,12.51318102,4.60456942,10.01757469,33.14586995,35.32513181,12.26713533,16.41476274,13.88400703,12.12653779,14.30579965,20.73813708,6.537785589,2.495606327,87.24077329,23.19859402
CNC(=O)c1[nH]nc(C)c1CCON1CCN(C(C)C(=O)O)CC1,339.396,-0.35748,6,3,4,0.6221083159,1,110.79,0,0,0,0.33037022,0.5313959,0.81184673,0.0012332379,0.020590372,0.04367677,0.0059780055,0.05070265,0.012181213,0.15907463,0.0023504281,0.22385804,0.062145513,0.23963912,0.8935647,0.007261305,0.022348473,0.002743166,0.0006135446,0.005657128,0.077324554,0.00040680548,0.21007344,0.0019762442,0.022799388,0.0017618246,0.0013074449,0.00030466734,0.0066064894,0.58949196,0.069490336,-5.9711676,-1.9561135,0.28790665,-16.7647,-20.886179,2.3841085,-1.2330558,28.981373,-1.5262105,-1.9788014,51.31810193,18.73462214,72.46045694,78.20738137,63.44463972,63.16344464,55.32513181,74.09490334,47.59226714,25.86994728,37.18804921,63.23374341,35.18453427,53.2513181,15.00878735,25.76449912,20.35149385,24.71001757,30.50966608,27.4516696,22.49560633,23.0228471,64.25307557,37.36379613,38.52372583,25.97539543,38.34797891,44.81546573,17.92618629,7.381370826,20.80843585,43.76098418,11.17750439,22.60105448,19.40246046,11.88049209,22.53075571,10.75571178,6.0456942,23.93673111,58.91036907,27.73286467,14.58699473,13.91915641,24.71001757,2.987697715,15.00878735,45.83479789,15.04393673,14.23550088,77.08260105,17.50439367
COC(=O)c1onc(C)c1CCON1CCN(C(C)C(=O)O)CC1,341.364,0.33442,8,1,4,0.7024312108,1,105.34,0,0,0,0.35977745,0.68254703,0.8248541,0.0059423177,0.07464692,0.103611365,0.020482596,0.08928493,0.059258323,0.29686427,0.008089634,0.28923735,0.14733902,0.3127676,0.9447543,0.017451975,0.028412977,0.0055001355,0.0029613252,0.014371989,0.10114403,0.0042025326,0.43006992,0.01315448,0.06590687,0.00715991,0.0054165786,0.0016602196,0.020190677,0.64024246,0.14531931,-5.2951307,23.620914,13.279337,-27.905462,-14.945872,2.3131847,-0.92224944,46.077293,-1.5271322,-3.988345,51.88049209,25.65905097,84.51669596,36.59050967,63.44463972,75.53602812,55.32513181,71.00175747,47.59226714,25.86994728,37.18804921,66.43233743,46.81898067,56.69595782,26.0456942,46.99472759,38.55887522,41.65202109,44.25307557,51.81019332,37.18804921,33.11072056,75.3602812,61.65202109,44.11247803,30.36906854,62.5659051,54.09490334,28.89279438,23.09314587,45.79964851,57.36379613,42.60105448,31.14235501,35.39543058,33.32161687,44.4288225,29.5254833,16.87170475,42.35500879,66.29173989,36.76625659,30.96660808,42.3198594,37.53954306,0.7381370826,35.50087873,41.6168717,18.5940246,25.09666081,77.08260105,5.799648506
COC(=O)c1cnc(C)n1CCON1CCN(C(C)C(=O)O)CC1,340.38,0.00042,7,1,4,0.692968714,1,97.13,0,0,0,0.2929541,0.64265054,0.84714013,0.0010084582,0.023276377,0.06706746,0.006374405,0.06385737,0.01753494,0.1947334,0.002584302,0.26462334,0.081742324,0.24720056,0.94147646,0.0060606273,0.017780852,0.0016838895,0.0005983636,0.004826813,0.07426135,0.000489654,0.31855285,0.005021055,0.025627306,0.0014085651,0.0014161185,0.00018894952,0.005042246,0.6379401,0.08806661,-5.434484,27.986551,9.837547,-23.302814,-16.135548,1.9422632,-1.2706861,36.494484,-1.2417132,-3.0363762,51.6344464,22.81195079,79.85940246,36.59050967,63.44463972,73.98945518,55.32513181,66.0456942,47.59226714,25.86994728,37.18804921,59.47275923,43.7258348,62.60105448,14.02460457,27.55711775,27.27592267,25.51845343,34.90333919,33.14586995,26.11599297,23.97188049,71.70474517,45.02636204,38.94551845,29.91212654,32.93497364,36.34446397,13.21616872,7.275922671,17.71528998,42.24956063,12.40773286,26.88927944,27.02987698,13.46221441,19.61335677,11.56414763,4.46397188,20.31634446,66.0456942,30.01757469,25.62390158,46.53778559,33.35676626,1.335676626,29.03339192,20.84358524,14.62214411,18.45342707,81.12478032,9.525483304
CC1CN(C(C)CCCON2CCN(C(C)C(=O)O)CC2)C1=O,327.425,0.6557,5,1,4,0.521350707,3,73.32,0,1,1,0.3073082,0.58264375,0.6682906,0.001131944,0.11702375,0.069094725,0.036177315,0.08573808,0.056980617,0.28977844,0.021852363,0.26553312,0.09623076,0.12986204,0.9052976,0.017796924,0.022233417,0.0024786703,0.0048694634,0.027938312,0.123726234,0.006954901,0.45316252,0.038516536,0.09749284,0.006819962,0.010770797,0.0027645,0.014885184,0.740489,0.23169117,-5.313375,12.525724,-10.062091,-10.331172,-15.103429,2.0833619,-1.4086545,17.3994,-0.76473147,-3.4120727,48.6115993,28.6115993,61.88049209,36.59050967,63.44463972,49.24428822,76.60808436,49.10369069,47.59226714,66.5202109,83.09314587,61.01933216,39.15641476,28.92794376,14.76274165,54.62214411,27.73286467,50.50966608,43.55008787,51.35325132,36.69595782,41.1599297,71.95079086,49.5254833,23.7258348,26.64323374,63.16344464,44.6397188,16.94200351,29.771529,61.89806678,67.38137083,51.70474517,32.0913884,43.40949033,43.55008787,43.51493849,42.60105448,22.14411248,36.34446397,77.75043937,45.16695958,30.15817223,28.57644991,14.76274165,7.76801406,34.58699473,27.52196837,13.00527241,7.76801406,86.57293497,7.76801406
CC(C(=O)O)N1CCN(OCCC(=O)C(C)N2CCCCC2)CC1,341.452,0.8423,6,1,4,0.7012226204,2,73.32,0,0,0,0.24990661,0.62718904,0.5668279,0.00056024105,0.025855765,0.025561769,0.0038707915,0.13228019,0.06466023,0.14594343,0.0013677056,0.23065445,0.08178495,0.02690199,0.7566964,0.006200661,0.01988873,0.00069451856,0.000982032,0.013267937,0.13652872,0.00086561276,0.34991783,0.008371994,0.042702544,0.0017565626,0.0018096452,0.0007767914,0.0035294548,0.8567999,0.183245,-5.4878793,7.409742,-10.197403,-11.954651,-15.840734,2.1624198,-1.4284747,14.598376,-0.8306279,-3.882272,52.02108963,30.15817223,72.46045694,36.59050967,63.44463972,75.39543058,69.84182777,49.10369069,47.59226714,25.86994728,37.18804921,54.27065026,42.39015817,20.456942,11.35325132,29.42003515,14.44639719,19.78910369,56.9771529,53.32161687,21.26537786,20.28119508,65.41300527,45.02636204,6.151142355,21.26537786,33.67311072,40.28119508,7.451669596,10.68541301,43.76098418,71.28295255,17.4340949,28.04920914,31.70474517,23.30404218,22.53075571,13.56766257,11.24780316,15.95782074,90.65026362,40.73813708,24.11247803,22.49560633,14.6572935,6.151142355,30.15817223,32.51318102,12.93497364,6.362038664,85.69420035,6.080843585
CCC(CCON1CCN(C(C)C(=O)O)CC1)C(C)NCC(=O)O,345.44,0.4877,6,3,4,0.4971209851,3,102.34,0,0,0,0.07412733,0.34364393,0.4970786,0.0012536758,0.041530438,0.008192854,0.00991242,0.03854676,0.023072325,0.03316032,0.0004182302,0.27589172,0.018986033,0.021875042,0.1690881,0.002980839,0.02139598,0.00082882,0.00021538837,0.008449106,0.1247941,0.0001600009,0.044941626,0.0008474472,0.016264377,0.00063082646,0.0002704722,0.00014192192,0.00066071714,0.7501616,0.03396066,-6.149354,-1.197882,-9.535154,-5.766267,-20.684963,1.7419939,-2.4242978,27.035282,-1.6435077,-2.48836,52.7943761,27.02987698,72.46045694,78.20738137,63.44463972,46.01054482,76.60808436,69.5254833,47.59226714,25.86994728,37.18804921,20.49209139,21.82776801,16.80140598,15.1142355,37.39894552,9.068541301,31.66959578,25.97539543,37.39894552,6.432337434,12.61862917,73.32161687,12.37258348,5.448154657,9.34973638,17.4340949,43.23374341,7.978910369,3.444639719,30.75571178,67.87346221,6.608084359,13.18101933,13.39191564,7.451669596,10.50966608,4.850615114,3.971880492,4.182776801,78.91036907,19.543058,11.66959578,14.51669596,15.14938489,12.72407733,15.39543058,11.66959578,5.834797891,13.14586995,75.60632689,13.28646749
CC(=O)C(O)(CCON1CCN(C(C)C(=O)O)CC1)Cn1ccnc1,354.407,-0.3844,7,2,4,0.6175803679,2,108.13,0,0,0,0.14526775,0.29313707,0.6200316,0.00057724246,0.1398668,0.07599502,0.14114122,0.038497515,0.043472745,0.21769722,0.13574281,0.24250713,0.14094266,0.3131272,0.93786097,0.0073806867,0.01650163,0.0071146116,0.0079280585,0.012746501,0.06306185,0.0014140073,0.14522085,0.029806599,0.07356543,0.002320275,0.01186129,0.0012396763,0.008206022,0.3564444,0.25600287,-5.8490653,9.498447,-3.815904,-12.618509,-19.897879,2.0216699,-1.7687061,7.2744246,-0.5647463,-3.1184964,54.44639719,18.45342707,79.85940246,61.37082601,63.44463972,62.46045694,69.84182777,72.75922671,47.59226714,25.86994728,37.18804921,36.90685413,19.01581722,24.25307557,11.56414763,58.20738137,29.59578207,70.96660808,25.97539543,46.95957821,28.85764499,62.39015817,67.2056239,60.38664323,44.1827768,29.56063269,38.91036907,33.74340949,33.39191564,36.55536028,42.60105448,33.4973638,23.23374341,19.50790861,41.54657293,35.74692443,25.97539543,44.32337434,14.44639719,26.60808436,28.26010545,47.06502636,16.55536028,25.27240773,20.31634446,5.623901582,17.29349736,24.60456942,10.12302285,4.077328647,88.92794376,9.244288225
CC(CCCON1CCN(C(C)C(=O)O)CC1)NC(=O)CCl,335.832,0.5324,5,2,4,0.4723866609,2,82.11,0,2,2,0.56364167,0.54962945,0.6239058,0.0018226411,0.113076925,0.06282759,0.025870254,0.053056914,0.03868568,0.24936633,0.010185672,0.39271355,0.09803521,0.14812994,0.6506885,0.03771571,0.022880418,0.0028903855,0.005727258,0.047722373,0.14825962,0.011336328,0.23027177,0.014052804,0.1488305,0.022849806,0.020317502,0.0028546392,0.04305873,0.8002144,0.124440275,-5.5935607,-1.8851242,-8.815909,-6.260186,-16.408566,2.5500746,-1.2755398,18.61254,-0.9791261,-2.7452254,50.4745167,27.4516696,61.88049209,61.37082601,63.44463972,42.74165202,69.84182777,55.71177504,47.59226714,87.92618629,95.07908612,83.93673111,36.5202109,24.60456942,17.22319859,53.88400703,25.90509666,45.44815466,31.31810193,45.27240773,32.37258348,34.55184534,87.13532513,50.26362039,27.34622144,18.41827768,78.98066784,45.83479789,18.66432337,31.73989455,74.13005272,73.88400703,59.92970123,23.55008787,35.78207381,54.37609842,66.18629174,55.43057996,22.39015817,57.60984183,85.02636204,34.20035149,21.82776801,14.05975395,15.8172232,12.0913884,27.62741652,56.55536028,14.58699473,8.224956063,83.58523726,11.3884007
CC(C(=O)O)N1CCN(OCCN2N=C(c3ccco3)CC2(C)O)CC1,366.418,0.4202,8,2,4,0.7159033755,2,101.98,0,0,0,0.45023173,0.61060345,0.7291975,0.001477936,0.08664592,0.06801091,0.014092435,0.07759527,0.061902624,0.2578613,0.0073743844,0.3003781,0.12913284,0.18075918,0.9269328,0.011687644,0.019550478,0.003664776,0.002738277,0.013545829,0.09788285,0.0025317217,0.28240308,0.015561807,0.05183219,0.0039468734,0.0048762844,0.0013652015,0.009834728,0.6995519,0.23343536,-5.6910067,6.509796,-3.6830726,-10.6983,-18.054438,2.1585777,-0.90091336,38.39433,-1.5209689,-1.6101116,57.46924429,26.29173989,84.51669596,61.37082601,63.44463972,77.15289982,69.84182777,69.34973638,47.59226714,25.86994728,37.18804921,74.6572935,40.94903339,37.4340949,16.23901582,49.56063269,27.4516696,36.66080844,40.63268893,52.44288225,33.32161687,32.30228471,77.04745167,57.6801406,32.12653779,28.3655536,51.49384886,39.543058,22.70650264,22.3198594,44.32337434,55.50087873,33.07557118,25.62390158,36.66080844,28.22495606,34.83304042,27.59226714,15.32513181,29.56063269,72.97012302,45.23725835,19.75395431,21.54657293,20.456942,7.62741652,21.44112478,32.19683656,18.8400703,19.36731107,77.11775044,20.77328647
CC(=O)N(CCON1CCN(C(C)C(=O)O)CC1)CC(=O)NO,332.357,-1.6374,7,3,4,0.3573324397,1,122.65,0,2,1,0.7655789,0.610589,0.5882962,0.0001910292,0.019045465,0.013618576,0.0017203739,0.024981964,0.0101077575,0.09886279,0.00024929908,0.36261684,0.04767944,0.055462867,0.36563212,0.011065541,0.014389512,0.00063008117,0.00024343382,0.011872392,0.10960144,0.00048369035,0.080996744,0.0006877794,0.04759448,0.005108268,0.0015201598,0.000109052984,0.010690774,0.8938284,0.03585147,-5.7571144,22.801933,-4.349475,-17.031986,-19.68104,1.2073687,-2.3242579,12.021292,-0.5763842,-3.8393574,49.66608084,11.14235501,79.85940246,78.20738137,63.44463972,27.4516696,55.32513181,79.75395431,47.59226714,87.92618629,83.09314587,94.02460457,40.94903339,21.51142355,8.330404218,24.6397188,10.50966608,12.33743409,20.456942,25.13181019,15.18453427,9.27943761,84.11247803,31.10720562,10.79086116,13.2513181,50.08787346,29.34973638,7.205623902,3.620386643,40.10544815,61.47627417,12.33743409,16.30931459,11.42355009,26.0456942,38.80492091,12.02108963,3.550087873,30.72056239,94.58699473,20.17574692,18.17223199,41.05448155,19.61335677,2.811950791,17.50439367,1.476274165,6.362038664,5.377855888,88.75219684,6.18629174
COC(CCON1CCN(C(C)C(=O)O)CC1)c1cccc(F)c1,340.395,1.9256,5,1,4,0.7801594331,2,62.24,0,0,0,0.16301253,0.7289882,0.85417044,0.015903236,0.19806334,0.16077563,0.07559872,0.16491231,0.1130669,0.39760882,0.04566911,0.27815333,0.15102713,0.29348594,0.98736316,0.007250943,0.021370862,0.012254139,0.00804377,0.015520389,0.10005303,0.015298279,0.70541227,0.09148519,0.07468795,0.005173999,0.007221027,0.01223255,0.010050878,0.59138906,0.38849744,-5.14174,20.214203,-4.197815,-10.796356,-13.266279,2.24565,-0.2280198,47.554203,-1.5422815,-1.4021041,51.66959578,43.55008787,61.88049209,36.59050967,63.44463972,86.22144112,69.84182777,40.03514938,47.59226714,25.86994728,37.18804921,39.78910369,50.86115993,64.49912127,34.97363796,64.78031634,59.78910369,61.54657293,63.09314587,62.46045694,45.94024605,48.75219684,73.88400703,62.10896309,42.60105448,38.41827768,38.24253076,43.23374341,42.63620387,36.73110721,47.62741652,56.87170475,64.28822496,44.4288225,51.88049209,36.2741652,38.98066784,34.58699473,37.53954306,29.73637961,59.43760984,57.04745167,38.62917399,37.6801406,19.82425308,7.486818981,46.18629174,37.75043937,26.95957821,26.11599297,76.90685413,22.67135325
CC1CCC2(CC1CCON1CCN(C(C)C(=O)O)CC1)OCCO2,356.463,1.5781,6,1,4,0.7745340356,3,71.47,0,0,0,0.21704045,0.7841154,0.86675626,0.0010787909,0.16139506,0.08935098,0.041922305,0.09195407,0.020562815,0.3582545,0.01396468,0.20040941,0.0914077,0.31411707,0.99474275,0.0044723917,0.01363424,0.0015466787,0.003937376,0.009883711,0.07917559,0.0055193705,0.77961475,0.06311174,0.07392384,0.0029600544,0.0036333152,0.0039266786,0.0065988204,0.6085614,0.2038352,-5.235587,23.610788,4.9943495,-13.50414,-13.301288,2.2167606,-0.12830107,46.221916,-1.863183,-1.6538662,55.00878735,38.91036907,72.46045694,36.59050967,63.44463972,85.5887522,76.60808436,47.55711775,47.59226714,25.86994728,37.18804921,49.5254833,55.88752197,67.62741652,14.37609842,60.98418278,33.98945518,53.07557118,45.09666081,35.3602812,42.28471002,37.57469244,59.2970123,48.50615114,44.21792619,44.04217926,25.55360281,27.48681898,12.61862917,26.67838313,35.25483304,44.60456942,47.17047452,49.98242531,48.11950791,36.09841828,30.08787346,22.07381371,26.18629174,23.93673111,62.21441125,42.77680141,33.98945518,42.28471002,28.89279438,4.815465729,45.83479789,35.99297012,28.3655536,25.13181019,73.04042179,20.35149385
CCOC(=O)C(C)C(O)CCON1CCN(C(C)C(=O)O)CC1,332.397,-0.0411,7,2,4,0.567485631,3,99.54,0,0,0,0.13674378,0.54676974,0.7310904,0.0015207953,0.07172103,0.06675838,0.018227726,0.06816783,0.031648025,0.20152433,0.0049071764,0.2434514,0.059399825,0.118629456,0.8557617,0.011198973,0.024130996,0.0020519097,0.0024206743,0.01830453,0.10800743,0.0038011111,0.32886535,0.010966699,0.052123398,0.002827967,0.0048141917,0.0015843842,0.0064606457,0.6774406,0.10688348,-5.251998,30.183105,0.07032547,-16.074692,-15.440817,1.7593734,-1.2339392,26.04633,-0.74009186,-2.7790961,49.66608084,21.79261863,79.85940246,61.37082601,63.44463972,55.95782074,76.60808436,67.4516696,47.59226714,25.86994728,37.18804921,35.43057996,36.41476274,37.57469244,16.5202109,46.46748682,27.13532513,39.96485062,36.83655536,41.8629174,26.71353251,28.96309315,67.48681898,36.13356766,22.03866432,24.28822496,50.29876977,48.11950791,14.58699473,20.94903339,52.40773286,60.56239016,40.49209139,27.2056239,33.81370826,28.40070299,29.38488576,27.27592267,16.41476274,23.62038664,70.43936731,32.19683656,33.35676626,48.75219684,24.39367311,3.339191564,32.68892794,12.37258348,15.04393673,12.72407733,87.02987698,11.24780316
CC1=C(CCON2CCN(C(C)C(=O)O)CC2)N2C(=O)C(F)C2SC1,373.45,0.926,6,1,4,0.6944206936,3,73.32,0,0,1,0.29778117,0.47046408,0.6753627,0.0021208264,0.13181242,0.07402375,0.05155643,0.052038424,0.07443915,0.31211594,0.03337063,0.23115626,0.118456796,0.21898833,0.8251235,0.026752526,0.031254847,0.0036703006,0.006691611,0.033242047,0.11546066,0.008154275,0.2625634,0.03769628,0.10866769,0.0077119856,0.013901211,0.0030516281,0.027011964,0.6242093,0.19666879,-5.576329,14.063881,15.963437,-20.196259,-16.433058,2.5369935,-0.59793854,42.38714,-2.0079496,-5.0787354,59.43760984,31.28295255,72.46045694,36.59050967,63.44463972,74.27065026,76.60808436,49.10369069,47.59226714,25.86994728,83.09314587,59.82425308,30.72056239,30.08787346,18.48857645,56.9771529,29.03339192,55.8172232,30.9314587,55.46572935,38.66432337,45.27240773,65.5887522,55.43057996,36.5202109,23.30404218,72.7943761,58.31282953,22.70650264,34.02460457,65.83479789,64.04217926,54.4112478,24.8857645,43.19859402,46.29173989,45.65905097,47.55711775,22.95254833,48.18980668,63.69068541,42.00351494,22.21441125,30.19332162,40.17574692,2.038664323,27.55711775,55.85237258,22.70650264,22.24956063,70.96660808,3.304042179
CC1=C(CCON2CCN(C(C)C(=O)O)CC2)N2C(=O)C(=O)C2SC1,369.443,0.157,7,1,4,0.5229712443,2,90.39,0,1,1,0.46793652,0.49321723,0.67001724,0.004700309,0.14072366,0.07419397,0.05145945,0.032455333,0.082204774,0.29036513,0.014725609,0.27709478,0.14574163,0.35775265,0.64820653,0.038072683,0.03302806,0.0045842854,0.006761891,0.04158719,0.12904465,0.0142516615,0.15659088,0.023457158,0.14712645,0.023485433,0.01662394,0.0040952293,0.06186394,0.66671234,0.15053087,-5.625895,14.714963,10.405243,-18.246784,-17.575716,2.0099912,-1.3517157,46.79127,-1.9063565,-3.810475,58.27768014,24.32337434,79.85940246,36.59050967,63.44463972,49.38488576,69.84182777,61.51142355,47.59226714,66.5202109,83.09314587,76.34446397,32.37258348,29.17398946,23.97188049,58.34797891,29.0685413,55.78207381,23.90158172,56.83655536,36.76625659,37.92618629,73.67311072,61.4059754,47.10017575,18.27768014,79.12126538,60.56239016,25.94024605,34.27065026,71.35325132,69.03339192,63.55008787,20.10544815,39.68365554,54.02460457,66.67838313,51.28295255,26.60808436,63.79613357,69.17398946,37.53954306,21.01933216,31.10720562,33.98945518,2.425307557,23.44463972,24.11247803,13.84885764,25.69420035,72.58347979,6.326889279
Cc1[nH]c2c(Cl)ccc(C)c2c(=O)c1CCON1CCN(C(C)C(=O)O)CC1,407.898,2.36314,5,2,4,0.7641404312,1,85.87,0,0,0,0.46352857,0.7014081,0.8145217,0.32806355,0.44507965,0.22556329,0.29814148,0.22955458,0.39243764,0.59928286,0.36563945,0.35382527,0.429912,0.6212839,0.971873,0.049633782,0.05411337,0.17372847,0.05636401,0.039756425,0.126539,0.049755048,0.68931997,0.28022203,0.21675543,0.04964999,0.032165248,0.05750056,0.112808764,0.5209719,0.7094467,-5.249753,20.392807,7.9610963,1.400514,-16.109665,2.4786503,0.63189685,81.258446,-3.2703514,2.9804325,67.27592267,49.84182777,61.88049209,61.37082601,63.44463972,84.04217926,55.32513181,58.48857645,47.59226714,25.86994728,37.18804921,75.92267135,48.26010545,53.81370826,74.13005272,83.12829525,75.1142355,80.94903339,71.35325132,81.44112478,67.66256591,77.4340949,83.40949033,88.26010545,61.51142355,33.9543058,83.51493849,79.22671353,79.33216169,66.11599297,70.36906854,68.33040422,79.89455185,43.30404218,67.69771529,63.69068541,77.60984183,63.23374341,56.59050967,75.04393673,50.01757469,72.5483304,33.42706503,38.03163445,31.6344464,24.67486819,29.0685413,52.65377856,40.7029877,57.11775044,46.36203866,62.67135325
CCC(CCON1CCN(C(C)C(=O)O)CC1)C(O)C(=O)N(C)C,345.44,-0.1259,6,2,4,0.6013171086,3,93.55,0,0,0,0.2584458,0.43909866,0.7385952,0.00043894182,0.019061645,0.029738436,0.0041871713,0.08519046,0.012868936,0.13743787,0.001991216,0.16349319,0.05407258,0.07432012,0.7595704,0.009247014,0.029778952,0.0012193816,0.0006482674,0.01150123,0.10411664,0.0005870045,0.26099116,0.0039382325,0.025890345,0.0020236217,0.0014824312,0.00039692092,0.0035236038,0.72986114,0.083891556,-5.487838,16.473303,-10.887385,-11.549923,-17.225384,1.757415,-1.7094469,4.9574156,-0.29411662,-3.1159182,52.7943761,21.05448155,72.46045694,61.37082601,63.44463972,60.38664323,76.60808436,63.86643234,47.59226714,25.86994728,37.18804921,55.53602812,28.26010545,38.94551845,10.43936731,24.6397188,15.60632689,20.73813708,43.37434095,28.33040422,20.35149385,22.46045694,49.80667838,33.84885764,14.30579965,21.37082601,45.13181019,56.20386643,10.228471,7.592267135,39.68365554,58.87521968,13.98945518,24.74516696,25.37785589,13.74340949,24.14762742,11.81019332,7.065026362,15.95782074,76.2741652,29.56063269,24.11247803,32.97012302,14.27065026,6.572934974,24.56942004,12.33743409,10.61511424,3.620386643,91.81019332,9.244288225
COCC1NC(=O)C(C)=C1CCON1CCN(C(C)C(=O)O)CC1,341.408,-0.1399,6,2,4,0.6348243777,2,91.34,0,0,0,0.43131393,0.49235362,0.7596854,0.00066557317,0.042159338,0.0489,0.00932378,0.062786706,0.013159821,0.2122792,0.0054054656,0.18926711,0.081727795,0.15312025,0.85654557,0.017265467,0.031065423,0.0028876553,0.0016859749,0.016541252,0.10193614,0.0018078156,0.25089282,0.008071655,0.04849503,0.005200248,0.005151217,0.00088558847,0.013968306,0.67952484,0.09673962,-5.4223633,5.8244996,-13.92053,-9.191347,-16.697023,1.9856966,-1.5830467,13.913239,-0.5073471,-3.0438385,51.91564148,20.91388401,72.46045694,61.37082601,63.44463972,64.53427065,69.84182777,62.35500879,47.59226714,25.86994728,37.18804921,72.82952548,32.30228471,42.53075571,12.05623902,37.6801406,22.24956063,30.57996485,34.51669596,28.71704745,28.01405975,29.84182777,56.2741652,45.02636204,28.04920914,24.32337434,62.3198594,58.06678383,18.66432337,16.37961336,49.31458699,57.75043937,26.15114236,24.21792619,31.35325132,26.53778559,39.05096661,28.68189807,11.95079086,35.21968366,70.79086116,31.21265378,25.86994728,20.84358524,12.30228471,8.400702988,26.53778559,23.09314587,11.49384886,6.0456942,89.56063269,9.525483304
COC(C)(CCON1CCN(C(C)C(=O)O)CC1)COP(=O)([O-])[O-],368.323,-1.3508,9,1,4,0.4610564533,2,134.66,0,1,0,0.25691006,0.58106357,0.80056876,0.00019581604,0.019352674,0.033625126,0.0032392815,0.027634824,0.013083716,0.09306989,0.00028146108,0.295668,0.041872904,0.14813201,0.7196876,0.0073689995,0.023681466,0.00021048219,0.00044183683,0.010534843,0.16877374,0.0012767531,0.15387002,0.003037962,0.03141389,0.0016036344,0.0010017987,0.0002582856,0.0040670936,0.7618286,0.019135004,-6.3860044,3.5487728,5.937322,5.8307786,-22.02143,1.7735155,-1.144508,26.999844,-0.37464508,0.14415579,57.92618629,12.51318102,88.08435852,36.59050967,63.44463972,41.54657293,69.84182777,82.49560633,47.59226714,66.5202109,37.18804921,55.43057996,39.08611599,50.68541301,8.365553603,24.92091388,17.04745167,18.24253076,21.75746924,28.68189807,14.55184534,9.912126538,76.37961336,27.48681898,27.34622144,20.14059754,38.80492091,47.31107206,4.499121265,5.869947276,37.18804921,79.05096661,22.10896309,19.82425308,23.09314587,17.08260105,21.1599297,9.20913884,5.377855888,17.60984183,80.66783831,12.30228471,9.560632689,17.92618629,29.87697715,32.44288225,13.21616872,12.93497364,15.99297012,13.11072056,91.24780316,36.55536028
CCN(CCON1CCN(C(C)C(=O)O)CC1)c1ccncn1,323.397,0.3252,7,1,4,0.7326158487,1,82.03,0,0,0,0.12492327,0.45694518,0.7417706,0.00253786,0.08483337,0.07522897,0.039386295,0.07994644,0.04517323,0.1776676,0.021158163,0.33730352,0.15655068,0.318409,0.9642938,0.005379988,0.015481177,0.01147316,0.0048567094,0.0100649055,0.06754009,0.0008179485,0.2453837,0.009976577,0.05388727,0.0020939477,0.0063032284,0.0015036839,0.007152837,0.41756505,0.24050729,-5.6367335,16.738935,7.6161165,-12.756088,-17.174343,2.3472672,-1.0228539,29.325811,-1.2239631,-0.54925686,47.4516696,25.62390158,79.85940246,36.59050967,63.44463972,79.543058,55.32513181,55.71177504,47.59226714,25.86994728,37.18804921,33.04042179,29.771529,39.543058,19.47275923,49.10369069,29.38488576,51.88049209,41.54657293,47.62741652,24.35852373,40.84358524,81.93321617,63.23374341,44.4288225,32.7943761,29.63093146,31.45869947,41.72231986,29.70123023,35.88752197,37.01230228,16.69595782,24.11247803,33.04042179,29.31458699,24.56942004,31.95079086,16.16871705,25.16695958,36.37961336,45.62390158,20.80843585,33.21616872,31.42355009,5.518453427,24.74516696,43.7258348,17.18804921,14.48154657,81.23022847,30.19332162
CCCCC(C)(O)C(O)(CCON1CCN(C(C)C(=O)O)CC1)Cn1cncn1,413.519,0.3628,8,3,4,0.4454304352,3,124.18,0,0,0,0.112128995,0.26994017,0.6859648,0.00047084107,0.15352762,0.07538574,0.19378594,0.03928648,0.021197861,0.28290135,0.25471148,0.16728659,0.12887809,0.38382962,0.9537349,0.0045942278,0.015685782,0.0050790403,0.0057214517,0.008968443,0.050837837,0.0022256242,0.24648914,0.04995323,0.06863801,0.0015119815,0.00762237,0.0013359336,0.0062749223,0.3108798,0.28445405,-5.937179,27.485754,22.998224,-11.61401,-20.53558,2.0859969,-0.69511014,29.868933,-1.6821792,0.11602869,68.54130053,25.90509666,84.51669596,78.20738137,63.44463972,38.94551845,76.60808436,80.31634446,47.59226714,25.86994728,37.18804921,30.29876977,16.80140598,31.6344464,10.72056239,60,29.38488576,75.07908612,26.11599297,35.92267135,36.16871705,71.28295255,51.00175747,57.64499121,48.82249561,31.17750439,25.86994728,31.95079086,27.76801406,31.73989455,32.37258348,21.96836555,30.33391916,24.11247803,45.86994728,34.23550088,20.52724077,35.46572935,15.1142355,23.26889279,22.63620387,49.31458699,15.1142355,45.86994728,47.59226714,6.572934974,15.74692443,27.73286467,21.12478032,14.62214411,75.18453427,36.23901582
CCC(CCON1CCN(C(C)C(=O)O)CC1)C1=CC(=O)OC1,326.393,0.9082,6,1,4,0.6641144525,2,79.31,0,0,0,0.4623347,0.64340276,0.69231826,0.009213082,0.19641013,0.119710326,0.07399543,0.09140366,0.088879205,0.40608254,0.050866324,0.31205302,0.156266,0.23245895,0.9204481,0.03840531,0.027442867,0.009270002,0.011246761,0.046046115,0.13374177,0.026206959,0.5060919,0.053688336,0.17036971,0.025625294,0.03257083,0.010473125,0.050386816,0.72612584,0.25967005,-5.1916084,19.425846,0.67940444,-17.090658,-13.926451,2.1743827,-0.77297556,42.87192,-1.6375185,-3.1270604,48.29525483,30.82601054,72.46045694,36.59050967,63.44463972,69.24428822,69.84182777,53.60281195,47.59226714,25.86994728,37.18804921,75.78207381,43.79613357,32.26713533,29.63093146,64.56942004,45.27240773,61.23022847,44.92091388,58.1370826,46.7486819,49.87697715,78.66432337,63.16344464,37.71528998,27.94376098,79.19156415,52.58347979,38.34797891,41.89806678,73.4973638,70.43936731,71.6344464,34.48154657,46.57293497,57.6801406,67.73286467,63.37434095,36.09841828,60.35149385,75.88752197,47.34622144,36.23901582,36.62565905,24.95606327,2.741652021,41.96836555,33.00527241,20.14059754,22.60105448,75.78207381,9.244288225
CCC(CCON1CCN(C(C)C(=O)O)CC1)NOC(C)=O,317.386,0.2451,7,2,4,0.584672952,2,91.34,0,1,0,0.4316013,0.4890933,0.74048936,0.00027795407,0.016326133,0.03101712,0.002972793,0.055309992,0.0060249968,0.107190594,0.0007456455,0.26150963,0.04783819,0.08654866,0.70177925,0.007999944,0.019318495,0.0008010369,0.00043366608,0.008771842,0.104676984,0.0007090834,0.18203709,0.001748149,0.027049044,0.0019217102,0.0012381736,0.000210456,0.004551808,0.77948,0.040801696,-5.521304,8.610166,-2.648133,-12.860507,-15.542857,2.3445854,-1.2046714,27.017792,-1.0865207,-2.7161353,46.22144112,24.92091388,79.85940246,61.37082601,63.44463972,58.34797891,69.84182777,62.35500879,47.59226714,66.5202109,37.18804921,72.82952548,32.0913884,39.40246046,8.998242531,22.60105448,16.09841828,17.32864675,32.0913884,18.34797891,16.37961336,16.30931459,71.00175747,31.17750439,16.90685413,19.71880492,41.12478032,39.19156415,7.873462214,5.623901582,31.6344464,59.08611599,15.39543058,21.51142355,18.48857645,14.72759227,23.55008787,10.50966608,4.815465729,19.33216169,82.88224956,21.65202109,23.37434095,23.97188049,21.54657293,5.342706503,31.81019332,43.62038664,15.43057996,13.14586995,82.46045694,11.45869947
CNC(CCON1CCN(C(C)C(=O)O)CC1)c1ccccn1,322.409,0.7545,6,2,4,0.7312132147,2,77.93,0,0,0,0.10359068,0.46315327,0.7604006,0.0012584307,0.02702631,0.049141206,0.009061676,0.10465554,0.023858389,0.11316092,0.004775905,0.26282394,0.052698147,0.10671519,0.8789303,0.0040729945,0.022546772,0.003204013,0.0010911974,0.005793936,0.071861975,0.00038139045,0.2572208,0.0056091174,0.019926732,0.0007211281,0.0013568026,0.0005099114,0.0018398722,0.5828946,0.13581416,-5.7543383,3.277675,-14.808716,-7.4748335,-17.702635,2.1341724,-1.8341534,13.357485,-0.77754873,-2.2645566,47.34622144,29.56063269,72.46045694,61.37082601,63.44463972,79.22671353,69.84182777,52.68892794,47.59226714,25.86994728,37.18804921,28.26010545,30.29876977,42.60105448,15.1142355,30.19332162,22.3198594,29.98242531,48.6115993,37.99648506,17.36379613,28.68189807,71.28295255,33.2513181,20.24604569,25.44815466,23.19859402,45.13181019,20.52724077,11.70474517,21.58172232,40.49209139,10.72056239,24.56942004,28.11950791,9.841827768,11.66959578,11.24780316,8.330404218,9.384885764,57.99648506,35.78207381,18.20738137,17.50439367,11.81019332,10.36906854,23.09314587,30.33391916,9.701230228,5.764499121,86.5026362,15.00878735
CCC(CCON1CCN(C(C)C(=O)O)CC1)C(C)NC(C)C(=O)O,359.467,0.8762,6,3,4,0.4995291734,4,102.34,0,0,0,0.05840396,0.3085435,0.4940506,0.0013961006,0.06005264,0.01077831,0.017972905,0.040315464,0.03149136,0.045320008,0.0010258245,0.2659959,0.022725094,0.027423775,0.19086443,0.0032781258,0.02420275,0.0011158629,0.00040835398,0.011790074,0.13401836,0.00032428716,0.0544479,0.0016506109,0.0197854,0.00070029096,0.0004387375,0.00025770592,0.00082004705,0.718294,0.046896316,-6.2266016,-2.7831788,-7.9227996,-5.19438,-21.072575,1.8883804,-2.1166139,27.182934,-1.5292343,-1.3621714,55.92267135,30.61511424,72.46045694,78.20738137,63.44463972,46.32688928,81.28295255,69.5254833,47.59226714,25.86994728,37.18804921,15.88752197,19.78910369,16.76625659,15.60632689,43.0228471,9.841827768,39.78910369,26.78383128,41.75746924,8.049209139,18.20738137,72.05623902,14.16520211,6.151142355,9.736379613,19.12126538,48.26010545,9.595782074,5.307557118,39.92970123,70.57996485,9.666080844,13.9543058,18.03163445,9.806678383,11.49384886,5.940246046,5.377855888,4.710017575,74.93848858,23.51493849,11.00175747,13.2513181,16.37961336,13.77855888,14.72759227,18.34797891,7.803163445,13.32161687,77.08260105,22.95254833
CNN(CCON1CCN(C(C)C(=O)O)CC1)c1ccccn1,323.397,0.0447,7,2,4,0.649453961,1,81.17,0,1,1,0.38234267,0.5343214,0.710372,0.0062306607,0.06681112,0.03541888,0.016525779,0.10018146,0.032380115,0.12678887,0.0076633557,0.340997,0.09286369,0.16726217,0.85712796,0.0075575328,0.023155631,0.016751152,0.0020808305,0.01040556,0.093670815,0.0004076181,0.21024892,0.0055553233,0.036078233,0.0027877572,0.0026106455,0.0010795651,0.0064727487,0.6247066,0.20943531,-5.646936,3.415654,-10.917421,-10.74576,-17.23946,2.2477515,-1.5975468,19.831287,-1.0310401,-2.4922385,47.4516696,23.16344464,79.85940246,61.37082601,63.44463972,66.67838313,55.32513181,55.25483304,47.59226714,66.5202109,83.09314587,68.75219684,35.32513181,34.6572935,26.43233743,45.09666081,17.92618629,38.55887522,47.69771529,42.17926186,19.01581722,32.47803163,82.24956063,48.78734622,30.29876977,24.35852373,39.50790861,46.29173989,46.92442882,19.01581722,36.83655536,53.4973638,11.17750439,22.60105448,27.9086116,19.92970123,29.17398946,17.60984183,13.46221441,23.65553603,63.7258348,43.26889279,20.56239016,17.64499121,14.16520211,7.521968366,24.49912127,37.78558875,11.45869947,8.857644991,82.98769772,13.28646749